solid ASCII
  facet normal -9.969173e-01 -7.845910e-02 0.000000e+00
    outer loop
      vertex   9.500000e+01 1.050000e+02 0.000000e+00
      vertex   9.500000e+01 1.050000e+02 5.500000e+01
      vertex   9.487688e+01 1.065643e+02 2.750000e+01
    endloop
  endfacet
  facet normal -9.969173e-01 -7.845910e-02 0.000000e+00
    outer loop
      vertex   9.487688e+01 1.065643e+02 2.750000e+01
      vertex   9.500000e+01 1.050000e+02 5.500000e+01
      vertex   9.487688e+01 1.065643e+02 5.500000e+01
    endloop
  endfacet
  facet normal -9.723699e-01 -2.334454e-01 0.000000e+00
    outer loop
      vertex   9.487688e+01 1.065643e+02 2.750000e+01
      vertex   9.487688e+01 1.065643e+02 5.500000e+01
      vertex   9.451057e+01 1.080902e+02 2.750000e+01
    endloop
  endfacet
  facet normal -9.723699e-01 -2.334454e-01 0.000000e+00
    outer loop
      vertex   9.451057e+01 1.080902e+02 2.750000e+01
      vertex   9.487688e+01 1.065643e+02 5.500000e+01
      vertex   9.451057e+01 1.080902e+02 5.500000e+01
    endloop
  endfacet
  facet normal -9.238795e-01 -3.826834e-01 0.000000e+00
    outer loop
      vertex   9.451057e+01 1.080902e+02 2.750000e+01
      vertex   9.451057e+01 1.080902e+02 5.500000e+01
      vertex   9.391007e+01 1.095399e+02 2.750000e+01
    endloop
  endfacet
  facet normal -9.238795e-01 -3.826834e-01 0.000000e+00
    outer loop
      vertex   9.391007e+01 1.095399e+02 2.750000e+01
      vertex   9.451057e+01 1.080902e+02 5.500000e+01
      vertex   9.391007e+01 1.095399e+02 5.500000e+01
    endloop
  endfacet
  facet normal -8.526402e-01 -5.224986e-01 0.000000e+00
    outer loop
      vertex   9.391007e+01 1.095399e+02 2.750000e+01
      vertex   9.391007e+01 1.095399e+02 5.500000e+01
      vertex   9.309017e+01 1.108779e+02 2.750000e+01
    endloop
  endfacet
  facet normal -8.526402e-01 -5.224986e-01 0.000000e+00
    outer loop
      vertex   9.309017e+01 1.108779e+02 2.750000e+01
      vertex   9.391007e+01 1.095399e+02 5.500000e+01
      vertex   9.309017e+01 1.108779e+02 5.500000e+01
    endloop
  endfacet
  facet normal -7.604060e-01 -6.494480e-01 0.000000e+00
    outer loop
      vertex   9.309017e+01 1.108779e+02 2.750000e+01
      vertex   9.309017e+01 1.108779e+02 5.500000e+01
      vertex   9.207107e+01 1.120711e+02 2.750000e+01
    endloop
  endfacet
  facet normal -7.604060e-01 -6.494480e-01 0.000000e+00
    outer loop
      vertex   9.207107e+01 1.120711e+02 2.750000e+01
      vertex   9.309017e+01 1.108779e+02 5.500000e+01
      vertex   9.207107e+01 1.120711e+02 5.500000e+01
    endloop
  endfacet
  facet normal -6.494480e-01 -7.604060e-01 0.000000e+00
    outer loop
      vertex   9.207107e+01 1.120711e+02 2.750000e+01
      vertex   9.207107e+01 1.120711e+02 5.500000e+01
      vertex   9.087785e+01 1.130902e+02 2.750000e+01
    endloop
  endfacet
  facet normal -6.494480e-01 -7.604060e-01 0.000000e+00
    outer loop
      vertex   9.087785e+01 1.130902e+02 2.750000e+01
      vertex   9.207107e+01 1.120711e+02 5.500000e+01
      vertex   9.087785e+01 1.130902e+02 5.500000e+01
    endloop
  endfacet
  facet normal -5.224986e-01 -8.526402e-01 0.000000e+00
    outer loop
      vertex   9.087785e+01 1.130902e+02 2.750000e+01
      vertex   9.087785e+01 1.130902e+02 5.500000e+01
      vertex   8.953990e+01 1.139101e+02 2.750000e+01
    endloop
  endfacet
  facet normal -5.224986e-01 -8.526402e-01 0.000000e+00
    outer loop
      vertex   8.953990e+01 1.139101e+02 2.750000e+01
      vertex   9.087785e+01 1.130902e+02 5.500000e+01
      vertex   8.953990e+01 1.139101e+02 5.500000e+01
    endloop
  endfacet
  facet normal -3.826834e-01 -9.238795e-01 0.000000e+00
    outer loop
      vertex   8.953990e+01 1.139101e+02 2.750000e+01
      vertex   8.953990e+01 1.139101e+02 5.500000e+01
      vertex   8.809017e+01 1.145106e+02 2.750000e+01
    endloop
  endfacet
  facet normal -3.826834e-01 -9.238795e-01 0.000000e+00
    outer loop
      vertex   8.809017e+01 1.145106e+02 2.750000e+01
      vertex   8.953990e+01 1.139101e+02 5.500000e+01
      vertex   8.809017e+01 1.145106e+02 5.500000e+01
    endloop
  endfacet
  facet normal -2.334454e-01 -9.723699e-01 0.000000e+00
    outer loop
      vertex   8.809017e+01 1.145106e+02 2.750000e+01
      vertex   8.809017e+01 1.145106e+02 5.500000e+01
      vertex   8.656434e+01 1.148769e+02 2.750000e+01
    endloop
  endfacet
  facet normal -2.334454e-01 -9.723699e-01 0.000000e+00
    outer loop
      vertex   8.656434e+01 1.148769e+02 2.750000e+01
      vertex   8.809017e+01 1.145106e+02 5.500000e+01
      vertex   8.656434e+01 1.148769e+02 5.500000e+01
    endloop
  endfacet
  facet normal -7.845910e-02 -9.969173e-01 0.000000e+00
    outer loop
      vertex   8.656434e+01 1.148769e+02 2.750000e+01
      vertex   8.656434e+01 1.148769e+02 5.500000e+01
      vertex   8.500000e+01 1.150000e+02 5.500000e+01
    endloop
  endfacet
  facet normal -7.845910e-02 -9.969173e-01 -0.000000e+00
    outer loop
      vertex   8.500000e+01 1.150000e+02 5.500000e+01
      vertex   8.500000e+01 1.150000e+02 0.000000e+00
      vertex   8.656434e+01 1.148769e+02 2.750000e+01
    endloop
  endfacet
  facet normal -7.845910e-02 -9.969173e-01 -0.000000e+00
    outer loop
      vertex   8.656434e+01 1.148769e+02 2.750000e+01
      vertex   8.500000e+01 1.150000e+02 0.000000e+00
      vertex   8.656434e+01 1.148769e+02 0.000000e+00
    endloop
  endfacet
  facet normal -2.334454e-01 -9.723699e-01 -0.000000e+00
    outer loop
      vertex   8.656434e+01 1.148769e+02 2.750000e+01
      vertex   8.656434e+01 1.148769e+02 0.000000e+00
      vertex   8.809017e+01 1.145106e+02 2.750000e+01
    endloop
  endfacet
  facet normal -2.334454e-01 -9.723699e-01 -0.000000e+00
    outer loop
      vertex   8.809017e+01 1.145106e+02 2.750000e+01
      vertex   8.656434e+01 1.148769e+02 0.000000e+00
      vertex   8.809017e+01 1.145106e+02 0.000000e+00
    endloop
  endfacet
  facet normal -3.826834e-01 -9.238795e-01 -0.000000e+00
    outer loop
      vertex   8.809017e+01 1.145106e+02 2.750000e+01
      vertex   8.809017e+01 1.145106e+02 0.000000e+00
      vertex   8.953990e+01 1.139101e+02 2.750000e+01
    endloop
  endfacet
  facet normal -3.826834e-01 -9.238795e-01 4.774225e-16
    outer loop
      vertex   8.953990e+01 1.139101e+02 2.750000e+01
      vertex   8.809017e+01 1.145106e+02 0.000000e+00
      vertex   8.953990e+01 1.139101e+02 0.000000e+00
    endloop
  endfacet
  facet normal -5.224986e-01 -8.526402e-01 4.406089e-16
    outer loop
      vertex   8.953990e+01 1.139101e+02 2.750000e+01
      vertex   8.953990e+01 1.139101e+02 0.000000e+00
      vertex   9.087785e+01 1.130902e+02 2.750000e+01
    endloop
  endfacet
  facet normal -5.224986e-01 -8.526402e-01 -0.000000e+00
    outer loop
      vertex   9.087785e+01 1.130902e+02 2.750000e+01
      vertex   8.953990e+01 1.139101e+02 0.000000e+00
      vertex   9.087785e+01 1.130902e+02 0.000000e+00
    endloop
  endfacet
  facet normal -6.494480e-01 -7.604060e-01 -0.000000e+00
    outer loop
      vertex   9.087785e+01 1.130902e+02 2.750000e+01
      vertex   9.087785e+01 1.130902e+02 0.000000e+00
      vertex   9.207107e+01 1.120711e+02 2.750000e+01
    endloop
  endfacet
  facet normal -6.494480e-01 -7.604060e-01 -0.000000e+00
    outer loop
      vertex   9.207107e+01 1.120711e+02 2.750000e+01
      vertex   9.087785e+01 1.130902e+02 0.000000e+00
      vertex   9.207107e+01 1.120711e+02 0.000000e+00
    endloop
  endfacet
  facet normal -7.604060e-01 -6.494480e-01 -0.000000e+00
    outer loop
      vertex   9.207107e+01 1.120711e+02 2.750000e+01
      vertex   9.207107e+01 1.120711e+02 0.000000e+00
      vertex   9.309017e+01 1.108779e+02 2.750000e+01
    endloop
  endfacet
  facet normal -7.604060e-01 -6.494480e-01 -0.000000e+00
    outer loop
      vertex   9.309017e+01 1.108779e+02 2.750000e+01
      vertex   9.207107e+01 1.120711e+02 0.000000e+00
      vertex   9.309017e+01 1.108779e+02 0.000000e+00
    endloop
  endfacet
  facet normal -8.526402e-01 -5.224986e-01 -0.000000e+00
    outer loop
      vertex   9.309017e+01 1.108779e+02 2.750000e+01
      vertex   9.309017e+01 1.108779e+02 0.000000e+00
      vertex   9.391007e+01 1.095399e+02 2.750000e+01
    endloop
  endfacet
  facet normal -8.526402e-01 -5.224986e-01 4.406089e-16
    outer loop
      vertex   9.391007e+01 1.095399e+02 2.750000e+01
      vertex   9.309017e+01 1.108779e+02 0.000000e+00
      vertex   9.391007e+01 1.095399e+02 0.000000e+00
    endloop
  endfacet
  facet normal -9.238795e-01 -3.826834e-01 4.774225e-16
    outer loop
      vertex   9.391007e+01 1.095399e+02 2.750000e+01
      vertex   9.391007e+01 1.095399e+02 0.000000e+00
      vertex   9.451057e+01 1.080902e+02 2.750000e+01
    endloop
  endfacet
  facet normal -9.238795e-01 -3.826834e-01 -0.000000e+00
    outer loop
      vertex   9.451057e+01 1.080902e+02 2.750000e+01
      vertex   9.391007e+01 1.095399e+02 0.000000e+00
      vertex   9.451057e+01 1.080902e+02 0.000000e+00
    endloop
  endfacet
  facet normal -9.723699e-01 -2.334454e-01 -0.000000e+00
    outer loop
      vertex   9.451057e+01 1.080902e+02 2.750000e+01
      vertex   9.451057e+01 1.080902e+02 0.000000e+00
      vertex   9.487688e+01 1.065643e+02 2.750000e+01
    endloop
  endfacet
  facet normal -9.723699e-01 -2.334454e-01 -0.000000e+00
    outer loop
      vertex   9.487688e+01 1.065643e+02 2.750000e+01
      vertex   9.451057e+01 1.080902e+02 0.000000e+00
      vertex   9.487688e+01 1.065643e+02 0.000000e+00
    endloop
  endfacet
  facet normal -9.969173e-01 -7.845910e-02 -0.000000e+00
    outer loop
      vertex   9.487688e+01 1.065643e+02 2.750000e+01
      vertex   9.487688e+01 1.065643e+02 0.000000e+00
      vertex   9.500000e+01 1.050000e+02 0.000000e+00
    endloop
  endfacet
  facet normal -0.000000e+00 -7.845910e-02 -9.969173e-01
    outer loop
      vertex   8.500000e+01 1.050000e+02 6.500000e+01
      vertex   1.500000e+01 1.050000e+02 6.500000e+01
      vertex   5.000000e+01 1.065643e+02 6.487688e+01
    endloop
  endfacet
  facet normal -4.047728e-16 -7.845910e-02 -9.969173e-01
    outer loop
      vertex   5.000000e+01 1.065643e+02 6.487688e+01
      vertex   1.500000e+01 1.050000e+02 6.500000e+01
      vertex   1.500000e+01 1.065643e+02 6.487688e+01
    endloop
  endfacet
  facet normal -3.948059e-16 -2.334454e-01 -9.723699e-01
    outer loop
      vertex   5.000000e+01 1.065643e+02 6.487688e+01
      vertex   1.500000e+01 1.065643e+02 6.487688e+01
      vertex   5.000000e+01 1.080902e+02 6.451057e+01
    endloop
  endfacet
  facet normal -0.000000e+00 -2.334454e-01 -9.723699e-01
    outer loop
      vertex   5.000000e+01 1.080902e+02 6.451057e+01
      vertex   1.500000e+01 1.065643e+02 6.487688e+01
      vertex   1.500000e+01 1.080902e+02 6.451057e+01
    endloop
  endfacet
  facet normal -0.000000e+00 -3.826834e-01 -9.238795e-01
    outer loop
      vertex   5.000000e+01 1.080902e+02 6.451057e+01
      vertex   1.500000e+01 1.080902e+02 6.451057e+01
      vertex   5.000000e+01 1.095399e+02 6.391007e+01
    endloop
  endfacet
  facet normal -0.000000e+00 -3.826834e-01 -9.238795e-01
    outer loop
      vertex   5.000000e+01 1.095399e+02 6.391007e+01
      vertex   1.500000e+01 1.080902e+02 6.451057e+01
      vertex   1.500000e+01 1.095399e+02 6.391007e+01
    endloop
  endfacet
  facet normal -0.000000e+00 -5.224986e-01 -8.526402e-01
    outer loop
      vertex   5.000000e+01 1.095399e+02 6.391007e+01
      vertex   1.500000e+01 1.095399e+02 6.391007e+01
      vertex   5.000000e+01 1.108779e+02 6.309017e+01
    endloop
  endfacet
  facet normal -0.000000e+00 -5.224986e-01 -8.526402e-01
    outer loop
      vertex   5.000000e+01 1.108779e+02 6.309017e+01
      vertex   1.500000e+01 1.095399e+02 6.391007e+01
      vertex   1.500000e+01 1.108779e+02 6.309017e+01
    endloop
  endfacet
  facet normal -0.000000e+00 -6.494480e-01 -7.604060e-01
    outer loop
      vertex   5.000000e+01 1.108779e+02 6.309017e+01
      vertex   1.500000e+01 1.108779e+02 6.309017e+01
      vertex   5.000000e+01 1.120711e+02 6.207107e+01
    endloop
  endfacet
  facet normal -0.000000e+00 -6.494480e-01 -7.604060e-01
    outer loop
      vertex   5.000000e+01 1.120711e+02 6.207107e+01
      vertex   1.500000e+01 1.108779e+02 6.309017e+01
      vertex   1.500000e+01 1.120711e+02 6.207107e+01
    endloop
  endfacet
  facet normal -0.000000e+00 -7.604060e-01 -6.494480e-01
    outer loop
      vertex   5.000000e+01 1.120711e+02 6.207107e+01
      vertex   1.500000e+01 1.120711e+02 6.207107e+01
      vertex   5.000000e+01 1.130902e+02 6.087785e+01
    endloop
  endfacet
  facet normal -0.000000e+00 -7.604060e-01 -6.494480e-01
    outer loop
      vertex   5.000000e+01 1.130902e+02 6.087785e+01
      vertex   1.500000e+01 1.120711e+02 6.207107e+01
      vertex   1.500000e+01 1.130902e+02 6.087785e+01
    endloop
  endfacet
  facet normal -0.000000e+00 -8.526402e-01 -5.224986e-01
    outer loop
      vertex   5.000000e+01 1.130902e+02 6.087785e+01
      vertex   1.500000e+01 1.130902e+02 6.087785e+01
      vertex   5.000000e+01 1.139101e+02 5.953990e+01
    endloop
  endfacet
  facet normal -0.000000e+00 -8.526402e-01 -5.224986e-01
    outer loop
      vertex   5.000000e+01 1.139101e+02 5.953990e+01
      vertex   1.500000e+01 1.130902e+02 6.087785e+01
      vertex   1.500000e+01 1.139101e+02 5.953990e+01
    endloop
  endfacet
  facet normal -0.000000e+00 -9.238795e-01 -3.826834e-01
    outer loop
      vertex   5.000000e+01 1.139101e+02 5.953990e+01
      vertex   1.500000e+01 1.139101e+02 5.953990e+01
      vertex   5.000000e+01 1.145106e+02 5.809017e+01
    endloop
  endfacet
  facet normal -0.000000e+00 -9.238795e-01 -3.826834e-01
    outer loop
      vertex   5.000000e+01 1.145106e+02 5.809017e+01
      vertex   1.500000e+01 1.139101e+02 5.953990e+01
      vertex   1.500000e+01 1.145106e+02 5.809017e+01
    endloop
  endfacet
  facet normal -0.000000e+00 -9.723699e-01 -2.334454e-01
    outer loop
      vertex   5.000000e+01 1.145106e+02 5.809017e+01
      vertex   1.500000e+01 1.145106e+02 5.809017e+01
      vertex   5.000000e+01 1.148769e+02 5.656434e+01
    endloop
  endfacet
  facet normal -0.000000e+00 -9.723699e-01 -2.334454e-01
    outer loop
      vertex   5.000000e+01 1.148769e+02 5.656434e+01
      vertex   1.500000e+01 1.145106e+02 5.809017e+01
      vertex   1.500000e+01 1.148769e+02 5.656434e+01
    endloop
  endfacet
  facet normal -0.000000e+00 -9.969173e-01 -7.845910e-02
    outer loop
      vertex   5.000000e+01 1.148769e+02 5.656434e+01
      vertex   1.500000e+01 1.148769e+02 5.656434e+01
      vertex   1.500000e+01 1.150000e+02 5.500000e+01
    endloop
  endfacet
  facet normal 0.000000e+00 -9.969173e-01 -7.845910e-02
    outer loop
      vertex   1.500000e+01 1.150000e+02 5.500000e+01
      vertex   8.500000e+01 1.150000e+02 5.500000e+01
      vertex   5.000000e+01 1.148769e+02 5.656434e+01
    endloop
  endfacet
  facet normal 0.000000e+00 -9.969173e-01 -7.845910e-02
    outer loop
      vertex   5.000000e+01 1.148769e+02 5.656434e+01
      vertex   8.500000e+01 1.150000e+02 5.500000e+01
      vertex   8.500000e+01 1.148769e+02 5.656434e+01
    endloop
  endfacet
  facet normal 0.000000e+00 -9.723699e-01 -2.334454e-01
    outer loop
      vertex   5.000000e+01 1.148769e+02 5.656434e+01
      vertex   8.500000e+01 1.148769e+02 5.656434e+01
      vertex   5.000000e+01 1.145106e+02 5.809017e+01
    endloop
  endfacet
  facet normal 0.000000e+00 -9.723699e-01 -2.334454e-01
    outer loop
      vertex   5.000000e+01 1.145106e+02 5.809017e+01
      vertex   8.500000e+01 1.148769e+02 5.656434e+01
      vertex   8.500000e+01 1.145106e+02 5.809017e+01
    endloop
  endfacet
  facet normal 0.000000e+00 -9.238795e-01 -3.826834e-01
    outer loop
      vertex   5.000000e+01 1.145106e+02 5.809017e+01
      vertex   8.500000e+01 1.145106e+02 5.809017e+01
      vertex   5.000000e+01 1.139101e+02 5.953990e+01
    endloop
  endfacet
  facet normal 0.000000e+00 -9.238795e-01 -3.826834e-01
    outer loop
      vertex   5.000000e+01 1.139101e+02 5.953990e+01
      vertex   8.500000e+01 1.145106e+02 5.809017e+01
      vertex   8.500000e+01 1.139101e+02 5.953990e+01
    endloop
  endfacet
  facet normal 0.000000e+00 -8.526402e-01 -5.224986e-01
    outer loop
      vertex   5.000000e+01 1.139101e+02 5.953990e+01
      vertex   8.500000e+01 1.139101e+02 5.953990e+01
      vertex   5.000000e+01 1.130902e+02 6.087785e+01
    endloop
  endfacet
  facet normal 0.000000e+00 -8.526402e-01 -5.224986e-01
    outer loop
      vertex   5.000000e+01 1.130902e+02 6.087785e+01
      vertex   8.500000e+01 1.139101e+02 5.953990e+01
      vertex   8.500000e+01 1.130902e+02 6.087785e+01
    endloop
  endfacet
  facet normal 0.000000e+00 -7.604060e-01 -6.494480e-01
    outer loop
      vertex   5.000000e+01 1.130902e+02 6.087785e+01
      vertex   8.500000e+01 1.130902e+02 6.087785e+01
      vertex   5.000000e+01 1.120711e+02 6.207107e+01
    endloop
  endfacet
  facet normal 0.000000e+00 -7.604060e-01 -6.494480e-01
    outer loop
      vertex   5.000000e+01 1.120711e+02 6.207107e+01
      vertex   8.500000e+01 1.130902e+02 6.087785e+01
      vertex   8.500000e+01 1.120711e+02 6.207107e+01
    endloop
  endfacet
  facet normal 0.000000e+00 -6.494480e-01 -7.604060e-01
    outer loop
      vertex   5.000000e+01 1.120711e+02 6.207107e+01
      vertex   8.500000e+01 1.120711e+02 6.207107e+01
      vertex   5.000000e+01 1.108779e+02 6.309017e+01
    endloop
  endfacet
  facet normal 0.000000e+00 -6.494480e-01 -7.604060e-01
    outer loop
      vertex   5.000000e+01 1.108779e+02 6.309017e+01
      vertex   8.500000e+01 1.120711e+02 6.207107e+01
      vertex   8.500000e+01 1.108779e+02 6.309017e+01
    endloop
  endfacet
  facet normal 0.000000e+00 -5.224986e-01 -8.526402e-01
    outer loop
      vertex   5.000000e+01 1.108779e+02 6.309017e+01
      vertex   8.500000e+01 1.108779e+02 6.309017e+01
      vertex   5.000000e+01 1.095399e+02 6.391007e+01
    endloop
  endfacet
  facet normal 0.000000e+00 -5.224986e-01 -8.526402e-01
    outer loop
      vertex   5.000000e+01 1.095399e+02 6.391007e+01
      vertex   8.500000e+01 1.108779e+02 6.309017e+01
      vertex   8.500000e+01 1.095399e+02 6.391007e+01
    endloop
  endfacet
  facet normal 0.000000e+00 -3.826834e-01 -9.238795e-01
    outer loop
      vertex   5.000000e+01 1.095399e+02 6.391007e+01
      vertex   8.500000e+01 1.095399e+02 6.391007e+01
      vertex   5.000000e+01 1.080902e+02 6.451057e+01
    endloop
  endfacet
  facet normal 0.000000e+00 -3.826834e-01 -9.238795e-01
    outer loop
      vertex   5.000000e+01 1.080902e+02 6.451057e+01
      vertex   8.500000e+01 1.095399e+02 6.391007e+01
      vertex   8.500000e+01 1.080902e+02 6.451057e+01
    endloop
  endfacet
  facet normal 0.000000e+00 -2.334454e-01 -9.723699e-01
    outer loop
      vertex   5.000000e+01 1.080902e+02 6.451057e+01
      vertex   8.500000e+01 1.080902e+02 6.451057e+01
      vertex   5.000000e+01 1.065643e+02 6.487688e+01
    endloop
  endfacet
  facet normal 3.948059e-16 -2.334454e-01 -9.723699e-01
    outer loop
      vertex   5.000000e+01 1.065643e+02 6.487688e+01
      vertex   8.500000e+01 1.080902e+02 6.451057e+01
      vertex   8.500000e+01 1.065643e+02 6.487688e+01
    endloop
  endfacet
  facet normal 4.047728e-16 -7.845910e-02 -9.969173e-01
    outer loop
      vertex   5.000000e+01 1.065643e+02 6.487688e+01
      vertex   8.500000e+01 1.065643e+02 6.487688e+01
      vertex   8.500000e+01 1.050000e+02 6.500000e+01
    endloop
  endfacet
  facet normal 7.845910e-02 -9.969173e-01 0.000000e+00
    outer loop
      vertex   1.500000e+01 1.150000e+02 0.000000e+00
      vertex   1.500000e+01 1.150000e+02 5.500000e+01
      vertex   1.343566e+01 1.148769e+02 2.750000e+01
    endloop
  endfacet
  facet normal 7.845910e-02 -9.969173e-01 5.068049e-18
    outer loop
      vertex   1.343566e+01 1.148769e+02 2.750000e+01
      vertex   1.500000e+01 1.150000e+02 5.500000e+01
      vertex   1.343566e+01 1.148769e+02 5.500000e+01
    endloop
  endfacet
  facet normal 2.334454e-01 -9.723699e-01 1.507936e-17
    outer loop
      vertex   1.343566e+01 1.148769e+02 2.750000e+01
      vertex   1.343566e+01 1.148769e+02 5.500000e+01
      vertex   1.190983e+01 1.145106e+02 2.750000e+01
    endloop
  endfacet
  facet normal 2.334454e-01 -9.723699e-01 0.000000e+00
    outer loop
      vertex   1.190983e+01 1.145106e+02 2.750000e+01
      vertex   1.343566e+01 1.148769e+02 5.500000e+01
      vertex   1.190983e+01 1.145106e+02 5.500000e+01
    endloop
  endfacet
  facet normal 3.826834e-01 -9.238795e-01 0.000000e+00
    outer loop
      vertex   1.190983e+01 1.145106e+02 2.750000e+01
      vertex   1.190983e+01 1.145106e+02 5.500000e+01
      vertex   1.046010e+01 1.139101e+02 2.750000e+01
    endloop
  endfacet
  facet normal 3.826834e-01 -9.238795e-01 0.000000e+00
    outer loop
      vertex   1.046010e+01 1.139101e+02 2.750000e+01
      vertex   1.190983e+01 1.145106e+02 5.500000e+01
      vertex   1.046010e+01 1.139101e+02 5.500000e+01
    endloop
  endfacet
  facet normal 5.224986e-01 -8.526402e-01 0.000000e+00
    outer loop
      vertex   1.046010e+01 1.139101e+02 2.750000e+01
      vertex   1.046010e+01 1.139101e+02 5.500000e+01
      vertex   9.122147e+00 1.130902e+02 2.750000e+01
    endloop
  endfacet
  facet normal 5.224986e-01 -8.526402e-01 -6.750137e-17
    outer loop
      vertex   9.122147e+00 1.130902e+02 2.750000e+01
      vertex   1.046010e+01 1.139101e+02 5.500000e+01
      vertex   9.122147e+00 1.130902e+02 5.500000e+01
    endloop
  endfacet
  facet normal 6.494480e-01 -7.604060e-01 -8.390193e-17
    outer loop
      vertex   9.122147e+00 1.130902e+02 2.750000e+01
      vertex   9.122147e+00 1.130902e+02 5.500000e+01
      vertex   7.928932e+00 1.120711e+02 2.750000e+01
    endloop
  endfacet
  facet normal 6.494480e-01 -7.604060e-01 8.390193e-17
    outer loop
      vertex   7.928932e+00 1.120711e+02 2.750000e+01
      vertex   9.122147e+00 1.130902e+02 5.500000e+01
      vertex   7.928932e+00 1.120711e+02 5.500000e+01
    endloop
  endfacet
  facet normal 7.604060e-01 -6.494480e-01 9.823653e-17
    outer loop
      vertex   7.928932e+00 1.120711e+02 2.750000e+01
      vertex   7.928932e+00 1.120711e+02 5.500000e+01
      vertex   6.909830e+00 1.108779e+02 2.750000e+01
    endloop
  endfacet
  facet normal 7.604060e-01 -6.494480e-01 2.455913e-17
    outer loop
      vertex   6.909830e+00 1.108779e+02 2.750000e+01
      vertex   7.928932e+00 1.120711e+02 5.500000e+01
      vertex   6.909830e+00 1.108779e+02 5.500000e+01
    endloop
  endfacet
  facet normal 8.526402e-01 -5.224986e-01 2.753806e-17
    outer loop
      vertex   6.909830e+00 1.108779e+02 2.750000e+01
      vertex   6.909830e+00 1.108779e+02 5.500000e+01
      vertex   6.089935e+00 1.095399e+02 2.750000e+01
    endloop
  endfacet
  facet normal 8.526402e-01 -5.224986e-01 0.000000e+00
    outer loop
      vertex   6.089935e+00 1.095399e+02 2.750000e+01
      vertex   6.909830e+00 1.108779e+02 5.500000e+01
      vertex   6.089935e+00 1.095399e+02 5.500000e+01
    endloop
  endfacet
  facet normal 9.238795e-01 -3.826834e-01 0.000000e+00
    outer loop
      vertex   6.089935e+00 1.095399e+02 2.750000e+01
      vertex   6.089935e+00 1.095399e+02 5.500000e+01
      vertex   5.489435e+00 1.080902e+02 2.750000e+01
    endloop
  endfacet
  facet normal 9.238795e-01 -3.826834e-01 -2.983890e-17
    outer loop
      vertex   5.489435e+00 1.080902e+02 2.750000e+01
      vertex   6.089935e+00 1.095399e+02 5.500000e+01
      vertex   5.489435e+00 1.080902e+02 5.500000e+01
    endloop
  endfacet
  facet normal 9.723699e-01 -2.334454e-01 -3.140502e-17
    outer loop
      vertex   5.489435e+00 1.080902e+02 2.750000e+01
      vertex   5.489435e+00 1.080902e+02 5.500000e+01
      vertex   5.123117e+00 1.065643e+02 2.750000e+01
    endloop
  endfacet
  facet normal 9.723699e-01 -2.334454e-01 9.421505e-17
    outer loop
      vertex   5.123117e+00 1.065643e+02 2.750000e+01
      vertex   5.489435e+00 1.080902e+02 5.500000e+01
      vertex   5.123117e+00 1.065643e+02 5.500000e+01
    endloop
  endfacet
  facet normal 9.969173e-01 -7.845910e-02 9.659350e-17
    outer loop
      vertex   5.123117e+00 1.065643e+02 2.750000e+01
      vertex   5.123117e+00 1.065643e+02 5.500000e+01
      vertex   5.000000e+00 1.050000e+02 5.500000e+01
    endloop
  endfacet
  facet normal 9.969173e-01 -7.845910e-02 0.000000e+00
    outer loop
      vertex   5.000000e+00 1.050000e+02 5.500000e+01
      vertex   5.000000e+00 1.050000e+02 0.000000e+00
      vertex   5.123117e+00 1.065643e+02 2.750000e+01
    endloop
  endfacet
  facet normal 9.969173e-01 -7.845910e-02 -6.439567e-17
    outer loop
      vertex   5.123117e+00 1.065643e+02 2.750000e+01
      vertex   5.000000e+00 1.050000e+02 0.000000e+00
      vertex   5.123117e+00 1.065643e+02 0.000000e+00
    endloop
  endfacet
  facet normal 9.723699e-01 -2.334454e-01 -6.281003e-17
    outer loop
      vertex   5.123117e+00 1.065643e+02 2.750000e+01
      vertex   5.123117e+00 1.065643e+02 0.000000e+00
      vertex   5.489435e+00 1.080902e+02 2.750000e+01
    endloop
  endfacet
  facet normal 9.723699e-01 -2.334454e-01 6.281003e-17
    outer loop
      vertex   5.489435e+00 1.080902e+02 2.750000e+01
      vertex   5.123117e+00 1.065643e+02 0.000000e+00
      vertex   5.489435e+00 1.080902e+02 0.000000e+00
    endloop
  endfacet
  facet normal 9.238795e-01 -3.826834e-01 5.967781e-17
    outer loop
      vertex   5.489435e+00 1.080902e+02 2.750000e+01
      vertex   5.489435e+00 1.080902e+02 0.000000e+00
      vertex   6.089935e+00 1.095399e+02 2.750000e+01
    endloop
  endfacet
  facet normal 9.238795e-01 -3.826834e-01 0.000000e+00
    outer loop
      vertex   6.089935e+00 1.095399e+02 2.750000e+01
      vertex   5.489435e+00 1.080902e+02 0.000000e+00
      vertex   6.089935e+00 1.095399e+02 0.000000e+00
    endloop
  endfacet
  facet normal 8.526402e-01 -5.224986e-01 0.000000e+00
    outer loop
      vertex   6.089935e+00 1.095399e+02 2.750000e+01
      vertex   6.089935e+00 1.095399e+02 0.000000e+00
      vertex   6.909830e+00 1.108779e+02 2.750000e+01
    endloop
  endfacet
  facet normal 8.526402e-01 -5.224986e-01 -2.753806e-17
    outer loop
      vertex   6.909830e+00 1.108779e+02 2.750000e+01
      vertex   6.089935e+00 1.095399e+02 0.000000e+00
      vertex   6.909830e+00 1.108779e+02 0.000000e+00
    endloop
  endfacet
  facet normal 7.604060e-01 -6.494480e-01 -2.455913e-17
    outer loop
      vertex   6.909830e+00 1.108779e+02 2.750000e+01
      vertex   6.909830e+00 1.108779e+02 0.000000e+00
      vertex   7.928932e+00 1.120711e+02 2.750000e+01
    endloop
  endfacet
  facet normal 7.604060e-01 -6.494480e-01 -7.367740e-17
    outer loop
      vertex   7.928932e+00 1.120711e+02 2.750000e+01
      vertex   6.909830e+00 1.108779e+02 0.000000e+00
      vertex   7.928932e+00 1.120711e+02 0.000000e+00
    endloop
  endfacet
  facet normal 6.494480e-01 -7.604060e-01 -6.292644e-17
    outer loop
      vertex   7.928932e+00 1.120711e+02 2.750000e+01
      vertex   7.928932e+00 1.120711e+02 0.000000e+00
      vertex   9.122147e+00 1.130902e+02 2.750000e+01
    endloop
  endfacet
  facet normal 6.494480e-01 -7.604060e-01 8.390193e-17
    outer loop
      vertex   9.122147e+00 1.130902e+02 2.750000e+01
      vertex   7.928932e+00 1.120711e+02 0.000000e+00
      vertex   9.122147e+00 1.130902e+02 0.000000e+00
    endloop
  endfacet
  facet normal 5.224986e-01 -8.526402e-01 6.750137e-17
    outer loop
      vertex   9.122147e+00 1.130902e+02 2.750000e+01
      vertex   9.122147e+00 1.130902e+02 0.000000e+00
      vertex   1.046010e+01 1.139101e+02 2.750000e+01
    endloop
  endfacet
  facet normal 5.224986e-01 -8.526402e-01 4.406089e-16
    outer loop
      vertex   1.046010e+01 1.139101e+02 2.750000e+01
      vertex   9.122147e+00 1.130902e+02 0.000000e+00
      vertex   1.046010e+01 1.139101e+02 0.000000e+00
    endloop
  endfacet
  facet normal 3.826834e-01 -9.238795e-01 4.774225e-16
    outer loop
      vertex   1.046010e+01 1.139101e+02 2.750000e+01
      vertex   1.046010e+01 1.139101e+02 0.000000e+00
      vertex   1.190983e+01 1.145106e+02 2.750000e+01
    endloop
  endfacet
  facet normal 3.826834e-01 -9.238795e-01 0.000000e+00
    outer loop
      vertex   1.190983e+01 1.145106e+02 2.750000e+01
      vertex   1.046010e+01 1.139101e+02 0.000000e+00
      vertex   1.190983e+01 1.145106e+02 0.000000e+00
    endloop
  endfacet
  facet normal 2.334454e-01 -9.723699e-01 0.000000e+00
    outer loop
      vertex   1.190983e+01 1.145106e+02 2.750000e+01
      vertex   1.190983e+01 1.145106e+02 0.000000e+00
      vertex   1.343566e+01 1.148769e+02 2.750000e+01
    endloop
  endfacet
  facet normal 2.334454e-01 -9.723699e-01 0.000000e+00
    outer loop
      vertex   1.343566e+01 1.148769e+02 2.750000e+01
      vertex   1.190983e+01 1.145106e+02 0.000000e+00
      vertex   1.343566e+01 1.148769e+02 0.000000e+00
    endloop
  endfacet
  facet normal 7.845910e-02 -9.969173e-01 0.000000e+00
    outer loop
      vertex   1.343566e+01 1.148769e+02 2.750000e+01
      vertex   1.343566e+01 1.148769e+02 0.000000e+00
      vertex   1.500000e+01 1.150000e+02 0.000000e+00
    endloop
  endfacet
  facet normal 9.952647e-01 -7.832903e-02 -5.755644e-02
    outer loop
      vertex   5.123117e+00 1.065643e+02 5.500000e+01
      vertex   5.183861e+00 1.067037e+02 5.586080e+01
      vertex   5.000000e+00 1.050000e+02 5.500000e+01
    endloop
  endfacet
  facet normal 9.951533e-01 -7.566188e-02 -6.281134e-02
    outer loop
      vertex   5.000000e+00 1.050000e+02 5.500000e+01
      vertex   5.183861e+00 1.067037e+02 5.586080e+01
      vertex   5.113175e+00 1.052623e+02 5.647712e+01
    endloop
  endfacet
  facet normal 9.968492e-01 1.169297e-02 -7.845373e-02
    outer loop
      vertex   5.000000e+00 1.050000e+02 5.500000e+01
      vertex   5.113175e+00 1.052623e+02 5.647712e+01
      vertex   5.123117e+00 1.050000e+02 5.656434e+01
    endloop
  endfacet
  facet normal 9.748859e-01 -3.612496e-02 -2.197553e-01
    outer loop
      vertex   5.123117e+00 1.050000e+02 5.656434e+01
      vertex   5.113175e+00 1.052623e+02 5.647712e+01
      vertex   5.428451e+00 1.057628e+02 5.779348e+01
    endloop
  endfacet
  facet normal 9.722870e-01 -1.305871e-02 -2.334255e-01
    outer loop
      vertex   5.123117e+00 1.050000e+02 5.656434e+01
      vertex   5.428451e+00 1.057628e+02 5.779348e+01
      vertex   5.489435e+00 1.050000e+02 5.809017e+01
    endloop
  endfacet
  facet normal 9.329994e-01 -6.320495e-02 -3.542841e-01
    outer loop
      vertex   5.489435e+00 1.050000e+02 5.809017e+01
      vertex   5.428451e+00 1.057628e+02 5.779348e+01
      vertex   5.944830e+00 1.061501e+02 5.908427e+01
    endloop
  endfacet
  facet normal 9.233127e-01 -3.502391e-02 -3.824486e-01
    outer loop
      vertex   5.489435e+00 1.050000e+02 5.809017e+01
      vertex   5.944830e+00 1.061501e+02 5.908427e+01
      vertex   6.089935e+00 1.050000e+02 5.953990e+01
    endloop
  endfacet
  facet normal 8.726933e-01 -8.067620e-02 -4.815576e-01
    outer loop
      vertex   6.089935e+00 1.050000e+02 5.953990e+01
      vertex   5.944830e+00 1.061501e+02 5.908427e+01
      vertex   6.648938e+00 1.064139e+02 6.031607e+01
    endloop
  endfacet
  facet normal 8.515647e-01 -5.020974e-02 -5.218395e-01
    outer loop
      vertex   6.089935e+00 1.050000e+02 5.953990e+01
      vertex   6.648938e+00 1.064139e+02 6.031607e+01
      vertex   6.909830e+00 1.050000e+02 6.087785e+01
    endloop
  endfacet
  facet normal 7.957970e-01 -9.103143e-02 -5.986822e-01
    outer loop
      vertex   6.909830e+00 1.050000e+02 6.087785e+01
      vertex   6.648938e+00 1.064139e+02 6.031607e+01
      vertex   7.522541e+00 1.065476e+02 6.145699e+01
    endloop
  endfacet
  facet normal 7.591292e-01 -5.792408e-02 -6.483576e-01
    outer loop
      vertex   6.909830e+00 1.050000e+02 6.087785e+01
      vertex   7.522541e+00 1.065476e+02 6.145699e+01
      vertex   7.928932e+00 1.050000e+02 6.207107e+01
    endloop
  endfacet
  facet normal 7.039442e-01 -9.447291e-02 -7.039442e-01
    outer loop
      vertex   7.928932e+00 1.050000e+02 6.207107e+01
      vertex   7.522541e+00 1.065476e+02 6.145699e+01
      vertex   8.543013e+00 1.065476e+02 6.247746e+01
    endloop
  endfacet
  facet normal 6.483576e-01 -5.792408e-02 -7.591292e-01
    outer loop
      vertex   7.928932e+00 1.050000e+02 6.207107e+01
      vertex   8.543013e+00 1.065476e+02 6.247746e+01
      vertex   9.122147e+00 1.050000e+02 6.309017e+01
    endloop
  endfacet
  facet normal 5.986822e-01 -9.103143e-02 -7.957970e-01
    outer loop
      vertex   9.122147e+00 1.050000e+02 6.309017e+01
      vertex   8.543013e+00 1.065476e+02 6.247746e+01
      vertex   9.683925e+00 1.064139e+02 6.335106e+01
    endloop
  endfacet
  facet normal 5.218395e-01 -5.020974e-02 -8.515647e-01
    outer loop
      vertex   9.122147e+00 1.050000e+02 6.309017e+01
      vertex   9.683925e+00 1.064139e+02 6.335106e+01
      vertex   1.046010e+01 1.050000e+02 6.391007e+01
    endloop
  endfacet
  facet normal 4.815576e-01 -8.067620e-02 -8.726933e-01
    outer loop
      vertex   1.046010e+01 1.050000e+02 6.391007e+01
      vertex   9.683925e+00 1.064139e+02 6.335106e+01
      vertex   1.091573e+01 1.061501e+02 6.405517e+01
    endloop
  endfacet
  facet normal 3.824486e-01 -3.502391e-02 -9.233127e-01
    outer loop
      vertex   1.046010e+01 1.050000e+02 6.391007e+01
      vertex   1.091573e+01 1.061501e+02 6.405517e+01
      vertex   1.190983e+01 1.050000e+02 6.451057e+01
    endloop
  endfacet
  facet normal 3.542841e-01 -6.320495e-02 -9.329994e-01
    outer loop
      vertex   1.190983e+01 1.050000e+02 6.451057e+01
      vertex   1.091573e+01 1.061501e+02 6.405517e+01
      vertex   1.220652e+01 1.057628e+02 6.457155e+01
    endloop
  endfacet
  facet normal 2.334255e-01 -1.305871e-02 -9.722870e-01
    outer loop
      vertex   1.190983e+01 1.050000e+02 6.451057e+01
      vertex   1.220652e+01 1.057628e+02 6.457155e+01
      vertex   1.343566e+01 1.050000e+02 6.487688e+01
    endloop
  endfacet
  facet normal 2.197553e-01 -3.612496e-02 -9.748859e-01
    outer loop
      vertex   1.343566e+01 1.050000e+02 6.487688e+01
      vertex   1.220652e+01 1.057628e+02 6.457155e+01
      vertex   1.352288e+01 1.052623e+02 6.488682e+01
    endloop
  endfacet
  facet normal 7.845373e-02 1.169297e-02 -9.968492e-01
    outer loop
      vertex   1.343566e+01 1.050000e+02 6.487688e+01
      vertex   1.352288e+01 1.052623e+02 6.488682e+01
      vertex   1.500000e+01 1.050000e+02 6.500000e+01
    endloop
  endfacet
  facet normal 6.281134e-02 -7.566188e-02 -9.951533e-01
    outer loop
      vertex   1.500000e+01 1.050000e+02 6.500000e+01
      vertex   1.352288e+01 1.052623e+02 6.488682e+01
      vertex   1.413920e+01 1.067037e+02 6.481614e+01
    endloop
  endfacet
  facet normal 5.755644e-02 -7.832903e-02 -9.952647e-01
    outer loop
      vertex   1.500000e+01 1.050000e+02 6.500000e+01
      vertex   1.413920e+01 1.067037e+02 6.481614e+01
      vertex   1.500000e+01 1.065643e+02 6.487688e+01
    endloop
  endfacet
  facet normal 3.118935e-02 -2.312777e-01 -9.723877e-01
    outer loop
      vertex   1.500000e+01 1.065643e+02 6.487688e+01
      vertex   1.413920e+01 1.067037e+02 6.481614e+01
      vertex   1.477672e+01 1.081031e+02 6.450375e+01
    endloop
  endfacet
  facet normal 1.621950e-02 -2.334147e-01 -9.722420e-01
    outer loop
      vertex   1.500000e+01 1.065643e+02 6.487688e+01
      vertex   1.477672e+01 1.081031e+02 6.450375e+01
      vertex   1.500000e+01 1.080902e+02 6.451057e+01
    endloop
  endfacet
  facet normal 6.131963e-03 -3.826762e-01 -9.238622e-01
    outer loop
      vertex   1.500000e+01 1.080902e+02 6.451057e+01
      vertex   1.477672e+01 1.081031e+02 6.450375e+01
      vertex   1.500000e+01 1.095399e+02 6.391007e+01
    endloop
  endfacet
  facet normal 7.141065e-02 -3.903531e-01 -9.178916e-01
    outer loop
      vertex   1.500000e+01 1.095399e+02 6.391007e+01
      vertex   1.477672e+01 1.081031e+02 6.450375e+01
      vertex   1.332407e+01 1.086554e+02 6.415583e+01
    endloop
  endfacet
  facet normal 8.662940e-02 -4.157085e-01 -9.053628e-01
    outer loop
      vertex   1.500000e+01 1.095399e+02 6.391007e+01
      vertex   1.332407e+01 1.086554e+02 6.415583e+01
      vertex   1.395196e+01 1.099842e+02 6.360580e+01
    endloop
  endfacet
  facet normal 2.089408e-01 -4.566914e-01 -8.647409e-01
    outer loop
      vertex   1.395196e+01 1.099842e+02 6.360580e+01
      vertex   1.332407e+01 1.086554e+02 6.415583e+01
      vertex   1.251269e+01 1.104159e+02 6.303002e+01
    endloop
  endfacet
  facet normal 1.447253e-01 -5.833680e-01 -7.992098e-01
    outer loop
      vertex   1.395196e+01 1.099842e+02 6.360580e+01
      vertex   1.251269e+01 1.104159e+02 6.303002e+01
      vertex   1.318700e+01 1.116157e+02 6.227634e+01
    endloop
  endfacet
  facet normal 2.852483e-01 -6.196355e-01 -7.312217e-01
    outer loop
      vertex   1.318700e+01 1.116157e+02 6.227634e+01
      vertex   1.251269e+01 1.104159e+02 6.303002e+01
      vertex   1.183317e+01 1.119057e+02 6.150248e+01
    endloop
  endfacet
  facet normal 2.137582e-01 -7.310988e-01 -6.479213e-01
    outer loop
      vertex   1.318700e+01 1.116157e+02 6.227634e+01
      vertex   1.183317e+01 1.119057e+02 6.150248e+01
      vertex   1.260513e+01 1.129313e+02 6.059992e+01
    endloop
  endfacet
  facet normal 3.424317e-01 -7.526555e-01 -5.623612e-01
    outer loop
      vertex   1.260513e+01 1.129313e+02 6.059992e+01
      vertex   1.183317e+01 1.119057e+02 6.150248e+01
      vertex   1.140029e+01 1.130724e+02 5.967737e+01
    endloop
  endfacet
  facet normal 2.590189e-01 -8.451517e-01 -4.675765e-01
    outer loop
      vertex   1.260513e+01 1.129313e+02 6.059992e+01
      vertex   1.140029e+01 1.130724e+02 5.967737e+01
      vertex   1.230998e+01 1.138935e+02 5.869723e+01
    endloop
  endfacet
  facet normal 3.701711e-01 -8.520251e-01 -3.701711e-01
    outer loop
      vertex   1.230998e+01 1.138935e+02 5.869723e+01
      vertex   1.140029e+01 1.130724e+02 5.967737e+01
      vertex   1.130277e+01 1.138935e+02 5.769002e+01
    endloop
  endfacet
  facet normal 2.715544e-01 -9.233182e-01 -2.715544e-01
    outer loop
      vertex   1.230998e+01 1.138935e+02 5.869723e+01
      vertex   1.130277e+01 1.138935e+02 5.769002e+01
      vertex   1.237394e+01 1.144956e+02 5.671410e+01
    endloop
  endfacet
  facet normal 3.612561e-01 -9.169884e-01 -1.691932e-01
    outer loop
      vertex   1.237394e+01 1.144956e+02 5.671410e+01
      vertex   1.130277e+01 1.138935e+02 5.769002e+01
      vertex   1.159324e+01 1.143761e+02 5.569450e+01
    endloop
  endfacet
  facet normal 2.459645e-01 -9.663628e-01 -7.512976e-02
    outer loop
      vertex   1.237394e+01 1.144956e+02 5.671410e+01
      vertex   1.159324e+01 1.143761e+02 5.569450e+01
      vertex   1.350978e+01 1.148638e+02 5.569596e+01
    endloop
  endfacet
  facet normal 2.463961e-01 -9.681507e-01 -4.441980e-02
    outer loop
      vertex   1.350978e+01 1.148638e+02 5.569596e+01
      vertex   1.159324e+01 1.143761e+02 5.569450e+01
      vertex   1.343566e+01 1.148769e+02 5.500000e+01
    endloop
  endfacet
  facet normal 7.843036e-02 -9.965522e-01 -2.706369e-02
    outer loop
      vertex   1.350978e+01 1.148638e+02 5.569596e+01
      vertex   1.343566e+01 1.148769e+02 5.500000e+01
      vertex   1.500000e+01 1.150000e+02 5.500000e+01
    endloop
  endfacet
  facet normal 9.723877e-01 -2.312777e-01 -3.118935e-02
    outer loop
      vertex   5.183861e+00 1.067037e+02 5.586080e+01
      vertex   5.123117e+00 1.065643e+02 5.500000e+01
      vertex   5.496252e+00 1.081031e+02 5.522328e+01
    endloop
  endfacet
  facet normal 9.722420e-01 -2.334147e-01 -1.621950e-02
    outer loop
      vertex   5.496252e+00 1.081031e+02 5.522328e+01
      vertex   5.123117e+00 1.065643e+02 5.500000e+01
      vertex   5.489435e+00 1.080902e+02 5.500000e+01
    endloop
  endfacet
  facet normal 9.238622e-01 -3.826762e-01 -6.131963e-03
    outer loop
      vertex   5.496252e+00 1.081031e+02 5.522328e+01
      vertex   5.489435e+00 1.080902e+02 5.500000e+01
      vertex   6.089935e+00 1.095399e+02 5.500000e+01
    endloop
  endfacet
  facet normal 8.523509e-01 -5.223213e-01 -2.604694e-02
    outer loop
      vertex   6.909830e+00 1.108779e+02 5.500000e+01
      vertex   6.394199e+00 1.099842e+02 5.604804e+01
      vertex   6.089935e+00 1.095399e+02 5.500000e+01
    endloop
  endfacet
  facet normal 9.053628e-01 -4.157085e-01 -8.662940e-02
    outer loop
      vertex   6.089935e+00 1.095399e+02 5.500000e+01
      vertex   6.394199e+00 1.099842e+02 5.604804e+01
      vertex   5.844172e+00 1.086554e+02 5.667593e+01
    endloop
  endfacet
  facet normal 9.178916e-01 -3.903531e-01 -7.141065e-02
    outer loop
      vertex   6.089935e+00 1.095399e+02 5.500000e+01
      vertex   5.844172e+00 1.086554e+02 5.667593e+01
      vertex   5.496252e+00 1.081031e+02 5.522328e+01
    endloop
  endfacet
  facet normal 9.544987e-01 -2.703842e-01 -1.257961e-01
    outer loop
      vertex   5.496252e+00 1.081031e+02 5.522328e+01
      vertex   5.844172e+00 1.086554e+02 5.667593e+01
      vertex   5.519592e+00 1.072367e+02 5.726256e+01
    endloop
  endfacet
  facet normal 9.544987e-01 -2.703842e-01 -1.257961e-01
    outer loop
      vertex   5.496252e+00 1.081031e+02 5.522328e+01
      vertex   5.519592e+00 1.072367e+02 5.726256e+01
      vertex   5.183861e+00 1.067037e+02 5.586080e+01
    endloop
  endfacet
  facet normal 9.744812e-01 -1.269489e-01 -1.851228e-01
    outer loop
      vertex   5.183861e+00 1.067037e+02 5.586080e+01
      vertex   5.519592e+00 1.072367e+02 5.726256e+01
      vertex   5.428451e+00 1.057628e+02 5.779348e+01
    endloop
  endfacet
  facet normal 9.744812e-01 -1.269489e-01 -1.851228e-01
    outer loop
      vertex   5.183861e+00 1.067037e+02 5.586080e+01
      vertex   5.428451e+00 1.057628e+02 5.779348e+01
      vertex   5.113175e+00 1.052623e+02 5.647712e+01
    endloop
  endfacet
  facet normal 8.252244e-01 -5.602328e-01 -7.172155e-02
    outer loop
      vertex   6.394199e+00 1.099842e+02 5.604804e+01
      vertex   6.909830e+00 1.108779e+02 5.500000e+01
      vertex   7.156130e+00 1.111902e+02 5.539433e+01
    endloop
  endfacet
  facet normal 7.598157e-01 -6.489439e-01 3.939291e-02
    outer loop
      vertex   7.156130e+00 1.111902e+02 5.539433e+01
      vertex   6.909830e+00 1.108779e+02 5.500000e+01
      vertex   7.928932e+00 1.120711e+02 5.500000e+01
    endloop
  endfacet
  facet normal 7.289565e-01 -6.788845e-01 -8.796795e-02
    outer loop
      vertex   7.156130e+00 1.111902e+02 5.539433e+01
      vertex   7.928932e+00 1.120711e+02 5.500000e+01
      vertex   7.723663e+00 1.116157e+02 5.681300e+01
    endloop
  endfacet
  facet normal 7.058394e-01 -7.017904e-01 -9.633808e-02
    outer loop
      vertex   7.723663e+00 1.116157e+02 5.681300e+01
      vertex   7.928932e+00 1.120711e+02 5.500000e+01
      vertex   8.656516e+00 1.126527e+02 5.609404e+01
    endloop
  endfacet
  facet normal 6.479213e-01 -7.310988e-01 -2.137582e-01
    outer loop
      vertex   7.723663e+00 1.116157e+02 5.681300e+01
      vertex   8.656516e+00 1.126527e+02 5.609404e+01
      vertex   8.497524e+00 1.119057e+02 5.816683e+01
    endloop
  endfacet
  facet normal 6.479213e-01 -7.310988e-01 -2.137582e-01
    outer loop
      vertex   8.497524e+00 1.119057e+02 5.816683e+01
      vertex   8.656516e+00 1.126527e+02 5.609404e+01
      vertex   9.400079e+00 1.129313e+02 5.739487e+01
    endloop
  endfacet
  facet normal 5.623612e-01 -7.526555e-01 -3.424317e-01
    outer loop
      vertex   8.497524e+00 1.119057e+02 5.816683e+01
      vertex   9.400079e+00 1.129313e+02 5.739487e+01
      vertex   9.457669e+00 1.120526e+02 5.942077e+01
    endloop
  endfacet
  facet normal 5.623612e-01 -7.526555e-01 -3.424317e-01
    outer loop
      vertex   9.457669e+00 1.120526e+02 5.942077e+01
      vertex   9.400079e+00 1.129313e+02 5.739487e+01
      vertex   1.032263e+01 1.130724e+02 5.859971e+01
    endloop
  endfacet
  facet normal 4.596446e-01 -7.599037e-01 -4.596446e-01
    outer loop
      vertex   9.457669e+00 1.120526e+02 5.942077e+01
      vertex   1.032263e+01 1.130724e+02 5.859971e+01
      vertex   1.057923e+01 1.120526e+02 6.054233e+01
    endloop
  endfacet
  facet normal 4.596446e-01 -7.599037e-01 -4.596446e-01
    outer loop
      vertex   1.057923e+01 1.120526e+02 6.054233e+01
      vertex   1.032263e+01 1.130724e+02 5.859971e+01
      vertex   1.140029e+01 1.130724e+02 5.967737e+01
    endloop
  endfacet
  facet normal 3.424317e-01 -7.526555e-01 -5.623612e-01
    outer loop
      vertex   1.057923e+01 1.120526e+02 6.054233e+01
      vertex   1.140029e+01 1.130724e+02 5.967737e+01
      vertex   1.183317e+01 1.119057e+02 6.150248e+01
    endloop
  endfacet
  facet normal 6.491995e-01 -7.601149e-01 -2.766481e-02
    outer loop
      vertex   7.928932e+00 1.120711e+02 5.500000e+01
      vertex   9.122147e+00 1.130902e+02 5.500000e+01
      vertex   8.656516e+00 1.126527e+02 5.609404e+01
    endloop
  endfacet
  facet normal 5.788121e-01 -8.116979e-01 -7.824995e-02
    outer loop
      vertex   8.656516e+00 1.126527e+02 5.609404e+01
      vertex   9.122147e+00 1.130902e+02 5.500000e+01
      vertex   9.745566e+00 1.135012e+02 5.534815e+01
    endloop
  endfacet
  facet normal 5.487126e-01 -8.247096e-01 -1.369986e-01
    outer loop
      vertex   8.656516e+00 1.126527e+02 5.609404e+01
      vertex   9.745566e+00 1.135012e+02 5.534815e+01
      vertex   9.400079e+00 1.129313e+02 5.739487e+01
    endloop
  endfacet
  facet normal 5.487126e-01 -8.247096e-01 -1.369986e-01
    outer loop
      vertex   9.400079e+00 1.129313e+02 5.739487e+01
      vertex   9.745566e+00 1.135012e+02 5.534815e+01
      vertex   1.044052e+01 1.137616e+02 5.656394e+01
    endloop
  endfacet
  facet normal 4.675765e-01 -8.451517e-01 -2.590189e-01
    outer loop
      vertex   9.400079e+00 1.129313e+02 5.739487e+01
      vertex   1.044052e+01 1.137616e+02 5.656394e+01
      vertex   1.032263e+01 1.130724e+02 5.859971e+01
    endloop
  endfacet
  facet normal 4.675765e-01 -8.451517e-01 -2.590189e-01
    outer loop
      vertex   1.032263e+01 1.130724e+02 5.859971e+01
      vertex   1.044052e+01 1.137616e+02 5.656394e+01
      vertex   1.130277e+01 1.138935e+02 5.769002e+01
    endloop
  endfacet
  facet normal 3.701711e-01 -8.520251e-01 -3.701711e-01
    outer loop
      vertex   1.032263e+01 1.130724e+02 5.859971e+01
      vertex   1.130277e+01 1.138935e+02 5.769002e+01
      vertex   1.140029e+01 1.130724e+02 5.967737e+01
    endloop
  endfacet
  facet normal 5.211895e-01 -8.505040e-01 7.074270e-02
    outer loop
      vertex   9.122147e+00 1.130902e+02 5.500000e+01
      vertex   1.046010e+01 1.139101e+02 5.500000e+01
      vertex   9.745566e+00 1.135012e+02 5.534815e+01
    endloop
  endfacet
  facet normal 4.663497e-01 -8.811703e-01 -7.782572e-02
    outer loop
      vertex   9.745566e+00 1.135012e+02 5.534815e+01
      vertex   1.046010e+01 1.139101e+02 5.500000e+01
      vertex   1.044052e+01 1.137616e+02 5.656394e+01
    endloop
  endfacet
  facet normal 4.209528e-01 -9.035022e-01 -8.051415e-02
    outer loop
      vertex   1.044052e+01 1.137616e+02 5.656394e+01
      vertex   1.046010e+01 1.139101e+02 5.500000e+01
      vertex   1.159324e+01 1.143761e+02 5.569450e+01
    endloop
  endfacet
  facet normal 3.826797e-01 -9.238706e-01 -4.400188e-03
    outer loop
      vertex   1.159324e+01 1.143761e+02 5.569450e+01
      vertex   1.046010e+01 1.139101e+02 5.500000e+01
      vertex   1.190983e+01 1.145106e+02 5.500000e+01
    endloop
  endfacet
  facet normal 2.326679e-01 -9.691315e-01 -8.154597e-02
    outer loop
      vertex   1.159324e+01 1.143761e+02 5.569450e+01
      vertex   1.190983e+01 1.145106e+02 5.500000e+01
      vertex   1.343566e+01 1.148769e+02 5.500000e+01
    endloop
  endfacet
  facet normal 6.205242e-02 -9.961421e-01 -6.205242e-02
    outer loop
      vertex   1.350978e+01 1.148638e+02 5.569596e+01
      vertex   1.500000e+01 1.150000e+02 5.500000e+01
      vertex   1.430404e+01 1.148638e+02 5.649022e+01
    endloop
  endfacet
  facet normal 2.706369e-02 -9.965522e-01 -7.843036e-02
    outer loop
      vertex   1.430404e+01 1.148638e+02 5.649022e+01
      vertex   1.500000e+01 1.150000e+02 5.500000e+01
      vertex   1.500000e+01 1.148769e+02 5.656434e+01
    endloop
  endfacet
  facet normal 4.307966e-02 -9.714672e-01 -2.332286e-01
    outer loop
      vertex   1.430404e+01 1.148638e+02 5.649022e+01
      vertex   1.500000e+01 1.148769e+02 5.656434e+01
      vertex   1.500000e+01 1.145106e+02 5.809017e+01
    endloop
  endfacet
  facet normal 7.494971e-02 -9.663759e-01 -2.459677e-01
    outer loop
      vertex   1.430404e+01 1.148638e+02 5.649022e+01
      vertex   1.500000e+01 1.145106e+02 5.809017e+01
      vertex   1.430550e+01 1.143761e+02 5.840676e+01
    endloop
  endfacet
  facet normal 4.400188e-03 -9.238706e-01 -3.826797e-01
    outer loop
      vertex   1.430550e+01 1.143761e+02 5.840676e+01
      vertex   1.500000e+01 1.145106e+02 5.809017e+01
      vertex   1.500000e+01 1.139101e+02 5.953990e+01
    endloop
  endfacet
  facet normal 8.051415e-02 -9.035022e-01 -4.209528e-01
    outer loop
      vertex   1.430550e+01 1.143761e+02 5.840676e+01
      vertex   1.500000e+01 1.139101e+02 5.953990e+01
      vertex   1.343606e+01 1.137616e+02 5.955948e+01
    endloop
  endfacet
  facet normal 7.782572e-02 -8.811703e-01 -4.663497e-01
    outer loop
      vertex   1.343606e+01 1.137616e+02 5.955948e+01
      vertex   1.500000e+01 1.139101e+02 5.953990e+01
      vertex   1.465185e+01 1.135012e+02 6.025443e+01
    endloop
  endfacet
  facet normal 1.369986e-01 -8.247096e-01 -5.487126e-01
    outer loop
      vertex   1.343606e+01 1.137616e+02 5.955948e+01
      vertex   1.465185e+01 1.135012e+02 6.025443e+01
      vertex   1.390596e+01 1.126527e+02 6.134348e+01
    endloop
  endfacet
  facet normal 7.824995e-02 -8.116979e-01 -5.788121e-01
    outer loop
      vertex   1.390596e+01 1.126527e+02 6.134348e+01
      vertex   1.465185e+01 1.135012e+02 6.025443e+01
      vertex   1.500000e+01 1.130902e+02 6.087785e+01
    endloop
  endfacet
  facet normal 2.766481e-02 -7.601149e-01 -6.491995e-01
    outer loop
      vertex   1.390596e+01 1.126527e+02 6.134348e+01
      vertex   1.500000e+01 1.130902e+02 6.087785e+01
      vertex   1.500000e+01 1.120711e+02 6.207107e+01
    endloop
  endfacet
  facet normal -7.074270e-02 -8.505040e-01 -5.211895e-01
    outer loop
      vertex   1.500000e+01 1.139101e+02 5.953990e+01
      vertex   1.500000e+01 1.130902e+02 6.087785e+01
      vertex   1.465185e+01 1.135012e+02 6.025443e+01
    endloop
  endfacet
  facet normal -3.939291e-02 -6.489439e-01 -7.598157e-01
    outer loop
      vertex   1.500000e+01 1.108779e+02 6.309017e+01
      vertex   1.460567e+01 1.111902e+02 6.284387e+01
      vertex   1.500000e+01 1.120711e+02 6.207107e+01
    endloop
  endfacet
  facet normal 8.796795e-02 -6.788845e-01 -7.289565e-01
    outer loop
      vertex   1.500000e+01 1.120711e+02 6.207107e+01
      vertex   1.460567e+01 1.111902e+02 6.284387e+01
      vertex   1.318700e+01 1.116157e+02 6.227634e+01
    endloop
  endfacet
  facet normal 9.633808e-02 -7.017904e-01 -7.058394e-01
    outer loop
      vertex   1.500000e+01 1.120711e+02 6.207107e+01
      vertex   1.318700e+01 1.116157e+02 6.227634e+01
      vertex   1.390596e+01 1.126527e+02 6.134348e+01
    endloop
  endfacet
  facet normal 2.137582e-01 -7.310988e-01 -6.479213e-01
    outer loop
      vertex   1.390596e+01 1.126527e+02 6.134348e+01
      vertex   1.318700e+01 1.116157e+02 6.227634e+01
      vertex   1.260513e+01 1.129313e+02 6.059992e+01
    endloop
  endfacet
  facet normal 1.369986e-01 -8.247096e-01 -5.487126e-01
    outer loop
      vertex   1.390596e+01 1.126527e+02 6.134348e+01
      vertex   1.260513e+01 1.129313e+02 6.059992e+01
      vertex   1.343606e+01 1.137616e+02 5.955948e+01
    endloop
  endfacet
  facet normal 2.590189e-01 -8.451517e-01 -4.675765e-01
    outer loop
      vertex   1.343606e+01 1.137616e+02 5.955948e+01
      vertex   1.260513e+01 1.129313e+02 6.059992e+01
      vertex   1.230998e+01 1.138935e+02 5.869723e+01
    endloop
  endfacet
  facet normal 1.691932e-01 -9.169884e-01 -3.612561e-01
    outer loop
      vertex   1.343606e+01 1.137616e+02 5.955948e+01
      vertex   1.230998e+01 1.138935e+02 5.869723e+01
      vertex   1.328590e+01 1.144956e+02 5.762606e+01
    endloop
  endfacet
  facet normal 2.715544e-01 -9.233182e-01 -2.715544e-01
    outer loop
      vertex   1.328590e+01 1.144956e+02 5.762606e+01
      vertex   1.230998e+01 1.138935e+02 5.869723e+01
      vertex   1.237394e+01 1.144956e+02 5.671410e+01
    endloop
  endfacet
  facet normal 1.661773e-01 -9.719929e-01 -1.661773e-01
    outer loop
      vertex   1.328590e+01 1.144956e+02 5.762606e+01
      vertex   1.237394e+01 1.144956e+02 5.671410e+01
      vertex   1.350978e+01 1.148638e+02 5.569596e+01
    endloop
  endfacet
  facet normal 7.172155e-02 -5.602328e-01 -8.252244e-01
    outer loop
      vertex   1.460567e+01 1.111902e+02 6.284387e+01
      vertex   1.500000e+01 1.108779e+02 6.309017e+01
      vertex   1.395196e+01 1.099842e+02 6.360580e+01
    endloop
  endfacet
  facet normal 2.604694e-02 -5.223213e-01 -8.523509e-01
    outer loop
      vertex   1.395196e+01 1.099842e+02 6.360580e+01
      vertex   1.500000e+01 1.108779e+02 6.309017e+01
      vertex   1.500000e+01 1.095399e+02 6.391007e+01
    endloop
  endfacet
  facet normal 7.992098e-01 -5.833680e-01 -1.447253e-01
    outer loop
      vertex   6.394199e+00 1.099842e+02 5.604804e+01
      vertex   7.156130e+00 1.111902e+02 5.539433e+01
      vertex   6.969978e+00 1.104159e+02 5.748731e+01
    endloop
  endfacet
  facet normal 7.992098e-01 -5.833680e-01 -1.447253e-01
    outer loop
      vertex   6.969978e+00 1.104159e+02 5.748731e+01
      vertex   7.156130e+00 1.111902e+02 5.539433e+01
      vertex   7.723663e+00 1.116157e+02 5.681300e+01
    endloop
  endfacet
  facet normal 7.312217e-01 -6.196355e-01 -2.852483e-01
    outer loop
      vertex   6.969978e+00 1.104159e+02 5.748731e+01
      vertex   7.723663e+00 1.116157e+02 5.681300e+01
      vertex   7.755081e+00 1.107101e+02 5.886081e+01
    endloop
  endfacet
  facet normal 7.312217e-01 -6.196355e-01 -2.852483e-01
    outer loop
      vertex   7.755081e+00 1.107101e+02 5.886081e+01
      vertex   7.723663e+00 1.116157e+02 5.681300e+01
      vertex   8.497524e+00 1.119057e+02 5.816683e+01
    endloop
  endfacet
  facet normal 6.433342e-01 -6.417786e-01 -4.174221e-01
    outer loop
      vertex   7.755081e+00 1.107101e+02 5.886081e+01
      vertex   8.497524e+00 1.119057e+02 5.816683e+01
      vertex   8.729176e+00 1.108591e+02 6.013297e+01
    endloop
  endfacet
  facet normal 6.433342e-01 -6.417786e-01 -4.174221e-01
    outer loop
      vertex   8.729176e+00 1.108591e+02 6.013297e+01
      vertex   8.497524e+00 1.119057e+02 5.816683e+01
      vertex   9.457669e+00 1.120526e+02 5.942077e+01
    endloop
  endfacet
  facet normal 5.378235e-01 -6.492240e-01 -5.378235e-01
    outer loop
      vertex   8.729176e+00 1.108591e+02 6.013297e+01
      vertex   9.457669e+00 1.120526e+02 5.942077e+01
      vertex   9.867035e+00 1.108591e+02 6.127082e+01
    endloop
  endfacet
  facet normal 5.378235e-01 -6.492240e-01 -5.378235e-01
    outer loop
      vertex   9.867035e+00 1.108591e+02 6.127082e+01
      vertex   9.457669e+00 1.120526e+02 5.942077e+01
      vertex   1.057923e+01 1.120526e+02 6.054233e+01
    endloop
  endfacet
  facet normal 4.174221e-01 -6.417786e-01 -6.433342e-01
    outer loop
      vertex   9.867035e+00 1.108591e+02 6.127082e+01
      vertex   1.057923e+01 1.120526e+02 6.054233e+01
      vertex   1.113919e+01 1.107101e+02 6.224492e+01
    endloop
  endfacet
  facet normal 4.174221e-01 -6.417786e-01 -6.433342e-01
    outer loop
      vertex   1.113919e+01 1.107101e+02 6.224492e+01
      vertex   1.057923e+01 1.120526e+02 6.054233e+01
      vertex   1.183317e+01 1.119057e+02 6.150248e+01
    endloop
  endfacet
  facet normal 2.852483e-01 -6.196355e-01 -7.312217e-01
    outer loop
      vertex   1.113919e+01 1.107101e+02 6.224492e+01
      vertex   1.183317e+01 1.119057e+02 6.150248e+01
      vertex   1.251269e+01 1.104159e+02 6.303002e+01
    endloop
  endfacet
  facet normal 8.647409e-01 -4.566914e-01 -2.089408e-01
    outer loop
      vertex   5.844172e+00 1.086554e+02 5.667593e+01
      vertex   6.394199e+00 1.099842e+02 5.604804e+01
      vertex   6.414019e+00 1.090827e+02 5.810038e+01
    endloop
  endfacet
  facet normal 8.647409e-01 -4.566914e-01 -2.089408e-01
    outer loop
      vertex   6.414019e+00 1.090827e+02 5.810038e+01
      vertex   6.394199e+00 1.099842e+02 5.604804e+01
      vertex   6.969978e+00 1.104159e+02 5.748731e+01
    endloop
  endfacet
  facet normal 7.966161e-01 -4.930317e-01 -3.497463e-01
    outer loop
      vertex   6.414019e+00 1.090827e+02 5.810038e+01
      vertex   6.969978e+00 1.104159e+02 5.748731e+01
      vertex   7.191033e+00 1.093739e+02 5.945973e+01
    endloop
  endfacet
  facet normal 7.966161e-01 -4.930317e-01 -3.497463e-01
    outer loop
      vertex   7.191033e+00 1.093739e+02 5.945973e+01
      vertex   6.969978e+00 1.104159e+02 5.748731e+01
      vertex   7.755081e+00 1.107101e+02 5.886081e+01
    endloop
  endfacet
  facet normal 7.085520e-01 -5.152194e-01 -4.821858e-01
    outer loop
      vertex   7.191033e+00 1.093739e+02 5.945973e+01
      vertex   7.755081e+00 1.107101e+02 5.886081e+01
      vertex   8.155092e+00 1.095214e+02 6.071877e+01
    endloop
  endfacet
  facet normal 7.085520e-01 -5.152194e-01 -4.821858e-01
    outer loop
      vertex   8.155092e+00 1.095214e+02 6.071877e+01
      vertex   7.755081e+00 1.107101e+02 5.886081e+01
      vertex   8.729176e+00 1.108591e+02 6.013297e+01
    endloop
  endfacet
  facet normal 6.028291e-01 -5.226797e-01 -6.028291e-01
    outer loop
      vertex   8.155092e+00 1.095214e+02 6.071877e+01
      vertex   8.729176e+00 1.108591e+02 6.013297e+01
      vertex   9.281227e+00 1.095214e+02 6.184491e+01
    endloop
  endfacet
  facet normal 6.028291e-01 -5.226797e-01 -6.028291e-01
    outer loop
      vertex   9.281227e+00 1.095214e+02 6.184491e+01
      vertex   8.729176e+00 1.108591e+02 6.013297e+01
      vertex   9.867035e+00 1.108591e+02 6.127082e+01
    endloop
  endfacet
  facet normal 4.821858e-01 -5.152194e-01 -7.085520e-01
    outer loop
      vertex   9.281227e+00 1.095214e+02 6.184491e+01
      vertex   9.867035e+00 1.108591e+02 6.127082e+01
      vertex   1.054027e+01 1.093739e+02 6.280897e+01
    endloop
  endfacet
  facet normal 4.821858e-01 -5.152194e-01 -7.085520e-01
    outer loop
      vertex   1.054027e+01 1.093739e+02 6.280897e+01
      vertex   9.867035e+00 1.108591e+02 6.127082e+01
      vertex   1.113919e+01 1.107101e+02 6.224492e+01
    endloop
  endfacet
  facet normal 3.497463e-01 -4.930317e-01 -7.966161e-01
    outer loop
      vertex   1.054027e+01 1.093739e+02 6.280897e+01
      vertex   1.113919e+01 1.107101e+02 6.224492e+01
      vertex   1.189962e+01 1.090827e+02 6.358598e+01
    endloop
  endfacet
  facet normal 3.497463e-01 -4.930317e-01 -7.966161e-01
    outer loop
      vertex   1.189962e+01 1.090827e+02 6.358598e+01
      vertex   1.113919e+01 1.107101e+02 6.224492e+01
      vertex   1.251269e+01 1.104159e+02 6.303002e+01
    endloop
  endfacet
  facet normal 2.089408e-01 -4.566914e-01 -8.647409e-01
    outer loop
      vertex   1.189962e+01 1.090827e+02 6.358598e+01
      vertex   1.251269e+01 1.104159e+02 6.303002e+01
      vertex   1.332407e+01 1.086554e+02 6.415583e+01
    endloop
  endfacet
  facet normal 9.312574e-01 -1.730880e-01 -3.206248e-01
    outer loop
      vertex   5.944830e+00 1.061501e+02 5.908427e+01
      vertex   5.428451e+00 1.057628e+02 5.779348e+01
      vertex   5.519592e+00 1.072367e+02 5.726256e+01
    endloop
  endfacet
  facet normal 9.091205e-01 -3.188230e-01 -2.680520e-01
    outer loop
      vertex   5.519592e+00 1.072367e+02 5.726256e+01
      vertex   5.844172e+00 1.086554e+02 5.667593e+01
      vertex   6.069475e+00 1.076490e+02 5.863710e+01
    endloop
  endfacet
  facet normal 9.091205e-01 -3.188230e-01 -2.680520e-01
    outer loop
      vertex   6.069475e+00 1.076490e+02 5.863710e+01
      vertex   5.844172e+00 1.086554e+02 5.667593e+01
      vertex   6.414019e+00 1.090827e+02 5.810038e+01
    endloop
  endfacet
  facet normal 8.425260e-01 -3.543470e-01 -4.056945e-01
    outer loop
      vertex   6.069475e+00 1.076490e+02 5.863710e+01
      vertex   6.414019e+00 1.090827e+02 5.810038e+01
      vertex   6.819267e+00 1.079300e+02 5.994883e+01
    endloop
  endfacet
  facet normal 8.425260e-01 -3.543470e-01 -4.056945e-01
    outer loop
      vertex   6.819267e+00 1.079300e+02 5.994883e+01
      vertex   6.414019e+00 1.090827e+02 5.810038e+01
      vertex   7.191033e+00 1.093739e+02 5.945973e+01
    endloop
  endfacet
  facet normal 7.564401e-01 -3.760363e-01 -5.351589e-01
    outer loop
      vertex   6.819267e+00 1.079300e+02 5.994883e+01
      vertex   7.191033e+00 1.093739e+02 5.945973e+01
      vertex   7.749551e+00 1.080723e+02 6.116377e+01
    endloop
  endfacet
  facet normal 7.564401e-01 -3.760363e-01 -5.351589e-01
    outer loop
      vertex   7.749551e+00 1.080723e+02 6.116377e+01
      vertex   7.191033e+00 1.093739e+02 5.945973e+01
      vertex   8.155092e+00 1.095214e+02 6.071877e+01
    endloop
  endfacet
  facet normal 6.530922e-01 -3.833290e-01 -6.530922e-01
    outer loop
      vertex   7.749551e+00 1.080723e+02 6.116377e+01
      vertex   8.155092e+00 1.095214e+02 6.071877e+01
      vertex   8.836234e+00 1.080723e+02 6.225045e+01
    endloop
  endfacet
  facet normal 6.530922e-01 -3.833290e-01 -6.530922e-01
    outer loop
      vertex   8.836234e+00 1.080723e+02 6.225045e+01
      vertex   8.155092e+00 1.095214e+02 6.071877e+01
      vertex   9.281227e+00 1.095214e+02 6.184491e+01
    endloop
  endfacet
  facet normal 5.351589e-01 -3.760363e-01 -7.564401e-01
    outer loop
      vertex   8.836234e+00 1.080723e+02 6.225045e+01
      vertex   9.281227e+00 1.095214e+02 6.184491e+01
      vertex   1.005117e+01 1.079300e+02 6.318073e+01
    endloop
  endfacet
  facet normal 5.351589e-01 -3.760363e-01 -7.564401e-01
    outer loop
      vertex   1.005117e+01 1.079300e+02 6.318073e+01
      vertex   9.281227e+00 1.095214e+02 6.184491e+01
      vertex   1.054027e+01 1.093739e+02 6.280897e+01
    endloop
  endfacet
  facet normal 4.056945e-01 -3.543470e-01 -8.425260e-01
    outer loop
      vertex   1.005117e+01 1.079300e+02 6.318073e+01
      vertex   1.054027e+01 1.093739e+02 6.280897e+01
      vertex   1.136290e+01 1.076490e+02 6.393053e+01
    endloop
  endfacet
  facet normal 4.056945e-01 -3.543470e-01 -8.425260e-01
    outer loop
      vertex   1.136290e+01 1.076490e+02 6.393053e+01
      vertex   1.054027e+01 1.093739e+02 6.280897e+01
      vertex   1.189962e+01 1.090827e+02 6.358598e+01
    endloop
  endfacet
  facet normal 2.680520e-01 -3.188230e-01 -9.091205e-01
    outer loop
      vertex   1.136290e+01 1.076490e+02 6.393053e+01
      vertex   1.189962e+01 1.090827e+02 6.358598e+01
      vertex   1.273744e+01 1.072367e+02 6.448041e+01
    endloop
  endfacet
  facet normal 2.680520e-01 -3.188230e-01 -9.091205e-01
    outer loop
      vertex   1.273744e+01 1.072367e+02 6.448041e+01
      vertex   1.189962e+01 1.090827e+02 6.358598e+01
      vertex   1.332407e+01 1.086554e+02 6.415583e+01
    endloop
  endfacet
  facet normal 1.257961e-01 -2.703842e-01 -9.544987e-01
    outer loop
      vertex   1.273744e+01 1.072367e+02 6.448041e+01
      vertex   1.332407e+01 1.086554e+02 6.415583e+01
      vertex   1.413920e+01 1.067037e+02 6.481614e+01
    endloop
  endfacet
  facet normal 1.257961e-01 -2.703842e-01 -9.544987e-01
    outer loop
      vertex   1.413920e+01 1.067037e+02 6.481614e+01
      vertex   1.332407e+01 1.086554e+02 6.415583e+01
      vertex   1.477672e+01 1.081031e+02 6.450375e+01
    endloop
  endfacet
  facet normal 8.678246e-01 -2.069255e-01 -4.517325e-01
    outer loop
      vertex   6.648938e+00 1.064139e+02 6.031607e+01
      vertex   5.944830e+00 1.061501e+02 5.908427e+01
      vertex   6.069475e+00 1.076490e+02 5.863710e+01
    endloop
  endfacet
  facet normal 9.312574e-01 -1.730880e-01 -3.206248e-01
    outer loop
      vertex   6.069475e+00 1.076490e+02 5.863710e+01
      vertex   5.944830e+00 1.061501e+02 5.908427e+01
      vertex   5.519592e+00 1.072367e+02 5.726256e+01
    endloop
  endfacet
  facet normal 8.678246e-01 -2.069255e-01 -4.517325e-01
    outer loop
      vertex   6.648938e+00 1.064139e+02 6.031607e+01
      vertex   6.069475e+00 1.076490e+02 5.863710e+01
      vertex   6.819267e+00 1.079300e+02 5.994883e+01
    endloop
  endfacet
  facet normal 3.612561e-01 -9.169884e-01 -1.691932e-01
    outer loop
      vertex   1.130277e+01 1.138935e+02 5.769002e+01
      vertex   1.044052e+01 1.137616e+02 5.656394e+01
      vertex   1.159324e+01 1.143761e+02 5.569450e+01
    endloop
  endfacet
  facet normal 7.858258e-01 -2.275850e-01 -5.750503e-01
    outer loop
      vertex   7.522541e+00 1.065476e+02 6.145699e+01
      vertex   6.648938e+00 1.064139e+02 6.031607e+01
      vertex   6.819267e+00 1.079300e+02 5.994883e+01
    endloop
  endfacet
  facet normal 7.858258e-01 -2.275850e-01 -5.750503e-01
    outer loop
      vertex   7.522541e+00 1.065476e+02 6.145699e+01
      vertex   6.819267e+00 1.079300e+02 5.994883e+01
      vertex   7.749551e+00 1.080723e+02 6.116377e+01
    endloop
  endfacet
  facet normal 6.873845e-01 -2.345315e-01 -6.873845e-01
    outer loop
      vertex   8.543013e+00 1.065476e+02 6.247746e+01
      vertex   7.522541e+00 1.065476e+02 6.145699e+01
      vertex   7.749551e+00 1.080723e+02 6.116377e+01
    endloop
  endfacet
  facet normal 6.873845e-01 -2.345315e-01 -6.873845e-01
    outer loop
      vertex   8.543013e+00 1.065476e+02 6.247746e+01
      vertex   7.749551e+00 1.080723e+02 6.116377e+01
      vertex   8.836234e+00 1.080723e+02 6.225045e+01
    endloop
  endfacet
  facet normal 1.661773e-01 -9.719929e-01 -1.661773e-01
    outer loop
      vertex   1.350978e+01 1.148638e+02 5.569596e+01
      vertex   1.430404e+01 1.148638e+02 5.649022e+01
      vertex   1.328590e+01 1.144956e+02 5.762606e+01
    endloop
  endfacet
  facet normal 7.512976e-02 -9.663628e-01 -2.459645e-01
    outer loop
      vertex   1.328590e+01 1.144956e+02 5.762606e+01
      vertex   1.430404e+01 1.148638e+02 5.649022e+01
      vertex   1.430550e+01 1.143761e+02 5.840676e+01
    endloop
  endfacet
  facet normal 1.691932e-01 -9.169884e-01 -3.612561e-01
    outer loop
      vertex   1.328590e+01 1.144956e+02 5.762606e+01
      vertex   1.430550e+01 1.143761e+02 5.840676e+01
      vertex   1.343606e+01 1.137616e+02 5.955948e+01
    endloop
  endfacet
  facet normal 5.750503e-01 -2.275850e-01 -7.858258e-01
    outer loop
      vertex   9.683925e+00 1.064139e+02 6.335106e+01
      vertex   8.543013e+00 1.065476e+02 6.247746e+01
      vertex   8.836234e+00 1.080723e+02 6.225045e+01
    endloop
  endfacet
  facet normal 5.750503e-01 -2.275850e-01 -7.858258e-01
    outer loop
      vertex   9.683925e+00 1.064139e+02 6.335106e+01
      vertex   8.836234e+00 1.080723e+02 6.225045e+01
      vertex   1.005117e+01 1.079300e+02 6.318073e+01
    endloop
  endfacet
  facet normal 4.517325e-01 -2.069255e-01 -8.678246e-01
    outer loop
      vertex   1.091573e+01 1.061501e+02 6.405517e+01
      vertex   9.683925e+00 1.064139e+02 6.335106e+01
      vertex   1.005117e+01 1.079300e+02 6.318073e+01
    endloop
  endfacet
  facet normal 4.517325e-01 -2.069255e-01 -8.678246e-01
    outer loop
      vertex   1.091573e+01 1.061501e+02 6.405517e+01
      vertex   1.005117e+01 1.079300e+02 6.318073e+01
      vertex   1.136290e+01 1.076490e+02 6.393053e+01
    endloop
  endfacet
  facet normal 1.447253e-01 -5.833680e-01 -7.992098e-01
    outer loop
      vertex   1.460567e+01 1.111902e+02 6.284387e+01
      vertex   1.395196e+01 1.099842e+02 6.360580e+01
      vertex   1.318700e+01 1.116157e+02 6.227634e+01
    endloop
  endfacet
  facet normal 3.206248e-01 -1.730880e-01 -9.312574e-01
    outer loop
      vertex   1.220652e+01 1.057628e+02 6.457155e+01
      vertex   1.091573e+01 1.061501e+02 6.405517e+01
      vertex   1.136290e+01 1.076490e+02 6.393053e+01
    endloop
  endfacet
  facet normal 3.206248e-01 -1.730880e-01 -9.312574e-01
    outer loop
      vertex   1.220652e+01 1.057628e+02 6.457155e+01
      vertex   1.136290e+01 1.076490e+02 6.393053e+01
      vertex   1.273744e+01 1.072367e+02 6.448041e+01
    endloop
  endfacet
  facet normal 1.851228e-01 -1.269489e-01 -9.744812e-01
    outer loop
      vertex   1.352288e+01 1.052623e+02 6.488682e+01
      vertex   1.220652e+01 1.057628e+02 6.457155e+01
      vertex   1.273744e+01 1.072367e+02 6.448041e+01
    endloop
  endfacet
  facet normal 1.851228e-01 -1.269489e-01 -9.744812e-01
    outer loop
      vertex   1.352288e+01 1.052623e+02 6.488682e+01
      vertex   1.273744e+01 1.072367e+02 6.448041e+01
      vertex   1.413920e+01 1.067037e+02 6.481614e+01
    endloop
  endfacet
  facet normal -5.755644e-02 -7.832903e-02 -9.952647e-01
    outer loop
      vertex   8.500000e+01 1.065643e+02 6.487688e+01
      vertex   8.586080e+01 1.067037e+02 6.481614e+01
      vertex   8.500000e+01 1.050000e+02 6.500000e+01
    endloop
  endfacet
  facet normal -6.281134e-02 -7.566188e-02 -9.951533e-01
    outer loop
      vertex   8.500000e+01 1.050000e+02 6.500000e+01
      vertex   8.586080e+01 1.067037e+02 6.481614e+01
      vertex   8.647712e+01 1.052623e+02 6.488682e+01
    endloop
  endfacet
  facet normal -7.845373e-02 1.169297e-02 -9.968492e-01
    outer loop
      vertex   8.500000e+01 1.050000e+02 6.500000e+01
      vertex   8.647712e+01 1.052623e+02 6.488682e+01
      vertex   8.656434e+01 1.050000e+02 6.487688e+01
    endloop
  endfacet
  facet normal -2.197553e-01 -3.612496e-02 -9.748859e-01
    outer loop
      vertex   8.656434e+01 1.050000e+02 6.487688e+01
      vertex   8.647712e+01 1.052623e+02 6.488682e+01
      vertex   8.779348e+01 1.057628e+02 6.457155e+01
    endloop
  endfacet
  facet normal -2.334255e-01 -1.305871e-02 -9.722870e-01
    outer loop
      vertex   8.656434e+01 1.050000e+02 6.487688e+01
      vertex   8.779348e+01 1.057628e+02 6.457155e+01
      vertex   8.809017e+01 1.050000e+02 6.451057e+01
    endloop
  endfacet
  facet normal -3.542841e-01 -6.320495e-02 -9.329994e-01
    outer loop
      vertex   8.809017e+01 1.050000e+02 6.451057e+01
      vertex   8.779348e+01 1.057628e+02 6.457155e+01
      vertex   8.908427e+01 1.061501e+02 6.405517e+01
    endloop
  endfacet
  facet normal -3.824486e-01 -3.502391e-02 -9.233127e-01
    outer loop
      vertex   8.809017e+01 1.050000e+02 6.451057e+01
      vertex   8.908427e+01 1.061501e+02 6.405517e+01
      vertex   8.953990e+01 1.050000e+02 6.391007e+01
    endloop
  endfacet
  facet normal -4.815576e-01 -8.067620e-02 -8.726933e-01
    outer loop
      vertex   8.953990e+01 1.050000e+02 6.391007e+01
      vertex   8.908427e+01 1.061501e+02 6.405517e+01
      vertex   9.031607e+01 1.064139e+02 6.335106e+01
    endloop
  endfacet
  facet normal -5.218395e-01 -5.020974e-02 -8.515647e-01
    outer loop
      vertex   8.953990e+01 1.050000e+02 6.391007e+01
      vertex   9.031607e+01 1.064139e+02 6.335106e+01
      vertex   9.087785e+01 1.050000e+02 6.309017e+01
    endloop
  endfacet
  facet normal -5.986822e-01 -9.103143e-02 -7.957970e-01
    outer loop
      vertex   9.087785e+01 1.050000e+02 6.309017e+01
      vertex   9.031607e+01 1.064139e+02 6.335106e+01
      vertex   9.145699e+01 1.065476e+02 6.247746e+01
    endloop
  endfacet
  facet normal -6.483576e-01 -5.792408e-02 -7.591292e-01
    outer loop
      vertex   9.087785e+01 1.050000e+02 6.309017e+01
      vertex   9.145699e+01 1.065476e+02 6.247746e+01
      vertex   9.207107e+01 1.050000e+02 6.207107e+01
    endloop
  endfacet
  facet normal -7.039442e-01 -9.447291e-02 -7.039442e-01
    outer loop
      vertex   9.207107e+01 1.050000e+02 6.207107e+01
      vertex   9.145699e+01 1.065476e+02 6.247746e+01
      vertex   9.247746e+01 1.065476e+02 6.145699e+01
    endloop
  endfacet
  facet normal -7.591292e-01 -5.792408e-02 -6.483576e-01
    outer loop
      vertex   9.207107e+01 1.050000e+02 6.207107e+01
      vertex   9.247746e+01 1.065476e+02 6.145699e+01
      vertex   9.309017e+01 1.050000e+02 6.087785e+01
    endloop
  endfacet
  facet normal -7.957970e-01 -9.103143e-02 -5.986822e-01
    outer loop
      vertex   9.309017e+01 1.050000e+02 6.087785e+01
      vertex   9.247746e+01 1.065476e+02 6.145699e+01
      vertex   9.335106e+01 1.064139e+02 6.031607e+01
    endloop
  endfacet
  facet normal -8.515647e-01 -5.020974e-02 -5.218395e-01
    outer loop
      vertex   9.309017e+01 1.050000e+02 6.087785e+01
      vertex   9.335106e+01 1.064139e+02 6.031607e+01
      vertex   9.391007e+01 1.050000e+02 5.953990e+01
    endloop
  endfacet
  facet normal -8.726933e-01 -8.067620e-02 -4.815576e-01
    outer loop
      vertex   9.391007e+01 1.050000e+02 5.953990e+01
      vertex   9.335106e+01 1.064139e+02 6.031607e+01
      vertex   9.405517e+01 1.061501e+02 5.908427e+01
    endloop
  endfacet
  facet normal -9.233127e-01 -3.502391e-02 -3.824486e-01
    outer loop
      vertex   9.391007e+01 1.050000e+02 5.953990e+01
      vertex   9.405517e+01 1.061501e+02 5.908427e+01
      vertex   9.451057e+01 1.050000e+02 5.809017e+01
    endloop
  endfacet
  facet normal -9.329994e-01 -6.320495e-02 -3.542841e-01
    outer loop
      vertex   9.451057e+01 1.050000e+02 5.809017e+01
      vertex   9.405517e+01 1.061501e+02 5.908427e+01
      vertex   9.457155e+01 1.057628e+02 5.779348e+01
    endloop
  endfacet
  facet normal -9.722870e-01 -1.305871e-02 -2.334255e-01
    outer loop
      vertex   9.451057e+01 1.050000e+02 5.809017e+01
      vertex   9.457155e+01 1.057628e+02 5.779348e+01
      vertex   9.487688e+01 1.050000e+02 5.656434e+01
    endloop
  endfacet
  facet normal -9.748859e-01 -3.612496e-02 -2.197553e-01
    outer loop
      vertex   9.487688e+01 1.050000e+02 5.656434e+01
      vertex   9.457155e+01 1.057628e+02 5.779348e+01
      vertex   9.488682e+01 1.052623e+02 5.647712e+01
    endloop
  endfacet
  facet normal -9.968492e-01 1.169297e-02 -7.845373e-02
    outer loop
      vertex   9.487688e+01 1.050000e+02 5.656434e+01
      vertex   9.488682e+01 1.052623e+02 5.647712e+01
      vertex   9.500000e+01 1.050000e+02 5.500000e+01
    endloop
  endfacet
  facet normal -9.951533e-01 -7.566188e-02 -6.281134e-02
    outer loop
      vertex   9.500000e+01 1.050000e+02 5.500000e+01
      vertex   9.488682e+01 1.052623e+02 5.647712e+01
      vertex   9.481614e+01 1.067037e+02 5.586080e+01
    endloop
  endfacet
  facet normal -9.952647e-01 -7.832903e-02 -5.755644e-02
    outer loop
      vertex   9.500000e+01 1.050000e+02 5.500000e+01
      vertex   9.481614e+01 1.067037e+02 5.586080e+01
      vertex   9.487688e+01 1.065643e+02 5.500000e+01
    endloop
  endfacet
  facet normal -9.723877e-01 -2.312777e-01 -3.118935e-02
    outer loop
      vertex   9.487688e+01 1.065643e+02 5.500000e+01
      vertex   9.481614e+01 1.067037e+02 5.586080e+01
      vertex   9.450375e+01 1.081031e+02 5.522328e+01
    endloop
  endfacet
  facet normal -9.722420e-01 -2.334147e-01 -1.621950e-02
    outer loop
      vertex   9.487688e+01 1.065643e+02 5.500000e+01
      vertex   9.450375e+01 1.081031e+02 5.522328e+01
      vertex   9.451057e+01 1.080902e+02 5.500000e+01
    endloop
  endfacet
  facet normal -9.238622e-01 -3.826762e-01 -6.131963e-03
    outer loop
      vertex   9.451057e+01 1.080902e+02 5.500000e+01
      vertex   9.450375e+01 1.081031e+02 5.522328e+01
      vertex   9.391007e+01 1.095399e+02 5.500000e+01
    endloop
  endfacet
  facet normal -9.178916e-01 -3.903531e-01 -7.141065e-02
    outer loop
      vertex   9.391007e+01 1.095399e+02 5.500000e+01
      vertex   9.450375e+01 1.081031e+02 5.522328e+01
      vertex   9.415583e+01 1.086554e+02 5.667593e+01
    endloop
  endfacet
  facet normal -9.053628e-01 -4.157085e-01 -8.662940e-02
    outer loop
      vertex   9.391007e+01 1.095399e+02 5.500000e+01
      vertex   9.415583e+01 1.086554e+02 5.667593e+01
      vertex   9.360580e+01 1.099842e+02 5.604804e+01
    endloop
  endfacet
  facet normal -8.647409e-01 -4.566914e-01 -2.089408e-01
    outer loop
      vertex   9.360580e+01 1.099842e+02 5.604804e+01
      vertex   9.415583e+01 1.086554e+02 5.667593e+01
      vertex   9.303002e+01 1.104159e+02 5.748731e+01
    endloop
  endfacet
  facet normal -7.992098e-01 -5.833680e-01 -1.447253e-01
    outer loop
      vertex   9.360580e+01 1.099842e+02 5.604804e+01
      vertex   9.303002e+01 1.104159e+02 5.748731e+01
      vertex   9.227634e+01 1.116157e+02 5.681300e+01
    endloop
  endfacet
  facet normal -7.312217e-01 -6.196355e-01 -2.852483e-01
    outer loop
      vertex   9.227634e+01 1.116157e+02 5.681300e+01
      vertex   9.303002e+01 1.104159e+02 5.748731e+01
      vertex   9.150248e+01 1.119057e+02 5.816683e+01
    endloop
  endfacet
  facet normal -6.479213e-01 -7.310988e-01 -2.137582e-01
    outer loop
      vertex   9.227634e+01 1.116157e+02 5.681300e+01
      vertex   9.150248e+01 1.119057e+02 5.816683e+01
      vertex   9.059992e+01 1.129313e+02 5.739487e+01
    endloop
  endfacet
  facet normal -5.623612e-01 -7.526555e-01 -3.424317e-01
    outer loop
      vertex   9.059992e+01 1.129313e+02 5.739487e+01
      vertex   9.150248e+01 1.119057e+02 5.816683e+01
      vertex   8.967737e+01 1.130724e+02 5.859971e+01
    endloop
  endfacet
  facet normal -4.675765e-01 -8.451517e-01 -2.590189e-01
    outer loop
      vertex   9.059992e+01 1.129313e+02 5.739487e+01
      vertex   8.967737e+01 1.130724e+02 5.859971e+01
      vertex   8.869723e+01 1.138935e+02 5.769002e+01
    endloop
  endfacet
  facet normal -3.701711e-01 -8.520251e-01 -3.701711e-01
    outer loop
      vertex   8.869723e+01 1.138935e+02 5.769002e+01
      vertex   8.967737e+01 1.130724e+02 5.859971e+01
      vertex   8.769002e+01 1.138935e+02 5.869723e+01
    endloop
  endfacet
  facet normal -2.715544e-01 -9.233182e-01 -2.715544e-01
    outer loop
      vertex   8.869723e+01 1.138935e+02 5.769002e+01
      vertex   8.769002e+01 1.138935e+02 5.869723e+01
      vertex   8.671410e+01 1.144956e+02 5.762606e+01
    endloop
  endfacet
  facet normal -1.691932e-01 -9.169884e-01 -3.612561e-01
    outer loop
      vertex   8.671410e+01 1.144956e+02 5.762606e+01
      vertex   8.769002e+01 1.138935e+02 5.869723e+01
      vertex   8.569450e+01 1.143761e+02 5.840676e+01
    endloop
  endfacet
  facet normal -7.512976e-02 -9.663628e-01 -2.459645e-01
    outer loop
      vertex   8.671410e+01 1.144956e+02 5.762606e+01
      vertex   8.569450e+01 1.143761e+02 5.840676e+01
      vertex   8.569596e+01 1.148638e+02 5.649022e+01
    endloop
  endfacet
  facet normal -4.441980e-02 -9.681507e-01 -2.463961e-01
    outer loop
      vertex   8.569596e+01 1.148638e+02 5.649022e+01
      vertex   8.569450e+01 1.143761e+02 5.840676e+01
      vertex   8.500000e+01 1.148769e+02 5.656434e+01
    endloop
  endfacet
  facet normal -2.706369e-02 -9.965522e-01 -7.843036e-02
    outer loop
      vertex   8.569596e+01 1.148638e+02 5.649022e+01
      vertex   8.500000e+01 1.148769e+02 5.656434e+01
      vertex   8.500000e+01 1.150000e+02 5.500000e+01
    endloop
  endfacet
  facet normal -3.118935e-02 -2.312777e-01 -9.723877e-01
    outer loop
      vertex   8.586080e+01 1.067037e+02 6.481614e+01
      vertex   8.500000e+01 1.065643e+02 6.487688e+01
      vertex   8.522328e+01 1.081031e+02 6.450375e+01
    endloop
  endfacet
  facet normal -1.621950e-02 -2.334147e-01 -9.722420e-01
    outer loop
      vertex   8.522328e+01 1.081031e+02 6.450375e+01
      vertex   8.500000e+01 1.065643e+02 6.487688e+01
      vertex   8.500000e+01 1.080902e+02 6.451057e+01
    endloop
  endfacet
  facet normal -6.131963e-03 -3.826762e-01 -9.238622e-01
    outer loop
      vertex   8.522328e+01 1.081031e+02 6.450375e+01
      vertex   8.500000e+01 1.080902e+02 6.451057e+01
      vertex   8.500000e+01 1.095399e+02 6.391007e+01
    endloop
  endfacet
  facet normal -2.604694e-02 -5.223213e-01 -8.523509e-01
    outer loop
      vertex   8.500000e+01 1.108779e+02 6.309017e+01
      vertex   8.604804e+01 1.099842e+02 6.360580e+01
      vertex   8.500000e+01 1.095399e+02 6.391007e+01
    endloop
  endfacet
  facet normal -8.662940e-02 -4.157085e-01 -9.053628e-01
    outer loop
      vertex   8.500000e+01 1.095399e+02 6.391007e+01
      vertex   8.604804e+01 1.099842e+02 6.360580e+01
      vertex   8.667593e+01 1.086554e+02 6.415583e+01
    endloop
  endfacet
  facet normal -7.141065e-02 -3.903531e-01 -9.178916e-01
    outer loop
      vertex   8.500000e+01 1.095399e+02 6.391007e+01
      vertex   8.667593e+01 1.086554e+02 6.415583e+01
      vertex   8.522328e+01 1.081031e+02 6.450375e+01
    endloop
  endfacet
  facet normal -1.257961e-01 -2.703842e-01 -9.544987e-01
    outer loop
      vertex   8.522328e+01 1.081031e+02 6.450375e+01
      vertex   8.667593e+01 1.086554e+02 6.415583e+01
      vertex   8.726256e+01 1.072367e+02 6.448041e+01
    endloop
  endfacet
  facet normal -1.257961e-01 -2.703842e-01 -9.544987e-01
    outer loop
      vertex   8.522328e+01 1.081031e+02 6.450375e+01
      vertex   8.726256e+01 1.072367e+02 6.448041e+01
      vertex   8.586080e+01 1.067037e+02 6.481614e+01
    endloop
  endfacet
  facet normal -1.851228e-01 -1.269489e-01 -9.744812e-01
    outer loop
      vertex   8.586080e+01 1.067037e+02 6.481614e+01
      vertex   8.726256e+01 1.072367e+02 6.448041e+01
      vertex   8.779348e+01 1.057628e+02 6.457155e+01
    endloop
  endfacet
  facet normal -1.851228e-01 -1.269489e-01 -9.744812e-01
    outer loop
      vertex   8.586080e+01 1.067037e+02 6.481614e+01
      vertex   8.779348e+01 1.057628e+02 6.457155e+01
      vertex   8.647712e+01 1.052623e+02 6.488682e+01
    endloop
  endfacet
  facet normal -7.172155e-02 -5.602328e-01 -8.252244e-01
    outer loop
      vertex   8.604804e+01 1.099842e+02 6.360580e+01
      vertex   8.500000e+01 1.108779e+02 6.309017e+01
      vertex   8.539433e+01 1.111902e+02 6.284387e+01
    endloop
  endfacet
  facet normal 3.939291e-02 -6.489439e-01 -7.598157e-01
    outer loop
      vertex   8.539433e+01 1.111902e+02 6.284387e+01
      vertex   8.500000e+01 1.108779e+02 6.309017e+01
      vertex   8.500000e+01 1.120711e+02 6.207107e+01
    endloop
  endfacet
  facet normal -8.796795e-02 -6.788845e-01 -7.289565e-01
    outer loop
      vertex   8.539433e+01 1.111902e+02 6.284387e+01
      vertex   8.500000e+01 1.120711e+02 6.207107e+01
      vertex   8.681300e+01 1.116157e+02 6.227634e+01
    endloop
  endfacet
  facet normal -9.633808e-02 -7.017904e-01 -7.058394e-01
    outer loop
      vertex   8.681300e+01 1.116157e+02 6.227634e+01
      vertex   8.500000e+01 1.120711e+02 6.207107e+01
      vertex   8.609404e+01 1.126527e+02 6.134348e+01
    endloop
  endfacet
  facet normal -2.137582e-01 -7.310988e-01 -6.479213e-01
    outer loop
      vertex   8.681300e+01 1.116157e+02 6.227634e+01
      vertex   8.609404e+01 1.126527e+02 6.134348e+01
      vertex   8.816683e+01 1.119057e+02 6.150248e+01
    endloop
  endfacet
  facet normal -2.137582e-01 -7.310988e-01 -6.479213e-01
    outer loop
      vertex   8.816683e+01 1.119057e+02 6.150248e+01
      vertex   8.609404e+01 1.126527e+02 6.134348e+01
      vertex   8.739487e+01 1.129313e+02 6.059992e+01
    endloop
  endfacet
  facet normal -3.424317e-01 -7.526555e-01 -5.623612e-01
    outer loop
      vertex   8.816683e+01 1.119057e+02 6.150248e+01
      vertex   8.739487e+01 1.129313e+02 6.059992e+01
      vertex   8.942077e+01 1.120526e+02 6.054233e+01
    endloop
  endfacet
  facet normal -3.424317e-01 -7.526555e-01 -5.623612e-01
    outer loop
      vertex   8.942077e+01 1.120526e+02 6.054233e+01
      vertex   8.739487e+01 1.129313e+02 6.059992e+01
      vertex   8.859971e+01 1.130724e+02 5.967737e+01
    endloop
  endfacet
  facet normal -4.596446e-01 -7.599037e-01 -4.596446e-01
    outer loop
      vertex   8.942077e+01 1.120526e+02 6.054233e+01
      vertex   8.859971e+01 1.130724e+02 5.967737e+01
      vertex   9.054233e+01 1.120526e+02 5.942077e+01
    endloop
  endfacet
  facet normal -4.596446e-01 -7.599037e-01 -4.596446e-01
    outer loop
      vertex   9.054233e+01 1.120526e+02 5.942077e+01
      vertex   8.859971e+01 1.130724e+02 5.967737e+01
      vertex   8.967737e+01 1.130724e+02 5.859971e+01
    endloop
  endfacet
  facet normal -5.623612e-01 -7.526555e-01 -3.424317e-01
    outer loop
      vertex   9.054233e+01 1.120526e+02 5.942077e+01
      vertex   8.967737e+01 1.130724e+02 5.859971e+01
      vertex   9.150248e+01 1.119057e+02 5.816683e+01
    endloop
  endfacet
  facet normal -2.766481e-02 -7.601149e-01 -6.491995e-01
    outer loop
      vertex   8.500000e+01 1.120711e+02 6.207107e+01
      vertex   8.500000e+01 1.130902e+02 6.087785e+01
      vertex   8.609404e+01 1.126527e+02 6.134348e+01
    endloop
  endfacet
  facet normal -7.824995e-02 -8.116979e-01 -5.788121e-01
    outer loop
      vertex   8.609404e+01 1.126527e+02 6.134348e+01
      vertex   8.500000e+01 1.130902e+02 6.087785e+01
      vertex   8.534815e+01 1.135012e+02 6.025443e+01
    endloop
  endfacet
  facet normal -1.369986e-01 -8.247096e-01 -5.487126e-01
    outer loop
      vertex   8.609404e+01 1.126527e+02 6.134348e+01
      vertex   8.534815e+01 1.135012e+02 6.025443e+01
      vertex   8.739487e+01 1.129313e+02 6.059992e+01
    endloop
  endfacet
  facet normal -1.369986e-01 -8.247096e-01 -5.487126e-01
    outer loop
      vertex   8.739487e+01 1.129313e+02 6.059992e+01
      vertex   8.534815e+01 1.135012e+02 6.025443e+01
      vertex   8.656394e+01 1.137616e+02 5.955948e+01
    endloop
  endfacet
  facet normal -2.590189e-01 -8.451517e-01 -4.675765e-01
    outer loop
      vertex   8.739487e+01 1.129313e+02 6.059992e+01
      vertex   8.656394e+01 1.137616e+02 5.955948e+01
      vertex   8.859971e+01 1.130724e+02 5.967737e+01
    endloop
  endfacet
  facet normal -2.590189e-01 -8.451517e-01 -4.675765e-01
    outer loop
      vertex   8.859971e+01 1.130724e+02 5.967737e+01
      vertex   8.656394e+01 1.137616e+02 5.955948e+01
      vertex   8.769002e+01 1.138935e+02 5.869723e+01
    endloop
  endfacet
  facet normal -3.701711e-01 -8.520251e-01 -3.701711e-01
    outer loop
      vertex   8.859971e+01 1.130724e+02 5.967737e+01
      vertex   8.769002e+01 1.138935e+02 5.869723e+01
      vertex   8.967737e+01 1.130724e+02 5.859971e+01
    endloop
  endfacet
  facet normal 7.074270e-02 -8.505040e-01 -5.211895e-01
    outer loop
      vertex   8.500000e+01 1.130902e+02 6.087785e+01
      vertex   8.500000e+01 1.139101e+02 5.953990e+01
      vertex   8.534815e+01 1.135012e+02 6.025443e+01
    endloop
  endfacet
  facet normal -7.782572e-02 -8.811703e-01 -4.663497e-01
    outer loop
      vertex   8.534815e+01 1.135012e+02 6.025443e+01
      vertex   8.500000e+01 1.139101e+02 5.953990e+01
      vertex   8.656394e+01 1.137616e+02 5.955948e+01
    endloop
  endfacet
  facet normal -8.051415e-02 -9.035022e-01 -4.209528e-01
    outer loop
      vertex   8.656394e+01 1.137616e+02 5.955948e+01
      vertex   8.500000e+01 1.139101e+02 5.953990e+01
      vertex   8.569450e+01 1.143761e+02 5.840676e+01
    endloop
  endfacet
  facet normal -4.400188e-03 -9.238706e-01 -3.826797e-01
    outer loop
      vertex   8.569450e+01 1.143761e+02 5.840676e+01
      vertex   8.500000e+01 1.139101e+02 5.953990e+01
      vertex   8.500000e+01 1.145106e+02 5.809017e+01
    endloop
  endfacet
  facet normal -8.154597e-02 -9.691315e-01 -2.326679e-01
    outer loop
      vertex   8.569450e+01 1.143761e+02 5.840676e+01
      vertex   8.500000e+01 1.145106e+02 5.809017e+01
      vertex   8.500000e+01 1.148769e+02 5.656434e+01
    endloop
  endfacet
  facet normal -6.205242e-02 -9.961421e-01 -6.205242e-02
    outer loop
      vertex   8.569596e+01 1.148638e+02 5.649022e+01
      vertex   8.500000e+01 1.150000e+02 5.500000e+01
      vertex   8.649022e+01 1.148638e+02 5.569596e+01
    endloop
  endfacet
  facet normal -7.843036e-02 -9.965522e-01 -2.706369e-02
    outer loop
      vertex   8.649022e+01 1.148638e+02 5.569596e+01
      vertex   8.500000e+01 1.150000e+02 5.500000e+01
      vertex   8.656434e+01 1.148769e+02 5.500000e+01
    endloop
  endfacet
  facet normal -2.332286e-01 -9.714672e-01 -4.307966e-02
    outer loop
      vertex   8.649022e+01 1.148638e+02 5.569596e+01
      vertex   8.656434e+01 1.148769e+02 5.500000e+01
      vertex   8.809017e+01 1.145106e+02 5.500000e+01
    endloop
  endfacet
  facet normal -2.459677e-01 -9.663759e-01 -7.494971e-02
    outer loop
      vertex   8.649022e+01 1.148638e+02 5.569596e+01
      vertex   8.809017e+01 1.145106e+02 5.500000e+01
      vertex   8.840676e+01 1.143761e+02 5.569450e+01
    endloop
  endfacet
  facet normal -3.826797e-01 -9.238706e-01 -4.400188e-03
    outer loop
      vertex   8.840676e+01 1.143761e+02 5.569450e+01
      vertex   8.809017e+01 1.145106e+02 5.500000e+01
      vertex   8.953990e+01 1.139101e+02 5.500000e+01
    endloop
  endfacet
  facet normal -4.209528e-01 -9.035022e-01 -8.051415e-02
    outer loop
      vertex   8.840676e+01 1.143761e+02 5.569450e+01
      vertex   8.953990e+01 1.139101e+02 5.500000e+01
      vertex   8.955948e+01 1.137616e+02 5.656394e+01
    endloop
  endfacet
  facet normal -4.663497e-01 -8.811703e-01 -7.782572e-02
    outer loop
      vertex   8.955948e+01 1.137616e+02 5.656394e+01
      vertex   8.953990e+01 1.139101e+02 5.500000e+01
      vertex   9.025443e+01 1.135012e+02 5.534815e+01
    endloop
  endfacet
  facet normal -5.487126e-01 -8.247096e-01 -1.369986e-01
    outer loop
      vertex   8.955948e+01 1.137616e+02 5.656394e+01
      vertex   9.025443e+01 1.135012e+02 5.534815e+01
      vertex   9.134348e+01 1.126527e+02 5.609404e+01
    endloop
  endfacet
  facet normal -5.788121e-01 -8.116979e-01 -7.824995e-02
    outer loop
      vertex   9.134348e+01 1.126527e+02 5.609404e+01
      vertex   9.025443e+01 1.135012e+02 5.534815e+01
      vertex   9.087785e+01 1.130902e+02 5.500000e+01
    endloop
  endfacet
  facet normal -6.491995e-01 -7.601149e-01 -2.766481e-02
    outer loop
      vertex   9.134348e+01 1.126527e+02 5.609404e+01
      vertex   9.087785e+01 1.130902e+02 5.500000e+01
      vertex   9.207107e+01 1.120711e+02 5.500000e+01
    endloop
  endfacet
  facet normal -5.211895e-01 -8.505040e-01 7.074270e-02
    outer loop
      vertex   8.953990e+01 1.139101e+02 5.500000e+01
      vertex   9.087785e+01 1.130902e+02 5.500000e+01
      vertex   9.025443e+01 1.135012e+02 5.534815e+01
    endloop
  endfacet
  facet normal -7.598157e-01 -6.489439e-01 3.939291e-02
    outer loop
      vertex   9.309017e+01 1.108779e+02 5.500000e+01
      vertex   9.284387e+01 1.111902e+02 5.539433e+01
      vertex   9.207107e+01 1.120711e+02 5.500000e+01
    endloop
  endfacet
  facet normal -7.289565e-01 -6.788845e-01 -8.796795e-02
    outer loop
      vertex   9.207107e+01 1.120711e+02 5.500000e+01
      vertex   9.284387e+01 1.111902e+02 5.539433e+01
      vertex   9.227634e+01 1.116157e+02 5.681300e+01
    endloop
  endfacet
  facet normal -7.058394e-01 -7.017904e-01 -9.633808e-02
    outer loop
      vertex   9.207107e+01 1.120711e+02 5.500000e+01
      vertex   9.227634e+01 1.116157e+02 5.681300e+01
      vertex   9.134348e+01 1.126527e+02 5.609404e+01
    endloop
  endfacet
  facet normal -6.479213e-01 -7.310988e-01 -2.137582e-01
    outer loop
      vertex   9.134348e+01 1.126527e+02 5.609404e+01
      vertex   9.227634e+01 1.116157e+02 5.681300e+01
      vertex   9.059992e+01 1.129313e+02 5.739487e+01
    endloop
  endfacet
  facet normal -5.487126e-01 -8.247096e-01 -1.369986e-01
    outer loop
      vertex   9.134348e+01 1.126527e+02 5.609404e+01
      vertex   9.059992e+01 1.129313e+02 5.739487e+01
      vertex   8.955948e+01 1.137616e+02 5.656394e+01
    endloop
  endfacet
  facet normal -4.675765e-01 -8.451517e-01 -2.590189e-01
    outer loop
      vertex   8.955948e+01 1.137616e+02 5.656394e+01
      vertex   9.059992e+01 1.129313e+02 5.739487e+01
      vertex   8.869723e+01 1.138935e+02 5.769002e+01
    endloop
  endfacet
  facet normal -3.612561e-01 -9.169884e-01 -1.691932e-01
    outer loop
      vertex   8.955948e+01 1.137616e+02 5.656394e+01
      vertex   8.869723e+01 1.138935e+02 5.769002e+01
      vertex   8.762606e+01 1.144956e+02 5.671410e+01
    endloop
  endfacet
  facet normal -2.715544e-01 -9.233182e-01 -2.715544e-01
    outer loop
      vertex   8.762606e+01 1.144956e+02 5.671410e+01
      vertex   8.869723e+01 1.138935e+02 5.769002e+01
      vertex   8.671410e+01 1.144956e+02 5.762606e+01
    endloop
  endfacet
  facet normal -1.661773e-01 -9.719929e-01 -1.661773e-01
    outer loop
      vertex   8.762606e+01 1.144956e+02 5.671410e+01
      vertex   8.671410e+01 1.144956e+02 5.762606e+01
      vertex   8.569596e+01 1.148638e+02 5.649022e+01
    endloop
  endfacet
  facet normal -8.252244e-01 -5.602328e-01 -7.172155e-02
    outer loop
      vertex   9.284387e+01 1.111902e+02 5.539433e+01
      vertex   9.309017e+01 1.108779e+02 5.500000e+01
      vertex   9.360580e+01 1.099842e+02 5.604804e+01
    endloop
  endfacet
  facet normal -8.523509e-01 -5.223213e-01 -2.604694e-02
    outer loop
      vertex   9.360580e+01 1.099842e+02 5.604804e+01
      vertex   9.309017e+01 1.108779e+02 5.500000e+01
      vertex   9.391007e+01 1.095399e+02 5.500000e+01
    endloop
  endfacet
  facet normal -1.447253e-01 -5.833680e-01 -7.992098e-01
    outer loop
      vertex   8.604804e+01 1.099842e+02 6.360580e+01
      vertex   8.539433e+01 1.111902e+02 6.284387e+01
      vertex   8.748731e+01 1.104159e+02 6.303002e+01
    endloop
  endfacet
  facet normal -1.447253e-01 -5.833680e-01 -7.992098e-01
    outer loop
      vertex   8.748731e+01 1.104159e+02 6.303002e+01
      vertex   8.539433e+01 1.111902e+02 6.284387e+01
      vertex   8.681300e+01 1.116157e+02 6.227634e+01
    endloop
  endfacet
  facet normal -2.852483e-01 -6.196355e-01 -7.312217e-01
    outer loop
      vertex   8.748731e+01 1.104159e+02 6.303002e+01
      vertex   8.681300e+01 1.116157e+02 6.227634e+01
      vertex   8.886081e+01 1.107101e+02 6.224492e+01
    endloop
  endfacet
  facet normal -2.852483e-01 -6.196355e-01 -7.312217e-01
    outer loop
      vertex   8.886081e+01 1.107101e+02 6.224492e+01
      vertex   8.681300e+01 1.116157e+02 6.227634e+01
      vertex   8.816683e+01 1.119057e+02 6.150248e+01
    endloop
  endfacet
  facet normal -4.174221e-01 -6.417786e-01 -6.433342e-01
    outer loop
      vertex   8.886081e+01 1.107101e+02 6.224492e+01
      vertex   8.816683e+01 1.119057e+02 6.150248e+01
      vertex   9.013297e+01 1.108591e+02 6.127082e+01
    endloop
  endfacet
  facet normal -4.174221e-01 -6.417786e-01 -6.433342e-01
    outer loop
      vertex   9.013297e+01 1.108591e+02 6.127082e+01
      vertex   8.816683e+01 1.119057e+02 6.150248e+01
      vertex   8.942077e+01 1.120526e+02 6.054233e+01
    endloop
  endfacet
  facet normal -5.378235e-01 -6.492240e-01 -5.378235e-01
    outer loop
      vertex   9.013297e+01 1.108591e+02 6.127082e+01
      vertex   8.942077e+01 1.120526e+02 6.054233e+01
      vertex   9.127082e+01 1.108591e+02 6.013297e+01
    endloop
  endfacet
  facet normal -5.378235e-01 -6.492240e-01 -5.378235e-01
    outer loop
      vertex   9.127082e+01 1.108591e+02 6.013297e+01
      vertex   8.942077e+01 1.120526e+02 6.054233e+01
      vertex   9.054233e+01 1.120526e+02 5.942077e+01
    endloop
  endfacet
  facet normal -6.433342e-01 -6.417786e-01 -4.174221e-01
    outer loop
      vertex   9.127082e+01 1.108591e+02 6.013297e+01
      vertex   9.054233e+01 1.120526e+02 5.942077e+01
      vertex   9.224492e+01 1.107101e+02 5.886081e+01
    endloop
  endfacet
  facet normal -6.433342e-01 -6.417786e-01 -4.174221e-01
    outer loop
      vertex   9.224492e+01 1.107101e+02 5.886081e+01
      vertex   9.054233e+01 1.120526e+02 5.942077e+01
      vertex   9.150248e+01 1.119057e+02 5.816683e+01
    endloop
  endfacet
  facet normal -7.312217e-01 -6.196355e-01 -2.852483e-01
    outer loop
      vertex   9.224492e+01 1.107101e+02 5.886081e+01
      vertex   9.150248e+01 1.119057e+02 5.816683e+01
      vertex   9.303002e+01 1.104159e+02 5.748731e+01
    endloop
  endfacet
  facet normal -2.089408e-01 -4.566914e-01 -8.647409e-01
    outer loop
      vertex   8.667593e+01 1.086554e+02 6.415583e+01
      vertex   8.604804e+01 1.099842e+02 6.360580e+01
      vertex   8.810038e+01 1.090827e+02 6.358598e+01
    endloop
  endfacet
  facet normal -2.089408e-01 -4.566914e-01 -8.647409e-01
    outer loop
      vertex   8.810038e+01 1.090827e+02 6.358598e+01
      vertex   8.604804e+01 1.099842e+02 6.360580e+01
      vertex   8.748731e+01 1.104159e+02 6.303002e+01
    endloop
  endfacet
  facet normal -3.497463e-01 -4.930317e-01 -7.966161e-01
    outer loop
      vertex   8.810038e+01 1.090827e+02 6.358598e+01
      vertex   8.748731e+01 1.104159e+02 6.303002e+01
      vertex   8.945973e+01 1.093739e+02 6.280897e+01
    endloop
  endfacet
  facet normal -3.497463e-01 -4.930317e-01 -7.966161e-01
    outer loop
      vertex   8.945973e+01 1.093739e+02 6.280897e+01
      vertex   8.748731e+01 1.104159e+02 6.303002e+01
      vertex   8.886081e+01 1.107101e+02 6.224492e+01
    endloop
  endfacet
  facet normal -4.821858e-01 -5.152194e-01 -7.085520e-01
    outer loop
      vertex   8.945973e+01 1.093739e+02 6.280897e+01
      vertex   8.886081e+01 1.107101e+02 6.224492e+01
      vertex   9.071877e+01 1.095214e+02 6.184491e+01
    endloop
  endfacet
  facet normal -4.821858e-01 -5.152194e-01 -7.085520e-01
    outer loop
      vertex   9.071877e+01 1.095214e+02 6.184491e+01
      vertex   8.886081e+01 1.107101e+02 6.224492e+01
      vertex   9.013297e+01 1.108591e+02 6.127082e+01
    endloop
  endfacet
  facet normal -6.028291e-01 -5.226797e-01 -6.028291e-01
    outer loop
      vertex   9.071877e+01 1.095214e+02 6.184491e+01
      vertex   9.013297e+01 1.108591e+02 6.127082e+01
      vertex   9.184491e+01 1.095214e+02 6.071877e+01
    endloop
  endfacet
  facet normal -6.028291e-01 -5.226797e-01 -6.028291e-01
    outer loop
      vertex   9.184491e+01 1.095214e+02 6.071877e+01
      vertex   9.013297e+01 1.108591e+02 6.127082e+01
      vertex   9.127082e+01 1.108591e+02 6.013297e+01
    endloop
  endfacet
  facet normal -7.085520e-01 -5.152194e-01 -4.821858e-01
    outer loop
      vertex   9.184491e+01 1.095214e+02 6.071877e+01
      vertex   9.127082e+01 1.108591e+02 6.013297e+01
      vertex   9.280897e+01 1.093739e+02 5.945973e+01
    endloop
  endfacet
  facet normal -7.085520e-01 -5.152194e-01 -4.821858e-01
    outer loop
      vertex   9.280897e+01 1.093739e+02 5.945973e+01
      vertex   9.127082e+01 1.108591e+02 6.013297e+01
      vertex   9.224492e+01 1.107101e+02 5.886081e+01
    endloop
  endfacet
  facet normal -7.966161e-01 -4.930317e-01 -3.497463e-01
    outer loop
      vertex   9.280897e+01 1.093739e+02 5.945973e+01
      vertex   9.224492e+01 1.107101e+02 5.886081e+01
      vertex   9.358598e+01 1.090827e+02 5.810038e+01
    endloop
  endfacet
  facet normal -7.966161e-01 -4.930317e-01 -3.497463e-01
    outer loop
      vertex   9.358598e+01 1.090827e+02 5.810038e+01
      vertex   9.224492e+01 1.107101e+02 5.886081e+01
      vertex   9.303002e+01 1.104159e+02 5.748731e+01
    endloop
  endfacet
  facet normal -8.647409e-01 -4.566914e-01 -2.089408e-01
    outer loop
      vertex   9.358598e+01 1.090827e+02 5.810038e+01
      vertex   9.303002e+01 1.104159e+02 5.748731e+01
      vertex   9.415583e+01 1.086554e+02 5.667593e+01
    endloop
  endfacet
  facet normal -3.206248e-01 -1.730880e-01 -9.312574e-01
    outer loop
      vertex   8.908427e+01 1.061501e+02 6.405517e+01
      vertex   8.779348e+01 1.057628e+02 6.457155e+01
      vertex   8.726256e+01 1.072367e+02 6.448041e+01
    endloop
  endfacet
  facet normal -2.680520e-01 -3.188230e-01 -9.091205e-01
    outer loop
      vertex   8.726256e+01 1.072367e+02 6.448041e+01
      vertex   8.667593e+01 1.086554e+02 6.415583e+01
      vertex   8.863710e+01 1.076490e+02 6.393053e+01
    endloop
  endfacet
  facet normal -2.680520e-01 -3.188230e-01 -9.091205e-01
    outer loop
      vertex   8.863710e+01 1.076490e+02 6.393053e+01
      vertex   8.667593e+01 1.086554e+02 6.415583e+01
      vertex   8.810038e+01 1.090827e+02 6.358598e+01
    endloop
  endfacet
  facet normal -4.056945e-01 -3.543470e-01 -8.425260e-01
    outer loop
      vertex   8.863710e+01 1.076490e+02 6.393053e+01
      vertex   8.810038e+01 1.090827e+02 6.358598e+01
      vertex   8.994883e+01 1.079300e+02 6.318073e+01
    endloop
  endfacet
  facet normal -4.056945e-01 -3.543470e-01 -8.425260e-01
    outer loop
      vertex   8.994883e+01 1.079300e+02 6.318073e+01
      vertex   8.810038e+01 1.090827e+02 6.358598e+01
      vertex   8.945973e+01 1.093739e+02 6.280897e+01
    endloop
  endfacet
  facet normal -5.351589e-01 -3.760363e-01 -7.564401e-01
    outer loop
      vertex   8.994883e+01 1.079300e+02 6.318073e+01
      vertex   8.945973e+01 1.093739e+02 6.280897e+01
      vertex   9.116377e+01 1.080723e+02 6.225045e+01
    endloop
  endfacet
  facet normal -5.351589e-01 -3.760363e-01 -7.564401e-01
    outer loop
      vertex   9.116377e+01 1.080723e+02 6.225045e+01
      vertex   8.945973e+01 1.093739e+02 6.280897e+01
      vertex   9.071877e+01 1.095214e+02 6.184491e+01
    endloop
  endfacet
  facet normal -6.530922e-01 -3.833290e-01 -6.530922e-01
    outer loop
      vertex   9.116377e+01 1.080723e+02 6.225045e+01
      vertex   9.071877e+01 1.095214e+02 6.184491e+01
      vertex   9.225045e+01 1.080723e+02 6.116377e+01
    endloop
  endfacet
  facet normal -6.530922e-01 -3.833290e-01 -6.530922e-01
    outer loop
      vertex   9.225045e+01 1.080723e+02 6.116377e+01
      vertex   9.071877e+01 1.095214e+02 6.184491e+01
      vertex   9.184491e+01 1.095214e+02 6.071877e+01
    endloop
  endfacet
  facet normal -7.564401e-01 -3.760363e-01 -5.351589e-01
    outer loop
      vertex   9.225045e+01 1.080723e+02 6.116377e+01
      vertex   9.184491e+01 1.095214e+02 6.071877e+01
      vertex   9.318073e+01 1.079300e+02 5.994883e+01
    endloop
  endfacet
  facet normal -7.564401e-01 -3.760363e-01 -5.351589e-01
    outer loop
      vertex   9.318073e+01 1.079300e+02 5.994883e+01
      vertex   9.184491e+01 1.095214e+02 6.071877e+01
      vertex   9.280897e+01 1.093739e+02 5.945973e+01
    endloop
  endfacet
  facet normal -8.425260e-01 -3.543470e-01 -4.056945e-01
    outer loop
      vertex   9.318073e+01 1.079300e+02 5.994883e+01
      vertex   9.280897e+01 1.093739e+02 5.945973e+01
      vertex   9.393053e+01 1.076490e+02 5.863710e+01
    endloop
  endfacet
  facet normal -8.425260e-01 -3.543470e-01 -4.056945e-01
    outer loop
      vertex   9.393053e+01 1.076490e+02 5.863710e+01
      vertex   9.280897e+01 1.093739e+02 5.945973e+01
      vertex   9.358598e+01 1.090827e+02 5.810038e+01
    endloop
  endfacet
  facet normal -9.091205e-01 -3.188230e-01 -2.680520e-01
    outer loop
      vertex   9.393053e+01 1.076490e+02 5.863710e+01
      vertex   9.358598e+01 1.090827e+02 5.810038e+01
      vertex   9.448041e+01 1.072367e+02 5.726256e+01
    endloop
  endfacet
  facet normal -9.091205e-01 -3.188230e-01 -2.680520e-01
    outer loop
      vertex   9.448041e+01 1.072367e+02 5.726256e+01
      vertex   9.358598e+01 1.090827e+02 5.810038e+01
      vertex   9.415583e+01 1.086554e+02 5.667593e+01
    endloop
  endfacet
  facet normal -9.544987e-01 -2.703842e-01 -1.257961e-01
    outer loop
      vertex   9.448041e+01 1.072367e+02 5.726256e+01
      vertex   9.415583e+01 1.086554e+02 5.667593e+01
      vertex   9.481614e+01 1.067037e+02 5.586080e+01
    endloop
  endfacet
  facet normal -9.544987e-01 -2.703842e-01 -1.257961e-01
    outer loop
      vertex   9.481614e+01 1.067037e+02 5.586080e+01
      vertex   9.415583e+01 1.086554e+02 5.667593e+01
      vertex   9.450375e+01 1.081031e+02 5.522328e+01
    endloop
  endfacet
  facet normal -4.517325e-01 -2.069255e-01 -8.678246e-01
    outer loop
      vertex   9.031607e+01 1.064139e+02 6.335106e+01
      vertex   8.908427e+01 1.061501e+02 6.405517e+01
      vertex   8.863710e+01 1.076490e+02 6.393053e+01
    endloop
  endfacet
  facet normal -3.206248e-01 -1.730880e-01 -9.312574e-01
    outer loop
      vertex   8.863710e+01 1.076490e+02 6.393053e+01
      vertex   8.908427e+01 1.061501e+02 6.405517e+01
      vertex   8.726256e+01 1.072367e+02 6.448041e+01
    endloop
  endfacet
  facet normal -4.517325e-01 -2.069255e-01 -8.678246e-01
    outer loop
      vertex   9.031607e+01 1.064139e+02 6.335106e+01
      vertex   8.863710e+01 1.076490e+02 6.393053e+01
      vertex   8.994883e+01 1.079300e+02 6.318073e+01
    endloop
  endfacet
  facet normal -1.691932e-01 -9.169884e-01 -3.612561e-01
    outer loop
      vertex   8.769002e+01 1.138935e+02 5.869723e+01
      vertex   8.656394e+01 1.137616e+02 5.955948e+01
      vertex   8.569450e+01 1.143761e+02 5.840676e+01
    endloop
  endfacet
  facet normal -5.750503e-01 -2.275850e-01 -7.858258e-01
    outer loop
      vertex   9.145699e+01 1.065476e+02 6.247746e+01
      vertex   9.031607e+01 1.064139e+02 6.335106e+01
      vertex   8.994883e+01 1.079300e+02 6.318073e+01
    endloop
  endfacet
  facet normal -5.750503e-01 -2.275850e-01 -7.858258e-01
    outer loop
      vertex   9.145699e+01 1.065476e+02 6.247746e+01
      vertex   8.994883e+01 1.079300e+02 6.318073e+01
      vertex   9.116377e+01 1.080723e+02 6.225045e+01
    endloop
  endfacet
  facet normal -6.873845e-01 -2.345315e-01 -6.873845e-01
    outer loop
      vertex   9.247746e+01 1.065476e+02 6.145699e+01
      vertex   9.145699e+01 1.065476e+02 6.247746e+01
      vertex   9.116377e+01 1.080723e+02 6.225045e+01
    endloop
  endfacet
  facet normal -6.873845e-01 -2.345315e-01 -6.873845e-01
    outer loop
      vertex   9.247746e+01 1.065476e+02 6.145699e+01
      vertex   9.116377e+01 1.080723e+02 6.225045e+01
      vertex   9.225045e+01 1.080723e+02 6.116377e+01
    endloop
  endfacet
  facet normal -1.661773e-01 -9.719929e-01 -1.661773e-01
    outer loop
      vertex   8.569596e+01 1.148638e+02 5.649022e+01
      vertex   8.649022e+01 1.148638e+02 5.569596e+01
      vertex   8.762606e+01 1.144956e+02 5.671410e+01
    endloop
  endfacet
  facet normal -2.459645e-01 -9.663628e-01 -7.512976e-02
    outer loop
      vertex   8.762606e+01 1.144956e+02 5.671410e+01
      vertex   8.649022e+01 1.148638e+02 5.569596e+01
      vertex   8.840676e+01 1.143761e+02 5.569450e+01
    endloop
  endfacet
  facet normal -3.612561e-01 -9.169884e-01 -1.691932e-01
    outer loop
      vertex   8.762606e+01 1.144956e+02 5.671410e+01
      vertex   8.840676e+01 1.143761e+02 5.569450e+01
      vertex   8.955948e+01 1.137616e+02 5.656394e+01
    endloop
  endfacet
  facet normal -7.858258e-01 -2.275850e-01 -5.750503e-01
    outer loop
      vertex   9.335106e+01 1.064139e+02 6.031607e+01
      vertex   9.247746e+01 1.065476e+02 6.145699e+01
      vertex   9.225045e+01 1.080723e+02 6.116377e+01
    endloop
  endfacet
  facet normal -7.858258e-01 -2.275850e-01 -5.750503e-01
    outer loop
      vertex   9.335106e+01 1.064139e+02 6.031607e+01
      vertex   9.225045e+01 1.080723e+02 6.116377e+01
      vertex   9.318073e+01 1.079300e+02 5.994883e+01
    endloop
  endfacet
  facet normal -8.678246e-01 -2.069255e-01 -4.517325e-01
    outer loop
      vertex   9.405517e+01 1.061501e+02 5.908427e+01
      vertex   9.335106e+01 1.064139e+02 6.031607e+01
      vertex   9.318073e+01 1.079300e+02 5.994883e+01
    endloop
  endfacet
  facet normal -8.678246e-01 -2.069255e-01 -4.517325e-01
    outer loop
      vertex   9.405517e+01 1.061501e+02 5.908427e+01
      vertex   9.318073e+01 1.079300e+02 5.994883e+01
      vertex   9.393053e+01 1.076490e+02 5.863710e+01
    endloop
  endfacet
  facet normal -7.992098e-01 -5.833680e-01 -1.447253e-01
    outer loop
      vertex   9.284387e+01 1.111902e+02 5.539433e+01
      vertex   9.360580e+01 1.099842e+02 5.604804e+01
      vertex   9.227634e+01 1.116157e+02 5.681300e+01
    endloop
  endfacet
  facet normal -9.312574e-01 -1.730880e-01 -3.206248e-01
    outer loop
      vertex   9.457155e+01 1.057628e+02 5.779348e+01
      vertex   9.405517e+01 1.061501e+02 5.908427e+01
      vertex   9.393053e+01 1.076490e+02 5.863710e+01
    endloop
  endfacet
  facet normal -9.312574e-01 -1.730880e-01 -3.206248e-01
    outer loop
      vertex   9.457155e+01 1.057628e+02 5.779348e+01
      vertex   9.393053e+01 1.076490e+02 5.863710e+01
      vertex   9.448041e+01 1.072367e+02 5.726256e+01
    endloop
  endfacet
  facet normal -9.744812e-01 -1.269489e-01 -1.851228e-01
    outer loop
      vertex   9.488682e+01 1.052623e+02 5.647712e+01
      vertex   9.457155e+01 1.057628e+02 5.779348e+01
      vertex   9.448041e+01 1.072367e+02 5.726256e+01
    endloop
  endfacet
  facet normal -9.744812e-01 -1.269489e-01 -1.851228e-01
    outer loop
      vertex   9.488682e+01 1.052623e+02 5.647712e+01
      vertex   9.448041e+01 1.072367e+02 5.726256e+01
      vertex   9.481614e+01 1.067037e+02 5.586080e+01
    endloop
  endfacet
  facet normal -1.000000e+00 -0.000000e+00 -0.000000e+00
    outer loop
      vertex   9.500000e+01 1.050000e+02 5.500000e+01
      vertex   9.500000e+01 1.050000e+02 0.000000e+00
      vertex   9.500000e+01 0.000000e+00 5.500000e+01
    endloop
  endfacet
  facet normal -1.000000e+00 0.000000e+00 0.000000e+00
    outer loop
      vertex   9.500000e+01 0.000000e+00 5.500000e+01
      vertex   9.500000e+01 1.050000e+02 0.000000e+00
      vertex   9.500000e+01 0.000000e+00 0.000000e+00
    endloop
  endfacet
  facet normal 0.000000e+00 -1.000000e+00 0.000000e+00
    outer loop
      vertex   8.500000e+01 1.150000e+02 0.000000e+00
      vertex   8.500000e+01 1.150000e+02 5.500000e+01
      vertex   1.500000e+01 1.150000e+02 0.000000e+00
    endloop
  endfacet
  facet normal 0.000000e+00 -1.000000e+00 0.000000e+00
    outer loop
      vertex   1.500000e+01 1.150000e+02 0.000000e+00
      vertex   8.500000e+01 1.150000e+02 5.500000e+01
      vertex   1.500000e+01 1.150000e+02 5.500000e+01
    endloop
  endfacet
  facet normal -9.969173e-01 3.689950e-17 7.845910e-02
    outer loop
      vertex   1.231166e-01 0.000000e+00 6.156434e+01
      vertex   1.231166e-01 2.999500e+01 6.156434e+01
      vertex   0.000000e+00 0.000000e+00 6.000000e+01
    endloop
  endfacet
  facet normal -9.965289e-01 -2.513020e-04 8.324703e-02
    outer loop
      vertex   0.000000e+00 0.000000e+00 6.000000e+01
      vertex   1.231166e-01 2.999500e+01 6.156434e+01
      vertex   1.050642e-01 5.874901e+01 6.143505e+01
    endloop
  endfacet
  facet normal -9.973306e-01 0.000000e+00 7.301773e-02
    outer loop
      vertex   0.000000e+00 0.000000e+00 6.000000e+01
      vertex   1.050642e-01 5.874901e+01 6.143505e+01
      vertex   0.000000e+00 5.999000e+01 6.000000e+01
    endloop
  endfacet
  facet normal -9.723699e-01 3.599091e-17 2.334454e-01
    outer loop
      vertex   1.231166e-01 2.999500e+01 6.156434e+01
      vertex   1.231166e-01 0.000000e+00 6.156434e+01
      vertex   4.894348e-01 2.999500e+01 6.309017e+01
    endloop
  endfacet
  facet normal -9.723699e-01 1.799546e-17 2.334454e-01
    outer loop
      vertex   4.894348e-01 2.999500e+01 6.309017e+01
      vertex   1.231166e-01 0.000000e+00 6.156434e+01
      vertex   4.894348e-01 0.000000e+00 6.309017e+01
    endloop
  endfacet
  facet normal -9.238795e-01 1.709806e-17 3.826834e-01
    outer loop
      vertex   4.894348e-01 2.999500e+01 6.309017e+01
      vertex   4.894348e-01 0.000000e+00 6.309017e+01
      vertex   1.089935e+00 2.999500e+01 6.453990e+01
    endloop
  endfacet
  facet normal -9.238795e-01 -6.839222e-18 3.826834e-01
    outer loop
      vertex   1.089935e+00 2.999500e+01 6.453990e+01
      vertex   4.894348e-01 0.000000e+00 6.309017e+01
      vertex   1.089935e+00 0.000000e+00 6.453990e+01
    endloop
  endfacet
  facet normal -8.526402e-01 -6.311857e-18 5.224986e-01
    outer loop
      vertex   1.089935e+00 2.999500e+01 6.453990e+01
      vertex   1.089935e+00 0.000000e+00 6.453990e+01
      vertex   1.909830e+00 2.999500e+01 6.587785e+01
    endloop
  endfacet
  facet normal -8.526402e-01 -3.155928e-17 5.224986e-01
    outer loop
      vertex   1.909830e+00 2.999500e+01 6.587785e+01
      vertex   1.089935e+00 0.000000e+00 6.453990e+01
      vertex   1.909830e+00 0.000000e+00 6.587785e+01
    endloop
  endfacet
  facet normal -7.604060e-01 -2.814536e-17 6.494480e-01
    outer loop
      vertex   1.909830e+00 2.999500e+01 6.587785e+01
      vertex   1.909830e+00 0.000000e+00 6.587785e+01
      vertex   2.928932e+00 2.999500e+01 6.707107e+01
    endloop
  endfacet
  facet normal -7.604060e-01 2.251629e-17 6.494480e-01
    outer loop
      vertex   2.928932e+00 2.999500e+01 6.707107e+01
      vertex   1.909830e+00 0.000000e+00 6.587785e+01
      vertex   2.928932e+00 0.000000e+00 6.707107e+01
    endloop
  endfacet
  facet normal -6.494480e-01 1.923073e-17 7.604060e-01
    outer loop
      vertex   2.928932e+00 2.999500e+01 6.707107e+01
      vertex   2.928932e+00 0.000000e+00 6.707107e+01
      vertex   4.122147e+00 0.000000e+00 6.809017e+01
    endloop
  endfacet
  facet normal -6.492900e-01 1.087563e-05 7.605410e-01
    outer loop
      vertex   2.928932e+00 2.999500e+01 6.707107e+01
      vertex   4.122147e+00 0.000000e+00 6.809017e+01
      vertex   4.125512e+00 2.999500e+01 6.809261e+01
    endloop
  endfacet
  facet normal -5.224986e-01 -1.084690e-05 8.526402e-01
    outer loop
      vertex   4.125512e+00 2.999500e+01 6.809261e+01
      vertex   4.122147e+00 0.000000e+00 6.809017e+01
      vertex   5.460095e+00 0.000000e+00 6.891007e+01
    endloop
  endfacet
  facet normal -5.223213e-01 0.000000e+00 8.527488e-01
    outer loop
      vertex   4.125512e+00 2.999500e+01 6.809261e+01
      vertex   5.460095e+00 0.000000e+00 6.891007e+01
      vertex   5.460095e+00 2.999500e+01 6.891007e+01
    endloop
  endfacet
  facet normal -3.826834e-01 0.000000e+00 9.238795e-01
    outer loop
      vertex   5.460095e+00 2.999500e+01 6.891007e+01
      vertex   5.460095e+00 0.000000e+00 6.891007e+01
      vertex   6.909830e+00 2.999500e+01 6.951057e+01
    endloop
  endfacet
  facet normal -3.826833e-01 -8.464281e-04 9.238792e-01
    outer loop
      vertex   5.460095e+00 2.999500e+01 6.891007e+01
      vertex   6.909830e+00 2.999500e+01 6.951057e+01
      vertex   6.599540e+00 5.255442e+01 6.940271e+01
    endloop
  endfacet
  facet normal -2.971687e-01 4.777197e-04 9.548249e-01
    outer loop
      vertex   6.599540e+00 5.255442e+01 6.940271e+01
      vertex   6.909830e+00 2.999500e+01 6.951057e+01
      vertex   7.490000e+00 5.250000e+01 6.967987e+01
    endloop
  endfacet
  facet normal -2.506667e-01 -8.207527e-04 9.680731e-01
    outer loop
      vertex   7.490000e+00 5.250000e+01 6.967987e+01
      vertex   6.909830e+00 2.999500e+01 6.951057e+01
      vertex   7.496665e+00 5.250000e+01 6.968160e+01
    endloop
  endfacet
  facet normal -2.500000e-01 -8.394449e-04 9.682455e-01
    outer loop
      vertex   7.496665e+00 5.250000e+01 6.968160e+01
      vertex   6.909830e+00 2.999500e+01 6.951057e+01
      vertex   7.503332e+00 5.250000e+01 6.968332e+01
    endloop
  endfacet
  facet normal -2.493333e-01 -8.583474e-04 9.684173e-01
    outer loop
      vertex   7.503332e+00 5.250000e+01 6.968332e+01
      vertex   6.909830e+00 2.999500e+01 6.951057e+01
      vertex   7.510000e+00 5.250000e+01 6.968503e+01
    endloop
  endfacet
  facet normal -2.334452e-01 -1.312693e-03 9.723691e-01
    outer loop
      vertex   7.510000e+00 5.250000e+01 6.968503e+01
      vertex   6.909830e+00 2.999500e+01 6.951057e+01
      vertex   8.435655e+00 2.999500e+01 6.987688e+01
    endloop
  endfacet
  facet normal -1.863960e-01 7.086351e-04 9.824744e-01
    outer loop
      vertex   7.510000e+00 5.250000e+01 6.968503e+01
      vertex   8.435655e+00 2.999500e+01 6.987688e+01
      vertex   8.748683e+00 5.260459e+01 6.991996e+01
    endloop
  endfacet
  facet normal -6.356995e-02 -1.021421e-03 9.979769e-01
    outer loop
      vertex   8.748683e+00 5.260459e+01 6.991996e+01
      vertex   8.435655e+00 2.999500e+01 6.987688e+01
      vertex   1.000000e+01 5.292601e+01 7.000000e+01
    endloop
  endfacet
  facet normal -7.845910e-02 0.000000e+00 9.969173e-01
    outer loop
      vertex   1.000000e+01 5.292601e+01 7.000000e+01
      vertex   8.435655e+00 2.999500e+01 6.987688e+01
      vertex   1.000000e+01 0.000000e+00 7.000000e+01
    endloop
  endfacet
  facet normal -7.845910e-02 4.723464e-16 9.969173e-01
    outer loop
      vertex   1.000000e+01 0.000000e+00 7.000000e+01
      vertex   8.435655e+00 2.999500e+01 6.987688e+01
      vertex   8.435655e+00 0.000000e+00 6.987688e+01
    endloop
  endfacet
  facet normal -2.334454e-01 4.606837e-16 9.723699e-01
    outer loop
      vertex   8.435655e+00 0.000000e+00 6.987688e+01
      vertex   8.435655e+00 2.999500e+01 6.987688e+01
      vertex   6.909830e+00 0.000000e+00 6.951057e+01
    endloop
  endfacet
  facet normal -2.334454e-01 -4.606837e-16 9.723699e-01
    outer loop
      vertex   6.909830e+00 0.000000e+00 6.951057e+01
      vertex   8.435655e+00 2.999500e+01 6.987688e+01
      vertex   6.909830e+00 2.999500e+01 6.951057e+01
    endloop
  endfacet
  facet normal -3.826834e-01 -4.377102e-16 9.238795e-01
    outer loop
      vertex   6.909830e+00 0.000000e+00 6.951057e+01
      vertex   6.909830e+00 2.999500e+01 6.951057e+01
      vertex   5.460095e+00 0.000000e+00 6.891007e+01
    endloop
  endfacet
  facet normal -3.844661e-01 -7.402151e-04 9.231388e-01
    outer loop
      vertex   6.599540e+00 5.255442e+01 6.940271e+01
      vertex   5.728604e+00 5.271169e+01 6.904011e+01
      vertex   5.460095e+00 2.999500e+01 6.891007e+01
    endloop
  endfacet
  facet normal -4.677285e-01 4.687225e-04 8.838721e-01
    outer loop
      vertex   5.460095e+00 2.999500e+01 6.891007e+01
      vertex   5.728604e+00 5.271169e+01 6.904011e+01
      vertex   4.898327e+00 5.296281e+01 6.860061e+01
    endloop
  endfacet
  facet normal -5.223209e-01 -1.285898e-03 8.527481e-01
    outer loop
      vertex   5.460095e+00 2.999500e+01 6.891007e+01
      vertex   4.898327e+00 5.296281e+01 6.860061e+01
      vertex   4.125512e+00 2.999500e+01 6.809261e+01
    endloop
  endfacet
  facet normal -5.497925e-01 2.434255e-05 8.353013e-01
    outer loop
      vertex   4.125512e+00 2.999500e+01 6.809261e+01
      vertex   4.898327e+00 5.296281e+01 6.860061e+01
      vertex   4.128546e+00 5.329737e+01 6.809393e+01
    endloop
  endfacet
  facet normal -6.232452e-01 3.692053e-05 7.820265e-01
    outer loop
      vertex   4.125512e+00 2.999500e+01 6.809261e+01
      vertex   4.128546e+00 5.329737e+01 6.809393e+01
      vertex   3.430819e+00 5.369673e+01 6.753785e+01
    endloop
  endfacet
  facet normal -6.492895e-01 -1.229336e-03 7.605404e-01
    outer loop
      vertex   4.125512e+00 2.999500e+01 6.809261e+01
      vertex   3.430819e+00 5.369673e+01 6.753785e+01
      vertex   2.928932e+00 2.999500e+01 6.707107e+01
    endloop
  endfacet
  facet normal -6.874954e-01 2.562042e-04 7.261886e-01
    outer loop
      vertex   2.928932e+00 2.999500e+01 6.707107e+01
      vertex   3.430819e+00 5.369673e+01 6.753785e+01
      vertex   2.813631e+00 5.413959e+01 6.695339e+01
    endloop
  endfacet
  facet normal -7.460530e-01 -3.173360e-04 6.658864e-01
    outer loop
      vertex   2.928932e+00 2.999500e+01 6.707107e+01
      vertex   2.813631e+00 5.413959e+01 6.695339e+01
      vertex   2.278814e+00 5.461038e+01 6.635441e+01
    endloop
  endfacet
  facet normal -7.604054e-01 -1.175000e-03 6.494476e-01
    outer loop
      vertex   2.928932e+00 2.999500e+01 6.707107e+01
      vertex   2.278814e+00 5.461038e+01 6.635441e+01
      vertex   1.909830e+00 2.999500e+01 6.587785e+01
    endloop
  endfacet
  facet normal -7.973957e-01 2.698761e-04 6.034568e-01
    outer loop
      vertex   1.909830e+00 2.999500e+01 6.587785e+01
      vertex   2.278814e+00 5.461038e+01 6.635441e+01
      vertex   1.798504e+00 5.512267e+01 6.571951e+01
    endloop
  endfacet
  facet normal -8.526401e-01 -4.850373e-04 5.224985e-01
    outer loop
      vertex   1.909830e+00 2.999500e+01 6.587785e+01
      vertex   1.798504e+00 5.512267e+01 6.571951e+01
      vertex   1.089935e+00 2.999500e+01 6.453990e+01
    endloop
  endfacet
  facet normal -8.626292e-01 5.788318e-04 5.058365e-01
    outer loop
      vertex   1.089935e+00 2.999500e+01 6.453990e+01
      vertex   1.798504e+00 5.512267e+01 6.571951e+01
      vertex   9.988894e-01 5.625465e+01 6.435459e+01
    endloop
  endfacet
  facet normal -9.238794e-01 -5.026180e-04 3.826834e-01
    outer loop
      vertex   1.089935e+00 2.999500e+01 6.453990e+01
      vertex   9.988894e-01 5.625465e+01 6.435459e+01
      vertex   4.894348e-01 2.999500e+01 6.309017e+01
    endloop
  endfacet
  facet normal -9.310702e-01 4.960760e-04 3.648397e-01
    outer loop
      vertex   4.894348e-01 2.999500e+01 6.309017e+01
      vertex   9.988894e-01 5.625465e+01 6.435459e+01
      vertex   4.324650e-01 5.748308e+01 6.290741e+01
    endloop
  endfacet
  facet normal -9.723698e-01 -4.631338e-04 2.334453e-01
    outer loop
      vertex   4.894348e-01 2.999500e+01 6.309017e+01
      vertex   4.324650e-01 5.748308e+01 6.290741e+01
      vertex   1.231166e-01 2.999500e+01 6.156434e+01
    endloop
  endfacet
  facet normal -9.760911e-01 3.646060e-04 2.173614e-01
    outer loop
      vertex   1.231166e-01 2.999500e+01 6.156434e+01
      vertex   4.324650e-01 5.748308e+01 6.290741e+01
      vertex   1.050642e-01 5.874901e+01 6.143505e+01
    endloop
  endfacet
  facet normal -0.000000e+00 0.000000e+00 1.000000e+00
    outer loop
      vertex   1.000000e+01 5.292601e+01 7.000000e+01
      vertex   1.000000e+01 0.000000e+00 7.000000e+01
      vertex   1.119830e+01 5.347106e+01 7.000000e+01
    endloop
  endfacet
  facet normal -0.000000e+00 0.000000e+00 1.000000e+00
    outer loop
      vertex   1.119830e+01 5.347106e+01 7.000000e+01
      vertex   1.000000e+01 0.000000e+00 7.000000e+01
      vertex   1.228266e+01 5.421750e+01 7.000000e+01
    endloop
  endfacet
  facet normal -0.000000e+00 0.000000e+00 1.000000e+00
    outer loop
      vertex   1.228266e+01 5.421750e+01 7.000000e+01
      vertex   1.000000e+01 0.000000e+00 7.000000e+01
      vertex   1.321959e+01 5.514225e+01 7.000000e+01
    endloop
  endfacet
  facet normal -0.000000e+00 0.000000e+00 1.000000e+00
    outer loop
      vertex   1.321959e+01 5.514225e+01 7.000000e+01
      vertex   1.000000e+01 0.000000e+00 7.000000e+01
      vertex   1.398014e+01 5.621676e+01 7.000000e+01
    endloop
  endfacet
  facet normal 0.000000e+00 0.000000e+00 1.000000e+00
    outer loop
      vertex   1.398014e+01 5.621676e+01 7.000000e+01
      vertex   1.000000e+01 0.000000e+00 7.000000e+01
      vertex   9.000000e+01 0.000000e+00 7.000000e+01
    endloop
  endfacet
  facet normal -0.000000e+00 0.000000e+00 1.000000e+00
    outer loop
      vertex   1.398014e+01 5.621676e+01 7.000000e+01
      vertex   9.000000e+01 0.000000e+00 7.000000e+01
      vertex   8.601986e+01 5.621676e+01 7.000000e+01
    endloop
  endfacet
  facet normal 0.000000e+00 0.000000e+00 1.000000e+00
    outer loop
      vertex   8.601986e+01 5.621676e+01 7.000000e+01
      vertex   9.000000e+01 0.000000e+00 7.000000e+01
      vertex   8.678041e+01 5.514225e+01 7.000000e+01
    endloop
  endfacet
  facet normal 0.000000e+00 0.000000e+00 1.000000e+00
    outer loop
      vertex   8.678041e+01 5.514225e+01 7.000000e+01
      vertex   9.000000e+01 0.000000e+00 7.000000e+01
      vertex   8.771734e+01 5.421750e+01 7.000000e+01
    endloop
  endfacet
  facet normal 0.000000e+00 0.000000e+00 1.000000e+00
    outer loop
      vertex   8.771734e+01 5.421750e+01 7.000000e+01
      vertex   9.000000e+01 0.000000e+00 7.000000e+01
      vertex   8.880170e+01 5.347106e+01 7.000000e+01
    endloop
  endfacet
  facet normal 0.000000e+00 0.000000e+00 1.000000e+00
    outer loop
      vertex   8.880170e+01 5.347106e+01 7.000000e+01
      vertex   9.000000e+01 0.000000e+00 7.000000e+01
      vertex   9.000000e+01 5.292601e+01 7.000000e+01
    endloop
  endfacet
  facet normal 0.000000e+00 0.000000e+00 1.000000e+00
    outer loop
      vertex   1.398014e+01 5.621676e+01 7.000000e+01
      vertex   8.601986e+01 5.621676e+01 7.000000e+01
      vertex   1.454082e+01 5.740782e+01 7.000000e+01
    endloop
  endfacet
  facet normal -0.000000e+00 0.000000e+00 1.000000e+00
    outer loop
      vertex   1.454082e+01 5.740782e+01 7.000000e+01
      vertex   8.601986e+01 5.621676e+01 7.000000e+01
      vertex   8.545918e+01 5.740782e+01 7.000000e+01
    endloop
  endfacet
  facet normal 0.000000e+00 0.000000e+00 1.000000e+00
    outer loop
      vertex   1.454082e+01 5.740782e+01 7.000000e+01
      vertex   8.545918e+01 5.740782e+01 7.000000e+01
      vertex   1.488431e+01 5.867866e+01 7.000000e+01
    endloop
  endfacet
  facet normal -0.000000e+00 0.000000e+00 1.000000e+00
    outer loop
      vertex   1.488431e+01 5.867866e+01 7.000000e+01
      vertex   8.545918e+01 5.740782e+01 7.000000e+01
      vertex   8.511569e+01 5.867866e+01 7.000000e+01
    endloop
  endfacet
  facet normal 0.000000e+00 0.000000e+00 1.000000e+00
    outer loop
      vertex   1.488431e+01 5.867866e+01 7.000000e+01
      vertex   8.511569e+01 5.867866e+01 7.000000e+01
      vertex   1.500000e+01 5.999000e+01 7.000000e+01
    endloop
  endfacet
  facet normal -0.000000e+00 0.000000e+00 1.000000e+00
    outer loop
      vertex   1.500000e+01 5.999000e+01 7.000000e+01
      vertex   8.511569e+01 5.867866e+01 7.000000e+01
      vertex   8.500000e+01 5.999000e+01 7.000000e+01
    endloop
  endfacet
  facet normal 0.000000e+00 0.000000e+00 1.000000e+00
    outer loop
      vertex   1.500000e+01 5.999000e+01 7.000000e+01
      vertex   8.500000e+01 5.999000e+01 7.000000e+01
      vertex   1.500000e+01 6.001000e+01 7.000000e+01
    endloop
  endfacet
  facet normal -0.000000e+00 0.000000e+00 1.000000e+00
    outer loop
      vertex   1.500000e+01 6.001000e+01 7.000000e+01
      vertex   8.500000e+01 5.999000e+01 7.000000e+01
      vertex   8.500000e+01 6.001000e+01 7.000000e+01
    endloop
  endfacet
  facet normal 0.000000e+00 -0.000000e+00 1.000000e+00
    outer loop
      vertex   1.500000e+01 6.001000e+01 7.000000e+01
      vertex   8.500000e+01 6.001000e+01 7.000000e+01
      vertex   1.488431e+01 6.132134e+01 7.000000e+01
    endloop
  endfacet
  facet normal -0.000000e+00 0.000000e+00 1.000000e+00
    outer loop
      vertex   1.488431e+01 6.132134e+01 7.000000e+01
      vertex   8.500000e+01 6.001000e+01 7.000000e+01
      vertex   8.511569e+01 6.132134e+01 7.000000e+01
    endloop
  endfacet
  facet normal 0.000000e+00 -0.000000e+00 1.000000e+00
    outer loop
      vertex   1.488431e+01 6.132134e+01 7.000000e+01
      vertex   8.511569e+01 6.132134e+01 7.000000e+01
      vertex   1.454082e+01 6.259218e+01 7.000000e+01
    endloop
  endfacet
  facet normal -0.000000e+00 0.000000e+00 1.000000e+00
    outer loop
      vertex   1.454082e+01 6.259218e+01 7.000000e+01
      vertex   8.511569e+01 6.132134e+01 7.000000e+01
      vertex   8.545918e+01 6.259218e+01 7.000000e+01
    endloop
  endfacet
  facet normal 0.000000e+00 0.000000e+00 1.000000e+00
    outer loop
      vertex   1.454082e+01 6.259218e+01 7.000000e+01
      vertex   8.545918e+01 6.259218e+01 7.000000e+01
      vertex   9.000000e+01 1.100000e+02 7.000000e+01
    endloop
  endfacet
  facet normal 0.000000e+00 0.000000e+00 1.000000e+00
    outer loop
      vertex   9.000000e+01 1.100000e+02 7.000000e+01
      vertex   8.545918e+01 6.259218e+01 7.000000e+01
      vertex   8.601986e+01 6.378324e+01 7.000000e+01
    endloop
  endfacet
  facet normal 0.000000e+00 0.000000e+00 1.000000e+00
    outer loop
      vertex   9.000000e+01 1.100000e+02 7.000000e+01
      vertex   8.601986e+01 6.378324e+01 7.000000e+01
      vertex   8.678041e+01 6.485775e+01 7.000000e+01
    endloop
  endfacet
  facet normal 0.000000e+00 0.000000e+00 1.000000e+00
    outer loop
      vertex   8.678041e+01 6.485775e+01 7.000000e+01
      vertex   8.771734e+01 6.578250e+01 7.000000e+01
      vertex   9.000000e+01 1.100000e+02 7.000000e+01
    endloop
  endfacet
  facet normal 0.000000e+00 0.000000e+00 1.000000e+00
    outer loop
      vertex   9.000000e+01 1.100000e+02 7.000000e+01
      vertex   8.771734e+01 6.578250e+01 7.000000e+01
      vertex   8.880170e+01 6.652894e+01 7.000000e+01
    endloop
  endfacet
  facet normal 0.000000e+00 0.000000e+00 1.000000e+00
    outer loop
      vertex   9.000000e+01 1.100000e+02 7.000000e+01
      vertex   8.880170e+01 6.652894e+01 7.000000e+01
      vertex   9.000000e+01 6.707399e+01 7.000000e+01
    endloop
  endfacet
  facet normal 0.000000e+00 0.000000e+00 1.000000e+00
    outer loop
      vertex   9.000000e+01 1.100000e+02 7.000000e+01
      vertex   1.000000e+01 1.100000e+02 7.000000e+01
      vertex   1.454082e+01 6.259218e+01 7.000000e+01
    endloop
  endfacet
  facet normal 0.000000e+00 0.000000e+00 1.000000e+00
    outer loop
      vertex   1.454082e+01 6.259218e+01 7.000000e+01
      vertex   1.000000e+01 1.100000e+02 7.000000e+01
      vertex   1.398014e+01 6.378324e+01 7.000000e+01
    endloop
  endfacet
  facet normal 0.000000e+00 0.000000e+00 1.000000e+00
    outer loop
      vertex   1.398014e+01 6.378324e+01 7.000000e+01
      vertex   1.000000e+01 1.100000e+02 7.000000e+01
      vertex   1.321959e+01 6.485775e+01 7.000000e+01
    endloop
  endfacet
  facet normal 0.000000e+00 0.000000e+00 1.000000e+00
    outer loop
      vertex   1.321959e+01 6.485775e+01 7.000000e+01
      vertex   1.000000e+01 1.100000e+02 7.000000e+01
      vertex   1.228266e+01 6.578250e+01 7.000000e+01
    endloop
  endfacet
  facet normal 0.000000e+00 0.000000e+00 1.000000e+00
    outer loop
      vertex   1.228266e+01 6.578250e+01 7.000000e+01
      vertex   1.000000e+01 1.100000e+02 7.000000e+01
      vertex   1.119830e+01 6.652894e+01 7.000000e+01
    endloop
  endfacet
  facet normal 0.000000e+00 0.000000e+00 1.000000e+00
    outer loop
      vertex   1.119830e+01 6.652894e+01 7.000000e+01
      vertex   1.000000e+01 1.100000e+02 7.000000e+01
      vertex   1.000000e+01 6.707399e+01 7.000000e+01
    endloop
  endfacet
  facet normal 0.000000e+00 -1.000000e+00 0.000000e+00
    outer loop
      vertex   8.435655e+00 0.000000e+00 6.987688e+01
      vertex   1.190983e+01 0.000000e+00 6.451057e+01
      vertex   1.000000e+01 0.000000e+00 7.000000e+01
    endloop
  endfacet
  facet normal 0.000000e+00 -1.000000e+00 0.000000e+00
    outer loop
      vertex   1.000000e+01 0.000000e+00 7.000000e+01
      vertex   1.190983e+01 0.000000e+00 6.451057e+01
      vertex   1.343566e+01 0.000000e+00 6.487688e+01
    endloop
  endfacet
  facet normal 0.000000e+00 -1.000000e+00 0.000000e+00
    outer loop
      vertex   1.000000e+01 0.000000e+00 7.000000e+01
      vertex   1.343566e+01 0.000000e+00 6.487688e+01
      vertex   1.500000e+01 0.000000e+00 6.500000e+01
    endloop
  endfacet
  facet normal 0.000000e+00 -1.000000e+00 -0.000000e+00
    outer loop
      vertex   8.435655e+00 0.000000e+00 6.987688e+01
      vertex   6.909830e+00 0.000000e+00 6.951057e+01
      vertex   1.190983e+01 0.000000e+00 6.451057e+01
    endloop
  endfacet
  facet normal -0.000000e+00 -1.000000e+00 0.000000e+00
    outer loop
      vertex   1.190983e+01 0.000000e+00 6.451057e+01
      vertex   6.909830e+00 0.000000e+00 6.951057e+01
      vertex   1.046010e+01 0.000000e+00 6.391007e+01
    endloop
  endfacet
  facet normal 0.000000e+00 -1.000000e+00 0.000000e+00
    outer loop
      vertex   1.046010e+01 0.000000e+00 6.391007e+01
      vertex   6.909830e+00 0.000000e+00 6.951057e+01
      vertex   5.460095e+00 0.000000e+00 6.891007e+01
    endloop
  endfacet
  facet normal 0.000000e+00 -1.000000e+00 0.000000e+00
    outer loop
      vertex   1.046010e+01 0.000000e+00 6.391007e+01
      vertex   5.460095e+00 0.000000e+00 6.891007e+01
      vertex   4.122147e+00 0.000000e+00 6.809017e+01
    endloop
  endfacet
  facet normal -0.000000e+00 -1.000000e+00 0.000000e+00
    outer loop
      vertex   1.046010e+01 0.000000e+00 6.391007e+01
      vertex   4.122147e+00 0.000000e+00 6.809017e+01
      vertex   9.122147e+00 0.000000e+00 6.309017e+01
    endloop
  endfacet
  facet normal 0.000000e+00 -1.000000e+00 0.000000e+00
    outer loop
      vertex   9.122147e+00 0.000000e+00 6.309017e+01
      vertex   4.122147e+00 0.000000e+00 6.809017e+01
      vertex   2.928932e+00 0.000000e+00 6.707107e+01
    endloop
  endfacet
  facet normal 0.000000e+00 -1.000000e+00 0.000000e+00
    outer loop
      vertex   9.122147e+00 0.000000e+00 6.309017e+01
      vertex   2.928932e+00 0.000000e+00 6.707107e+01
      vertex   1.909830e+00 0.000000e+00 6.587785e+01
    endloop
  endfacet
  facet normal -0.000000e+00 -1.000000e+00 0.000000e+00
    outer loop
      vertex   9.122147e+00 0.000000e+00 6.309017e+01
      vertex   1.909830e+00 0.000000e+00 6.587785e+01
      vertex   7.928932e+00 0.000000e+00 6.207107e+01
    endloop
  endfacet
  facet normal 0.000000e+00 -1.000000e+00 0.000000e+00
    outer loop
      vertex   7.928932e+00 0.000000e+00 6.207107e+01
      vertex   1.909830e+00 0.000000e+00 6.587785e+01
      vertex   1.089935e+00 0.000000e+00 6.453990e+01
    endloop
  endfacet
  facet normal 0.000000e+00 -1.000000e+00 0.000000e+00
    outer loop
      vertex   7.928932e+00 0.000000e+00 6.207107e+01
      vertex   1.089935e+00 0.000000e+00 6.453990e+01
      vertex   4.894348e-01 0.000000e+00 6.309017e+01
    endloop
  endfacet
  facet normal -0.000000e+00 -1.000000e+00 0.000000e+00
    outer loop
      vertex   7.928932e+00 0.000000e+00 6.207107e+01
      vertex   4.894348e-01 0.000000e+00 6.309017e+01
      vertex   6.909830e+00 0.000000e+00 6.087785e+01
    endloop
  endfacet
  facet normal 0.000000e+00 -1.000000e+00 0.000000e+00
    outer loop
      vertex   6.909830e+00 0.000000e+00 6.087785e+01
      vertex   4.894348e-01 0.000000e+00 6.309017e+01
      vertex   1.231166e-01 0.000000e+00 6.156434e+01
    endloop
  endfacet
  facet normal -0.000000e+00 -1.000000e+00 0.000000e+00
    outer loop
      vertex   6.909830e+00 0.000000e+00 6.087785e+01
      vertex   1.231166e-01 0.000000e+00 6.156434e+01
      vertex   6.089935e+00 0.000000e+00 5.953990e+01
    endloop
  endfacet
  facet normal 0.000000e+00 -1.000000e+00 0.000000e+00
    outer loop
      vertex   6.089935e+00 0.000000e+00 5.953990e+01
      vertex   1.231166e-01 0.000000e+00 6.156434e+01
      vertex   0.000000e+00 0.000000e+00 6.000000e+01
    endloop
  endfacet
  facet normal -0.000000e+00 -1.000000e+00 0.000000e+00
    outer loop
      vertex   6.089935e+00 0.000000e+00 5.953990e+01
      vertex   0.000000e+00 0.000000e+00 6.000000e+01
      vertex   5.489435e+00 0.000000e+00 5.809017e+01
    endloop
  endfacet
  facet normal -0.000000e+00 -1.000000e+00 0.000000e+00
    outer loop
      vertex   5.489435e+00 0.000000e+00 5.809017e+01
      vertex   0.000000e+00 0.000000e+00 6.000000e+01
      vertex   5.123117e+00 0.000000e+00 5.656434e+01
    endloop
  endfacet
  facet normal -0.000000e+00 -1.000000e+00 0.000000e+00
    outer loop
      vertex   5.123117e+00 0.000000e+00 5.656434e+01
      vertex   0.000000e+00 0.000000e+00 6.000000e+01
      vertex   5.000000e+00 0.000000e+00 5.500000e+01
    endloop
  endfacet
  facet normal -0.000000e+00 -1.000000e+00 0.000000e+00
    outer loop
      vertex   5.000000e+00 0.000000e+00 5.500000e+01
      vertex   0.000000e+00 0.000000e+00 6.000000e+01
      vertex   0.000000e+00 0.000000e+00 0.000000e+00
    endloop
  endfacet
  facet normal 0.000000e+00 -1.000000e+00 -0.000000e+00
    outer loop
      vertex   5.000000e+00 0.000000e+00 5.500000e+01
      vertex   0.000000e+00 0.000000e+00 0.000000e+00
      vertex   5.000000e+00 0.000000e+00 0.000000e+00
    endloop
  endfacet
  facet normal 0.000000e+00 -1.000000e+00 0.000000e+00
    outer loop
      vertex   1.500000e+01 0.000000e+00 6.500000e+01
      vertex   8.500000e+01 0.000000e+00 6.500000e+01
      vertex   1.000000e+01 0.000000e+00 7.000000e+01
    endloop
  endfacet
  facet normal 0.000000e+00 -1.000000e+00 0.000000e+00
    outer loop
      vertex   1.000000e+01 0.000000e+00 7.000000e+01
      vertex   8.500000e+01 0.000000e+00 6.500000e+01
      vertex   9.000000e+01 0.000000e+00 7.000000e+01
    endloop
  endfacet
  facet normal 0.000000e+00 -1.000000e+00 0.000000e+00
    outer loop
      vertex   9.000000e+01 0.000000e+00 7.000000e+01
      vertex   8.500000e+01 0.000000e+00 6.500000e+01
      vertex   8.656434e+01 0.000000e+00 6.487688e+01
    endloop
  endfacet
  facet normal 0.000000e+00 -1.000000e+00 0.000000e+00
    outer loop
      vertex   9.000000e+01 0.000000e+00 7.000000e+01
      vertex   8.656434e+01 0.000000e+00 6.487688e+01
      vertex   8.809017e+01 0.000000e+00 6.451057e+01
    endloop
  endfacet
  facet normal 0.000000e+00 -1.000000e+00 0.000000e+00
    outer loop
      vertex   8.953990e+01 0.000000e+00 6.391007e+01
      vertex   9.309017e+01 0.000000e+00 6.951057e+01
      vertex   8.809017e+01 0.000000e+00 6.451057e+01
    endloop
  endfacet
  facet normal 0.000000e+00 -1.000000e+00 0.000000e+00
    outer loop
      vertex   8.809017e+01 0.000000e+00 6.451057e+01
      vertex   9.309017e+01 0.000000e+00 6.951057e+01
      vertex   9.156434e+01 0.000000e+00 6.987688e+01
    endloop
  endfacet
  facet normal 0.000000e+00 -1.000000e+00 0.000000e+00
    outer loop
      vertex   8.809017e+01 0.000000e+00 6.451057e+01
      vertex   9.156434e+01 0.000000e+00 6.987688e+01
      vertex   9.000000e+01 0.000000e+00 7.000000e+01
    endloop
  endfacet
  facet normal 0.000000e+00 -1.000000e+00 0.000000e+00
    outer loop
      vertex   9.087785e+01 0.000000e+00 6.309017e+01
      vertex   9.587785e+01 0.000000e+00 6.809017e+01
      vertex   8.953990e+01 0.000000e+00 6.391007e+01
    endloop
  endfacet
  facet normal 0.000000e+00 -1.000000e+00 0.000000e+00
    outer loop
      vertex   8.953990e+01 0.000000e+00 6.391007e+01
      vertex   9.587785e+01 0.000000e+00 6.809017e+01
      vertex   9.453990e+01 0.000000e+00 6.891007e+01
    endloop
  endfacet
  facet normal 0.000000e+00 -1.000000e+00 0.000000e+00
    outer loop
      vertex   8.953990e+01 0.000000e+00 6.391007e+01
      vertex   9.453990e+01 0.000000e+00 6.891007e+01
      vertex   9.309017e+01 0.000000e+00 6.951057e+01
    endloop
  endfacet
  facet normal 0.000000e+00 -1.000000e+00 0.000000e+00
    outer loop
      vertex   9.207107e+01 0.000000e+00 6.207107e+01
      vertex   9.809017e+01 0.000000e+00 6.587785e+01
      vertex   9.087785e+01 0.000000e+00 6.309017e+01
    endloop
  endfacet
  facet normal 0.000000e+00 -1.000000e+00 0.000000e+00
    outer loop
      vertex   9.087785e+01 0.000000e+00 6.309017e+01
      vertex   9.809017e+01 0.000000e+00 6.587785e+01
      vertex   9.707107e+01 0.000000e+00 6.707107e+01
    endloop
  endfacet
  facet normal 0.000000e+00 -1.000000e+00 0.000000e+00
    outer loop
      vertex   9.087785e+01 0.000000e+00 6.309017e+01
      vertex   9.707107e+01 0.000000e+00 6.707107e+01
      vertex   9.587785e+01 0.000000e+00 6.809017e+01
    endloop
  endfacet
  facet normal 0.000000e+00 -1.000000e+00 0.000000e+00
    outer loop
      vertex   9.309017e+01 0.000000e+00 6.087785e+01
      vertex   9.951057e+01 0.000000e+00 6.309017e+01
      vertex   9.207107e+01 0.000000e+00 6.207107e+01
    endloop
  endfacet
  facet normal 0.000000e+00 -1.000000e+00 0.000000e+00
    outer loop
      vertex   9.207107e+01 0.000000e+00 6.207107e+01
      vertex   9.951057e+01 0.000000e+00 6.309017e+01
      vertex   9.891007e+01 0.000000e+00 6.453990e+01
    endloop
  endfacet
  facet normal 0.000000e+00 -1.000000e+00 0.000000e+00
    outer loop
      vertex   9.207107e+01 0.000000e+00 6.207107e+01
      vertex   9.891007e+01 0.000000e+00 6.453990e+01
      vertex   9.809017e+01 0.000000e+00 6.587785e+01
    endloop
  endfacet
  facet normal 0.000000e+00 -1.000000e+00 -0.000000e+00
    outer loop
      vertex   9.951057e+01 0.000000e+00 6.309017e+01
      vertex   9.309017e+01 0.000000e+00 6.087785e+01
      vertex   9.987688e+01 0.000000e+00 6.156434e+01
    endloop
  endfacet
  facet normal 0.000000e+00 -1.000000e+00 0.000000e+00
    outer loop
      vertex   9.987688e+01 0.000000e+00 6.156434e+01
      vertex   9.309017e+01 0.000000e+00 6.087785e+01
      vertex   9.391007e+01 0.000000e+00 5.953990e+01
    endloop
  endfacet
  facet normal 0.000000e+00 -1.000000e+00 -0.000000e+00
    outer loop
      vertex   9.987688e+01 0.000000e+00 6.156434e+01
      vertex   9.391007e+01 0.000000e+00 5.953990e+01
      vertex   1.000000e+02 0.000000e+00 6.000000e+01
    endloop
  endfacet
  facet normal 0.000000e+00 -1.000000e+00 0.000000e+00
    outer loop
      vertex   1.000000e+02 0.000000e+00 6.000000e+01
      vertex   9.391007e+01 0.000000e+00 5.953990e+01
      vertex   9.451057e+01 0.000000e+00 5.809017e+01
    endloop
  endfacet
  facet normal 0.000000e+00 -1.000000e+00 0.000000e+00
    outer loop
      vertex   1.000000e+02 0.000000e+00 6.000000e+01
      vertex   9.451057e+01 0.000000e+00 5.809017e+01
      vertex   9.487688e+01 0.000000e+00 5.656434e+01
    endloop
  endfacet
  facet normal 0.000000e+00 -1.000000e+00 0.000000e+00
    outer loop
      vertex   9.487688e+01 0.000000e+00 5.656434e+01
      vertex   9.500000e+01 0.000000e+00 5.500000e+01
      vertex   1.000000e+02 0.000000e+00 6.000000e+01
    endloop
  endfacet
  facet normal 0.000000e+00 -1.000000e+00 -0.000000e+00
    outer loop
      vertex   1.000000e+02 0.000000e+00 6.000000e+01
      vertex   9.500000e+01 0.000000e+00 5.500000e+01
      vertex   1.000000e+02 0.000000e+00 0.000000e+00
    endloop
  endfacet
  facet normal 0.000000e+00 -1.000000e+00 0.000000e+00
    outer loop
      vertex   1.000000e+02 0.000000e+00 0.000000e+00
      vertex   9.500000e+01 0.000000e+00 5.500000e+01
      vertex   9.500000e+01 0.000000e+00 0.000000e+00
    endloop
  endfacet
  facet normal -1.000000e+00 0.000000e+00 0.000000e+00
    outer loop
      vertex   0.000000e+00 0.000000e+00 6.000000e+01
      vertex   0.000000e+00 5.999000e+01 6.000000e+01
      vertex   0.000000e+00 0.000000e+00 0.000000e+00
    endloop
  endfacet
  facet normal -1.000000e+00 0.000000e+00 0.000000e+00
    outer loop
      vertex   0.000000e+00 0.000000e+00 0.000000e+00
      vertex   0.000000e+00 5.999000e+01 6.000000e+01
      vertex   0.000000e+00 1.100000e+02 0.000000e+00
    endloop
  endfacet
  facet normal -1.000000e+00 0.000000e+00 0.000000e+00
    outer loop
      vertex   0.000000e+00 1.100000e+02 0.000000e+00
      vertex   0.000000e+00 5.999000e+01 6.000000e+01
      vertex   0.000000e+00 6.001000e+01 6.000000e+01
    endloop
  endfacet
  facet normal -1.000000e+00 0.000000e+00 0.000000e+00
    outer loop
      vertex   0.000000e+00 1.100000e+02 0.000000e+00
      vertex   0.000000e+00 6.001000e+01 6.000000e+01
      vertex   0.000000e+00 1.100000e+02 6.000000e+01
    endloop
  endfacet
  facet normal -1.000000e+00 0.000000e+00 0.000000e+00
    outer loop
      vertex   0.000000e+00 5.999000e+01 1.625100e+02
      vertex   0.000000e+00 6.001000e+01 1.625100e+02
      vertex   0.000000e+00 5.999000e+01 6.000000e+01
    endloop
  endfacet
  facet normal -1.000000e+00 0.000000e+00 0.000000e+00
    outer loop
      vertex   0.000000e+00 5.999000e+01 6.000000e+01
      vertex   0.000000e+00 6.001000e+01 1.625100e+02
      vertex   0.000000e+00 6.001000e+01 6.000000e+01
    endloop
  endfacet
  facet normal 7.845910e-02 4.723136e-16 9.969173e-01
    outer loop
      vertex   9.156434e+01 0.000000e+00 6.987688e+01
      vertex   9.156434e+01 2.999500e+01 6.987688e+01
      vertex   9.000000e+01 0.000000e+00 7.000000e+01
    endloop
  endfacet
  facet normal 9.068702e-02 -6.419901e-04 9.958792e-01
    outer loop
      vertex   9.000000e+01 0.000000e+00 7.000000e+01
      vertex   9.156434e+01 2.999500e+01 6.987688e+01
      vertex   9.125132e+01 5.260459e+01 6.991996e+01
    endloop
  endfacet
  facet normal 6.383128e-02 -0.000000e+00 9.979607e-01
    outer loop
      vertex   9.000000e+01 0.000000e+00 7.000000e+01
      vertex   9.125132e+01 5.260459e+01 6.991996e+01
      vertex   9.000000e+01 5.292601e+01 7.000000e+01
    endloop
  endfacet
  facet normal 2.334454e-01 4.606837e-16 9.723699e-01
    outer loop
      vertex   9.156434e+01 2.999500e+01 6.987688e+01
      vertex   9.156434e+01 0.000000e+00 6.987688e+01
      vertex   9.309017e+01 2.999500e+01 6.951057e+01
    endloop
  endfacet
  facet normal 2.334454e-01 -4.606837e-16 9.723699e-01
    outer loop
      vertex   9.309017e+01 2.999500e+01 6.951057e+01
      vertex   9.156434e+01 0.000000e+00 6.987688e+01
      vertex   9.309017e+01 0.000000e+00 6.951057e+01
    endloop
  endfacet
  facet normal 3.826834e-01 -4.377102e-16 9.238795e-01
    outer loop
      vertex   9.309017e+01 2.999500e+01 6.951057e+01
      vertex   9.309017e+01 0.000000e+00 6.951057e+01
      vertex   9.453990e+01 2.999500e+01 6.891007e+01
    endloop
  endfacet
  facet normal 3.826834e-01 0.000000e+00 9.238795e-01
    outer loop
      vertex   9.453990e+01 2.999500e+01 6.891007e+01
      vertex   9.309017e+01 0.000000e+00 6.951057e+01
      vertex   9.453990e+01 0.000000e+00 6.891007e+01
    endloop
  endfacet
  facet normal 5.223213e-01 0.000000e+00 8.527488e-01
    outer loop
      vertex   9.453990e+01 2.999500e+01 6.891007e+01
      vertex   9.453990e+01 0.000000e+00 6.891007e+01
      vertex   9.587449e+01 2.999500e+01 6.809261e+01
    endloop
  endfacet
  facet normal 5.224986e-01 -1.084690e-05 8.526402e-01
    outer loop
      vertex   9.587449e+01 2.999500e+01 6.809261e+01
      vertex   9.453990e+01 0.000000e+00 6.891007e+01
      vertex   9.587785e+01 0.000000e+00 6.809017e+01
    endloop
  endfacet
  facet normal 6.492900e-01 1.087563e-05 7.605410e-01
    outer loop
      vertex   9.587449e+01 2.999500e+01 6.809261e+01
      vertex   9.587785e+01 0.000000e+00 6.809017e+01
      vertex   9.707107e+01 2.999500e+01 6.707107e+01
    endloop
  endfacet
  facet normal 6.494480e-01 0.000000e+00 7.604060e-01
    outer loop
      vertex   9.707107e+01 2.999500e+01 6.707107e+01
      vertex   9.587785e+01 0.000000e+00 6.809017e+01
      vertex   9.707107e+01 0.000000e+00 6.707107e+01
    endloop
  endfacet
  facet normal 7.604060e-01 0.000000e+00 6.494480e-01
    outer loop
      vertex   9.707107e+01 2.999500e+01 6.707107e+01
      vertex   9.707107e+01 0.000000e+00 6.707107e+01
      vertex   9.809017e+01 2.999500e+01 6.587785e+01
    endloop
  endfacet
  facet normal 7.604060e-01 -3.076917e-16 6.494480e-01
    outer loop
      vertex   9.809017e+01 2.999500e+01 6.587785e+01
      vertex   9.707107e+01 0.000000e+00 6.707107e+01
      vertex   9.809017e+01 0.000000e+00 6.587785e+01
    endloop
  endfacet
  facet normal 8.526402e-01 -2.475463e-16 5.224986e-01
    outer loop
      vertex   9.809017e+01 2.999500e+01 6.587785e+01
      vertex   9.809017e+01 0.000000e+00 6.587785e+01
      vertex   9.891007e+01 2.999500e+01 6.453990e+01
    endloop
  endfacet
  facet normal 8.526402e-01 -4.039588e-16 5.224986e-01
    outer loop
      vertex   9.891007e+01 2.999500e+01 6.453990e+01
      vertex   9.809017e+01 0.000000e+00 6.587785e+01
      vertex   9.891007e+01 0.000000e+00 6.453990e+01
    endloop
  endfacet
  facet normal 9.238795e-01 -4.377102e-16 3.826834e-01
    outer loop
      vertex   9.891007e+01 2.999500e+01 6.453990e+01
      vertex   9.891007e+01 0.000000e+00 6.453990e+01
      vertex   9.951057e+01 2.999500e+01 6.309017e+01
    endloop
  endfacet
  facet normal 9.238795e-01 0.000000e+00 3.826834e-01
    outer loop
      vertex   9.951057e+01 2.999500e+01 6.309017e+01
      vertex   9.891007e+01 0.000000e+00 6.453990e+01
      vertex   9.951057e+01 0.000000e+00 6.309017e+01
    endloop
  endfacet
  facet normal 9.723699e-01 0.000000e+00 2.334454e-01
    outer loop
      vertex   9.951057e+01 2.999500e+01 6.309017e+01
      vertex   9.951057e+01 0.000000e+00 6.309017e+01
      vertex   9.987688e+01 2.999500e+01 6.156434e+01
    endloop
  endfacet
  facet normal 9.723699e-01 0.000000e+00 2.334454e-01
    outer loop
      vertex   9.987688e+01 2.999500e+01 6.156434e+01
      vertex   9.951057e+01 0.000000e+00 6.309017e+01
      vertex   9.987688e+01 0.000000e+00 6.156434e+01
    endloop
  endfacet
  facet normal 9.969173e-01 0.000000e+00 7.845910e-02
    outer loop
      vertex   9.987688e+01 2.999500e+01 6.156434e+01
      vertex   9.987688e+01 0.000000e+00 6.156434e+01
      vertex   1.000000e+02 0.000000e+00 6.000000e+01
    endloop
  endfacet
  facet normal 9.969173e-01 -0.000000e+00 7.845910e-02
    outer loop
      vertex   1.000000e+02 0.000000e+00 6.000000e+01
      vertex   1.000000e+02 5.999000e+01 6.000000e+01
      vertex   9.987688e+01 2.999500e+01 6.156434e+01
    endloop
  endfacet
  facet normal 9.973494e-01 -2.989720e-04 7.276056e-02
    outer loop
      vertex   9.987688e+01 2.999500e+01 6.156434e+01
      vertex   1.000000e+02 5.999000e+01 6.000000e+01
      vertex   9.989494e+01 5.874901e+01 6.143505e+01
    endloop
  endfacet
  facet normal 9.760911e-01 3.646060e-04 2.173614e-01
    outer loop
      vertex   9.987688e+01 2.999500e+01 6.156434e+01
      vertex   9.989494e+01 5.874901e+01 6.143505e+01
      vertex   9.956754e+01 5.748308e+01 6.290741e+01
    endloop
  endfacet
  facet normal 9.723698e-01 -4.631338e-04 2.334453e-01
    outer loop
      vertex   9.987688e+01 2.999500e+01 6.156434e+01
      vertex   9.956754e+01 5.748308e+01 6.290741e+01
      vertex   9.951057e+01 2.999500e+01 6.309017e+01
    endloop
  endfacet
  facet normal 9.310702e-01 4.960760e-04 3.648397e-01
    outer loop
      vertex   9.951057e+01 2.999500e+01 6.309017e+01
      vertex   9.956754e+01 5.748308e+01 6.290741e+01
      vertex   9.900111e+01 5.625465e+01 6.435459e+01
    endloop
  endfacet
  facet normal 9.238794e-01 -5.026180e-04 3.826834e-01
    outer loop
      vertex   9.951057e+01 2.999500e+01 6.309017e+01
      vertex   9.900111e+01 5.625465e+01 6.435459e+01
      vertex   9.891007e+01 2.999500e+01 6.453990e+01
    endloop
  endfacet
  facet normal 8.626292e-01 5.788318e-04 5.058365e-01
    outer loop
      vertex   9.891007e+01 2.999500e+01 6.453990e+01
      vertex   9.900111e+01 5.625465e+01 6.435459e+01
      vertex   9.820150e+01 5.512267e+01 6.571951e+01
    endloop
  endfacet
  facet normal 8.526401e-01 -4.850373e-04 5.224985e-01
    outer loop
      vertex   9.891007e+01 2.999500e+01 6.453990e+01
      vertex   9.820150e+01 5.512267e+01 6.571951e+01
      vertex   9.809017e+01 2.999500e+01 6.587785e+01
    endloop
  endfacet
  facet normal 7.973957e-01 2.698761e-04 6.034568e-01
    outer loop
      vertex   9.809017e+01 2.999500e+01 6.587785e+01
      vertex   9.820150e+01 5.512267e+01 6.571951e+01
      vertex   9.772119e+01 5.461038e+01 6.635441e+01
    endloop
  endfacet
  facet normal 7.604054e-01 -1.175000e-03 6.494476e-01
    outer loop
      vertex   9.809017e+01 2.999500e+01 6.587785e+01
      vertex   9.772119e+01 5.461038e+01 6.635441e+01
      vertex   9.707107e+01 2.999500e+01 6.707107e+01
    endloop
  endfacet
  facet normal 7.460530e-01 -3.173360e-04 6.658864e-01
    outer loop
      vertex   9.707107e+01 2.999500e+01 6.707107e+01
      vertex   9.772119e+01 5.461038e+01 6.635441e+01
      vertex   9.718637e+01 5.413959e+01 6.695339e+01
    endloop
  endfacet
  facet normal 6.874954e-01 2.562042e-04 7.261886e-01
    outer loop
      vertex   9.707107e+01 2.999500e+01 6.707107e+01
      vertex   9.718637e+01 5.413959e+01 6.695339e+01
      vertex   9.656918e+01 5.369673e+01 6.753785e+01
    endloop
  endfacet
  facet normal 6.492895e-01 -1.229336e-03 7.605404e-01
    outer loop
      vertex   9.707107e+01 2.999500e+01 6.707107e+01
      vertex   9.656918e+01 5.369673e+01 6.753785e+01
      vertex   9.587449e+01 2.999500e+01 6.809261e+01
    endloop
  endfacet
  facet normal 6.232452e-01 3.692053e-05 7.820265e-01
    outer loop
      vertex   9.587449e+01 2.999500e+01 6.809261e+01
      vertex   9.656918e+01 5.369673e+01 6.753785e+01
      vertex   9.587145e+01 5.329737e+01 6.809393e+01
    endloop
  endfacet
  facet normal 5.497925e-01 2.434255e-05 8.353013e-01
    outer loop
      vertex   9.587449e+01 2.999500e+01 6.809261e+01
      vertex   9.587145e+01 5.329737e+01 6.809393e+01
      vertex   9.510167e+01 5.296281e+01 6.860061e+01
    endloop
  endfacet
  facet normal 5.223209e-01 -1.285898e-03 8.527481e-01
    outer loop
      vertex   9.587449e+01 2.999500e+01 6.809261e+01
      vertex   9.510167e+01 5.296281e+01 6.860061e+01
      vertex   9.453990e+01 2.999500e+01 6.891007e+01
    endloop
  endfacet
  facet normal 4.677285e-01 4.687225e-04 8.838721e-01
    outer loop
      vertex   9.453990e+01 2.999500e+01 6.891007e+01
      vertex   9.510167e+01 5.296281e+01 6.860061e+01
      vertex   9.427140e+01 5.271169e+01 6.904011e+01
    endloop
  endfacet
  facet normal 3.844661e-01 -7.402151e-04 9.231388e-01
    outer loop
      vertex   9.453990e+01 2.999500e+01 6.891007e+01
      vertex   9.427140e+01 5.271169e+01 6.904011e+01
      vertex   9.340046e+01 5.255442e+01 6.940271e+01
    endloop
  endfacet
  facet normal 3.826833e-01 -8.464281e-04 9.238792e-01
    outer loop
      vertex   9.453990e+01 2.999500e+01 6.891007e+01
      vertex   9.340046e+01 5.255442e+01 6.940271e+01
      vertex   9.309017e+01 2.999500e+01 6.951057e+01
    endloop
  endfacet
  facet normal 2.971687e-01 4.777197e-04 9.548249e-01
    outer loop
      vertex   9.309017e+01 2.999500e+01 6.951057e+01
      vertex   9.340046e+01 5.255442e+01 6.940271e+01
      vertex   9.251000e+01 5.250000e+01 6.967987e+01
    endloop
  endfacet
  facet normal 2.506667e-01 -8.207527e-04 9.680731e-01
    outer loop
      vertex   9.309017e+01 2.999500e+01 6.951057e+01
      vertex   9.251000e+01 5.250000e+01 6.967987e+01
      vertex   9.250333e+01 5.250000e+01 6.968160e+01
    endloop
  endfacet
  facet normal 2.500000e-01 -8.394449e-04 9.682455e-01
    outer loop
      vertex   9.250333e+01 5.250000e+01 6.968160e+01
      vertex   9.249667e+01 5.250000e+01 6.968332e+01
      vertex   9.309017e+01 2.999500e+01 6.951057e+01
    endloop
  endfacet
  facet normal 2.493333e-01 -8.583474e-04 9.684173e-01
    outer loop
      vertex   9.309017e+01 2.999500e+01 6.951057e+01
      vertex   9.249667e+01 5.250000e+01 6.968332e+01
      vertex   9.249000e+01 5.250000e+01 6.968503e+01
    endloop
  endfacet
  facet normal 2.334452e-01 -1.312693e-03 9.723691e-01
    outer loop
      vertex   9.309017e+01 2.999500e+01 6.951057e+01
      vertex   9.249000e+01 5.250000e+01 6.968503e+01
      vertex   9.156434e+01 2.999500e+01 6.987688e+01
    endloop
  endfacet
  facet normal 1.863960e-01 7.086351e-04 9.824744e-01
    outer loop
      vertex   9.156434e+01 2.999500e+01 6.987688e+01
      vertex   9.249000e+01 5.250000e+01 6.968503e+01
      vertex   9.125132e+01 5.260459e+01 6.991996e+01
    endloop
  endfacet
  facet normal 7.845373e-02 -1.169297e-02 9.968492e-01
    outer loop
      vertex   9.156434e+01 1.100000e+02 6.987688e+01
      vertex   9.147712e+01 1.102623e+02 6.988682e+01
      vertex   9.000000e+01 1.100000e+02 7.000000e+01
    endloop
  endfacet
  facet normal 6.281134e-02 7.566188e-02 9.951533e-01
    outer loop
      vertex   9.000000e+01 1.100000e+02 7.000000e+01
      vertex   9.147712e+01 1.102623e+02 6.988682e+01
      vertex   9.086080e+01 1.117037e+02 6.981614e+01
    endloop
  endfacet
  facet normal 5.755644e-02 7.832903e-02 9.952647e-01
    outer loop
      vertex   9.000000e+01 1.100000e+02 7.000000e+01
      vertex   9.086080e+01 1.117037e+02 6.981614e+01
      vertex   9.000000e+01 1.115643e+02 6.987688e+01
    endloop
  endfacet
  facet normal 3.118935e-02 2.312777e-01 9.723877e-01
    outer loop
      vertex   9.000000e+01 1.115643e+02 6.987688e+01
      vertex   9.086080e+01 1.117037e+02 6.981614e+01
      vertex   9.022328e+01 1.131031e+02 6.950375e+01
    endloop
  endfacet
  facet normal 1.621950e-02 2.334147e-01 9.722420e-01
    outer loop
      vertex   9.000000e+01 1.115643e+02 6.987688e+01
      vertex   9.022328e+01 1.131031e+02 6.950375e+01
      vertex   9.000000e+01 1.130902e+02 6.951057e+01
    endloop
  endfacet
  facet normal 6.131963e-03 3.826762e-01 9.238622e-01
    outer loop
      vertex   9.000000e+01 1.130902e+02 6.951057e+01
      vertex   9.022328e+01 1.131031e+02 6.950375e+01
      vertex   9.000000e+01 1.145399e+02 6.891007e+01
    endloop
  endfacet
  facet normal 7.141065e-02 3.903531e-01 9.178916e-01
    outer loop
      vertex   9.000000e+01 1.145399e+02 6.891007e+01
      vertex   9.022328e+01 1.131031e+02 6.950375e+01
      vertex   9.167593e+01 1.136554e+02 6.915583e+01
    endloop
  endfacet
  facet normal 8.662940e-02 4.157085e-01 9.053628e-01
    outer loop
      vertex   9.000000e+01 1.145399e+02 6.891007e+01
      vertex   9.167593e+01 1.136554e+02 6.915583e+01
      vertex   9.104804e+01 1.149842e+02 6.860580e+01
    endloop
  endfacet
  facet normal 2.089408e-01 4.566914e-01 8.647409e-01
    outer loop
      vertex   9.104804e+01 1.149842e+02 6.860580e+01
      vertex   9.167593e+01 1.136554e+02 6.915583e+01
      vertex   9.248731e+01 1.154159e+02 6.803002e+01
    endloop
  endfacet
  facet normal 1.447253e-01 5.833680e-01 7.992098e-01
    outer loop
      vertex   9.104804e+01 1.149842e+02 6.860580e+01
      vertex   9.248731e+01 1.154159e+02 6.803002e+01
      vertex   9.181300e+01 1.166157e+02 6.727634e+01
    endloop
  endfacet
  facet normal 2.852483e-01 6.196355e-01 7.312217e-01
    outer loop
      vertex   9.181300e+01 1.166157e+02 6.727634e+01
      vertex   9.248731e+01 1.154159e+02 6.803002e+01
      vertex   9.316683e+01 1.169057e+02 6.650248e+01
    endloop
  endfacet
  facet normal 2.137582e-01 7.310988e-01 6.479213e-01
    outer loop
      vertex   9.181300e+01 1.166157e+02 6.727634e+01
      vertex   9.316683e+01 1.169057e+02 6.650248e+01
      vertex   9.239487e+01 1.179313e+02 6.559992e+01
    endloop
  endfacet
  facet normal 3.424317e-01 7.526555e-01 5.623612e-01
    outer loop
      vertex   9.239487e+01 1.179313e+02 6.559992e+01
      vertex   9.316683e+01 1.169057e+02 6.650248e+01
      vertex   9.359971e+01 1.180724e+02 6.467737e+01
    endloop
  endfacet
  facet normal 2.590189e-01 8.451517e-01 4.675765e-01
    outer loop
      vertex   9.239487e+01 1.179313e+02 6.559992e+01
      vertex   9.359971e+01 1.180724e+02 6.467737e+01
      vertex   9.269002e+01 1.188935e+02 6.369723e+01
    endloop
  endfacet
  facet normal 3.701711e-01 8.520251e-01 3.701711e-01
    outer loop
      vertex   9.269002e+01 1.188935e+02 6.369723e+01
      vertex   9.359971e+01 1.180724e+02 6.467737e+01
      vertex   9.369723e+01 1.188935e+02 6.269002e+01
    endloop
  endfacet
  facet normal 2.715544e-01 9.233182e-01 2.715544e-01
    outer loop
      vertex   9.269002e+01 1.188935e+02 6.369723e+01
      vertex   9.369723e+01 1.188935e+02 6.269002e+01
      vertex   9.262606e+01 1.194956e+02 6.171410e+01
    endloop
  endfacet
  facet normal 3.612561e-01 9.169884e-01 1.691932e-01
    outer loop
      vertex   9.262606e+01 1.194956e+02 6.171410e+01
      vertex   9.369723e+01 1.188935e+02 6.269002e+01
      vertex   9.340676e+01 1.193761e+02 6.069450e+01
    endloop
  endfacet
  facet normal 2.459645e-01 9.663628e-01 7.512976e-02
    outer loop
      vertex   9.262606e+01 1.194956e+02 6.171410e+01
      vertex   9.340676e+01 1.193761e+02 6.069450e+01
      vertex   9.149022e+01 1.198638e+02 6.069596e+01
    endloop
  endfacet
  facet normal 2.463961e-01 9.681507e-01 4.441980e-02
    outer loop
      vertex   9.149022e+01 1.198638e+02 6.069596e+01
      vertex   9.340676e+01 1.193761e+02 6.069450e+01
      vertex   9.156434e+01 1.198769e+02 6.000000e+01
    endloop
  endfacet
  facet normal 7.843036e-02 9.965522e-01 2.706369e-02
    outer loop
      vertex   9.149022e+01 1.198638e+02 6.069596e+01
      vertex   9.156434e+01 1.198769e+02 6.000000e+01
      vertex   9.000000e+01 1.200000e+02 6.000000e+01
    endloop
  endfacet
  facet normal 2.197553e-01 3.612496e-02 9.748859e-01
    outer loop
      vertex   9.147712e+01 1.102623e+02 6.988682e+01
      vertex   9.156434e+01 1.100000e+02 6.987688e+01
      vertex   9.279348e+01 1.107628e+02 6.957155e+01
    endloop
  endfacet
  facet normal 2.334255e-01 1.305871e-02 9.722870e-01
    outer loop
      vertex   9.279348e+01 1.107628e+02 6.957155e+01
      vertex   9.156434e+01 1.100000e+02 6.987688e+01
      vertex   9.309017e+01 1.100000e+02 6.951057e+01
    endloop
  endfacet
  facet normal 3.542841e-01 6.320495e-02 9.329994e-01
    outer loop
      vertex   9.279348e+01 1.107628e+02 6.957155e+01
      vertex   9.309017e+01 1.100000e+02 6.951057e+01
      vertex   9.408427e+01 1.111501e+02 6.905517e+01
    endloop
  endfacet
  facet normal 3.824486e-01 3.502391e-02 9.233127e-01
    outer loop
      vertex   9.408427e+01 1.111501e+02 6.905517e+01
      vertex   9.309017e+01 1.100000e+02 6.951057e+01
      vertex   9.453990e+01 1.100000e+02 6.891007e+01
    endloop
  endfacet
  facet normal 4.815576e-01 8.067620e-02 8.726933e-01
    outer loop
      vertex   9.408427e+01 1.111501e+02 6.905517e+01
      vertex   9.453990e+01 1.100000e+02 6.891007e+01
      vertex   9.531607e+01 1.114139e+02 6.835106e+01
    endloop
  endfacet
  facet normal 5.218395e-01 5.020974e-02 8.515647e-01
    outer loop
      vertex   9.531607e+01 1.114139e+02 6.835106e+01
      vertex   9.453990e+01 1.100000e+02 6.891007e+01
      vertex   9.587785e+01 1.100000e+02 6.809017e+01
    endloop
  endfacet
  facet normal 5.986822e-01 9.103143e-02 7.957970e-01
    outer loop
      vertex   9.531607e+01 1.114139e+02 6.835106e+01
      vertex   9.587785e+01 1.100000e+02 6.809017e+01
      vertex   9.645699e+01 1.115476e+02 6.747746e+01
    endloop
  endfacet
  facet normal 6.483576e-01 5.792408e-02 7.591292e-01
    outer loop
      vertex   9.645699e+01 1.115476e+02 6.747746e+01
      vertex   9.587785e+01 1.100000e+02 6.809017e+01
      vertex   9.707107e+01 1.100000e+02 6.707107e+01
    endloop
  endfacet
  facet normal 7.039442e-01 9.447291e-02 7.039442e-01
    outer loop
      vertex   9.645699e+01 1.115476e+02 6.747746e+01
      vertex   9.707107e+01 1.100000e+02 6.707107e+01
      vertex   9.747746e+01 1.115476e+02 6.645699e+01
    endloop
  endfacet
  facet normal 7.591292e-01 5.792408e-02 6.483576e-01
    outer loop
      vertex   9.747746e+01 1.115476e+02 6.645699e+01
      vertex   9.707107e+01 1.100000e+02 6.707107e+01
      vertex   9.809017e+01 1.100000e+02 6.587785e+01
    endloop
  endfacet
  facet normal 7.957970e-01 9.103143e-02 5.986822e-01
    outer loop
      vertex   9.747746e+01 1.115476e+02 6.645699e+01
      vertex   9.809017e+01 1.100000e+02 6.587785e+01
      vertex   9.835106e+01 1.114139e+02 6.531607e+01
    endloop
  endfacet
  facet normal 8.515647e-01 5.020974e-02 5.218395e-01
    outer loop
      vertex   9.835106e+01 1.114139e+02 6.531607e+01
      vertex   9.809017e+01 1.100000e+02 6.587785e+01
      vertex   9.891007e+01 1.100000e+02 6.453990e+01
    endloop
  endfacet
  facet normal 8.726933e-01 8.067620e-02 4.815576e-01
    outer loop
      vertex   9.835106e+01 1.114139e+02 6.531607e+01
      vertex   9.891007e+01 1.100000e+02 6.453990e+01
      vertex   9.905517e+01 1.111501e+02 6.408427e+01
    endloop
  endfacet
  facet normal 9.233127e-01 3.502391e-02 3.824486e-01
    outer loop
      vertex   9.905517e+01 1.111501e+02 6.408427e+01
      vertex   9.891007e+01 1.100000e+02 6.453990e+01
      vertex   9.951057e+01 1.100000e+02 6.309017e+01
    endloop
  endfacet
  facet normal 9.329994e-01 6.320495e-02 3.542841e-01
    outer loop
      vertex   9.905517e+01 1.111501e+02 6.408427e+01
      vertex   9.951057e+01 1.100000e+02 6.309017e+01
      vertex   9.957155e+01 1.107628e+02 6.279348e+01
    endloop
  endfacet
  facet normal 9.722870e-01 1.305871e-02 2.334255e-01
    outer loop
      vertex   9.957155e+01 1.107628e+02 6.279348e+01
      vertex   9.951057e+01 1.100000e+02 6.309017e+01
      vertex   9.987688e+01 1.100000e+02 6.156434e+01
    endloop
  endfacet
  facet normal 9.748859e-01 3.612496e-02 2.197553e-01
    outer loop
      vertex   9.957155e+01 1.107628e+02 6.279348e+01
      vertex   9.987688e+01 1.100000e+02 6.156434e+01
      vertex   9.988682e+01 1.102623e+02 6.147712e+01
    endloop
  endfacet
  facet normal 9.968492e-01 -1.169297e-02 7.845373e-02
    outer loop
      vertex   9.988682e+01 1.102623e+02 6.147712e+01
      vertex   9.987688e+01 1.100000e+02 6.156434e+01
      vertex   1.000000e+02 1.100000e+02 6.000000e+01
    endloop
  endfacet
  facet normal 9.951533e-01 7.566188e-02 6.281134e-02
    outer loop
      vertex   9.988682e+01 1.102623e+02 6.147712e+01
      vertex   1.000000e+02 1.100000e+02 6.000000e+01
      vertex   9.981614e+01 1.117037e+02 6.086080e+01
    endloop
  endfacet
  facet normal 9.952647e-01 7.832903e-02 5.755644e-02
    outer loop
      vertex   9.981614e+01 1.117037e+02 6.086080e+01
      vertex   1.000000e+02 1.100000e+02 6.000000e+01
      vertex   9.987688e+01 1.115643e+02 6.000000e+01
    endloop
  endfacet
  facet normal 9.723877e-01 2.312777e-01 3.118935e-02
    outer loop
      vertex   9.981614e+01 1.117037e+02 6.086080e+01
      vertex   9.987688e+01 1.115643e+02 6.000000e+01
      vertex   9.950375e+01 1.131031e+02 6.022328e+01
    endloop
  endfacet
  facet normal 9.722420e-01 2.334147e-01 1.621950e-02
    outer loop
      vertex   9.950375e+01 1.131031e+02 6.022328e+01
      vertex   9.987688e+01 1.115643e+02 6.000000e+01
      vertex   9.951057e+01 1.130902e+02 6.000000e+01
    endloop
  endfacet
  facet normal 9.238622e-01 3.826762e-01 6.131963e-03
    outer loop
      vertex   9.950375e+01 1.131031e+02 6.022328e+01
      vertex   9.951057e+01 1.130902e+02 6.000000e+01
      vertex   9.891007e+01 1.145399e+02 6.000000e+01
    endloop
  endfacet
  facet normal 8.523509e-01 5.223213e-01 2.604694e-02
    outer loop
      vertex   9.809017e+01 1.158779e+02 6.000000e+01
      vertex   9.860580e+01 1.149842e+02 6.104804e+01
      vertex   9.891007e+01 1.145399e+02 6.000000e+01
    endloop
  endfacet
  facet normal 9.053628e-01 4.157085e-01 8.662940e-02
    outer loop
      vertex   9.891007e+01 1.145399e+02 6.000000e+01
      vertex   9.860580e+01 1.149842e+02 6.104804e+01
      vertex   9.915583e+01 1.136554e+02 6.167593e+01
    endloop
  endfacet
  facet normal 9.178916e-01 3.903531e-01 7.141065e-02
    outer loop
      vertex   9.891007e+01 1.145399e+02 6.000000e+01
      vertex   9.915583e+01 1.136554e+02 6.167593e+01
      vertex   9.950375e+01 1.131031e+02 6.022328e+01
    endloop
  endfacet
  facet normal 9.544987e-01 2.703842e-01 1.257961e-01
    outer loop
      vertex   9.950375e+01 1.131031e+02 6.022328e+01
      vertex   9.915583e+01 1.136554e+02 6.167593e+01
      vertex   9.948041e+01 1.122367e+02 6.226256e+01
    endloop
  endfacet
  facet normal 9.544987e-01 2.703842e-01 1.257961e-01
    outer loop
      vertex   9.950375e+01 1.131031e+02 6.022328e+01
      vertex   9.948041e+01 1.122367e+02 6.226256e+01
      vertex   9.981614e+01 1.117037e+02 6.086080e+01
    endloop
  endfacet
  facet normal 9.744812e-01 1.269489e-01 1.851228e-01
    outer loop
      vertex   9.981614e+01 1.117037e+02 6.086080e+01
      vertex   9.948041e+01 1.122367e+02 6.226256e+01
      vertex   9.957155e+01 1.107628e+02 6.279348e+01
    endloop
  endfacet
  facet normal 9.744812e-01 1.269489e-01 1.851228e-01
    outer loop
      vertex   9.981614e+01 1.117037e+02 6.086080e+01
      vertex   9.957155e+01 1.107628e+02 6.279348e+01
      vertex   9.988682e+01 1.102623e+02 6.147712e+01
    endloop
  endfacet
  facet normal 8.252244e-01 5.602328e-01 7.172155e-02
    outer loop
      vertex   9.860580e+01 1.149842e+02 6.104804e+01
      vertex   9.809017e+01 1.158779e+02 6.000000e+01
      vertex   9.784387e+01 1.161902e+02 6.039433e+01
    endloop
  endfacet
  facet normal 7.598157e-01 6.489439e-01 -3.939291e-02
    outer loop
      vertex   9.784387e+01 1.161902e+02 6.039433e+01
      vertex   9.809017e+01 1.158779e+02 6.000000e+01
      vertex   9.707107e+01 1.170711e+02 6.000000e+01
    endloop
  endfacet
  facet normal 7.289565e-01 6.788845e-01 8.796795e-02
    outer loop
      vertex   9.784387e+01 1.161902e+02 6.039433e+01
      vertex   9.707107e+01 1.170711e+02 6.000000e+01
      vertex   9.727634e+01 1.166157e+02 6.181300e+01
    endloop
  endfacet
  facet normal 7.058394e-01 7.017904e-01 9.633808e-02
    outer loop
      vertex   9.727634e+01 1.166157e+02 6.181300e+01
      vertex   9.707107e+01 1.170711e+02 6.000000e+01
      vertex   9.634348e+01 1.176527e+02 6.109404e+01
    endloop
  endfacet
  facet normal 6.479213e-01 7.310988e-01 2.137582e-01
    outer loop
      vertex   9.727634e+01 1.166157e+02 6.181300e+01
      vertex   9.634348e+01 1.176527e+02 6.109404e+01
      vertex   9.650248e+01 1.169057e+02 6.316683e+01
    endloop
  endfacet
  facet normal 6.479213e-01 7.310988e-01 2.137582e-01
    outer loop
      vertex   9.650248e+01 1.169057e+02 6.316683e+01
      vertex   9.634348e+01 1.176527e+02 6.109404e+01
      vertex   9.559992e+01 1.179313e+02 6.239487e+01
    endloop
  endfacet
  facet normal 5.623612e-01 7.526555e-01 3.424317e-01
    outer loop
      vertex   9.650248e+01 1.169057e+02 6.316683e+01
      vertex   9.559992e+01 1.179313e+02 6.239487e+01
      vertex   9.554233e+01 1.170526e+02 6.442077e+01
    endloop
  endfacet
  facet normal 5.623612e-01 7.526555e-01 3.424317e-01
    outer loop
      vertex   9.554233e+01 1.170526e+02 6.442077e+01
      vertex   9.559992e+01 1.179313e+02 6.239487e+01
      vertex   9.467737e+01 1.180724e+02 6.359971e+01
    endloop
  endfacet
  facet normal 4.596446e-01 7.599037e-01 4.596446e-01
    outer loop
      vertex   9.554233e+01 1.170526e+02 6.442077e+01
      vertex   9.467737e+01 1.180724e+02 6.359971e+01
      vertex   9.442077e+01 1.170526e+02 6.554233e+01
    endloop
  endfacet
  facet normal 4.596446e-01 7.599037e-01 4.596446e-01
    outer loop
      vertex   9.442077e+01 1.170526e+02 6.554233e+01
      vertex   9.467737e+01 1.180724e+02 6.359971e+01
      vertex   9.359971e+01 1.180724e+02 6.467737e+01
    endloop
  endfacet
  facet normal 3.424317e-01 7.526555e-01 5.623612e-01
    outer loop
      vertex   9.442077e+01 1.170526e+02 6.554233e+01
      vertex   9.359971e+01 1.180724e+02 6.467737e+01
      vertex   9.316683e+01 1.169057e+02 6.650248e+01
    endloop
  endfacet
  facet normal 6.491995e-01 7.601149e-01 2.766481e-02
    outer loop
      vertex   9.707107e+01 1.170711e+02 6.000000e+01
      vertex   9.587785e+01 1.180902e+02 6.000000e+01
      vertex   9.634348e+01 1.176527e+02 6.109404e+01
    endloop
  endfacet
  facet normal 5.788121e-01 8.116979e-01 7.824995e-02
    outer loop
      vertex   9.634348e+01 1.176527e+02 6.109404e+01
      vertex   9.587785e+01 1.180902e+02 6.000000e+01
      vertex   9.525443e+01 1.185012e+02 6.034815e+01
    endloop
  endfacet
  facet normal 5.487126e-01 8.247096e-01 1.369986e-01
    outer loop
      vertex   9.634348e+01 1.176527e+02 6.109404e+01
      vertex   9.525443e+01 1.185012e+02 6.034815e+01
      vertex   9.559992e+01 1.179313e+02 6.239487e+01
    endloop
  endfacet
  facet normal 5.487126e-01 8.247096e-01 1.369986e-01
    outer loop
      vertex   9.559992e+01 1.179313e+02 6.239487e+01
      vertex   9.525443e+01 1.185012e+02 6.034815e+01
      vertex   9.455948e+01 1.187616e+02 6.156394e+01
    endloop
  endfacet
  facet normal 4.675765e-01 8.451517e-01 2.590189e-01
    outer loop
      vertex   9.559992e+01 1.179313e+02 6.239487e+01
      vertex   9.455948e+01 1.187616e+02 6.156394e+01
      vertex   9.467737e+01 1.180724e+02 6.359971e+01
    endloop
  endfacet
  facet normal 4.675765e-01 8.451517e-01 2.590189e-01
    outer loop
      vertex   9.467737e+01 1.180724e+02 6.359971e+01
      vertex   9.455948e+01 1.187616e+02 6.156394e+01
      vertex   9.369723e+01 1.188935e+02 6.269002e+01
    endloop
  endfacet
  facet normal 3.701711e-01 8.520251e-01 3.701711e-01
    outer loop
      vertex   9.467737e+01 1.180724e+02 6.359971e+01
      vertex   9.369723e+01 1.188935e+02 6.269002e+01
      vertex   9.359971e+01 1.180724e+02 6.467737e+01
    endloop
  endfacet
  facet normal 5.211895e-01 8.505040e-01 -7.074270e-02
    outer loop
      vertex   9.587785e+01 1.180902e+02 6.000000e+01
      vertex   9.453990e+01 1.189101e+02 6.000000e+01
      vertex   9.525443e+01 1.185012e+02 6.034815e+01
    endloop
  endfacet
  facet normal 4.663497e-01 8.811703e-01 7.782572e-02
    outer loop
      vertex   9.525443e+01 1.185012e+02 6.034815e+01
      vertex   9.453990e+01 1.189101e+02 6.000000e+01
      vertex   9.455948e+01 1.187616e+02 6.156394e+01
    endloop
  endfacet
  facet normal 4.209528e-01 9.035022e-01 8.051415e-02
    outer loop
      vertex   9.455948e+01 1.187616e+02 6.156394e+01
      vertex   9.453990e+01 1.189101e+02 6.000000e+01
      vertex   9.340676e+01 1.193761e+02 6.069450e+01
    endloop
  endfacet
  facet normal 3.826797e-01 9.238706e-01 4.400188e-03
    outer loop
      vertex   9.340676e+01 1.193761e+02 6.069450e+01
      vertex   9.453990e+01 1.189101e+02 6.000000e+01
      vertex   9.309017e+01 1.195106e+02 6.000000e+01
    endloop
  endfacet
  facet normal 2.326679e-01 9.691315e-01 8.154597e-02
    outer loop
      vertex   9.340676e+01 1.193761e+02 6.069450e+01
      vertex   9.309017e+01 1.195106e+02 6.000000e+01
      vertex   9.156434e+01 1.198769e+02 6.000000e+01
    endloop
  endfacet
  facet normal 6.205242e-02 9.961421e-01 6.205242e-02
    outer loop
      vertex   9.149022e+01 1.198638e+02 6.069596e+01
      vertex   9.000000e+01 1.200000e+02 6.000000e+01
      vertex   9.069596e+01 1.198638e+02 6.149022e+01
    endloop
  endfacet
  facet normal 2.706369e-02 9.965522e-01 7.843036e-02
    outer loop
      vertex   9.069596e+01 1.198638e+02 6.149022e+01
      vertex   9.000000e+01 1.200000e+02 6.000000e+01
      vertex   9.000000e+01 1.198769e+02 6.156434e+01
    endloop
  endfacet
  facet normal 4.307966e-02 9.714672e-01 2.332286e-01
    outer loop
      vertex   9.069596e+01 1.198638e+02 6.149022e+01
      vertex   9.000000e+01 1.198769e+02 6.156434e+01
      vertex   9.000000e+01 1.195106e+02 6.309017e+01
    endloop
  endfacet
  facet normal 4.400188e-03 9.238706e-01 3.826797e-01
    outer loop
      vertex   9.000000e+01 1.189101e+02 6.453990e+01
      vertex   9.069450e+01 1.193761e+02 6.340676e+01
      vertex   9.000000e+01 1.195106e+02 6.309017e+01
    endloop
  endfacet
  facet normal 7.501959e-02 9.664062e-01 2.458273e-01
    outer loop
      vertex   9.000000e+01 1.195106e+02 6.309017e+01
      vertex   9.069450e+01 1.193761e+02 6.340676e+01
      vertex   9.171410e+01 1.194956e+02 6.262606e+01
    endloop
  endfacet
  facet normal 7.507006e-02 9.663545e-01 2.460153e-01
    outer loop
      vertex   9.000000e+01 1.195106e+02 6.309017e+01
      vertex   9.171410e+01 1.194956e+02 6.262606e+01
      vertex   9.069596e+01 1.198638e+02 6.149022e+01
    endloop
  endfacet
  facet normal 1.661773e-01 9.719929e-01 1.661773e-01
    outer loop
      vertex   9.069596e+01 1.198638e+02 6.149022e+01
      vertex   9.171410e+01 1.194956e+02 6.262606e+01
      vertex   9.149022e+01 1.198638e+02 6.069596e+01
    endloop
  endfacet
  facet normal -7.074270e-02 8.505040e-01 5.211895e-01
    outer loop
      vertex   9.000000e+01 1.180902e+02 6.587785e+01
      vertex   9.034815e+01 1.185012e+02 6.525443e+01
      vertex   9.000000e+01 1.189101e+02 6.453990e+01
    endloop
  endfacet
  facet normal 7.782572e-02 8.811703e-01 4.663497e-01
    outer loop
      vertex   9.000000e+01 1.189101e+02 6.453990e+01
      vertex   9.034815e+01 1.185012e+02 6.525443e+01
      vertex   9.156394e+01 1.187616e+02 6.455948e+01
    endloop
  endfacet
  facet normal 8.051415e-02 9.035022e-01 4.209528e-01
    outer loop
      vertex   9.000000e+01 1.189101e+02 6.453990e+01
      vertex   9.156394e+01 1.187616e+02 6.455948e+01
      vertex   9.069450e+01 1.193761e+02 6.340676e+01
    endloop
  endfacet
  facet normal 1.691932e-01 9.169884e-01 3.612561e-01
    outer loop
      vertex   9.069450e+01 1.193761e+02 6.340676e+01
      vertex   9.156394e+01 1.187616e+02 6.455948e+01
      vertex   9.171410e+01 1.194956e+02 6.262606e+01
    endloop
  endfacet
  facet normal 7.824995e-02 8.116979e-01 5.788121e-01
    outer loop
      vertex   9.034815e+01 1.185012e+02 6.525443e+01
      vertex   9.000000e+01 1.180902e+02 6.587785e+01
      vertex   9.109404e+01 1.176527e+02 6.634348e+01
    endloop
  endfacet
  facet normal 2.766481e-02 7.601149e-01 6.491995e-01
    outer loop
      vertex   9.109404e+01 1.176527e+02 6.634348e+01
      vertex   9.000000e+01 1.180902e+02 6.587785e+01
      vertex   9.000000e+01 1.170711e+02 6.707107e+01
    endloop
  endfacet
  facet normal 9.633808e-02 7.017904e-01 7.058394e-01
    outer loop
      vertex   9.109404e+01 1.176527e+02 6.634348e+01
      vertex   9.000000e+01 1.170711e+02 6.707107e+01
      vertex   9.181300e+01 1.166157e+02 6.727634e+01
    endloop
  endfacet
  facet normal 8.796795e-02 6.788845e-01 7.289565e-01
    outer loop
      vertex   9.181300e+01 1.166157e+02 6.727634e+01
      vertex   9.000000e+01 1.170711e+02 6.707107e+01
      vertex   9.039433e+01 1.161902e+02 6.784387e+01
    endloop
  endfacet
  facet normal 1.447253e-01 5.833680e-01 7.992098e-01
    outer loop
      vertex   9.181300e+01 1.166157e+02 6.727634e+01
      vertex   9.039433e+01 1.161902e+02 6.784387e+01
      vertex   9.104804e+01 1.149842e+02 6.860580e+01
    endloop
  endfacet
  facet normal 7.172155e-02 5.602328e-01 8.252244e-01
    outer loop
      vertex   9.104804e+01 1.149842e+02 6.860580e+01
      vertex   9.039433e+01 1.161902e+02 6.784387e+01
      vertex   9.000000e+01 1.158779e+02 6.809017e+01
    endloop
  endfacet
  facet normal 2.604694e-02 5.223213e-01 8.523509e-01
    outer loop
      vertex   9.104804e+01 1.149842e+02 6.860580e+01
      vertex   9.000000e+01 1.158779e+02 6.809017e+01
      vertex   9.000000e+01 1.145399e+02 6.891007e+01
    endloop
  endfacet
  facet normal -3.939291e-02 6.489439e-01 7.598157e-01
    outer loop
      vertex   9.000000e+01 1.170711e+02 6.707107e+01
      vertex   9.000000e+01 1.158779e+02 6.809017e+01
      vertex   9.039433e+01 1.161902e+02 6.784387e+01
    endloop
  endfacet
  facet normal 1.257961e-01 2.703842e-01 9.544987e-01
    outer loop
      vertex   9.167593e+01 1.136554e+02 6.915583e+01
      vertex   9.022328e+01 1.131031e+02 6.950375e+01
      vertex   9.086080e+01 1.117037e+02 6.981614e+01
    endloop
  endfacet
  facet normal 1.851228e-01 1.269489e-01 9.744812e-01
    outer loop
      vertex   9.086080e+01 1.117037e+02 6.981614e+01
      vertex   9.147712e+01 1.102623e+02 6.988682e+01
      vertex   9.226256e+01 1.122367e+02 6.948041e+01
    endloop
  endfacet
  facet normal 1.851228e-01 1.269489e-01 9.744812e-01
    outer loop
      vertex   9.226256e+01 1.122367e+02 6.948041e+01
      vertex   9.147712e+01 1.102623e+02 6.988682e+01
      vertex   9.279348e+01 1.107628e+02 6.957155e+01
    endloop
  endfacet
  facet normal 3.206248e-01 1.730880e-01 9.312574e-01
    outer loop
      vertex   9.226256e+01 1.122367e+02 6.948041e+01
      vertex   9.279348e+01 1.107628e+02 6.957155e+01
      vertex   9.363710e+01 1.126490e+02 6.893053e+01
    endloop
  endfacet
  facet normal 3.206248e-01 1.730880e-01 9.312574e-01
    outer loop
      vertex   9.363710e+01 1.126490e+02 6.893053e+01
      vertex   9.279348e+01 1.107628e+02 6.957155e+01
      vertex   9.408427e+01 1.111501e+02 6.905517e+01
    endloop
  endfacet
  facet normal 4.517325e-01 2.069255e-01 8.678246e-01
    outer loop
      vertex   9.363710e+01 1.126490e+02 6.893053e+01
      vertex   9.408427e+01 1.111501e+02 6.905517e+01
      vertex   9.494883e+01 1.129300e+02 6.818073e+01
    endloop
  endfacet
  facet normal 4.517325e-01 2.069255e-01 8.678246e-01
    outer loop
      vertex   9.494883e+01 1.129300e+02 6.818073e+01
      vertex   9.408427e+01 1.111501e+02 6.905517e+01
      vertex   9.531607e+01 1.114139e+02 6.835106e+01
    endloop
  endfacet
  facet normal 5.750503e-01 2.275850e-01 7.858258e-01
    outer loop
      vertex   9.494883e+01 1.129300e+02 6.818073e+01
      vertex   9.531607e+01 1.114139e+02 6.835106e+01
      vertex   9.616377e+01 1.130723e+02 6.725045e+01
    endloop
  endfacet
  facet normal 5.750503e-01 2.275850e-01 7.858258e-01
    outer loop
      vertex   9.616377e+01 1.130723e+02 6.725045e+01
      vertex   9.531607e+01 1.114139e+02 6.835106e+01
      vertex   9.645699e+01 1.115476e+02 6.747746e+01
    endloop
  endfacet
  facet normal 6.873845e-01 2.345315e-01 6.873845e-01
    outer loop
      vertex   9.616377e+01 1.130723e+02 6.725045e+01
      vertex   9.645699e+01 1.115476e+02 6.747746e+01
      vertex   9.725045e+01 1.130723e+02 6.616377e+01
    endloop
  endfacet
  facet normal 6.873845e-01 2.345315e-01 6.873845e-01
    outer loop
      vertex   9.725045e+01 1.130723e+02 6.616377e+01
      vertex   9.645699e+01 1.115476e+02 6.747746e+01
      vertex   9.747746e+01 1.115476e+02 6.645699e+01
    endloop
  endfacet
  facet normal 7.858258e-01 2.275850e-01 5.750503e-01
    outer loop
      vertex   9.725045e+01 1.130723e+02 6.616377e+01
      vertex   9.747746e+01 1.115476e+02 6.645699e+01
      vertex   9.818073e+01 1.129300e+02 6.494883e+01
    endloop
  endfacet
  facet normal 7.858258e-01 2.275850e-01 5.750503e-01
    outer loop
      vertex   9.818073e+01 1.129300e+02 6.494883e+01
      vertex   9.747746e+01 1.115476e+02 6.645699e+01
      vertex   9.835106e+01 1.114139e+02 6.531607e+01
    endloop
  endfacet
  facet normal 8.678246e-01 2.069255e-01 4.517325e-01
    outer loop
      vertex   9.818073e+01 1.129300e+02 6.494883e+01
      vertex   9.835106e+01 1.114139e+02 6.531607e+01
      vertex   9.893053e+01 1.126490e+02 6.363710e+01
    endloop
  endfacet
  facet normal 8.678246e-01 2.069255e-01 4.517325e-01
    outer loop
      vertex   9.893053e+01 1.126490e+02 6.363710e+01
      vertex   9.835106e+01 1.114139e+02 6.531607e+01
      vertex   9.905517e+01 1.111501e+02 6.408427e+01
    endloop
  endfacet
  facet normal 9.312574e-01 1.730880e-01 3.206248e-01
    outer loop
      vertex   9.893053e+01 1.126490e+02 6.363710e+01
      vertex   9.905517e+01 1.111501e+02 6.408427e+01
      vertex   9.948041e+01 1.122367e+02 6.226256e+01
    endloop
  endfacet
  facet normal 9.312574e-01 1.730880e-01 3.206248e-01
    outer loop
      vertex   9.948041e+01 1.122367e+02 6.226256e+01
      vertex   9.905517e+01 1.111501e+02 6.408427e+01
      vertex   9.957155e+01 1.107628e+02 6.279348e+01
    endloop
  endfacet
  facet normal 2.680520e-01 3.188230e-01 9.091205e-01
    outer loop
      vertex   9.363710e+01 1.126490e+02 6.893053e+01
      vertex   9.310038e+01 1.140827e+02 6.858598e+01
      vertex   9.226256e+01 1.122367e+02 6.948041e+01
    endloop
  endfacet
  facet normal 2.680520e-01 3.188230e-01 9.091205e-01
    outer loop
      vertex   9.226256e+01 1.122367e+02 6.948041e+01
      vertex   9.310038e+01 1.140827e+02 6.858598e+01
      vertex   9.167593e+01 1.136554e+02 6.915583e+01
    endloop
  endfacet
  facet normal 1.257961e-01 2.703842e-01 9.544987e-01
    outer loop
      vertex   9.226256e+01 1.122367e+02 6.948041e+01
      vertex   9.167593e+01 1.136554e+02 6.915583e+01
      vertex   9.086080e+01 1.117037e+02 6.981614e+01
    endloop
  endfacet
  facet normal 2.089408e-01 4.566914e-01 8.647409e-01
    outer loop
      vertex   9.167593e+01 1.136554e+02 6.915583e+01
      vertex   9.310038e+01 1.140827e+02 6.858598e+01
      vertex   9.248731e+01 1.154159e+02 6.803002e+01
    endloop
  endfacet
  facet normal 3.497463e-01 4.930317e-01 7.966161e-01
    outer loop
      vertex   9.248731e+01 1.154159e+02 6.803002e+01
      vertex   9.310038e+01 1.140827e+02 6.858598e+01
      vertex   9.386081e+01 1.157101e+02 6.724492e+01
    endloop
  endfacet
  facet normal 2.852483e-01 6.196355e-01 7.312217e-01
    outer loop
      vertex   9.248731e+01 1.154159e+02 6.803002e+01
      vertex   9.386081e+01 1.157101e+02 6.724492e+01
      vertex   9.316683e+01 1.169057e+02 6.650248e+01
    endloop
  endfacet
  facet normal 4.174221e-01 6.417786e-01 6.433342e-01
    outer loop
      vertex   9.316683e+01 1.169057e+02 6.650248e+01
      vertex   9.386081e+01 1.157101e+02 6.724492e+01
      vertex   9.442077e+01 1.170526e+02 6.554233e+01
    endloop
  endfacet
  facet normal 4.056945e-01 3.543470e-01 8.425260e-01
    outer loop
      vertex   9.310038e+01 1.140827e+02 6.858598e+01
      vertex   9.363710e+01 1.126490e+02 6.893053e+01
      vertex   9.445973e+01 1.143739e+02 6.780897e+01
    endloop
  endfacet
  facet normal 4.056945e-01 3.543470e-01 8.425260e-01
    outer loop
      vertex   9.445973e+01 1.143739e+02 6.780897e+01
      vertex   9.363710e+01 1.126490e+02 6.893053e+01
      vertex   9.494883e+01 1.129300e+02 6.818073e+01
    endloop
  endfacet
  facet normal 5.351589e-01 3.760363e-01 7.564401e-01
    outer loop
      vertex   9.445973e+01 1.143739e+02 6.780897e+01
      vertex   9.494883e+01 1.129300e+02 6.818073e+01
      vertex   9.571877e+01 1.145214e+02 6.684491e+01
    endloop
  endfacet
  facet normal 5.351589e-01 3.760363e-01 7.564401e-01
    outer loop
      vertex   9.571877e+01 1.145214e+02 6.684491e+01
      vertex   9.494883e+01 1.129300e+02 6.818073e+01
      vertex   9.616377e+01 1.130723e+02 6.725045e+01
    endloop
  endfacet
  facet normal 6.530922e-01 3.833290e-01 6.530922e-01
    outer loop
      vertex   9.571877e+01 1.145214e+02 6.684491e+01
      vertex   9.616377e+01 1.130723e+02 6.725045e+01
      vertex   9.684491e+01 1.145214e+02 6.571877e+01
    endloop
  endfacet
  facet normal 6.530922e-01 3.833290e-01 6.530922e-01
    outer loop
      vertex   9.684491e+01 1.145214e+02 6.571877e+01
      vertex   9.616377e+01 1.130723e+02 6.725045e+01
      vertex   9.725045e+01 1.130723e+02 6.616377e+01
    endloop
  endfacet
  facet normal 7.564401e-01 3.760363e-01 5.351589e-01
    outer loop
      vertex   9.684491e+01 1.145214e+02 6.571877e+01
      vertex   9.725045e+01 1.130723e+02 6.616377e+01
      vertex   9.780897e+01 1.143739e+02 6.445973e+01
    endloop
  endfacet
  facet normal 7.564401e-01 3.760363e-01 5.351589e-01
    outer loop
      vertex   9.780897e+01 1.143739e+02 6.445973e+01
      vertex   9.725045e+01 1.130723e+02 6.616377e+01
      vertex   9.818073e+01 1.129300e+02 6.494883e+01
    endloop
  endfacet
  facet normal 8.425260e-01 3.543470e-01 4.056945e-01
    outer loop
      vertex   9.780897e+01 1.143739e+02 6.445973e+01
      vertex   9.818073e+01 1.129300e+02 6.494883e+01
      vertex   9.858598e+01 1.140827e+02 6.310038e+01
    endloop
  endfacet
  facet normal 8.425260e-01 3.543470e-01 4.056945e-01
    outer loop
      vertex   9.858598e+01 1.140827e+02 6.310038e+01
      vertex   9.818073e+01 1.129300e+02 6.494883e+01
      vertex   9.893053e+01 1.126490e+02 6.363710e+01
    endloop
  endfacet
  facet normal 9.091205e-01 3.188230e-01 2.680520e-01
    outer loop
      vertex   9.858598e+01 1.140827e+02 6.310038e+01
      vertex   9.893053e+01 1.126490e+02 6.363710e+01
      vertex   9.915583e+01 1.136554e+02 6.167593e+01
    endloop
  endfacet
  facet normal 9.091205e-01 3.188230e-01 2.680520e-01
    outer loop
      vertex   9.915583e+01 1.136554e+02 6.167593e+01
      vertex   9.893053e+01 1.126490e+02 6.363710e+01
      vertex   9.948041e+01 1.122367e+02 6.226256e+01
    endloop
  endfacet
  facet normal 1.369986e-01 8.247096e-01 5.487126e-01
    outer loop
      vertex   9.156394e+01 1.187616e+02 6.455948e+01
      vertex   9.034815e+01 1.185012e+02 6.525443e+01
      vertex   9.109404e+01 1.176527e+02 6.634348e+01
    endloop
  endfacet
  facet normal 1.369986e-01 8.247096e-01 5.487126e-01
    outer loop
      vertex   9.156394e+01 1.187616e+02 6.455948e+01
      vertex   9.109404e+01 1.176527e+02 6.634348e+01
      vertex   9.239487e+01 1.179313e+02 6.559992e+01
    endloop
  endfacet
  facet normal 2.137582e-01 7.310988e-01 6.479213e-01
    outer loop
      vertex   9.239487e+01 1.179313e+02 6.559992e+01
      vertex   9.109404e+01 1.176527e+02 6.634348e+01
      vertex   9.181300e+01 1.166157e+02 6.727634e+01
    endloop
  endfacet
  facet normal 3.497463e-01 4.930317e-01 7.966161e-01
    outer loop
      vertex   9.310038e+01 1.140827e+02 6.858598e+01
      vertex   9.445973e+01 1.143739e+02 6.780897e+01
      vertex   9.386081e+01 1.157101e+02 6.724492e+01
    endloop
  endfacet
  facet normal 4.821858e-01 5.152194e-01 7.085520e-01
    outer loop
      vertex   9.386081e+01 1.157101e+02 6.724492e+01
      vertex   9.445973e+01 1.143739e+02 6.780897e+01
      vertex   9.513297e+01 1.158591e+02 6.627082e+01
    endloop
  endfacet
  facet normal 4.174221e-01 6.417786e-01 6.433342e-01
    outer loop
      vertex   9.386081e+01 1.157101e+02 6.724492e+01
      vertex   9.513297e+01 1.158591e+02 6.627082e+01
      vertex   9.442077e+01 1.170526e+02 6.554233e+01
    endloop
  endfacet
  facet normal 5.378235e-01 6.492240e-01 5.378235e-01
    outer loop
      vertex   9.442077e+01 1.170526e+02 6.554233e+01
      vertex   9.513297e+01 1.158591e+02 6.627082e+01
      vertex   9.554233e+01 1.170526e+02 6.442077e+01
    endloop
  endfacet
  facet normal 4.821858e-01 5.152194e-01 7.085520e-01
    outer loop
      vertex   9.513297e+01 1.158591e+02 6.627082e+01
      vertex   9.445973e+01 1.143739e+02 6.780897e+01
      vertex   9.571877e+01 1.145214e+02 6.684491e+01
    endloop
  endfacet
  facet normal 1.691932e-01 9.169884e-01 3.612561e-01
    outer loop
      vertex   9.171410e+01 1.194956e+02 6.262606e+01
      vertex   9.156394e+01 1.187616e+02 6.455948e+01
      vertex   9.269002e+01 1.188935e+02 6.369723e+01
    endloop
  endfacet
  facet normal 2.590189e-01 8.451517e-01 4.675765e-01
    outer loop
      vertex   9.269002e+01 1.188935e+02 6.369723e+01
      vertex   9.156394e+01 1.187616e+02 6.455948e+01
      vertex   9.239487e+01 1.179313e+02 6.559992e+01
    endloop
  endfacet
  facet normal 6.028291e-01 5.226797e-01 6.028291e-01
    outer loop
      vertex   9.513297e+01 1.158591e+02 6.627082e+01
      vertex   9.571877e+01 1.145214e+02 6.684491e+01
      vertex   9.627082e+01 1.158591e+02 6.513297e+01
    endloop
  endfacet
  facet normal 6.028291e-01 5.226797e-01 6.028291e-01
    outer loop
      vertex   9.627082e+01 1.158591e+02 6.513297e+01
      vertex   9.571877e+01 1.145214e+02 6.684491e+01
      vertex   9.684491e+01 1.145214e+02 6.571877e+01
    endloop
  endfacet
  facet normal 7.085520e-01 5.152194e-01 4.821858e-01
    outer loop
      vertex   9.627082e+01 1.158591e+02 6.513297e+01
      vertex   9.684491e+01 1.145214e+02 6.571877e+01
      vertex   9.724492e+01 1.157101e+02 6.386081e+01
    endloop
  endfacet
  facet normal 7.085520e-01 5.152194e-01 4.821858e-01
    outer loop
      vertex   9.724492e+01 1.157101e+02 6.386081e+01
      vertex   9.684491e+01 1.145214e+02 6.571877e+01
      vertex   9.780897e+01 1.143739e+02 6.445973e+01
    endloop
  endfacet
  facet normal 7.966161e-01 4.930317e-01 3.497463e-01
    outer loop
      vertex   9.724492e+01 1.157101e+02 6.386081e+01
      vertex   9.780897e+01 1.143739e+02 6.445973e+01
      vertex   9.803002e+01 1.154159e+02 6.248731e+01
    endloop
  endfacet
  facet normal 7.966161e-01 4.930317e-01 3.497463e-01
    outer loop
      vertex   9.803002e+01 1.154159e+02 6.248731e+01
      vertex   9.780897e+01 1.143739e+02 6.445973e+01
      vertex   9.858598e+01 1.140827e+02 6.310038e+01
    endloop
  endfacet
  facet normal 8.647409e-01 4.566914e-01 2.089408e-01
    outer loop
      vertex   9.803002e+01 1.154159e+02 6.248731e+01
      vertex   9.858598e+01 1.140827e+02 6.310038e+01
      vertex   9.860580e+01 1.149842e+02 6.104804e+01
    endloop
  endfacet
  facet normal 8.647409e-01 4.566914e-01 2.089408e-01
    outer loop
      vertex   9.860580e+01 1.149842e+02 6.104804e+01
      vertex   9.858598e+01 1.140827e+02 6.310038e+01
      vertex   9.915583e+01 1.136554e+02 6.167593e+01
    endloop
  endfacet
  facet normal 1.661773e-01 9.719929e-01 1.661773e-01
    outer loop
      vertex   9.149022e+01 1.198638e+02 6.069596e+01
      vertex   9.171410e+01 1.194956e+02 6.262606e+01
      vertex   9.262606e+01 1.194956e+02 6.171410e+01
    endloop
  endfacet
  facet normal 2.715544e-01 9.233182e-01 2.715544e-01
    outer loop
      vertex   9.262606e+01 1.194956e+02 6.171410e+01
      vertex   9.171410e+01 1.194956e+02 6.262606e+01
      vertex   9.269002e+01 1.188935e+02 6.369723e+01
    endloop
  endfacet
  facet normal 6.433342e-01 6.417786e-01 4.174221e-01
    outer loop
      vertex   9.650248e+01 1.169057e+02 6.316683e+01
      vertex   9.554233e+01 1.170526e+02 6.442077e+01
      vertex   9.627082e+01 1.158591e+02 6.513297e+01
    endloop
  endfacet
  facet normal 5.378235e-01 6.492240e-01 5.378235e-01
    outer loop
      vertex   9.627082e+01 1.158591e+02 6.513297e+01
      vertex   9.554233e+01 1.170526e+02 6.442077e+01
      vertex   9.513297e+01 1.158591e+02 6.627082e+01
    endloop
  endfacet
  facet normal 6.433342e-01 6.417786e-01 4.174221e-01
    outer loop
      vertex   9.650248e+01 1.169057e+02 6.316683e+01
      vertex   9.627082e+01 1.158591e+02 6.513297e+01
      vertex   9.724492e+01 1.157101e+02 6.386081e+01
    endloop
  endfacet
  facet normal 3.612561e-01 9.169884e-01 1.691932e-01
    outer loop
      vertex   9.340676e+01 1.193761e+02 6.069450e+01
      vertex   9.369723e+01 1.188935e+02 6.269002e+01
      vertex   9.455948e+01 1.187616e+02 6.156394e+01
    endloop
  endfacet
  facet normal 7.312217e-01 6.196355e-01 2.852483e-01
    outer loop
      vertex   9.727634e+01 1.166157e+02 6.181300e+01
      vertex   9.650248e+01 1.169057e+02 6.316683e+01
      vertex   9.724492e+01 1.157101e+02 6.386081e+01
    endloop
  endfacet
  facet normal 7.312217e-01 6.196355e-01 2.852483e-01
    outer loop
      vertex   9.727634e+01 1.166157e+02 6.181300e+01
      vertex   9.724492e+01 1.157101e+02 6.386081e+01
      vertex   9.803002e+01 1.154159e+02 6.248731e+01
    endloop
  endfacet
  facet normal 7.992098e-01 5.833680e-01 1.447253e-01
    outer loop
      vertex   9.784387e+01 1.161902e+02 6.039433e+01
      vertex   9.727634e+01 1.166157e+02 6.181300e+01
      vertex   9.803002e+01 1.154159e+02 6.248731e+01
    endloop
  endfacet
  facet normal 7.992098e-01 5.833680e-01 1.447253e-01
    outer loop
      vertex   9.784387e+01 1.161902e+02 6.039433e+01
      vertex   9.803002e+01 1.154159e+02 6.248731e+01
      vertex   9.860580e+01 1.149842e+02 6.104804e+01
    endloop
  endfacet
  facet normal 9.969173e-01 7.845910e-02 0.000000e+00
    outer loop
      vertex   1.000000e+02 1.100000e+02 6.000000e+01
      vertex   1.000000e+02 1.100000e+02 0.000000e+00
      vertex   9.987688e+01 1.115643e+02 3.000000e+01
    endloop
  endfacet
  facet normal 9.969173e-01 7.845910e-02 0.000000e+00
    outer loop
      vertex   9.987688e+01 1.115643e+02 3.000000e+01
      vertex   1.000000e+02 1.100000e+02 0.000000e+00
      vertex   9.987688e+01 1.115643e+02 0.000000e+00
    endloop
  endfacet
  facet normal 9.723699e-01 2.334454e-01 0.000000e+00
    outer loop
      vertex   9.987688e+01 1.115643e+02 3.000000e+01
      vertex   9.987688e+01 1.115643e+02 0.000000e+00
      vertex   9.951057e+01 1.130902e+02 3.000000e+01
    endloop
  endfacet
  facet normal 9.723699e-01 2.334454e-01 0.000000e+00
    outer loop
      vertex   9.951057e+01 1.130902e+02 3.000000e+01
      vertex   9.987688e+01 1.115643e+02 0.000000e+00
      vertex   9.951057e+01 1.130902e+02 0.000000e+00
    endloop
  endfacet
  facet normal 9.238795e-01 3.826834e-01 0.000000e+00
    outer loop
      vertex   9.951057e+01 1.130902e+02 3.000000e+01
      vertex   9.951057e+01 1.130902e+02 0.000000e+00
      vertex   9.891007e+01 1.145399e+02 3.000000e+01
    endloop
  endfacet
  facet normal 9.238795e-01 3.826834e-01 -4.376373e-16
    outer loop
      vertex   9.891007e+01 1.145399e+02 3.000000e+01
      vertex   9.951057e+01 1.130902e+02 0.000000e+00
      vertex   9.891007e+01 1.145399e+02 0.000000e+00
    endloop
  endfacet
  facet normal 8.526402e-01 5.224986e-01 -4.038915e-16
    outer loop
      vertex   9.891007e+01 1.145399e+02 3.000000e+01
      vertex   9.891007e+01 1.145399e+02 0.000000e+00
      vertex   9.809017e+01 1.158779e+02 3.000000e+01
    endloop
  endfacet
  facet normal 8.526402e-01 5.224986e-01 0.000000e+00
    outer loop
      vertex   9.809017e+01 1.158779e+02 3.000000e+01
      vertex   9.891007e+01 1.145399e+02 0.000000e+00
      vertex   9.809017e+01 1.158779e+02 0.000000e+00
    endloop
  endfacet
  facet normal 7.604060e-01 6.494480e-01 0.000000e+00
    outer loop
      vertex   9.809017e+01 1.158779e+02 3.000000e+01
      vertex   9.809017e+01 1.158779e+02 0.000000e+00
      vertex   9.707107e+01 1.170711e+02 3.000000e+01
    endloop
  endfacet
  facet normal 7.604060e-01 6.494480e-01 0.000000e+00
    outer loop
      vertex   9.707107e+01 1.170711e+02 3.000000e+01
      vertex   9.809017e+01 1.158779e+02 0.000000e+00
      vertex   9.707107e+01 1.170711e+02 0.000000e+00
    endloop
  endfacet
  facet normal 6.494480e-01 7.604060e-01 0.000000e+00
    outer loop
      vertex   9.707107e+01 1.170711e+02 3.000000e+01
      vertex   9.707107e+01 1.170711e+02 0.000000e+00
      vertex   9.587785e+01 1.180902e+02 3.000000e+01
    endloop
  endfacet
  facet normal 6.494480e-01 7.604060e-01 0.000000e+00
    outer loop
      vertex   9.587785e+01 1.180902e+02 3.000000e+01
      vertex   9.707107e+01 1.170711e+02 0.000000e+00
      vertex   9.587785e+01 1.180902e+02 0.000000e+00
    endloop
  endfacet
  facet normal 5.224986e-01 8.526402e-01 0.000000e+00
    outer loop
      vertex   9.587785e+01 1.180902e+02 3.000000e+01
      vertex   9.587785e+01 1.180902e+02 0.000000e+00
      vertex   9.453990e+01 1.189101e+02 3.000000e+01
    endloop
  endfacet
  facet normal 5.224986e-01 8.526402e-01 -4.038915e-16
    outer loop
      vertex   9.453990e+01 1.189101e+02 3.000000e+01
      vertex   9.587785e+01 1.180902e+02 0.000000e+00
      vertex   9.453990e+01 1.189101e+02 0.000000e+00
    endloop
  endfacet
  facet normal 3.826834e-01 9.238795e-01 -4.376373e-16
    outer loop
      vertex   9.453990e+01 1.189101e+02 3.000000e+01
      vertex   9.453990e+01 1.189101e+02 0.000000e+00
      vertex   9.309017e+01 1.195106e+02 3.000000e+01
    endloop
  endfacet
  facet normal 3.826834e-01 9.238795e-01 0.000000e+00
    outer loop
      vertex   9.309017e+01 1.195106e+02 3.000000e+01
      vertex   9.453990e+01 1.189101e+02 0.000000e+00
      vertex   9.309017e+01 1.195106e+02 0.000000e+00
    endloop
  endfacet
  facet normal 2.334454e-01 9.723699e-01 0.000000e+00
    outer loop
      vertex   9.309017e+01 1.195106e+02 3.000000e+01
      vertex   9.309017e+01 1.195106e+02 0.000000e+00
      vertex   9.156434e+01 1.198769e+02 3.000000e+01
    endloop
  endfacet
  facet normal 2.334454e-01 9.723699e-01 0.000000e+00
    outer loop
      vertex   9.156434e+01 1.198769e+02 3.000000e+01
      vertex   9.309017e+01 1.195106e+02 0.000000e+00
      vertex   9.156434e+01 1.198769e+02 0.000000e+00
    endloop
  endfacet
  facet normal 7.845910e-02 9.969173e-01 0.000000e+00
    outer loop
      vertex   9.156434e+01 1.198769e+02 3.000000e+01
      vertex   9.156434e+01 1.198769e+02 0.000000e+00
      vertex   9.000000e+01 1.200000e+02 0.000000e+00
    endloop
  endfacet
  facet normal 7.845910e-02 9.969173e-01 -0.000000e+00
    outer loop
      vertex   9.000000e+01 1.200000e+02 0.000000e+00
      vertex   9.000000e+01 1.200000e+02 6.000000e+01
      vertex   9.156434e+01 1.198769e+02 3.000000e+01
    endloop
  endfacet
  facet normal 7.845910e-02 9.969173e-01 -0.000000e+00
    outer loop
      vertex   9.156434e+01 1.198769e+02 3.000000e+01
      vertex   9.000000e+01 1.200000e+02 6.000000e+01
      vertex   9.156434e+01 1.198769e+02 6.000000e+01
    endloop
  endfacet
  facet normal 2.334454e-01 9.723699e-01 -0.000000e+00
    outer loop
      vertex   9.156434e+01 1.198769e+02 3.000000e+01
      vertex   9.156434e+01 1.198769e+02 6.000000e+01
      vertex   9.309017e+01 1.195106e+02 3.000000e+01
    endloop
  endfacet
  facet normal 2.334454e-01 9.723699e-01 -0.000000e+00
    outer loop
      vertex   9.309017e+01 1.195106e+02 3.000000e+01
      vertex   9.156434e+01 1.198769e+02 6.000000e+01
      vertex   9.309017e+01 1.195106e+02 6.000000e+01
    endloop
  endfacet
  facet normal 3.826834e-01 9.238795e-01 -0.000000e+00
    outer loop
      vertex   9.309017e+01 1.195106e+02 3.000000e+01
      vertex   9.309017e+01 1.195106e+02 6.000000e+01
      vertex   9.453990e+01 1.189101e+02 3.000000e+01
    endloop
  endfacet
  facet normal 3.826834e-01 9.238795e-01 -0.000000e+00
    outer loop
      vertex   9.453990e+01 1.189101e+02 3.000000e+01
      vertex   9.309017e+01 1.195106e+02 6.000000e+01
      vertex   9.453990e+01 1.189101e+02 6.000000e+01
    endloop
  endfacet
  facet normal 5.224986e-01 8.526402e-01 -0.000000e+00
    outer loop
      vertex   9.453990e+01 1.189101e+02 3.000000e+01
      vertex   9.453990e+01 1.189101e+02 6.000000e+01
      vertex   9.587785e+01 1.180902e+02 3.000000e+01
    endloop
  endfacet
  facet normal 5.224986e-01 8.526402e-01 -0.000000e+00
    outer loop
      vertex   9.587785e+01 1.180902e+02 3.000000e+01
      vertex   9.453990e+01 1.189101e+02 6.000000e+01
      vertex   9.587785e+01 1.180902e+02 6.000000e+01
    endloop
  endfacet
  facet normal 6.494480e-01 7.604060e-01 -0.000000e+00
    outer loop
      vertex   9.587785e+01 1.180902e+02 3.000000e+01
      vertex   9.587785e+01 1.180902e+02 6.000000e+01
      vertex   9.707107e+01 1.170711e+02 3.000000e+01
    endloop
  endfacet
  facet normal 6.494480e-01 7.604060e-01 -0.000000e+00
    outer loop
      vertex   9.707107e+01 1.170711e+02 3.000000e+01
      vertex   9.587785e+01 1.180902e+02 6.000000e+01
      vertex   9.707107e+01 1.170711e+02 6.000000e+01
    endloop
  endfacet
  facet normal 7.604060e-01 6.494480e-01 -0.000000e+00
    outer loop
      vertex   9.707107e+01 1.170711e+02 3.000000e+01
      vertex   9.707107e+01 1.170711e+02 6.000000e+01
      vertex   9.809017e+01 1.158779e+02 3.000000e+01
    endloop
  endfacet
  facet normal 7.604060e-01 6.494480e-01 -0.000000e+00
    outer loop
      vertex   9.809017e+01 1.158779e+02 3.000000e+01
      vertex   9.707107e+01 1.170711e+02 6.000000e+01
      vertex   9.809017e+01 1.158779e+02 6.000000e+01
    endloop
  endfacet
  facet normal 8.526402e-01 5.224986e-01 -0.000000e+00
    outer loop
      vertex   9.809017e+01 1.158779e+02 3.000000e+01
      vertex   9.809017e+01 1.158779e+02 6.000000e+01
      vertex   9.891007e+01 1.145399e+02 3.000000e+01
    endloop
  endfacet
  facet normal 8.526402e-01 5.224986e-01 -0.000000e+00
    outer loop
      vertex   9.891007e+01 1.145399e+02 3.000000e+01
      vertex   9.809017e+01 1.158779e+02 6.000000e+01
      vertex   9.891007e+01 1.145399e+02 6.000000e+01
    endloop
  endfacet
  facet normal 9.238795e-01 3.826834e-01 -0.000000e+00
    outer loop
      vertex   9.891007e+01 1.145399e+02 3.000000e+01
      vertex   9.891007e+01 1.145399e+02 6.000000e+01
      vertex   9.951057e+01 1.130902e+02 3.000000e+01
    endloop
  endfacet
  facet normal 9.238795e-01 3.826834e-01 -0.000000e+00
    outer loop
      vertex   9.951057e+01 1.130902e+02 3.000000e+01
      vertex   9.891007e+01 1.145399e+02 6.000000e+01
      vertex   9.951057e+01 1.130902e+02 6.000000e+01
    endloop
  endfacet
  facet normal 9.723699e-01 2.334454e-01 -0.000000e+00
    outer loop
      vertex   9.951057e+01 1.130902e+02 3.000000e+01
      vertex   9.951057e+01 1.130902e+02 6.000000e+01
      vertex   9.987688e+01 1.115643e+02 3.000000e+01
    endloop
  endfacet
  facet normal 9.723699e-01 2.334454e-01 -0.000000e+00
    outer loop
      vertex   9.987688e+01 1.115643e+02 3.000000e+01
      vertex   9.951057e+01 1.130902e+02 6.000000e+01
      vertex   9.987688e+01 1.115643e+02 6.000000e+01
    endloop
  endfacet
  facet normal 9.969173e-01 7.845910e-02 -0.000000e+00
    outer loop
      vertex   9.987688e+01 1.115643e+02 3.000000e+01
      vertex   9.987688e+01 1.115643e+02 6.000000e+01
      vertex   1.000000e+02 1.100000e+02 6.000000e+01
    endloop
  endfacet
  facet normal -5.755644e-02 7.832903e-02 9.952647e-01
    outer loop
      vertex   1.000000e+01 1.115643e+02 6.987688e+01
      vertex   9.139202e+00 1.117037e+02 6.981614e+01
      vertex   1.000000e+01 1.100000e+02 7.000000e+01
    endloop
  endfacet
  facet normal -6.281134e-02 7.566188e-02 9.951533e-01
    outer loop
      vertex   1.000000e+01 1.100000e+02 7.000000e+01
      vertex   9.139202e+00 1.117037e+02 6.981614e+01
      vertex   8.522878e+00 1.102623e+02 6.988682e+01
    endloop
  endfacet
  facet normal -7.845373e-02 -1.169297e-02 9.968492e-01
    outer loop
      vertex   1.000000e+01 1.100000e+02 7.000000e+01
      vertex   8.522878e+00 1.102623e+02 6.988682e+01
      vertex   8.435655e+00 1.100000e+02 6.987688e+01
    endloop
  endfacet
  facet normal -2.197553e-01 3.612496e-02 9.748859e-01
    outer loop
      vertex   8.435655e+00 1.100000e+02 6.987688e+01
      vertex   8.522878e+00 1.102623e+02 6.988682e+01
      vertex   7.206524e+00 1.107628e+02 6.957155e+01
    endloop
  endfacet
  facet normal -2.334255e-01 1.305871e-02 9.722870e-01
    outer loop
      vertex   8.435655e+00 1.100000e+02 6.987688e+01
      vertex   7.206524e+00 1.107628e+02 6.957155e+01
      vertex   6.909830e+00 1.100000e+02 6.951057e+01
    endloop
  endfacet
  facet normal -3.542841e-01 6.320495e-02 9.329994e-01
    outer loop
      vertex   6.909830e+00 1.100000e+02 6.951057e+01
      vertex   7.206524e+00 1.107628e+02 6.957155e+01
      vertex   5.915729e+00 1.111501e+02 6.905517e+01
    endloop
  endfacet
  facet normal -3.824486e-01 3.502391e-02 9.233127e-01
    outer loop
      vertex   6.909830e+00 1.100000e+02 6.951057e+01
      vertex   5.915729e+00 1.111501e+02 6.905517e+01
      vertex   5.460095e+00 1.100000e+02 6.891007e+01
    endloop
  endfacet
  facet normal -4.815576e-01 8.067620e-02 8.726933e-01
    outer loop
      vertex   5.460095e+00 1.100000e+02 6.891007e+01
      vertex   5.915729e+00 1.111501e+02 6.905517e+01
      vertex   4.683925e+00 1.114139e+02 6.835106e+01
    endloop
  endfacet
  facet normal -5.218395e-01 5.020974e-02 8.515647e-01
    outer loop
      vertex   5.460095e+00 1.100000e+02 6.891007e+01
      vertex   4.683925e+00 1.114139e+02 6.835106e+01
      vertex   4.122147e+00 1.100000e+02 6.809017e+01
    endloop
  endfacet
  facet normal -5.986822e-01 9.103143e-02 7.957970e-01
    outer loop
      vertex   4.122147e+00 1.100000e+02 6.809017e+01
      vertex   4.683925e+00 1.114139e+02 6.835106e+01
      vertex   3.543013e+00 1.115476e+02 6.747746e+01
    endloop
  endfacet
  facet normal -6.483576e-01 5.792408e-02 7.591292e-01
    outer loop
      vertex   4.122147e+00 1.100000e+02 6.809017e+01
      vertex   3.543013e+00 1.115476e+02 6.747746e+01
      vertex   2.928932e+00 1.100000e+02 6.707107e+01
    endloop
  endfacet
  facet normal -7.039442e-01 9.447291e-02 7.039442e-01
    outer loop
      vertex   2.928932e+00 1.100000e+02 6.707107e+01
      vertex   3.543013e+00 1.115476e+02 6.747746e+01
      vertex   2.522541e+00 1.115476e+02 6.645699e+01
    endloop
  endfacet
  facet normal -7.591292e-01 5.792408e-02 6.483576e-01
    outer loop
      vertex   2.928932e+00 1.100000e+02 6.707107e+01
      vertex   2.522541e+00 1.115476e+02 6.645699e+01
      vertex   1.909830e+00 1.100000e+02 6.587785e+01
    endloop
  endfacet
  facet normal -7.957970e-01 9.103143e-02 5.986822e-01
    outer loop
      vertex   1.909830e+00 1.100000e+02 6.587785e+01
      vertex   2.522541e+00 1.115476e+02 6.645699e+01
      vertex   1.648938e+00 1.114139e+02 6.531607e+01
    endloop
  endfacet
  facet normal -8.515647e-01 5.020974e-02 5.218395e-01
    outer loop
      vertex   1.909830e+00 1.100000e+02 6.587785e+01
      vertex   1.648938e+00 1.114139e+02 6.531607e+01
      vertex   1.089935e+00 1.100000e+02 6.453990e+01
    endloop
  endfacet
  facet normal -8.726933e-01 8.067620e-02 4.815576e-01
    outer loop
      vertex   1.089935e+00 1.100000e+02 6.453990e+01
      vertex   1.648938e+00 1.114139e+02 6.531607e+01
      vertex   9.448296e-01 1.111501e+02 6.408427e+01
    endloop
  endfacet
  facet normal -9.233127e-01 3.502391e-02 3.824486e-01
    outer loop
      vertex   1.089935e+00 1.100000e+02 6.453990e+01
      vertex   9.448296e-01 1.111501e+02 6.408427e+01
      vertex   4.894348e-01 1.100000e+02 6.309017e+01
    endloop
  endfacet
  facet normal -9.329994e-01 6.320495e-02 3.542841e-01
    outer loop
      vertex   4.894348e-01 1.100000e+02 6.309017e+01
      vertex   9.448296e-01 1.111501e+02 6.408427e+01
      vertex   4.284508e-01 1.107628e+02 6.279348e+01
    endloop
  endfacet
  facet normal -9.722870e-01 1.305871e-02 2.334255e-01
    outer loop
      vertex   4.894348e-01 1.100000e+02 6.309017e+01
      vertex   4.284508e-01 1.107628e+02 6.279348e+01
      vertex   1.231166e-01 1.100000e+02 6.156434e+01
    endloop
  endfacet
  facet normal -9.748859e-01 3.612496e-02 2.197553e-01
    outer loop
      vertex   1.231166e-01 1.100000e+02 6.156434e+01
      vertex   4.284508e-01 1.107628e+02 6.279348e+01
      vertex   1.131752e-01 1.102623e+02 6.147712e+01
    endloop
  endfacet
  facet normal -9.968492e-01 -1.169297e-02 7.845373e-02
    outer loop
      vertex   1.231166e-01 1.100000e+02 6.156434e+01
      vertex   1.131752e-01 1.102623e+02 6.147712e+01
      vertex   0.000000e+00 1.100000e+02 6.000000e+01
    endloop
  endfacet
  facet normal -9.951533e-01 7.566188e-02 6.281134e-02
    outer loop
      vertex   0.000000e+00 1.100000e+02 6.000000e+01
      vertex   1.131752e-01 1.102623e+02 6.147712e+01
      vertex   1.838606e-01 1.117037e+02 6.086080e+01
    endloop
  endfacet
  facet normal -9.952647e-01 7.832903e-02 5.755644e-02
    outer loop
      vertex   0.000000e+00 1.100000e+02 6.000000e+01
      vertex   1.838606e-01 1.117037e+02 6.086080e+01
      vertex   1.231166e-01 1.115643e+02 6.000000e+01
    endloop
  endfacet
  facet normal -9.723877e-01 2.312777e-01 3.118935e-02
    outer loop
      vertex   1.231166e-01 1.115643e+02 6.000000e+01
      vertex   1.838606e-01 1.117037e+02 6.086080e+01
      vertex   4.962519e-01 1.131031e+02 6.022328e+01
    endloop
  endfacet
  facet normal -9.722420e-01 2.334147e-01 1.621950e-02
    outer loop
      vertex   1.231166e-01 1.115643e+02 6.000000e+01
      vertex   4.962519e-01 1.131031e+02 6.022328e+01
      vertex   4.894348e-01 1.130902e+02 6.000000e+01
    endloop
  endfacet
  facet normal -9.238622e-01 3.826762e-01 6.131963e-03
    outer loop
      vertex   4.894348e-01 1.130902e+02 6.000000e+01
      vertex   4.962519e-01 1.131031e+02 6.022328e+01
      vertex   1.089935e+00 1.145399e+02 6.000000e+01
    endloop
  endfacet
  facet normal -9.178916e-01 3.903531e-01 7.141065e-02
    outer loop
      vertex   1.089935e+00 1.145399e+02 6.000000e+01
      vertex   4.962519e-01 1.131031e+02 6.022328e+01
      vertex   8.441721e-01 1.136554e+02 6.167593e+01
    endloop
  endfacet
  facet normal -9.053628e-01 4.157085e-01 8.662940e-02
    outer loop
      vertex   1.089935e+00 1.145399e+02 6.000000e+01
      vertex   8.441721e-01 1.136554e+02 6.167593e+01
      vertex   1.394199e+00 1.149842e+02 6.104804e+01
    endloop
  endfacet
  facet normal -8.647409e-01 4.566914e-01 2.089408e-01
    outer loop
      vertex   1.394199e+00 1.149842e+02 6.104804e+01
      vertex   8.441721e-01 1.136554e+02 6.167593e+01
      vertex   1.969978e+00 1.154159e+02 6.248731e+01
    endloop
  endfacet
  facet normal -7.992098e-01 5.833680e-01 1.447253e-01
    outer loop
      vertex   1.394199e+00 1.149842e+02 6.104804e+01
      vertex   1.969978e+00 1.154159e+02 6.248731e+01
      vertex   2.723663e+00 1.166157e+02 6.181300e+01
    endloop
  endfacet
  facet normal -7.312217e-01 6.196355e-01 2.852483e-01
    outer loop
      vertex   2.723663e+00 1.166157e+02 6.181300e+01
      vertex   1.969978e+00 1.154159e+02 6.248731e+01
      vertex   3.497524e+00 1.169057e+02 6.316683e+01
    endloop
  endfacet
  facet normal -6.479213e-01 7.310988e-01 2.137582e-01
    outer loop
      vertex   2.723663e+00 1.166157e+02 6.181300e+01
      vertex   3.497524e+00 1.169057e+02 6.316683e+01
      vertex   4.400079e+00 1.179313e+02 6.239487e+01
    endloop
  endfacet
  facet normal -5.623612e-01 7.526555e-01 3.424317e-01
    outer loop
      vertex   4.400079e+00 1.179313e+02 6.239487e+01
      vertex   3.497524e+00 1.169057e+02 6.316683e+01
      vertex   5.322633e+00 1.180724e+02 6.359971e+01
    endloop
  endfacet
  facet normal -4.675765e-01 8.451517e-01 2.590189e-01
    outer loop
      vertex   4.400079e+00 1.179313e+02 6.239487e+01
      vertex   5.322633e+00 1.180724e+02 6.359971e+01
      vertex   6.302769e+00 1.188935e+02 6.269002e+01
    endloop
  endfacet
  facet normal -3.701711e-01 8.520251e-01 3.701711e-01
    outer loop
      vertex   6.302769e+00 1.188935e+02 6.269002e+01
      vertex   5.322633e+00 1.180724e+02 6.359971e+01
      vertex   7.309976e+00 1.188935e+02 6.369723e+01
    endloop
  endfacet
  facet normal -2.715544e-01 9.233182e-01 2.715544e-01
    outer loop
      vertex   6.302769e+00 1.188935e+02 6.269002e+01
      vertex   7.309976e+00 1.188935e+02 6.369723e+01
      vertex   8.285903e+00 1.194956e+02 6.262606e+01
    endloop
  endfacet
  facet normal -1.691932e-01 9.169884e-01 3.612561e-01
    outer loop
      vertex   8.285903e+00 1.194956e+02 6.262606e+01
      vertex   7.309976e+00 1.188935e+02 6.369723e+01
      vertex   9.305496e+00 1.193761e+02 6.340676e+01
    endloop
  endfacet
  facet normal -7.512976e-02 9.663628e-01 2.459645e-01
    outer loop
      vertex   8.285903e+00 1.194956e+02 6.262606e+01
      vertex   9.305496e+00 1.193761e+02 6.340676e+01
      vertex   9.304037e+00 1.198638e+02 6.149022e+01
    endloop
  endfacet
  facet normal -4.441980e-02 9.681507e-01 2.463961e-01
    outer loop
      vertex   9.304037e+00 1.198638e+02 6.149022e+01
      vertex   9.305496e+00 1.193761e+02 6.340676e+01
      vertex   1.000000e+01 1.198769e+02 6.156434e+01
    endloop
  endfacet
  facet normal -2.706369e-02 9.965522e-01 7.843036e-02
    outer loop
      vertex   9.304037e+00 1.198638e+02 6.149022e+01
      vertex   1.000000e+01 1.198769e+02 6.156434e+01
      vertex   1.000000e+01 1.200000e+02 6.000000e+01
    endloop
  endfacet
  facet normal -3.118935e-02 2.312777e-01 9.723877e-01
    outer loop
      vertex   9.139202e+00 1.117037e+02 6.981614e+01
      vertex   1.000000e+01 1.115643e+02 6.987688e+01
      vertex   9.776723e+00 1.131031e+02 6.950375e+01
    endloop
  endfacet
  facet normal -1.621950e-02 2.334147e-01 9.722420e-01
    outer loop
      vertex   9.776723e+00 1.131031e+02 6.950375e+01
      vertex   1.000000e+01 1.115643e+02 6.987688e+01
      vertex   1.000000e+01 1.130902e+02 6.951057e+01
    endloop
  endfacet
  facet normal -6.131963e-03 3.826762e-01 9.238622e-01
    outer loop
      vertex   9.776723e+00 1.131031e+02 6.950375e+01
      vertex   1.000000e+01 1.130902e+02 6.951057e+01
      vertex   1.000000e+01 1.145399e+02 6.891007e+01
    endloop
  endfacet
  facet normal -2.604694e-02 5.223213e-01 8.523509e-01
    outer loop
      vertex   1.000000e+01 1.158779e+02 6.809017e+01
      vertex   8.951965e+00 1.149842e+02 6.860580e+01
      vertex   1.000000e+01 1.145399e+02 6.891007e+01
    endloop
  endfacet
  facet normal -8.662940e-02 4.157085e-01 9.053628e-01
    outer loop
      vertex   1.000000e+01 1.145399e+02 6.891007e+01
      vertex   8.951965e+00 1.149842e+02 6.860580e+01
      vertex   8.324069e+00 1.136554e+02 6.915583e+01
    endloop
  endfacet
  facet normal -7.141065e-02 3.903531e-01 9.178916e-01
    outer loop
      vertex   1.000000e+01 1.145399e+02 6.891007e+01
      vertex   8.324069e+00 1.136554e+02 6.915583e+01
      vertex   9.776723e+00 1.131031e+02 6.950375e+01
    endloop
  endfacet
  facet normal -1.257961e-01 2.703842e-01 9.544987e-01
    outer loop
      vertex   9.776723e+00 1.131031e+02 6.950375e+01
      vertex   8.324069e+00 1.136554e+02 6.915583e+01
      vertex   7.737440e+00 1.122367e+02 6.948041e+01
    endloop
  endfacet
  facet normal -1.257961e-01 2.703842e-01 9.544987e-01
    outer loop
      vertex   9.776723e+00 1.131031e+02 6.950375e+01
      vertex   7.737440e+00 1.122367e+02 6.948041e+01
      vertex   9.139202e+00 1.117037e+02 6.981614e+01
    endloop
  endfacet
  facet normal -1.851228e-01 1.269489e-01 9.744812e-01
    outer loop
      vertex   9.139202e+00 1.117037e+02 6.981614e+01
      vertex   7.737440e+00 1.122367e+02 6.948041e+01
      vertex   7.206524e+00 1.107628e+02 6.957155e+01
    endloop
  endfacet
  facet normal -1.851228e-01 1.269489e-01 9.744812e-01
    outer loop
      vertex   9.139202e+00 1.117037e+02 6.981614e+01
      vertex   7.206524e+00 1.107628e+02 6.957155e+01
      vertex   8.522878e+00 1.102623e+02 6.988682e+01
    endloop
  endfacet
  facet normal -7.172155e-02 5.602328e-01 8.252244e-01
    outer loop
      vertex   8.951965e+00 1.149842e+02 6.860580e+01
      vertex   1.000000e+01 1.158779e+02 6.809017e+01
      vertex   9.605667e+00 1.161902e+02 6.784387e+01
    endloop
  endfacet
  facet normal 3.939291e-02 6.489439e-01 7.598157e-01
    outer loop
      vertex   9.605667e+00 1.161902e+02 6.784387e+01
      vertex   1.000000e+01 1.158779e+02 6.809017e+01
      vertex   1.000000e+01 1.170711e+02 6.707107e+01
    endloop
  endfacet
  facet normal -8.796795e-02 6.788845e-01 7.289565e-01
    outer loop
      vertex   9.605667e+00 1.161902e+02 6.784387e+01
      vertex   1.000000e+01 1.170711e+02 6.707107e+01
      vertex   8.187001e+00 1.166157e+02 6.727634e+01
    endloop
  endfacet
  facet normal -9.633808e-02 7.017904e-01 7.058394e-01
    outer loop
      vertex   8.187001e+00 1.166157e+02 6.727634e+01
      vertex   1.000000e+01 1.170711e+02 6.707107e+01
      vertex   8.905956e+00 1.176527e+02 6.634348e+01
    endloop
  endfacet
  facet normal -2.137582e-01 7.310988e-01 6.479213e-01
    outer loop
      vertex   8.187001e+00 1.166157e+02 6.727634e+01
      vertex   8.905956e+00 1.176527e+02 6.634348e+01
      vertex   6.833169e+00 1.169057e+02 6.650248e+01
    endloop
  endfacet
  facet normal -2.137582e-01 7.310988e-01 6.479213e-01
    outer loop
      vertex   6.833169e+00 1.169057e+02 6.650248e+01
      vertex   8.905956e+00 1.176527e+02 6.634348e+01
      vertex   7.605128e+00 1.179313e+02 6.559992e+01
    endloop
  endfacet
  facet normal -3.424317e-01 7.526555e-01 5.623612e-01
    outer loop
      vertex   6.833169e+00 1.169057e+02 6.650248e+01
      vertex   7.605128e+00 1.179313e+02 6.559992e+01
      vertex   5.579234e+00 1.170526e+02 6.554233e+01
    endloop
  endfacet
  facet normal -3.424317e-01 7.526555e-01 5.623612e-01
    outer loop
      vertex   5.579234e+00 1.170526e+02 6.554233e+01
      vertex   7.605128e+00 1.179313e+02 6.559992e+01
      vertex   6.400286e+00 1.180724e+02 6.467737e+01
    endloop
  endfacet
  facet normal -4.596446e-01 7.599037e-01 4.596446e-01
    outer loop
      vertex   5.579234e+00 1.170526e+02 6.554233e+01
      vertex   6.400286e+00 1.180724e+02 6.467737e+01
      vertex   4.457669e+00 1.170526e+02 6.442077e+01
    endloop
  endfacet
  facet normal -4.596446e-01 7.599037e-01 4.596446e-01
    outer loop
      vertex   4.457669e+00 1.170526e+02 6.442077e+01
      vertex   6.400286e+00 1.180724e+02 6.467737e+01
      vertex   5.322633e+00 1.180724e+02 6.359971e+01
    endloop
  endfacet
  facet normal -5.623612e-01 7.526555e-01 3.424317e-01
    outer loop
      vertex   4.457669e+00 1.170526e+02 6.442077e+01
      vertex   5.322633e+00 1.180724e+02 6.359971e+01
      vertex   3.497524e+00 1.169057e+02 6.316683e+01
    endloop
  endfacet
  facet normal -2.766481e-02 7.601149e-01 6.491995e-01
    outer loop
      vertex   1.000000e+01 1.170711e+02 6.707107e+01
      vertex   1.000000e+01 1.180902e+02 6.587785e+01
      vertex   8.905956e+00 1.176527e+02 6.634348e+01
    endloop
  endfacet
  facet normal -7.824995e-02 8.116979e-01 5.788121e-01
    outer loop
      vertex   8.905956e+00 1.176527e+02 6.634348e+01
      vertex   1.000000e+01 1.180902e+02 6.587785e+01
      vertex   9.651849e+00 1.185012e+02 6.525443e+01
    endloop
  endfacet
  facet normal -1.369986e-01 8.247096e-01 5.487126e-01
    outer loop
      vertex   8.905956e+00 1.176527e+02 6.634348e+01
      vertex   9.651849e+00 1.185012e+02 6.525443e+01
      vertex   7.605128e+00 1.179313e+02 6.559992e+01
    endloop
  endfacet
  facet normal -1.369986e-01 8.247096e-01 5.487126e-01
    outer loop
      vertex   7.605128e+00 1.179313e+02 6.559992e+01
      vertex   9.651849e+00 1.185012e+02 6.525443e+01
      vertex   8.436057e+00 1.187616e+02 6.455948e+01
    endloop
  endfacet
  facet normal -2.590189e-01 8.451517e-01 4.675765e-01
    outer loop
      vertex   7.605128e+00 1.179313e+02 6.559992e+01
      vertex   8.436057e+00 1.187616e+02 6.455948e+01
      vertex   6.400286e+00 1.180724e+02 6.467737e+01
    endloop
  endfacet
  facet normal -2.590189e-01 8.451517e-01 4.675765e-01
    outer loop
      vertex   6.400286e+00 1.180724e+02 6.467737e+01
      vertex   8.436057e+00 1.187616e+02 6.455948e+01
      vertex   7.309976e+00 1.188935e+02 6.369723e+01
    endloop
  endfacet
  facet normal -3.701711e-01 8.520251e-01 3.701711e-01
    outer loop
      vertex   6.400286e+00 1.180724e+02 6.467737e+01
      vertex   7.309976e+00 1.188935e+02 6.369723e+01
      vertex   5.322633e+00 1.180724e+02 6.359971e+01
    endloop
  endfacet
  facet normal 7.074270e-02 8.505040e-01 5.211895e-01
    outer loop
      vertex   1.000000e+01 1.180902e+02 6.587785e+01
      vertex   1.000000e+01 1.189101e+02 6.453990e+01
      vertex   9.651849e+00 1.185012e+02 6.525443e+01
    endloop
  endfacet
  facet normal -7.782572e-02 8.811703e-01 4.663497e-01
    outer loop
      vertex   9.651849e+00 1.185012e+02 6.525443e+01
      vertex   1.000000e+01 1.189101e+02 6.453990e+01
      vertex   8.436057e+00 1.187616e+02 6.455948e+01
    endloop
  endfacet
  facet normal -8.051415e-02 9.035022e-01 4.209528e-01
    outer loop
      vertex   8.436057e+00 1.187616e+02 6.455948e+01
      vertex   1.000000e+01 1.189101e+02 6.453990e+01
      vertex   9.305496e+00 1.193761e+02 6.340676e+01
    endloop
  endfacet
  facet normal -4.400188e-03 9.238706e-01 3.826797e-01
    outer loop
      vertex   9.305496e+00 1.193761e+02 6.340676e+01
      vertex   1.000000e+01 1.189101e+02 6.453990e+01
      vertex   1.000000e+01 1.195106e+02 6.309017e+01
    endloop
  endfacet
  facet normal -8.154597e-02 9.691315e-01 2.326679e-01
    outer loop
      vertex   9.305496e+00 1.193761e+02 6.340676e+01
      vertex   1.000000e+01 1.195106e+02 6.309017e+01
      vertex   1.000000e+01 1.198769e+02 6.156434e+01
    endloop
  endfacet
  facet normal -6.205242e-02 9.961421e-01 6.205242e-02
    outer loop
      vertex   9.304037e+00 1.198638e+02 6.149022e+01
      vertex   1.000000e+01 1.200000e+02 6.000000e+01
      vertex   8.509780e+00 1.198638e+02 6.069596e+01
    endloop
  endfacet
  facet normal -7.843036e-02 9.965522e-01 2.706369e-02
    outer loop
      vertex   8.509780e+00 1.198638e+02 6.069596e+01
      vertex   1.000000e+01 1.200000e+02 6.000000e+01
      vertex   8.435655e+00 1.198769e+02 6.000000e+01
    endloop
  endfacet
  facet normal -2.332286e-01 9.714672e-01 4.307966e-02
    outer loop
      vertex   8.509780e+00 1.198638e+02 6.069596e+01
      vertex   8.435655e+00 1.198769e+02 6.000000e+01
      vertex   6.909830e+00 1.195106e+02 6.000000e+01
    endloop
  endfacet
  facet normal -3.826797e-01 9.238706e-01 4.400188e-03
    outer loop
      vertex   5.460095e+00 1.189101e+02 6.000000e+01
      vertex   6.593235e+00 1.193761e+02 6.069450e+01
      vertex   6.909830e+00 1.195106e+02 6.000000e+01
    endloop
  endfacet
  facet normal -2.458273e-01 9.664062e-01 7.501959e-02
    outer loop
      vertex   6.909830e+00 1.195106e+02 6.000000e+01
      vertex   6.593235e+00 1.193761e+02 6.069450e+01
      vertex   7.373943e+00 1.194956e+02 6.171410e+01
    endloop
  endfacet
  facet normal -2.460153e-01 9.663545e-01 7.507006e-02
    outer loop
      vertex   6.909830e+00 1.195106e+02 6.000000e+01
      vertex   7.373943e+00 1.194956e+02 6.171410e+01
      vertex   8.509780e+00 1.198638e+02 6.069596e+01
    endloop
  endfacet
  facet normal -1.661773e-01 9.719929e-01 1.661773e-01
    outer loop
      vertex   8.509780e+00 1.198638e+02 6.069596e+01
      vertex   7.373943e+00 1.194956e+02 6.171410e+01
      vertex   9.304037e+00 1.198638e+02 6.149022e+01
    endloop
  endfacet
  facet normal -5.211895e-01 8.505040e-01 -7.074270e-02
    outer loop
      vertex   4.122147e+00 1.180902e+02 6.000000e+01
      vertex   4.745566e+00 1.185012e+02 6.034815e+01
      vertex   5.460095e+00 1.189101e+02 6.000000e+01
    endloop
  endfacet
  facet normal -4.663497e-01 8.811703e-01 7.782572e-02
    outer loop
      vertex   5.460095e+00 1.189101e+02 6.000000e+01
      vertex   4.745566e+00 1.185012e+02 6.034815e+01
      vertex   5.440522e+00 1.187616e+02 6.156394e+01
    endloop
  endfacet
  facet normal -4.209528e-01 9.035022e-01 8.051415e-02
    outer loop
      vertex   5.460095e+00 1.189101e+02 6.000000e+01
      vertex   5.440522e+00 1.187616e+02 6.156394e+01
      vertex   6.593235e+00 1.193761e+02 6.069450e+01
    endloop
  endfacet
  facet normal -3.612561e-01 9.169884e-01 1.691932e-01
    outer loop
      vertex   6.593235e+00 1.193761e+02 6.069450e+01
      vertex   5.440522e+00 1.187616e+02 6.156394e+01
      vertex   7.373943e+00 1.194956e+02 6.171410e+01
    endloop
  endfacet
  facet normal -5.788121e-01 8.116979e-01 7.824995e-02
    outer loop
      vertex   4.745566e+00 1.185012e+02 6.034815e+01
      vertex   4.122147e+00 1.180902e+02 6.000000e+01
      vertex   3.656516e+00 1.176527e+02 6.109404e+01
    endloop
  endfacet
  facet normal -6.491995e-01 7.601149e-01 2.766481e-02
    outer loop
      vertex   3.656516e+00 1.176527e+02 6.109404e+01
      vertex   4.122147e+00 1.180902e+02 6.000000e+01
      vertex   2.928932e+00 1.170711e+02 6.000000e+01
    endloop
  endfacet
  facet normal -7.058394e-01 7.017904e-01 9.633808e-02
    outer loop
      vertex   3.656516e+00 1.176527e+02 6.109404e+01
      vertex   2.928932e+00 1.170711e+02 6.000000e+01
      vertex   2.723663e+00 1.166157e+02 6.181300e+01
    endloop
  endfacet
  facet normal -7.289565e-01 6.788845e-01 8.796795e-02
    outer loop
      vertex   2.723663e+00 1.166157e+02 6.181300e+01
      vertex   2.928932e+00 1.170711e+02 6.000000e+01
      vertex   2.156130e+00 1.161902e+02 6.039433e+01
    endloop
  endfacet
  facet normal -7.992098e-01 5.833680e-01 1.447253e-01
    outer loop
      vertex   2.723663e+00 1.166157e+02 6.181300e+01
      vertex   2.156130e+00 1.161902e+02 6.039433e+01
      vertex   1.394199e+00 1.149842e+02 6.104804e+01
    endloop
  endfacet
  facet normal -8.252244e-01 5.602328e-01 7.172155e-02
    outer loop
      vertex   1.394199e+00 1.149842e+02 6.104804e+01
      vertex   2.156130e+00 1.161902e+02 6.039433e+01
      vertex   1.909830e+00 1.158779e+02 6.000000e+01
    endloop
  endfacet
  facet normal -8.523509e-01 5.223213e-01 2.604694e-02
    outer loop
      vertex   1.394199e+00 1.149842e+02 6.104804e+01
      vertex   1.909830e+00 1.158779e+02 6.000000e+01
      vertex   1.089935e+00 1.145399e+02 6.000000e+01
    endloop
  endfacet
  facet normal -7.598157e-01 6.489439e-01 -3.939291e-02
    outer loop
      vertex   2.928932e+00 1.170711e+02 6.000000e+01
      vertex   1.909830e+00 1.158779e+02 6.000000e+01
      vertex   2.156130e+00 1.161902e+02 6.039433e+01
    endloop
  endfacet
  facet normal -1.447253e-01 5.833680e-01 7.992098e-01
    outer loop
      vertex   8.951965e+00 1.149842e+02 6.860580e+01
      vertex   9.605667e+00 1.161902e+02 6.784387e+01
      vertex   7.512689e+00 1.154159e+02 6.803002e+01
    endloop
  endfacet
  facet normal -1.447253e-01 5.833680e-01 7.992098e-01
    outer loop
      vertex   7.512689e+00 1.154159e+02 6.803002e+01
      vertex   9.605667e+00 1.161902e+02 6.784387e+01
      vertex   8.187001e+00 1.166157e+02 6.727634e+01
    endloop
  endfacet
  facet normal -2.852483e-01 6.196355e-01 7.312217e-01
    outer loop
      vertex   7.512689e+00 1.154159e+02 6.803002e+01
      vertex   8.187001e+00 1.166157e+02 6.727634e+01
      vertex   6.139188e+00 1.157101e+02 6.724492e+01
    endloop
  endfacet
  facet normal -2.852483e-01 6.196355e-01 7.312217e-01
    outer loop
      vertex   6.139188e+00 1.157101e+02 6.724492e+01
      vertex   8.187001e+00 1.166157e+02 6.727634e+01
      vertex   6.833169e+00 1.169057e+02 6.650248e+01
    endloop
  endfacet
  facet normal -4.174221e-01 6.417786e-01 6.433342e-01
    outer loop
      vertex   6.139188e+00 1.157101e+02 6.724492e+01
      vertex   6.833169e+00 1.169057e+02 6.650248e+01
      vertex   4.867035e+00 1.158591e+02 6.627082e+01
    endloop
  endfacet
  facet normal -4.174221e-01 6.417786e-01 6.433342e-01
    outer loop
      vertex   4.867035e+00 1.158591e+02 6.627082e+01
      vertex   6.833169e+00 1.169057e+02 6.650248e+01
      vertex   5.579234e+00 1.170526e+02 6.554233e+01
    endloop
  endfacet
  facet normal -5.378235e-01 6.492240e-01 5.378235e-01
    outer loop
      vertex   4.867035e+00 1.158591e+02 6.627082e+01
      vertex   5.579234e+00 1.170526e+02 6.554233e+01
      vertex   3.729176e+00 1.158591e+02 6.513297e+01
    endloop
  endfacet
  facet normal -5.378235e-01 6.492240e-01 5.378235e-01
    outer loop
      vertex   3.729176e+00 1.158591e+02 6.513297e+01
      vertex   5.579234e+00 1.170526e+02 6.554233e+01
      vertex   4.457669e+00 1.170526e+02 6.442077e+01
    endloop
  endfacet
  facet normal -6.433342e-01 6.417786e-01 4.174221e-01
    outer loop
      vertex   3.729176e+00 1.158591e+02 6.513297e+01
      vertex   4.457669e+00 1.170526e+02 6.442077e+01
      vertex   2.755081e+00 1.157101e+02 6.386081e+01
    endloop
  endfacet
  facet normal -6.433342e-01 6.417786e-01 4.174221e-01
    outer loop
      vertex   2.755081e+00 1.157101e+02 6.386081e+01
      vertex   4.457669e+00 1.170526e+02 6.442077e+01
      vertex   3.497524e+00 1.169057e+02 6.316683e+01
    endloop
  endfacet
  facet normal -7.312217e-01 6.196355e-01 2.852483e-01
    outer loop
      vertex   2.755081e+00 1.157101e+02 6.386081e+01
      vertex   3.497524e+00 1.169057e+02 6.316683e+01
      vertex   1.969978e+00 1.154159e+02 6.248731e+01
    endloop
  endfacet
  facet normal -2.089408e-01 4.566914e-01 8.647409e-01
    outer loop
      vertex   8.324069e+00 1.136554e+02 6.915583e+01
      vertex   8.951965e+00 1.149842e+02 6.860580e+01
      vertex   6.899622e+00 1.140827e+02 6.858598e+01
    endloop
  endfacet
  facet normal -2.089408e-01 4.566914e-01 8.647409e-01
    outer loop
      vertex   6.899622e+00 1.140827e+02 6.858598e+01
      vertex   8.951965e+00 1.149842e+02 6.860580e+01
      vertex   7.512689e+00 1.154159e+02 6.803002e+01
    endloop
  endfacet
  facet normal -3.497463e-01 4.930317e-01 7.966161e-01
    outer loop
      vertex   6.899622e+00 1.140827e+02 6.858598e+01
      vertex   7.512689e+00 1.154159e+02 6.803002e+01
      vertex   5.540273e+00 1.143739e+02 6.780897e+01
    endloop
  endfacet
  facet normal -3.497463e-01 4.930317e-01 7.966161e-01
    outer loop
      vertex   5.540273e+00 1.143739e+02 6.780897e+01
      vertex   7.512689e+00 1.154159e+02 6.803002e+01
      vertex   6.139188e+00 1.157101e+02 6.724492e+01
    endloop
  endfacet
  facet normal -4.821858e-01 5.152194e-01 7.085520e-01
    outer loop
      vertex   5.540273e+00 1.143739e+02 6.780897e+01
      vertex   6.139188e+00 1.157101e+02 6.724492e+01
      vertex   4.281227e+00 1.145214e+02 6.684491e+01
    endloop
  endfacet
  facet normal -4.821858e-01 5.152194e-01 7.085520e-01
    outer loop
      vertex   4.281227e+00 1.145214e+02 6.684491e+01
      vertex   6.139188e+00 1.157101e+02 6.724492e+01
      vertex   4.867035e+00 1.158591e+02 6.627082e+01
    endloop
  endfacet
  facet normal -6.028291e-01 5.226797e-01 6.028291e-01
    outer loop
      vertex   4.281227e+00 1.145214e+02 6.684491e+01
      vertex   4.867035e+00 1.158591e+02 6.627082e+01
      vertex   3.155092e+00 1.145214e+02 6.571877e+01
    endloop
  endfacet
  facet normal -6.028291e-01 5.226797e-01 6.028291e-01
    outer loop
      vertex   3.155092e+00 1.145214e+02 6.571877e+01
      vertex   4.867035e+00 1.158591e+02 6.627082e+01
      vertex   3.729176e+00 1.158591e+02 6.513297e+01
    endloop
  endfacet
  facet normal -7.085520e-01 5.152194e-01 4.821858e-01
    outer loop
      vertex   3.155092e+00 1.145214e+02 6.571877e+01
      vertex   3.729176e+00 1.158591e+02 6.513297e+01
      vertex   2.191033e+00 1.143739e+02 6.445973e+01
    endloop
  endfacet
  facet normal -7.085520e-01 5.152194e-01 4.821858e-01
    outer loop
      vertex   2.191033e+00 1.143739e+02 6.445973e+01
      vertex   3.729176e+00 1.158591e+02 6.513297e+01
      vertex   2.755081e+00 1.157101e+02 6.386081e+01
    endloop
  endfacet
  facet normal -7.966161e-01 4.930317e-01 3.497463e-01
    outer loop
      vertex   2.191033e+00 1.143739e+02 6.445973e+01
      vertex   2.755081e+00 1.157101e+02 6.386081e+01
      vertex   1.414019e+00 1.140827e+02 6.310038e+01
    endloop
  endfacet
  facet normal -7.966161e-01 4.930317e-01 3.497463e-01
    outer loop
      vertex   1.414019e+00 1.140827e+02 6.310038e+01
      vertex   2.755081e+00 1.157101e+02 6.386081e+01
      vertex   1.969978e+00 1.154159e+02 6.248731e+01
    endloop
  endfacet
  facet normal -8.647409e-01 4.566914e-01 2.089408e-01
    outer loop
      vertex   1.414019e+00 1.140827e+02 6.310038e+01
      vertex   1.969978e+00 1.154159e+02 6.248731e+01
      vertex   8.441721e-01 1.136554e+02 6.167593e+01
    endloop
  endfacet
  facet normal -3.206248e-01 1.730880e-01 9.312574e-01
    outer loop
      vertex   5.915729e+00 1.111501e+02 6.905517e+01
      vertex   7.206524e+00 1.107628e+02 6.957155e+01
      vertex   7.737440e+00 1.122367e+02 6.948041e+01
    endloop
  endfacet
  facet normal -2.680520e-01 3.188230e-01 9.091205e-01
    outer loop
      vertex   7.737440e+00 1.122367e+02 6.948041e+01
      vertex   8.324069e+00 1.136554e+02 6.915583e+01
      vertex   6.362897e+00 1.126490e+02 6.893053e+01
    endloop
  endfacet
  facet normal -2.680520e-01 3.188230e-01 9.091205e-01
    outer loop
      vertex   6.362897e+00 1.126490e+02 6.893053e+01
      vertex   8.324069e+00 1.136554e+02 6.915583e+01
      vertex   6.899622e+00 1.140827e+02 6.858598e+01
    endloop
  endfacet
  facet normal -4.056945e-01 3.543470e-01 8.425260e-01
    outer loop
      vertex   6.362897e+00 1.126490e+02 6.893053e+01
      vertex   6.899622e+00 1.140827e+02 6.858598e+01
      vertex   5.051171e+00 1.129300e+02 6.818073e+01
    endloop
  endfacet
  facet normal -4.056945e-01 3.543470e-01 8.425260e-01
    outer loop
      vertex   5.051171e+00 1.129300e+02 6.818073e+01
      vertex   6.899622e+00 1.140827e+02 6.858598e+01
      vertex   5.540273e+00 1.143739e+02 6.780897e+01
    endloop
  endfacet
  facet normal -5.351589e-01 3.760363e-01 7.564401e-01
    outer loop
      vertex   5.051171e+00 1.129300e+02 6.818073e+01
      vertex   5.540273e+00 1.143739e+02 6.780897e+01
      vertex   3.836234e+00 1.130723e+02 6.725045e+01
    endloop
  endfacet
  facet normal -5.351589e-01 3.760363e-01 7.564401e-01
    outer loop
      vertex   3.836234e+00 1.130723e+02 6.725045e+01
      vertex   5.540273e+00 1.143739e+02 6.780897e+01
      vertex   4.281227e+00 1.145214e+02 6.684491e+01
    endloop
  endfacet
  facet normal -6.530922e-01 3.833290e-01 6.530922e-01
    outer loop
      vertex   3.836234e+00 1.130723e+02 6.725045e+01
      vertex   4.281227e+00 1.145214e+02 6.684491e+01
      vertex   2.749551e+00 1.130723e+02 6.616377e+01
    endloop
  endfacet
  facet normal -6.530922e-01 3.833290e-01 6.530922e-01
    outer loop
      vertex   2.749551e+00 1.130723e+02 6.616377e+01
      vertex   4.281227e+00 1.145214e+02 6.684491e+01
      vertex   3.155092e+00 1.145214e+02 6.571877e+01
    endloop
  endfacet
  facet normal -7.564401e-01 3.760363e-01 5.351589e-01
    outer loop
      vertex   2.749551e+00 1.130723e+02 6.616377e+01
      vertex   3.155092e+00 1.145214e+02 6.571877e+01
      vertex   1.819267e+00 1.129300e+02 6.494883e+01
    endloop
  endfacet
  facet normal -7.564401e-01 3.760363e-01 5.351589e-01
    outer loop
      vertex   1.819267e+00 1.129300e+02 6.494883e+01
      vertex   3.155092e+00 1.145214e+02 6.571877e+01
      vertex   2.191033e+00 1.143739e+02 6.445973e+01
    endloop
  endfacet
  facet normal -8.425260e-01 3.543470e-01 4.056945e-01
    outer loop
      vertex   1.819267e+00 1.129300e+02 6.494883e+01
      vertex   2.191033e+00 1.143739e+02 6.445973e+01
      vertex   1.069475e+00 1.126490e+02 6.363710e+01
    endloop
  endfacet
  facet normal -8.425260e-01 3.543470e-01 4.056945e-01
    outer loop
      vertex   1.069475e+00 1.126490e+02 6.363710e+01
      vertex   2.191033e+00 1.143739e+02 6.445973e+01
      vertex   1.414019e+00 1.140827e+02 6.310038e+01
    endloop
  endfacet
  facet normal -9.091205e-01 3.188230e-01 2.680520e-01
    outer loop
      vertex   1.069475e+00 1.126490e+02 6.363710e+01
      vertex   1.414019e+00 1.140827e+02 6.310038e+01
      vertex   5.195919e-01 1.122367e+02 6.226256e+01
    endloop
  endfacet
  facet normal -9.091205e-01 3.188230e-01 2.680520e-01
    outer loop
      vertex   5.195919e-01 1.122367e+02 6.226256e+01
      vertex   1.414019e+00 1.140827e+02 6.310038e+01
      vertex   8.441721e-01 1.136554e+02 6.167593e+01
    endloop
  endfacet
  facet normal -9.544987e-01 2.703842e-01 1.257961e-01
    outer loop
      vertex   5.195919e-01 1.122367e+02 6.226256e+01
      vertex   8.441721e-01 1.136554e+02 6.167593e+01
      vertex   1.838606e-01 1.117037e+02 6.086080e+01
    endloop
  endfacet
  facet normal -9.544987e-01 2.703842e-01 1.257961e-01
    outer loop
      vertex   1.838606e-01 1.117037e+02 6.086080e+01
      vertex   8.441721e-01 1.136554e+02 6.167593e+01
      vertex   4.962519e-01 1.131031e+02 6.022328e+01
    endloop
  endfacet
  facet normal -4.517325e-01 2.069255e-01 8.678246e-01
    outer loop
      vertex   4.683925e+00 1.114139e+02 6.835106e+01
      vertex   5.915729e+00 1.111501e+02 6.905517e+01
      vertex   6.362897e+00 1.126490e+02 6.893053e+01
    endloop
  endfacet
  facet normal -3.206248e-01 1.730880e-01 9.312574e-01
    outer loop
      vertex   6.362897e+00 1.126490e+02 6.893053e+01
      vertex   5.915729e+00 1.111501e+02 6.905517e+01
      vertex   7.737440e+00 1.122367e+02 6.948041e+01
    endloop
  endfacet
  facet normal -4.517325e-01 2.069255e-01 8.678246e-01
    outer loop
      vertex   4.683925e+00 1.114139e+02 6.835106e+01
      vertex   6.362897e+00 1.126490e+02 6.893053e+01
      vertex   5.051171e+00 1.129300e+02 6.818073e+01
    endloop
  endfacet
  facet normal -1.691932e-01 9.169884e-01 3.612561e-01
    outer loop
      vertex   7.309976e+00 1.188935e+02 6.369723e+01
      vertex   8.436057e+00 1.187616e+02 6.455948e+01
      vertex   9.305496e+00 1.193761e+02 6.340676e+01
    endloop
  endfacet
  facet normal -5.750503e-01 2.275850e-01 7.858258e-01
    outer loop
      vertex   3.543013e+00 1.115476e+02 6.747746e+01
      vertex   4.683925e+00 1.114139e+02 6.835106e+01
      vertex   5.051171e+00 1.129300e+02 6.818073e+01
    endloop
  endfacet
  facet normal -5.750503e-01 2.275850e-01 7.858258e-01
    outer loop
      vertex   3.543013e+00 1.115476e+02 6.747746e+01
      vertex   5.051171e+00 1.129300e+02 6.818073e+01
      vertex   3.836234e+00 1.130723e+02 6.725045e+01
    endloop
  endfacet
  facet normal -2.715544e-01 9.233182e-01 2.715544e-01
    outer loop
      vertex   6.302769e+00 1.188935e+02 6.269002e+01
      vertex   8.285903e+00 1.194956e+02 6.262606e+01
      vertex   7.373943e+00 1.194956e+02 6.171410e+01
    endloop
  endfacet
  facet normal -1.661773e-01 9.719929e-01 1.661773e-01
    outer loop
      vertex   7.373943e+00 1.194956e+02 6.171410e+01
      vertex   8.285903e+00 1.194956e+02 6.262606e+01
      vertex   9.304037e+00 1.198638e+02 6.149022e+01
    endloop
  endfacet
  facet normal -6.873845e-01 2.345315e-01 6.873845e-01
    outer loop
      vertex   2.522541e+00 1.115476e+02 6.645699e+01
      vertex   3.543013e+00 1.115476e+02 6.747746e+01
      vertex   3.836234e+00 1.130723e+02 6.725045e+01
    endloop
  endfacet
  facet normal -6.873845e-01 2.345315e-01 6.873845e-01
    outer loop
      vertex   2.522541e+00 1.115476e+02 6.645699e+01
      vertex   3.836234e+00 1.130723e+02 6.725045e+01
      vertex   2.749551e+00 1.130723e+02 6.616377e+01
    endloop
  endfacet
  facet normal -4.675765e-01 8.451517e-01 2.590189e-01
    outer loop
      vertex   4.400079e+00 1.179313e+02 6.239487e+01
      vertex   6.302769e+00 1.188935e+02 6.269002e+01
      vertex   5.440522e+00 1.187616e+02 6.156394e+01
    endloop
  endfacet
  facet normal -3.612561e-01 9.169884e-01 1.691932e-01
    outer loop
      vertex   5.440522e+00 1.187616e+02 6.156394e+01
      vertex   6.302769e+00 1.188935e+02 6.269002e+01
      vertex   7.373943e+00 1.194956e+02 6.171410e+01
    endloop
  endfacet
  facet normal -7.858258e-01 2.275850e-01 5.750503e-01
    outer loop
      vertex   1.648938e+00 1.114139e+02 6.531607e+01
      vertex   2.522541e+00 1.115476e+02 6.645699e+01
      vertex   2.749551e+00 1.130723e+02 6.616377e+01
    endloop
  endfacet
  facet normal -7.858258e-01 2.275850e-01 5.750503e-01
    outer loop
      vertex   1.648938e+00 1.114139e+02 6.531607e+01
      vertex   2.749551e+00 1.130723e+02 6.616377e+01
      vertex   1.819267e+00 1.129300e+02 6.494883e+01
    endloop
  endfacet
  facet normal -5.487126e-01 8.247096e-01 1.369986e-01
    outer loop
      vertex   4.745566e+00 1.185012e+02 6.034815e+01
      vertex   3.656516e+00 1.176527e+02 6.109404e+01
      vertex   5.440522e+00 1.187616e+02 6.156394e+01
    endloop
  endfacet
  facet normal -5.487126e-01 8.247096e-01 1.369986e-01
    outer loop
      vertex   5.440522e+00 1.187616e+02 6.156394e+01
      vertex   3.656516e+00 1.176527e+02 6.109404e+01
      vertex   4.400079e+00 1.179313e+02 6.239487e+01
    endloop
  endfacet
  facet normal -6.479213e-01 7.310988e-01 2.137582e-01
    outer loop
      vertex   3.656516e+00 1.176527e+02 6.109404e+01
      vertex   2.723663e+00 1.166157e+02 6.181300e+01
      vertex   4.400079e+00 1.179313e+02 6.239487e+01
    endloop
  endfacet
  facet normal -8.678246e-01 2.069255e-01 4.517325e-01
    outer loop
      vertex   9.448296e-01 1.111501e+02 6.408427e+01
      vertex   1.648938e+00 1.114139e+02 6.531607e+01
      vertex   1.819267e+00 1.129300e+02 6.494883e+01
    endloop
  endfacet
  facet normal -8.678246e-01 2.069255e-01 4.517325e-01
    outer loop
      vertex   9.448296e-01 1.111501e+02 6.408427e+01
      vertex   1.819267e+00 1.129300e+02 6.494883e+01
      vertex   1.069475e+00 1.126490e+02 6.363710e+01
    endloop
  endfacet
  facet normal -9.312574e-01 1.730880e-01 3.206248e-01
    outer loop
      vertex   4.284508e-01 1.107628e+02 6.279348e+01
      vertex   9.448296e-01 1.111501e+02 6.408427e+01
      vertex   1.069475e+00 1.126490e+02 6.363710e+01
    endloop
  endfacet
  facet normal -9.312574e-01 1.730880e-01 3.206248e-01
    outer loop
      vertex   4.284508e-01 1.107628e+02 6.279348e+01
      vertex   1.069475e+00 1.126490e+02 6.363710e+01
      vertex   5.195919e-01 1.122367e+02 6.226256e+01
    endloop
  endfacet
  facet normal -9.744812e-01 1.269489e-01 1.851228e-01
    outer loop
      vertex   1.131752e-01 1.102623e+02 6.147712e+01
      vertex   4.284508e-01 1.107628e+02 6.279348e+01
      vertex   5.195919e-01 1.122367e+02 6.226256e+01
    endloop
  endfacet
  facet normal -9.744812e-01 1.269489e-01 1.851228e-01
    outer loop
      vertex   1.131752e-01 1.102623e+02 6.147712e+01
      vertex   5.195919e-01 1.122367e+02 6.226256e+01
      vertex   1.838606e-01 1.117037e+02 6.086080e+01
    endloop
  endfacet
  facet normal -7.845910e-02 9.969173e-01 0.000000e+00
    outer loop
      vertex   1.000000e+01 1.200000e+02 6.000000e+01
      vertex   1.000000e+01 1.200000e+02 0.000000e+00
      vertex   8.435655e+00 1.198769e+02 3.000000e+01
    endloop
  endfacet
  facet normal -7.845910e-02 9.969173e-01 0.000000e+00
    outer loop
      vertex   8.435655e+00 1.198769e+02 3.000000e+01
      vertex   1.000000e+01 1.200000e+02 0.000000e+00
      vertex   8.435655e+00 1.198769e+02 0.000000e+00
    endloop
  endfacet
  facet normal -2.334454e-01 9.723699e-01 0.000000e+00
    outer loop
      vertex   8.435655e+00 1.198769e+02 3.000000e+01
      vertex   8.435655e+00 1.198769e+02 0.000000e+00
      vertex   6.909830e+00 1.195106e+02 3.000000e+01
    endloop
  endfacet
  facet normal -2.334454e-01 9.723699e-01 0.000000e+00
    outer loop
      vertex   6.909830e+00 1.195106e+02 3.000000e+01
      vertex   8.435655e+00 1.198769e+02 0.000000e+00
      vertex   6.909830e+00 1.195106e+02 0.000000e+00
    endloop
  endfacet
  facet normal -3.826834e-01 9.238795e-01 0.000000e+00
    outer loop
      vertex   6.909830e+00 1.195106e+02 3.000000e+01
      vertex   6.909830e+00 1.195106e+02 0.000000e+00
      vertex   5.460095e+00 1.189101e+02 3.000000e+01
    endloop
  endfacet
  facet normal -3.826834e-01 9.238795e-01 -4.489670e-16
    outer loop
      vertex   5.460095e+00 1.189101e+02 3.000000e+01
      vertex   6.909830e+00 1.195106e+02 0.000000e+00
      vertex   5.460095e+00 1.189101e+02 0.000000e+00
    endloop
  endfacet
  facet normal -5.224986e-01 8.526402e-01 -4.193606e-16
    outer loop
      vertex   5.460095e+00 1.189101e+02 3.000000e+01
      vertex   5.460095e+00 1.189101e+02 0.000000e+00
      vertex   4.122147e+00 1.180902e+02 3.000000e+01
    endloop
  endfacet
  facet normal -5.224986e-01 8.526402e-01 -6.187626e-17
    outer loop
      vertex   4.122147e+00 1.180902e+02 3.000000e+01
      vertex   5.460095e+00 1.189101e+02 0.000000e+00
      vertex   4.122147e+00 1.180902e+02 0.000000e+00
    endloop
  endfacet
  facet normal -6.494480e-01 7.604060e-01 -7.691010e-17
    outer loop
      vertex   4.122147e+00 1.180902e+02 3.000000e+01
      vertex   4.122147e+00 1.180902e+02 0.000000e+00
      vertex   2.928932e+00 1.170711e+02 3.000000e+01
    endloop
  endfacet
  facet normal -6.494480e-01 7.604060e-01 4.806881e-17
    outer loop
      vertex   2.928932e+00 1.170711e+02 3.000000e+01
      vertex   4.122147e+00 1.180902e+02 0.000000e+00
      vertex   2.928932e+00 1.170711e+02 0.000000e+00
    endloop
  endfacet
  facet normal -7.604060e-01 6.494480e-01 5.628135e-17
    outer loop
      vertex   2.928932e+00 1.170711e+02 3.000000e+01
      vertex   2.928932e+00 1.170711e+02 0.000000e+00
      vertex   1.909830e+00 1.158779e+02 3.000000e+01
    endloop
  endfacet
  facet normal -7.604060e-01 6.494480e-01 2.814067e-17
    outer loop
      vertex   1.909830e+00 1.158779e+02 3.000000e+01
      vertex   2.928932e+00 1.170711e+02 0.000000e+00
      vertex   1.909830e+00 1.158779e+02 0.000000e+00
    endloop
  endfacet
  facet normal -8.526402e-01 5.224986e-01 3.155402e-17
    outer loop
      vertex   1.909830e+00 1.158779e+02 3.000000e+01
      vertex   1.909830e+00 1.158779e+02 0.000000e+00
      vertex   1.089935e+00 1.145399e+02 3.000000e+01
    endloop
  endfacet
  facet normal -8.526402e-01 5.224986e-01 -6.310805e-18
    outer loop
      vertex   1.089935e+00 1.145399e+02 3.000000e+01
      vertex   1.909830e+00 1.158779e+02 0.000000e+00
      vertex   1.089935e+00 1.145399e+02 0.000000e+00
    endloop
  endfacet
  facet normal -9.238795e-01 3.826834e-01 -6.838082e-18
    outer loop
      vertex   1.089935e+00 1.145399e+02 3.000000e+01
      vertex   1.089935e+00 1.145399e+02 0.000000e+00
      vertex   4.894348e-01 1.130902e+02 3.000000e+01
    endloop
  endfacet
  facet normal -9.238795e-01 3.826834e-01 -8.547603e-17
    outer loop
      vertex   4.894348e-01 1.130902e+02 3.000000e+01
      vertex   1.089935e+00 1.145399e+02 0.000000e+00
      vertex   4.894348e-01 1.130902e+02 0.000000e+00
    endloop
  endfacet
  facet normal -9.723699e-01 2.334454e-01 -8.996229e-17
    outer loop
      vertex   4.894348e-01 1.130902e+02 3.000000e+01
      vertex   4.894348e-01 1.130902e+02 0.000000e+00
      vertex   1.231166e-01 1.115643e+02 3.000000e+01
    endloop
  endfacet
  facet normal -9.723699e-01 2.334454e-01 3.598492e-17
    outer loop
      vertex   1.231166e-01 1.115643e+02 3.000000e+01
      vertex   4.894348e-01 1.130902e+02 0.000000e+00
      vertex   1.231166e-01 1.115643e+02 0.000000e+00
    endloop
  endfacet
  facet normal -9.969173e-01 7.845910e-02 3.689335e-17
    outer loop
      vertex   1.231166e-01 1.115643e+02 3.000000e+01
      vertex   1.231166e-01 1.115643e+02 0.000000e+00
      vertex   0.000000e+00 1.100000e+02 0.000000e+00
    endloop
  endfacet
  facet normal -9.969173e-01 7.845910e-02 0.000000e+00
    outer loop
      vertex   0.000000e+00 1.100000e+02 0.000000e+00
      vertex   0.000000e+00 1.100000e+02 6.000000e+01
      vertex   1.231166e-01 1.115643e+02 3.000000e+01
    endloop
  endfacet
  facet normal -9.969173e-01 7.845910e-02 -7.378671e-17
    outer loop
      vertex   1.231166e-01 1.115643e+02 3.000000e+01
      vertex   0.000000e+00 1.100000e+02 6.000000e+01
      vertex   1.231166e-01 1.115643e+02 6.000000e+01
    endloop
  endfacet
  facet normal -9.723699e-01 2.334454e-01 -7.196983e-17
    outer loop
      vertex   1.231166e-01 1.115643e+02 3.000000e+01
      vertex   1.231166e-01 1.115643e+02 6.000000e+01
      vertex   4.894348e-01 1.130902e+02 3.000000e+01
    endloop
  endfacet
  facet normal -9.723699e-01 2.334454e-01 7.196983e-17
    outer loop
      vertex   4.894348e-01 1.130902e+02 3.000000e+01
      vertex   1.231166e-01 1.115643e+02 6.000000e+01
      vertex   4.894348e-01 1.130902e+02 6.000000e+01
    endloop
  endfacet
  facet normal -9.238795e-01 3.826834e-01 6.838082e-17
    outer loop
      vertex   4.894348e-01 1.130902e+02 3.000000e+01
      vertex   4.894348e-01 1.130902e+02 6.000000e+01
      vertex   1.089935e+00 1.145399e+02 3.000000e+01
    endloop
  endfacet
  facet normal -9.238795e-01 3.826834e-01 -3.419041e-17
    outer loop
      vertex   1.089935e+00 1.145399e+02 3.000000e+01
      vertex   4.894348e-01 1.130902e+02 6.000000e+01
      vertex   1.089935e+00 1.145399e+02 6.000000e+01
    endloop
  endfacet
  facet normal -8.526402e-01 5.224986e-01 -3.155402e-17
    outer loop
      vertex   1.089935e+00 1.145399e+02 3.000000e+01
      vertex   1.089935e+00 1.145399e+02 6.000000e+01
      vertex   1.909830e+00 1.158779e+02 3.000000e+01
    endloop
  endfacet
  facet normal -8.526402e-01 5.224986e-01 -3.155402e-17
    outer loop
      vertex   1.909830e+00 1.158779e+02 3.000000e+01
      vertex   1.089935e+00 1.145399e+02 6.000000e+01
      vertex   1.909830e+00 1.158779e+02 6.000000e+01
    endloop
  endfacet
  facet normal -7.604060e-01 6.494480e-01 -2.814067e-17
    outer loop
      vertex   1.909830e+00 1.158779e+02 3.000000e+01
      vertex   1.909830e+00 1.158779e+02 6.000000e+01
      vertex   2.928932e+00 1.170711e+02 3.000000e+01
    endloop
  endfacet
  facet normal -7.604060e-01 6.494480e-01 -7.879389e-17
    outer loop
      vertex   2.928932e+00 1.170711e+02 3.000000e+01
      vertex   1.909830e+00 1.158779e+02 6.000000e+01
      vertex   2.928932e+00 1.170711e+02 6.000000e+01
    endloop
  endfacet
  facet normal -6.494480e-01 7.604060e-01 -6.729634e-17
    outer loop
      vertex   2.928932e+00 1.170711e+02 3.000000e+01
      vertex   2.928932e+00 1.170711e+02 6.000000e+01
      vertex   4.122147e+00 1.180902e+02 3.000000e+01
    endloop
  endfacet
  facet normal -6.494480e-01 7.604060e-01 7.691010e-17
    outer loop
      vertex   4.122147e+00 1.180902e+02 3.000000e+01
      vertex   2.928932e+00 1.170711e+02 6.000000e+01
      vertex   4.122147e+00 1.180902e+02 6.000000e+01
    endloop
  endfacet
  facet normal -5.224986e-01 8.526402e-01 6.187626e-17
    outer loop
      vertex   4.122147e+00 1.180902e+02 3.000000e+01
      vertex   4.122147e+00 1.180902e+02 6.000000e+01
      vertex   5.460095e+00 1.189101e+02 3.000000e+01
    endloop
  endfacet
  facet normal -5.224986e-01 8.526402e-01 0.000000e+00
    outer loop
      vertex   5.460095e+00 1.189101e+02 3.000000e+01
      vertex   4.122147e+00 1.180902e+02 6.000000e+01
      vertex   5.460095e+00 1.189101e+02 6.000000e+01
    endloop
  endfacet
  facet normal -3.826834e-01 9.238795e-01 0.000000e+00
    outer loop
      vertex   5.460095e+00 1.189101e+02 3.000000e+01
      vertex   5.460095e+00 1.189101e+02 6.000000e+01
      vertex   6.909830e+00 1.195106e+02 3.000000e+01
    endloop
  endfacet
  facet normal -3.826834e-01 9.238795e-01 0.000000e+00
    outer loop
      vertex   6.909830e+00 1.195106e+02 3.000000e+01
      vertex   5.460095e+00 1.189101e+02 6.000000e+01
      vertex   6.909830e+00 1.195106e+02 6.000000e+01
    endloop
  endfacet
  facet normal -2.334454e-01 9.723699e-01 0.000000e+00
    outer loop
      vertex   6.909830e+00 1.195106e+02 3.000000e+01
      vertex   6.909830e+00 1.195106e+02 6.000000e+01
      vertex   8.435655e+00 1.198769e+02 3.000000e+01
    endloop
  endfacet
  facet normal -2.334454e-01 9.723699e-01 -1.382274e-17
    outer loop
      vertex   8.435655e+00 1.198769e+02 3.000000e+01
      vertex   6.909830e+00 1.195106e+02 6.000000e+01
      vertex   8.435655e+00 1.198769e+02 6.000000e+01
    endloop
  endfacet
  facet normal -7.845910e-02 9.969173e-01 -4.645712e-18
    outer loop
      vertex   8.435655e+00 1.198769e+02 3.000000e+01
      vertex   8.435655e+00 1.198769e+02 6.000000e+01
      vertex   1.000000e+01 1.200000e+02 6.000000e+01
    endloop
  endfacet
  facet normal -1.864124e-01 -9.101416e-04 9.824712e-01
    outer loop
      vertex   8.748683e+00 6.739541e+01 6.991996e+01
      vertex   8.435655e+00 8.500500e+01 6.987688e+01
      vertex   7.510000e+00 6.750000e+01 6.968503e+01
    endloop
  endfacet
  facet normal -2.334450e-01 1.687640e-03 9.723685e-01
    outer loop
      vertex   7.510000e+00 6.750000e+01 6.968503e+01
      vertex   8.435655e+00 8.500500e+01 6.987688e+01
      vertex   6.909830e+00 8.500500e+01 6.951057e+01
    endloop
  endfacet
  facet normal -2.493333e-01 1.103519e-03 9.684171e-01
    outer loop
      vertex   7.510000e+00 6.750000e+01 6.968503e+01
      vertex   6.909830e+00 8.500500e+01 6.951057e+01
      vertex   7.503332e+00 6.750000e+01 6.968332e+01
    endloop
  endfacet
  facet normal -2.500000e-01 1.079218e-03 9.682452e-01
    outer loop
      vertex   7.503332e+00 6.750000e+01 6.968332e+01
      vertex   6.909830e+00 8.500500e+01 6.951057e+01
      vertex   7.496665e+00 6.750000e+01 6.968160e+01
    endloop
  endfacet
  facet normal -2.506666e-01 1.055186e-03 9.680729e-01
    outer loop
      vertex   7.496665e+00 6.750000e+01 6.968160e+01
      vertex   6.909830e+00 8.500500e+01 6.951057e+01
      vertex   7.490000e+00 6.750000e+01 6.967987e+01
    endloop
  endfacet
  facet normal -2.971611e-01 -6.138977e-04 9.548271e-01
    outer loop
      vertex   7.490000e+00 6.750000e+01 6.967987e+01
      vertex   6.909830e+00 8.500500e+01 6.951057e+01
      vertex   6.599540e+00 6.744558e+01 6.940271e+01
    endloop
  endfacet
  facet normal -3.826832e-01 1.087446e-03 9.238790e-01
    outer loop
      vertex   6.599540e+00 6.744558e+01 6.940271e+01
      vertex   6.909830e+00 8.500500e+01 6.951057e+01
      vertex   5.460095e+00 8.500500e+01 6.891007e+01
    endloop
  endfacet
  facet normal -3.844981e-01 9.485344e-04 9.231253e-01
    outer loop
      vertex   6.599540e+00 6.744558e+01 6.940271e+01
      vertex   5.460095e+00 8.500500e+01 6.891007e+01
      vertex   5.728604e+00 6.728831e+01 6.904011e+01
    endloop
  endfacet
  facet normal -4.676973e-01 -6.004128e-04 8.838885e-01
    outer loop
      vertex   5.728604e+00 6.728831e+01 6.904011e+01
      vertex   5.460095e+00 8.500500e+01 6.891007e+01
      vertex   4.898327e+00 6.703719e+01 6.860061e+01
    endloop
  endfacet
  facet normal -5.223160e-01 1.643541e-03 8.527504e-01
    outer loop
      vertex   4.898327e+00 6.703719e+01 6.860061e+01
      vertex   5.460095e+00 8.500500e+01 6.891007e+01
      vertex   4.125598e+00 8.500500e+01 6.809268e+01
    endloop
  endfacet
  facet normal -5.497904e-01 -3.126012e-05 8.353027e-01
    outer loop
      vertex   4.898327e+00 6.703719e+01 6.860061e+01
      vertex   4.125598e+00 8.500500e+01 6.809268e+01
      vertex   4.128546e+00 6.670263e+01 6.809393e+01
    endloop
  endfacet
  facet normal -6.232417e-01 -4.674282e-05 7.820292e-01
    outer loop
      vertex   4.128546e+00 6.670263e+01 6.809393e+01
      vertex   4.125598e+00 8.500500e+01 6.809268e+01
      vertex   3.430819e+00 6.630327e+01 6.753785e+01
    endloop
  endfacet
  facet normal -6.492851e-01 1.558201e-03 7.605435e-01
    outer loop
      vertex   3.430819e+00 6.630327e+01 6.753785e+01
      vertex   4.125598e+00 8.500500e+01 6.809268e+01
      vertex   2.928932e+00 8.500500e+01 6.707107e+01
    endloop
  endfacet
  facet normal -6.874700e-01 -3.234183e-04 7.262127e-01
    outer loop
      vertex   3.430819e+00 6.630327e+01 6.753785e+01
      vertex   2.928932e+00 8.500500e+01 6.707107e+01
      vertex   2.813631e+00 6.586041e+01 6.695339e+01
    endloop
  endfacet
  facet normal -7.460855e-01 4.006345e-04 6.658500e-01
    outer loop
      vertex   2.813631e+00 6.586041e+01 6.695339e+01
      vertex   2.928932e+00 8.500500e+01 6.707107e+01
      vertex   2.278814e+00 6.538962e+01 6.635441e+01
    endloop
  endfacet
  facet normal -7.604051e-01 1.474510e-03 6.494473e-01
    outer loop
      vertex   2.278814e+00 6.538962e+01 6.635441e+01
      vertex   2.928932e+00 8.500500e+01 6.707107e+01
      vertex   1.909830e+00 8.500500e+01 6.587785e+01
    endloop
  endfacet
  facet normal -7.973694e-01 -3.373344e-04 6.034914e-01
    outer loop
      vertex   2.278814e+00 6.538962e+01 6.635441e+01
      vertex   1.909830e+00 8.500500e+01 6.587785e+01
      vertex   1.798504e+00 6.487733e+01 6.571951e+01
    endloop
  endfacet
  facet normal -8.526400e-01 6.055274e-04 5.224985e-01
    outer loop
      vertex   1.798504e+00 6.487733e+01 6.571951e+01
      vertex   1.909830e+00 8.500500e+01 6.587785e+01
      vertex   1.089935e+00 8.500500e+01 6.453990e+01
    endloop
  endfacet
  facet normal -8.625795e-01 -7.159158e-04 5.059211e-01
    outer loop
      vertex   1.798504e+00 6.487733e+01 6.571951e+01
      vertex   1.089935e+00 8.500500e+01 6.453990e+01
      vertex   9.988894e-01 6.374535e+01 6.435459e+01
    endloop
  endfacet
  facet normal -9.238794e-01 6.208274e-04 3.826834e-01
    outer loop
      vertex   9.988894e-01 6.374535e+01 6.435459e+01
      vertex   1.089935e+00 8.500500e+01 6.453990e+01
      vertex   4.894348e-01 8.500500e+01 6.309017e+01
    endloop
  endfacet
  facet normal -9.310381e-01 -6.071188e-04 3.649214e-01
    outer loop
      vertex   9.988894e-01 6.374535e+01 6.435459e+01
      vertex   4.894348e-01 8.500500e+01 6.309017e+01
      vertex   4.324650e-01 6.251692e+01 6.290741e+01
    endloop
  endfacet
  facet normal -9.723698e-01 5.661069e-04 2.334453e-01
    outer loop
      vertex   4.324650e-01 6.251692e+01 6.290741e+01
      vertex   4.894348e-01 8.500500e+01 6.309017e+01
      vertex   1.231166e-01 8.500500e+01 6.156434e+01
    endloop
  endfacet
  facet normal -9.760770e-01 -4.417067e-04 2.174245e-01
    outer loop
      vertex   4.324650e-01 6.251692e+01 6.290741e+01
      vertex   1.231166e-01 8.500500e+01 6.156434e+01
      vertex   1.050642e-01 6.125099e+01 6.143505e+01
    endloop
  endfacet
  facet normal -9.973533e-01 3.622019e-04 7.270617e-02
    outer loop
      vertex   1.050642e-01 6.125099e+01 6.143505e+01
      vertex   1.231166e-01 8.500500e+01 6.156434e+01
      vertex   0.000000e+00 6.001000e+01 6.000000e+01
    endloop
  endfacet
  facet normal -9.969173e-01 0.000000e+00 7.845910e-02
    outer loop
      vertex   0.000000e+00 6.001000e+01 6.000000e+01
      vertex   1.231166e-01 8.500500e+01 6.156434e+01
      vertex   0.000000e+00 1.100000e+02 6.000000e+01
    endloop
  endfacet
  facet normal -9.969173e-01 -8.845733e-17 7.845910e-02
    outer loop
      vertex   0.000000e+00 1.100000e+02 6.000000e+01
      vertex   1.231166e-01 8.500500e+01 6.156434e+01
      vertex   1.231166e-01 1.100000e+02 6.156434e+01
    endloop
  endfacet
  facet normal -9.723699e-01 -8.638107e-17 2.334454e-01
    outer loop
      vertex   1.231166e-01 1.100000e+02 6.156434e+01
      vertex   1.231166e-01 8.500500e+01 6.156434e+01
      vertex   4.894348e-01 1.100000e+02 6.309017e+01
    endloop
  endfacet
  facet normal -9.723699e-01 -4.319054e-17 2.334454e-01
    outer loop
      vertex   4.894348e-01 1.100000e+02 6.309017e+01
      vertex   1.231166e-01 8.500500e+01 6.156434e+01
      vertex   4.894348e-01 8.500500e+01 6.309017e+01
    endloop
  endfacet
  facet normal -9.238795e-01 -4.103670e-17 3.826834e-01
    outer loop
      vertex   4.894348e-01 1.100000e+02 6.309017e+01
      vertex   4.894348e-01 8.500500e+01 6.309017e+01
      vertex   1.089935e+00 1.100000e+02 6.453990e+01
    endloop
  endfacet
  facet normal -9.238795e-01 0.000000e+00 3.826834e-01
    outer loop
      vertex   1.089935e+00 1.100000e+02 6.453990e+01
      vertex   4.894348e-01 8.500500e+01 6.309017e+01
      vertex   1.089935e+00 8.500500e+01 6.453990e+01
    endloop
  endfacet
  facet normal -8.526402e-01 0.000000e+00 5.224986e-01
    outer loop
      vertex   1.089935e+00 1.100000e+02 6.453990e+01
      vertex   1.089935e+00 8.500500e+01 6.453990e+01
      vertex   1.909830e+00 1.100000e+02 6.587785e+01
    endloop
  endfacet
  facet normal -8.526402e-01 -3.787240e-17 5.224986e-01
    outer loop
      vertex   1.909830e+00 1.100000e+02 6.587785e+01
      vertex   1.089935e+00 8.500500e+01 6.453990e+01
      vertex   1.909830e+00 8.500500e+01 6.587785e+01
    endloop
  endfacet
  facet normal -7.604060e-01 -3.377556e-17 6.494480e-01
    outer loop
      vertex   1.909830e+00 1.100000e+02 6.587785e+01
      vertex   1.909830e+00 8.500500e+01 6.587785e+01
      vertex   2.928932e+00 1.100000e+02 6.707107e+01
    endloop
  endfacet
  facet normal -7.604060e-01 -5.404090e-17 6.494480e-01
    outer loop
      vertex   2.928932e+00 1.100000e+02 6.707107e+01
      vertex   1.909830e+00 8.500500e+01 6.587785e+01
      vertex   2.928932e+00 8.500500e+01 6.707107e+01
    endloop
  endfacet
  facet normal -6.494480e-01 -4.615529e-17 7.604060e-01
    outer loop
      vertex   2.928932e+00 1.100000e+02 6.707107e+01
      vertex   2.928932e+00 8.500500e+01 6.707107e+01
      vertex   4.122147e+00 1.100000e+02 6.809017e+01
    endloop
  endfacet
  facet normal -6.492859e-01 -1.338747e-05 7.605444e-01
    outer loop
      vertex   4.122147e+00 1.100000e+02 6.809017e+01
      vertex   2.928932e+00 8.500500e+01 6.707107e+01
      vertex   4.125598e+00 8.500500e+01 6.809268e+01
    endloop
  endfacet
  facet normal -5.224986e-01 1.335120e-05 8.526402e-01
    outer loop
      vertex   4.122147e+00 1.100000e+02 6.809017e+01
      vertex   4.125598e+00 8.500500e+01 6.809268e+01
      vertex   5.460095e+00 1.100000e+02 6.891007e+01
    endloop
  endfacet
  facet normal -5.223167e-01 0.000000e+00 8.527516e-01
    outer loop
      vertex   5.460095e+00 1.100000e+02 6.891007e+01
      vertex   4.125598e+00 8.500500e+01 6.809268e+01
      vertex   5.460095e+00 8.500500e+01 6.891007e+01
    endloop
  endfacet
  facet normal -3.826834e-01 0.000000e+00 9.238795e-01
    outer loop
      vertex   5.460095e+00 1.100000e+02 6.891007e+01
      vertex   5.460095e+00 8.500500e+01 6.891007e+01
      vertex   6.909830e+00 1.100000e+02 6.951057e+01
    endloop
  endfacet
  facet normal -3.826834e-01 0.000000e+00 9.238795e-01
    outer loop
      vertex   6.909830e+00 1.100000e+02 6.951057e+01
      vertex   5.460095e+00 8.500500e+01 6.891007e+01
      vertex   6.909830e+00 8.500500e+01 6.951057e+01
    endloop
  endfacet
  facet normal -2.334454e-01 0.000000e+00 9.723699e-01
    outer loop
      vertex   6.909830e+00 1.100000e+02 6.951057e+01
      vertex   6.909830e+00 8.500500e+01 6.951057e+01
      vertex   8.435655e+00 1.100000e+02 6.987688e+01
    endloop
  endfacet
  facet normal -2.334454e-01 -5.528389e-16 9.723699e-01
    outer loop
      vertex   8.435655e+00 1.100000e+02 6.987688e+01
      vertex   6.909830e+00 8.500500e+01 6.951057e+01
      vertex   8.435655e+00 8.500500e+01 6.987688e+01
    endloop
  endfacet
  facet normal -7.845910e-02 -5.667953e-16 9.969173e-01
    outer loop
      vertex   8.435655e+00 1.100000e+02 6.987688e+01
      vertex   8.435655e+00 8.500500e+01 6.987688e+01
      vertex   1.000000e+01 1.100000e+02 7.000000e+01
    endloop
  endfacet
  facet normal -9.135166e-02 8.123108e-04 9.958184e-01
    outer loop
      vertex   1.000000e+01 1.100000e+02 7.000000e+01
      vertex   8.435655e+00 8.500500e+01 6.987688e+01
      vertex   8.748683e+00 6.739541e+01 6.991996e+01
    endloop
  endfacet
  facet normal -6.383128e-02 0.000000e+00 9.979607e-01
    outer loop
      vertex   1.000000e+01 1.100000e+02 7.000000e+01
      vertex   8.748683e+00 6.739541e+01 6.991996e+01
      vertex   1.000000e+01 6.707399e+01 7.000000e+01
    endloop
  endfacet
  facet normal -0.000000e+00 9.969173e-01 7.845910e-02
    outer loop
      vertex   1.000000e+01 1.198769e+02 6.156434e+01
      vertex   3.666667e+01 1.198769e+02 6.156434e+01
      vertex   1.000000e+01 1.200000e+02 6.000000e+01
    endloop
  endfacet
  facet normal 0.000000e+00 9.969173e-01 7.845910e-02
    outer loop
      vertex   1.000000e+01 1.200000e+02 6.000000e+01
      vertex   3.666667e+01 1.198769e+02 6.156434e+01
      vertex   6.333333e+01 1.198769e+02 6.156434e+01
    endloop
  endfacet
  facet normal -0.000000e+00 9.969173e-01 7.845910e-02
    outer loop
      vertex   1.000000e+01 1.200000e+02 6.000000e+01
      vertex   6.333333e+01 1.198769e+02 6.156434e+01
      vertex   9.000000e+01 1.200000e+02 6.000000e+01
    endloop
  endfacet
  facet normal 0.000000e+00 9.969173e-01 7.845910e-02
    outer loop
      vertex   9.000000e+01 1.200000e+02 6.000000e+01
      vertex   6.333333e+01 1.198769e+02 6.156434e+01
      vertex   9.000000e+01 1.198769e+02 6.156434e+01
    endloop
  endfacet
  facet normal 0.000000e+00 9.723699e-01 2.334454e-01
    outer loop
      vertex   9.000000e+01 1.198769e+02 6.156434e+01
      vertex   6.333333e+01 1.198769e+02 6.156434e+01
      vertex   9.000000e+01 1.195106e+02 6.309017e+01
    endloop
  endfacet
  facet normal 0.000000e+00 9.723699e-01 2.334454e-01
    outer loop
      vertex   9.000000e+01 1.195106e+02 6.309017e+01
      vertex   6.333333e+01 1.198769e+02 6.156434e+01
      vertex   6.333333e+01 1.195106e+02 6.309017e+01
    endloop
  endfacet
  facet normal 0.000000e+00 9.238795e-01 3.826834e-01
    outer loop
      vertex   9.000000e+01 1.195106e+02 6.309017e+01
      vertex   6.333333e+01 1.195106e+02 6.309017e+01
      vertex   9.000000e+01 1.189101e+02 6.453990e+01
    endloop
  endfacet
  facet normal 0.000000e+00 9.238795e-01 3.826834e-01
    outer loop
      vertex   9.000000e+01 1.189101e+02 6.453990e+01
      vertex   6.333333e+01 1.195106e+02 6.309017e+01
      vertex   6.333333e+01 1.189101e+02 6.453990e+01
    endloop
  endfacet
  facet normal 0.000000e+00 8.526402e-01 5.224986e-01
    outer loop
      vertex   9.000000e+01 1.189101e+02 6.453990e+01
      vertex   6.333333e+01 1.189101e+02 6.453990e+01
      vertex   9.000000e+01 1.180902e+02 6.587785e+01
    endloop
  endfacet
  facet normal 0.000000e+00 8.526402e-01 5.224986e-01
    outer loop
      vertex   9.000000e+01 1.180902e+02 6.587785e+01
      vertex   6.333333e+01 1.189101e+02 6.453990e+01
      vertex   6.333333e+01 1.180902e+02 6.587785e+01
    endloop
  endfacet
  facet normal 0.000000e+00 7.604060e-01 6.494480e-01
    outer loop
      vertex   9.000000e+01 1.180902e+02 6.587785e+01
      vertex   6.333333e+01 1.180902e+02 6.587785e+01
      vertex   9.000000e+01 1.170711e+02 6.707107e+01
    endloop
  endfacet
  facet normal 0.000000e+00 7.604060e-01 6.494480e-01
    outer loop
      vertex   9.000000e+01 1.170711e+02 6.707107e+01
      vertex   6.333333e+01 1.180902e+02 6.587785e+01
      vertex   6.333333e+01 1.170711e+02 6.707107e+01
    endloop
  endfacet
  facet normal 0.000000e+00 6.494480e-01 7.604060e-01
    outer loop
      vertex   9.000000e+01 1.170711e+02 6.707107e+01
      vertex   6.333333e+01 1.170711e+02 6.707107e+01
      vertex   9.000000e+01 1.158779e+02 6.809017e+01
    endloop
  endfacet
  facet normal 0.000000e+00 6.494480e-01 7.604060e-01
    outer loop
      vertex   9.000000e+01 1.158779e+02 6.809017e+01
      vertex   6.333333e+01 1.170711e+02 6.707107e+01
      vertex   6.333333e+01 1.158779e+02 6.809017e+01
    endloop
  endfacet
  facet normal 0.000000e+00 5.224986e-01 8.526402e-01
    outer loop
      vertex   9.000000e+01 1.158779e+02 6.809017e+01
      vertex   6.333333e+01 1.158779e+02 6.809017e+01
      vertex   9.000000e+01 1.145399e+02 6.891007e+01
    endloop
  endfacet
  facet normal 0.000000e+00 5.224986e-01 8.526402e-01
    outer loop
      vertex   9.000000e+01 1.145399e+02 6.891007e+01
      vertex   6.333333e+01 1.158779e+02 6.809017e+01
      vertex   6.333333e+01 1.145399e+02 6.891007e+01
    endloop
  endfacet
  facet normal 0.000000e+00 3.826834e-01 9.238795e-01
    outer loop
      vertex   9.000000e+01 1.145399e+02 6.891007e+01
      vertex   6.333333e+01 1.145399e+02 6.891007e+01
      vertex   9.000000e+01 1.130902e+02 6.951057e+01
    endloop
  endfacet
  facet normal 0.000000e+00 3.826834e-01 9.238795e-01
    outer loop
      vertex   9.000000e+01 1.130902e+02 6.951057e+01
      vertex   6.333333e+01 1.145399e+02 6.891007e+01
      vertex   6.333333e+01 1.130902e+02 6.951057e+01
    endloop
  endfacet
  facet normal 0.000000e+00 2.334454e-01 9.723699e-01
    outer loop
      vertex   9.000000e+01 1.130902e+02 6.951057e+01
      vertex   6.333333e+01 1.130902e+02 6.951057e+01
      vertex   9.000000e+01 1.115643e+02 6.987688e+01
    endloop
  endfacet
  facet normal -5.181828e-16 2.334454e-01 9.723699e-01
    outer loop
      vertex   9.000000e+01 1.115643e+02 6.987688e+01
      vertex   6.333333e+01 1.130902e+02 6.951057e+01
      vertex   6.333333e+01 1.115643e+02 6.987688e+01
    endloop
  endfacet
  facet normal -5.312643e-16 7.845910e-02 9.969173e-01
    outer loop
      vertex   9.000000e+01 1.115643e+02 6.987688e+01
      vertex   6.333333e+01 1.115643e+02 6.987688e+01
      vertex   9.000000e+01 1.100000e+02 7.000000e+01
    endloop
  endfacet
  facet normal 0.000000e+00 7.845910e-02 9.969173e-01
    outer loop
      vertex   9.000000e+01 1.100000e+02 7.000000e+01
      vertex   6.333333e+01 1.115643e+02 6.987688e+01
      vertex   3.666667e+01 1.115643e+02 6.987688e+01
    endloop
  endfacet
  facet normal 0.000000e+00 7.845910e-02 9.969173e-01
    outer loop
      vertex   9.000000e+01 1.100000e+02 7.000000e+01
      vertex   3.666667e+01 1.115643e+02 6.987688e+01
      vertex   1.000000e+01 1.100000e+02 7.000000e+01
    endloop
  endfacet
  facet normal 5.306378e-16 7.845910e-02 9.969173e-01
    outer loop
      vertex   1.000000e+01 1.100000e+02 7.000000e+01
      vertex   3.666667e+01 1.115643e+02 6.987688e+01
      vertex   1.000000e+01 1.115643e+02 6.987688e+01
    endloop
  endfacet
  facet normal 5.181828e-16 2.334454e-01 9.723699e-01
    outer loop
      vertex   1.000000e+01 1.115643e+02 6.987688e+01
      vertex   3.666667e+01 1.115643e+02 6.987688e+01
      vertex   1.000000e+01 1.130902e+02 6.951057e+01
    endloop
  endfacet
  facet normal -0.000000e+00 2.334454e-01 9.723699e-01
    outer loop
      vertex   1.000000e+01 1.130902e+02 6.951057e+01
      vertex   3.666667e+01 1.115643e+02 6.987688e+01
      vertex   3.666667e+01 1.130902e+02 6.951057e+01
    endloop
  endfacet
  facet normal -0.000000e+00 3.826834e-01 9.238795e-01
    outer loop
      vertex   1.000000e+01 1.130902e+02 6.951057e+01
      vertex   3.666667e+01 1.130902e+02 6.951057e+01
      vertex   1.000000e+01 1.145399e+02 6.891007e+01
    endloop
  endfacet
  facet normal -0.000000e+00 3.826834e-01 9.238795e-01
    outer loop
      vertex   1.000000e+01 1.145399e+02 6.891007e+01
      vertex   3.666667e+01 1.130902e+02 6.951057e+01
      vertex   3.666667e+01 1.145399e+02 6.891007e+01
    endloop
  endfacet
  facet normal -0.000000e+00 5.224986e-01 8.526402e-01
    outer loop
      vertex   1.000000e+01 1.145399e+02 6.891007e+01
      vertex   3.666667e+01 1.145399e+02 6.891007e+01
      vertex   1.000000e+01 1.158779e+02 6.809017e+01
    endloop
  endfacet
  facet normal -0.000000e+00 5.224986e-01 8.526402e-01
    outer loop
      vertex   1.000000e+01 1.158779e+02 6.809017e+01
      vertex   3.666667e+01 1.145399e+02 6.891007e+01
      vertex   3.666667e+01 1.158779e+02 6.809017e+01
    endloop
  endfacet
  facet normal -0.000000e+00 6.494480e-01 7.604060e-01
    outer loop
      vertex   1.000000e+01 1.158779e+02 6.809017e+01
      vertex   3.666667e+01 1.158779e+02 6.809017e+01
      vertex   1.000000e+01 1.170711e+02 6.707107e+01
    endloop
  endfacet
  facet normal -0.000000e+00 6.494480e-01 7.604060e-01
    outer loop
      vertex   1.000000e+01 1.170711e+02 6.707107e+01
      vertex   3.666667e+01 1.158779e+02 6.809017e+01
      vertex   3.666667e+01 1.170711e+02 6.707107e+01
    endloop
  endfacet
  facet normal -0.000000e+00 7.604060e-01 6.494480e-01
    outer loop
      vertex   1.000000e+01 1.170711e+02 6.707107e+01
      vertex   3.666667e+01 1.170711e+02 6.707107e+01
      vertex   1.000000e+01 1.180902e+02 6.587785e+01
    endloop
  endfacet
  facet normal -0.000000e+00 7.604060e-01 6.494480e-01
    outer loop
      vertex   1.000000e+01 1.180902e+02 6.587785e+01
      vertex   3.666667e+01 1.170711e+02 6.707107e+01
      vertex   3.666667e+01 1.180902e+02 6.587785e+01
    endloop
  endfacet
  facet normal -0.000000e+00 8.526402e-01 5.224986e-01
    outer loop
      vertex   1.000000e+01 1.180902e+02 6.587785e+01
      vertex   3.666667e+01 1.180902e+02 6.587785e+01
      vertex   1.000000e+01 1.189101e+02 6.453990e+01
    endloop
  endfacet
  facet normal -0.000000e+00 8.526402e-01 5.224986e-01
    outer loop
      vertex   1.000000e+01 1.189101e+02 6.453990e+01
      vertex   3.666667e+01 1.180902e+02 6.587785e+01
      vertex   3.666667e+01 1.189101e+02 6.453990e+01
    endloop
  endfacet
  facet normal -0.000000e+00 9.238795e-01 3.826834e-01
    outer loop
      vertex   1.000000e+01 1.189101e+02 6.453990e+01
      vertex   3.666667e+01 1.189101e+02 6.453990e+01
      vertex   1.000000e+01 1.195106e+02 6.309017e+01
    endloop
  endfacet
  facet normal -0.000000e+00 9.238795e-01 3.826834e-01
    outer loop
      vertex   1.000000e+01 1.195106e+02 6.309017e+01
      vertex   3.666667e+01 1.189101e+02 6.453990e+01
      vertex   3.666667e+01 1.195106e+02 6.309017e+01
    endloop
  endfacet
  facet normal -0.000000e+00 9.723699e-01 2.334454e-01
    outer loop
      vertex   1.000000e+01 1.195106e+02 6.309017e+01
      vertex   3.666667e+01 1.195106e+02 6.309017e+01
      vertex   1.000000e+01 1.198769e+02 6.156434e+01
    endloop
  endfacet
  facet normal -0.000000e+00 9.723699e-01 2.334454e-01
    outer loop
      vertex   1.000000e+01 1.198769e+02 6.156434e+01
      vertex   3.666667e+01 1.195106e+02 6.309017e+01
      vertex   3.666667e+01 1.198769e+02 6.156434e+01
    endloop
  endfacet
  facet normal 0.000000e+00 9.723699e-01 2.334454e-01
    outer loop
      vertex   6.333333e+01 1.195106e+02 6.309017e+01
      vertex   6.333333e+01 1.198769e+02 6.156434e+01
      vertex   3.666667e+01 1.198769e+02 6.156434e+01
    endloop
  endfacet
  facet normal 0.000000e+00 9.723699e-01 2.334454e-01
    outer loop
      vertex   6.333333e+01 1.195106e+02 6.309017e+01
      vertex   3.666667e+01 1.198769e+02 6.156434e+01
      vertex   3.666667e+01 1.195106e+02 6.309017e+01
    endloop
  endfacet
  facet normal 0.000000e+00 9.238795e-01 3.826834e-01
    outer loop
      vertex   6.333333e+01 1.189101e+02 6.453990e+01
      vertex   6.333333e+01 1.195106e+02 6.309017e+01
      vertex   3.666667e+01 1.195106e+02 6.309017e+01
    endloop
  endfacet
  facet normal 0.000000e+00 9.238795e-01 3.826834e-01
    outer loop
      vertex   6.333333e+01 1.189101e+02 6.453990e+01
      vertex   3.666667e+01 1.195106e+02 6.309017e+01
      vertex   3.666667e+01 1.189101e+02 6.453990e+01
    endloop
  endfacet
  facet normal 0.000000e+00 8.526402e-01 5.224986e-01
    outer loop
      vertex   6.333333e+01 1.180902e+02 6.587785e+01
      vertex   6.333333e+01 1.189101e+02 6.453990e+01
      vertex   3.666667e+01 1.189101e+02 6.453990e+01
    endloop
  endfacet
  facet normal 0.000000e+00 8.526402e-01 5.224986e-01
    outer loop
      vertex   6.333333e+01 1.180902e+02 6.587785e+01
      vertex   3.666667e+01 1.189101e+02 6.453990e+01
      vertex   3.666667e+01 1.180902e+02 6.587785e+01
    endloop
  endfacet
  facet normal 0.000000e+00 7.604060e-01 6.494480e-01
    outer loop
      vertex   6.333333e+01 1.170711e+02 6.707107e+01
      vertex   6.333333e+01 1.180902e+02 6.587785e+01
      vertex   3.666667e+01 1.180902e+02 6.587785e+01
    endloop
  endfacet
  facet normal 0.000000e+00 7.604060e-01 6.494480e-01
    outer loop
      vertex   6.333333e+01 1.170711e+02 6.707107e+01
      vertex   3.666667e+01 1.180902e+02 6.587785e+01
      vertex   3.666667e+01 1.170711e+02 6.707107e+01
    endloop
  endfacet
  facet normal 0.000000e+00 6.494480e-01 7.604060e-01
    outer loop
      vertex   6.333333e+01 1.158779e+02 6.809017e+01
      vertex   6.333333e+01 1.170711e+02 6.707107e+01
      vertex   3.666667e+01 1.170711e+02 6.707107e+01
    endloop
  endfacet
  facet normal 0.000000e+00 6.494480e-01 7.604060e-01
    outer loop
      vertex   6.333333e+01 1.158779e+02 6.809017e+01
      vertex   3.666667e+01 1.170711e+02 6.707107e+01
      vertex   3.666667e+01 1.158779e+02 6.809017e+01
    endloop
  endfacet
  facet normal 0.000000e+00 5.224986e-01 8.526402e-01
    outer loop
      vertex   6.333333e+01 1.145399e+02 6.891007e+01
      vertex   6.333333e+01 1.158779e+02 6.809017e+01
      vertex   3.666667e+01 1.158779e+02 6.809017e+01
    endloop
  endfacet
  facet normal 0.000000e+00 5.224986e-01 8.526402e-01
    outer loop
      vertex   6.333333e+01 1.145399e+02 6.891007e+01
      vertex   3.666667e+01 1.158779e+02 6.809017e+01
      vertex   3.666667e+01 1.145399e+02 6.891007e+01
    endloop
  endfacet
  facet normal 0.000000e+00 3.826834e-01 9.238795e-01
    outer loop
      vertex   6.333333e+01 1.130902e+02 6.951057e+01
      vertex   6.333333e+01 1.145399e+02 6.891007e+01
      vertex   3.666667e+01 1.145399e+02 6.891007e+01
    endloop
  endfacet
  facet normal 0.000000e+00 3.826834e-01 9.238795e-01
    outer loop
      vertex   6.333333e+01 1.130902e+02 6.951057e+01
      vertex   3.666667e+01 1.145399e+02 6.891007e+01
      vertex   3.666667e+01 1.130902e+02 6.951057e+01
    endloop
  endfacet
  facet normal 0.000000e+00 2.334454e-01 9.723699e-01
    outer loop
      vertex   6.333333e+01 1.115643e+02 6.987688e+01
      vertex   6.333333e+01 1.130902e+02 6.951057e+01
      vertex   3.666667e+01 1.130902e+02 6.951057e+01
    endloop
  endfacet
  facet normal 0.000000e+00 2.334454e-01 9.723699e-01
    outer loop
      vertex   6.333333e+01 1.115643e+02 6.987688e+01
      vertex   3.666667e+01 1.130902e+02 6.951057e+01
      vertex   3.666667e+01 1.115643e+02 6.987688e+01
    endloop
  endfacet
  facet normal 7.845910e-02 0.000000e+00 9.969173e-01
    outer loop
      vertex   9.000000e+01 1.100000e+02 7.000000e+01
      vertex   9.000000e+01 6.707399e+01 7.000000e+01
      vertex   9.156434e+01 8.500500e+01 6.987688e+01
    endloop
  endfacet
  facet normal 6.349539e-02 1.312775e-03 9.979813e-01
    outer loop
      vertex   9.156434e+01 8.500500e+01 6.987688e+01
      vertex   9.000000e+01 6.707399e+01 7.000000e+01
      vertex   9.125132e+01 6.739541e+01 6.991996e+01
    endloop
  endfacet
  facet normal 1.864124e-01 -9.101416e-04 9.824712e-01
    outer loop
      vertex   9.156434e+01 8.500500e+01 6.987688e+01
      vertex   9.125132e+01 6.739541e+01 6.991996e+01
      vertex   9.249000e+01 6.750000e+01 6.968503e+01
    endloop
  endfacet
  facet normal 2.334450e-01 1.687640e-03 9.723685e-01
    outer loop
      vertex   9.156434e+01 8.500500e+01 6.987688e+01
      vertex   9.249000e+01 6.750000e+01 6.968503e+01
      vertex   9.309017e+01 8.500500e+01 6.951057e+01
    endloop
  endfacet
  facet normal 2.493333e-01 1.103519e-03 9.684171e-01
    outer loop
      vertex   9.309017e+01 8.500500e+01 6.951057e+01
      vertex   9.249000e+01 6.750000e+01 6.968503e+01
      vertex   9.249667e+01 6.750000e+01 6.968332e+01
    endloop
  endfacet
  facet normal 2.500000e-01 1.079218e-03 9.682452e-01
    outer loop
      vertex   9.309017e+01 8.500500e+01 6.951057e+01
      vertex   9.249667e+01 6.750000e+01 6.968332e+01
      vertex   9.250333e+01 6.750000e+01 6.968160e+01
    endloop
  endfacet
  facet normal 2.506666e-01 1.055186e-03 9.680729e-01
    outer loop
      vertex   9.250333e+01 6.750000e+01 6.968160e+01
      vertex   9.251000e+01 6.750000e+01 6.967987e+01
      vertex   9.309017e+01 8.500500e+01 6.951057e+01
    endloop
  endfacet
  facet normal 2.971611e-01 -6.138977e-04 9.548271e-01
    outer loop
      vertex   9.309017e+01 8.500500e+01 6.951057e+01
      vertex   9.251000e+01 6.750000e+01 6.967987e+01
      vertex   9.340046e+01 6.744558e+01 6.940271e+01
    endloop
  endfacet
  facet normal 3.826832e-01 1.087446e-03 9.238790e-01
    outer loop
      vertex   9.309017e+01 8.500500e+01 6.951057e+01
      vertex   9.340046e+01 6.744558e+01 6.940271e+01
      vertex   9.453990e+01 8.500500e+01 6.891007e+01
    endloop
  endfacet
  facet normal 3.844981e-01 9.485344e-04 9.231253e-01
    outer loop
      vertex   9.453990e+01 8.500500e+01 6.891007e+01
      vertex   9.340046e+01 6.744558e+01 6.940271e+01
      vertex   9.427140e+01 6.728831e+01 6.904011e+01
    endloop
  endfacet
  facet normal 4.676973e-01 -6.004128e-04 8.838885e-01
    outer loop
      vertex   9.453990e+01 8.500500e+01 6.891007e+01
      vertex   9.427140e+01 6.728831e+01 6.904011e+01
      vertex   9.510167e+01 6.703719e+01 6.860061e+01
    endloop
  endfacet
  facet normal 5.223160e-01 1.643541e-03 8.527504e-01
    outer loop
      vertex   9.453990e+01 8.500500e+01 6.891007e+01
      vertex   9.510167e+01 6.703719e+01 6.860061e+01
      vertex   9.587440e+01 8.500500e+01 6.809268e+01
    endloop
  endfacet
  facet normal 5.497904e-01 -3.126012e-05 8.353027e-01
    outer loop
      vertex   9.587440e+01 8.500500e+01 6.809268e+01
      vertex   9.510167e+01 6.703719e+01 6.860061e+01
      vertex   9.587145e+01 6.670263e+01 6.809393e+01
    endloop
  endfacet
  facet normal 6.232417e-01 -4.674282e-05 7.820292e-01
    outer loop
      vertex   9.587440e+01 8.500500e+01 6.809268e+01
      vertex   9.587145e+01 6.670263e+01 6.809393e+01
      vertex   9.656918e+01 6.630327e+01 6.753785e+01
    endloop
  endfacet
  facet normal 6.492851e-01 1.558201e-03 7.605435e-01
    outer loop
      vertex   9.587440e+01 8.500500e+01 6.809268e+01
      vertex   9.656918e+01 6.630327e+01 6.753785e+01
      vertex   9.707107e+01 8.500500e+01 6.707107e+01
    endloop
  endfacet
  facet normal 6.874700e-01 -3.234183e-04 7.262127e-01
    outer loop
      vertex   9.707107e+01 8.500500e+01 6.707107e+01
      vertex   9.656918e+01 6.630327e+01 6.753785e+01
      vertex   9.718637e+01 6.586041e+01 6.695339e+01
    endloop
  endfacet
  facet normal 7.460855e-01 4.006345e-04 6.658500e-01
    outer loop
      vertex   9.707107e+01 8.500500e+01 6.707107e+01
      vertex   9.718637e+01 6.586041e+01 6.695339e+01
      vertex   9.772119e+01 6.538962e+01 6.635441e+01
    endloop
  endfacet
  facet normal 7.604051e-01 1.474510e-03 6.494473e-01
    outer loop
      vertex   9.707107e+01 8.500500e+01 6.707107e+01
      vertex   9.772119e+01 6.538962e+01 6.635441e+01
      vertex   9.809017e+01 8.500500e+01 6.587785e+01
    endloop
  endfacet
  facet normal 7.973694e-01 -3.373344e-04 6.034914e-01
    outer loop
      vertex   9.809017e+01 8.500500e+01 6.587785e+01
      vertex   9.772119e+01 6.538962e+01 6.635441e+01
      vertex   9.820150e+01 6.487733e+01 6.571951e+01
    endloop
  endfacet
  facet normal 8.526400e-01 6.055274e-04 5.224985e-01
    outer loop
      vertex   9.809017e+01 8.500500e+01 6.587785e+01
      vertex   9.820150e+01 6.487733e+01 6.571951e+01
      vertex   9.891007e+01 8.500500e+01 6.453990e+01
    endloop
  endfacet
  facet normal 8.625795e-01 -7.159158e-04 5.059211e-01
    outer loop
      vertex   9.891007e+01 8.500500e+01 6.453990e+01
      vertex   9.820150e+01 6.487733e+01 6.571951e+01
      vertex   9.900111e+01 6.374535e+01 6.435459e+01
    endloop
  endfacet
  facet normal 9.238794e-01 6.208274e-04 3.826834e-01
    outer loop
      vertex   9.891007e+01 8.500500e+01 6.453990e+01
      vertex   9.900111e+01 6.374535e+01 6.435459e+01
      vertex   9.951057e+01 8.500500e+01 6.309017e+01
    endloop
  endfacet
  facet normal 9.310381e-01 -6.071188e-04 3.649214e-01
    outer loop
      vertex   9.951057e+01 8.500500e+01 6.309017e+01
      vertex   9.900111e+01 6.374535e+01 6.435459e+01
      vertex   9.956754e+01 6.251692e+01 6.290741e+01
    endloop
  endfacet
  facet normal 9.723698e-01 5.661069e-04 2.334453e-01
    outer loop
      vertex   9.951057e+01 8.500500e+01 6.309017e+01
      vertex   9.956754e+01 6.251692e+01 6.290741e+01
      vertex   9.987688e+01 8.500500e+01 6.156434e+01
    endloop
  endfacet
  facet normal 9.760770e-01 -4.417067e-04 2.174245e-01
    outer loop
      vertex   9.987688e+01 8.500500e+01 6.156434e+01
      vertex   9.956754e+01 6.251692e+01 6.290741e+01
      vertex   9.989494e+01 6.125099e+01 6.143505e+01
    endloop
  endfacet
  facet normal 9.965257e-01 3.039876e-04 8.328537e-02
    outer loop
      vertex   9.987688e+01 8.500500e+01 6.156434e+01
      vertex   9.989494e+01 6.125099e+01 6.143505e+01
      vertex   1.000000e+02 1.100000e+02 6.000000e+01
    endloop
  endfacet
  facet normal 9.973306e-01 0.000000e+00 7.301773e-02
    outer loop
      vertex   1.000000e+02 1.100000e+02 6.000000e+01
      vertex   9.989494e+01 6.125099e+01 6.143505e+01
      vertex   1.000000e+02 6.001000e+01 6.000000e+01
    endloop
  endfacet
  facet normal 9.969173e-01 0.000000e+00 7.845910e-02
    outer loop
      vertex   1.000000e+02 1.100000e+02 6.000000e+01
      vertex   9.987688e+01 1.100000e+02 6.156434e+01
      vertex   9.987688e+01 8.500500e+01 6.156434e+01
    endloop
  endfacet
  facet normal 9.723699e-01 -0.000000e+00 2.334454e-01
    outer loop
      vertex   9.987688e+01 8.500500e+01 6.156434e+01
      vertex   9.987688e+01 1.100000e+02 6.156434e+01
      vertex   9.951057e+01 8.500500e+01 6.309017e+01
    endloop
  endfacet
  facet normal 9.723699e-01 0.000000e+00 2.334454e-01
    outer loop
      vertex   9.987688e+01 1.100000e+02 6.156434e+01
      vertex   9.951057e+01 1.100000e+02 6.309017e+01
      vertex   9.951057e+01 8.500500e+01 6.309017e+01
    endloop
  endfacet
  facet normal 9.238795e-01 -0.000000e+00 3.826834e-01
    outer loop
      vertex   9.951057e+01 8.500500e+01 6.309017e+01
      vertex   9.951057e+01 1.100000e+02 6.309017e+01
      vertex   9.891007e+01 8.500500e+01 6.453990e+01
    endloop
  endfacet
  facet normal 9.238795e-01 0.000000e+00 3.826834e-01
    outer loop
      vertex   9.951057e+01 1.100000e+02 6.309017e+01
      vertex   9.891007e+01 1.100000e+02 6.453990e+01
      vertex   9.891007e+01 8.500500e+01 6.453990e+01
    endloop
  endfacet
  facet normal 8.526402e-01 -0.000000e+00 5.224986e-01
    outer loop
      vertex   9.891007e+01 8.500500e+01 6.453990e+01
      vertex   9.891007e+01 1.100000e+02 6.453990e+01
      vertex   9.809017e+01 8.500500e+01 6.587785e+01
    endloop
  endfacet
  facet normal 8.526402e-01 0.000000e+00 5.224986e-01
    outer loop
      vertex   9.891007e+01 1.100000e+02 6.453990e+01
      vertex   9.809017e+01 1.100000e+02 6.587785e+01
      vertex   9.809017e+01 8.500500e+01 6.587785e+01
    endloop
  endfacet
  facet normal 7.604060e-01 -0.000000e+00 6.494480e-01
    outer loop
      vertex   9.809017e+01 8.500500e+01 6.587785e+01
      vertex   9.809017e+01 1.100000e+02 6.587785e+01
      vertex   9.707107e+01 8.500500e+01 6.707107e+01
    endloop
  endfacet
  facet normal 7.604060e-01 0.000000e+00 6.494480e-01
    outer loop
      vertex   9.809017e+01 1.100000e+02 6.587785e+01
      vertex   9.707107e+01 1.100000e+02 6.707107e+01
      vertex   9.707107e+01 8.500500e+01 6.707107e+01
    endloop
  endfacet
  facet normal 6.494480e-01 -0.000000e+00 7.604060e-01
    outer loop
      vertex   9.707107e+01 8.500500e+01 6.707107e+01
      vertex   9.707107e+01 1.100000e+02 6.707107e+01
      vertex   9.587785e+01 1.100000e+02 6.809017e+01
    endloop
  endfacet
  facet normal 6.492859e-01 -1.338747e-05 7.605444e-01
    outer loop
      vertex   9.707107e+01 8.500500e+01 6.707107e+01
      vertex   9.587785e+01 1.100000e+02 6.809017e+01
      vertex   9.587440e+01 8.500500e+01 6.809268e+01
    endloop
  endfacet
  facet normal 5.224986e-01 1.335120e-05 8.526402e-01
    outer loop
      vertex   9.587440e+01 8.500500e+01 6.809268e+01
      vertex   9.587785e+01 1.100000e+02 6.809017e+01
      vertex   9.453990e+01 1.100000e+02 6.891007e+01
    endloop
  endfacet
  facet normal 5.223167e-01 0.000000e+00 8.527516e-01
    outer loop
      vertex   9.587440e+01 8.500500e+01 6.809268e+01
      vertex   9.453990e+01 1.100000e+02 6.891007e+01
      vertex   9.453990e+01 8.500500e+01 6.891007e+01
    endloop
  endfacet
  facet normal 3.826834e-01 -0.000000e+00 9.238795e-01
    outer loop
      vertex   9.453990e+01 8.500500e+01 6.891007e+01
      vertex   9.453990e+01 1.100000e+02 6.891007e+01
      vertex   9.309017e+01 8.500500e+01 6.951057e+01
    endloop
  endfacet
  facet normal 3.826834e-01 0.000000e+00 9.238795e-01
    outer loop
      vertex   9.453990e+01 1.100000e+02 6.891007e+01
      vertex   9.309017e+01 1.100000e+02 6.951057e+01
      vertex   9.309017e+01 8.500500e+01 6.951057e+01
    endloop
  endfacet
  facet normal 2.334454e-01 -0.000000e+00 9.723699e-01
    outer loop
      vertex   9.309017e+01 8.500500e+01 6.951057e+01
      vertex   9.309017e+01 1.100000e+02 6.951057e+01
      vertex   9.156434e+01 8.500500e+01 6.987688e+01
    endloop
  endfacet
  facet normal 2.334454e-01 -5.519737e-16 9.723699e-01
    outer loop
      vertex   9.309017e+01 1.100000e+02 6.951057e+01
      vertex   9.156434e+01 1.100000e+02 6.987688e+01
      vertex   9.156434e+01 8.500500e+01 6.987688e+01
    endloop
  endfacet
  facet normal 7.845910e-02 -5.667953e-16 9.969173e-01
    outer loop
      vertex   9.156434e+01 8.500500e+01 6.987688e+01
      vertex   9.156434e+01 1.100000e+02 6.987688e+01
      vertex   9.000000e+01 1.100000e+02 7.000000e+01
    endloop
  endfacet
  facet normal -0.000000e+00 1.000000e+00 0.000000e+00
    outer loop
      vertex   1.000000e+01 1.200000e+02 6.000000e+01
      vertex   9.000000e+01 1.200000e+02 6.000000e+01
      vertex   1.000000e+01 1.200000e+02 0.000000e+00
    endloop
  endfacet
  facet normal 0.000000e+00 1.000000e+00 0.000000e+00
    outer loop
      vertex   1.000000e+01 1.200000e+02 0.000000e+00
      vertex   9.000000e+01 1.200000e+02 6.000000e+01
      vertex   9.000000e+01 1.200000e+02 0.000000e+00
    endloop
  endfacet
  facet normal 0.000000e+00 -0.000000e+00 -1.000000e+00
    outer loop
      vertex   1.231166e-01 1.115643e+02 0.000000e+00
      vertex   6.089935e+00 1.095399e+02 0.000000e+00
      vertex   0.000000e+00 1.100000e+02 0.000000e+00
    endloop
  endfacet
  facet normal 0.000000e+00 0.000000e+00 -1.000000e+00
    outer loop
      vertex   0.000000e+00 1.100000e+02 0.000000e+00
      vertex   6.089935e+00 1.095399e+02 0.000000e+00
      vertex   5.489435e+00 1.080902e+02 0.000000e+00
    endloop
  endfacet
  facet normal 0.000000e+00 0.000000e+00 -1.000000e+00
    outer loop
      vertex   0.000000e+00 1.100000e+02 0.000000e+00
      vertex   5.489435e+00 1.080902e+02 0.000000e+00
      vertex   5.123117e+00 1.065643e+02 0.000000e+00
    endloop
  endfacet
  facet normal 0.000000e+00 0.000000e+00 -1.000000e+00
    outer loop
      vertex   1.231166e-01 1.115643e+02 0.000000e+00
      vertex   4.894348e-01 1.130902e+02 0.000000e+00
      vertex   6.089935e+00 1.095399e+02 0.000000e+00
    endloop
  endfacet
  facet normal 0.000000e+00 0.000000e+00 -1.000000e+00
    outer loop
      vertex   6.089935e+00 1.095399e+02 0.000000e+00
      vertex   4.894348e-01 1.130902e+02 0.000000e+00
      vertex   1.089935e+00 1.145399e+02 0.000000e+00
    endloop
  endfacet
  facet normal 0.000000e+00 0.000000e+00 -1.000000e+00
    outer loop
      vertex   6.089935e+00 1.095399e+02 0.000000e+00
      vertex   1.089935e+00 1.145399e+02 0.000000e+00
      vertex   6.909830e+00 1.108779e+02 0.000000e+00
    endloop
  endfacet
  facet normal 0.000000e+00 0.000000e+00 -1.000000e+00
    outer loop
      vertex   6.909830e+00 1.108779e+02 0.000000e+00
      vertex   1.089935e+00 1.145399e+02 0.000000e+00
      vertex   1.909830e+00 1.158779e+02 0.000000e+00
    endloop
  endfacet
  facet normal 0.000000e+00 0.000000e+00 -1.000000e+00
    outer loop
      vertex   6.909830e+00 1.108779e+02 0.000000e+00
      vertex   1.909830e+00 1.158779e+02 0.000000e+00
      vertex   2.928932e+00 1.170711e+02 0.000000e+00
    endloop
  endfacet
  facet normal 0.000000e+00 0.000000e+00 -1.000000e+00
    outer loop
      vertex   6.909830e+00 1.108779e+02 0.000000e+00
      vertex   2.928932e+00 1.170711e+02 0.000000e+00
      vertex   7.928932e+00 1.120711e+02 0.000000e+00
    endloop
  endfacet
  facet normal 0.000000e+00 0.000000e+00 -1.000000e+00
    outer loop
      vertex   7.928932e+00 1.120711e+02 0.000000e+00
      vertex   2.928932e+00 1.170711e+02 0.000000e+00
      vertex   4.122147e+00 1.180902e+02 0.000000e+00
    endloop
  endfacet
  facet normal 0.000000e+00 0.000000e+00 -1.000000e+00
    outer loop
      vertex   7.928932e+00 1.120711e+02 0.000000e+00
      vertex   4.122147e+00 1.180902e+02 0.000000e+00
      vertex   5.460095e+00 1.189101e+02 0.000000e+00
    endloop
  endfacet
  facet normal 0.000000e+00 0.000000e+00 -1.000000e+00
    outer loop
      vertex   7.928932e+00 1.120711e+02 0.000000e+00
      vertex   5.460095e+00 1.189101e+02 0.000000e+00
      vertex   9.122147e+00 1.130902e+02 0.000000e+00
    endloop
  endfacet
  facet normal 0.000000e+00 0.000000e+00 -1.000000e+00
    outer loop
      vertex   9.122147e+00 1.130902e+02 0.000000e+00
      vertex   5.460095e+00 1.189101e+02 0.000000e+00
      vertex   6.909830e+00 1.195106e+02 0.000000e+00
    endloop
  endfacet
  facet normal 0.000000e+00 0.000000e+00 -1.000000e+00
    outer loop
      vertex   9.122147e+00 1.130902e+02 0.000000e+00
      vertex   6.909830e+00 1.195106e+02 0.000000e+00
      vertex   8.435655e+00 1.198769e+02 0.000000e+00
    endloop
  endfacet
  facet normal 0.000000e+00 0.000000e+00 -1.000000e+00
    outer loop
      vertex   9.122147e+00 1.130902e+02 0.000000e+00
      vertex   8.435655e+00 1.198769e+02 0.000000e+00
      vertex   1.046010e+01 1.139101e+02 0.000000e+00
    endloop
  endfacet
  facet normal 0.000000e+00 0.000000e+00 -1.000000e+00
    outer loop
      vertex   1.046010e+01 1.139101e+02 0.000000e+00
      vertex   8.435655e+00 1.198769e+02 0.000000e+00
      vertex   1.000000e+01 1.200000e+02 0.000000e+00
    endloop
  endfacet
  facet normal 0.000000e+00 0.000000e+00 -1.000000e+00
    outer loop
      vertex   1.046010e+01 1.139101e+02 0.000000e+00
      vertex   1.000000e+01 1.200000e+02 0.000000e+00
      vertex   1.190983e+01 1.145106e+02 0.000000e+00
    endloop
  endfacet
  facet normal 0.000000e+00 0.000000e+00 -1.000000e+00
    outer loop
      vertex   1.190983e+01 1.145106e+02 0.000000e+00
      vertex   1.000000e+01 1.200000e+02 0.000000e+00
      vertex   1.343566e+01 1.148769e+02 0.000000e+00
    endloop
  endfacet
  facet normal 0.000000e+00 0.000000e+00 -1.000000e+00
    outer loop
      vertex   1.343566e+01 1.148769e+02 0.000000e+00
      vertex   1.000000e+01 1.200000e+02 0.000000e+00
      vertex   1.500000e+01 1.150000e+02 0.000000e+00
    endloop
  endfacet
  facet normal 0.000000e+00 0.000000e+00 -1.000000e+00
    outer loop
      vertex   1.500000e+01 1.150000e+02 0.000000e+00
      vertex   1.000000e+01 1.200000e+02 0.000000e+00
      vertex   9.000000e+01 1.200000e+02 0.000000e+00
    endloop
  endfacet
  facet normal 0.000000e+00 0.000000e+00 -1.000000e+00
    outer loop
      vertex   1.500000e+01 1.150000e+02 0.000000e+00
      vertex   9.000000e+01 1.200000e+02 0.000000e+00
      vertex   8.500000e+01 1.150000e+02 0.000000e+00
    endloop
  endfacet
  facet normal 0.000000e+00 0.000000e+00 -1.000000e+00
    outer loop
      vertex   8.500000e+01 1.150000e+02 0.000000e+00
      vertex   9.000000e+01 1.200000e+02 0.000000e+00
      vertex   8.656434e+01 1.148769e+02 0.000000e+00
    endloop
  endfacet
  facet normal 0.000000e+00 0.000000e+00 -1.000000e+00
    outer loop
      vertex   8.656434e+01 1.148769e+02 0.000000e+00
      vertex   9.000000e+01 1.200000e+02 0.000000e+00
      vertex   8.809017e+01 1.145106e+02 0.000000e+00
    endloop
  endfacet
  facet normal 0.000000e+00 0.000000e+00 -1.000000e+00
    outer loop
      vertex   8.809017e+01 1.145106e+02 0.000000e+00
      vertex   9.000000e+01 1.200000e+02 0.000000e+00
      vertex   8.953990e+01 1.139101e+02 0.000000e+00
    endloop
  endfacet
  facet normal 0.000000e+00 0.000000e+00 -1.000000e+00
    outer loop
      vertex   8.953990e+01 1.139101e+02 0.000000e+00
      vertex   9.000000e+01 1.200000e+02 0.000000e+00
      vertex   9.156434e+01 1.198769e+02 0.000000e+00
    endloop
  endfacet
  facet normal 0.000000e+00 0.000000e+00 -1.000000e+00
    outer loop
      vertex   8.953990e+01 1.139101e+02 0.000000e+00
      vertex   9.156434e+01 1.198769e+02 0.000000e+00
      vertex   9.087785e+01 1.130902e+02 0.000000e+00
    endloop
  endfacet
  facet normal 0.000000e+00 0.000000e+00 -1.000000e+00
    outer loop
      vertex   9.087785e+01 1.130902e+02 0.000000e+00
      vertex   9.156434e+01 1.198769e+02 0.000000e+00
      vertex   9.309017e+01 1.195106e+02 0.000000e+00
    endloop
  endfacet
  facet normal 0.000000e+00 0.000000e+00 -1.000000e+00
    outer loop
      vertex   9.087785e+01 1.130902e+02 0.000000e+00
      vertex   9.309017e+01 1.195106e+02 0.000000e+00
      vertex   9.453990e+01 1.189101e+02 0.000000e+00
    endloop
  endfacet
  facet normal 0.000000e+00 0.000000e+00 -1.000000e+00
    outer loop
      vertex   9.087785e+01 1.130902e+02 0.000000e+00
      vertex   9.453990e+01 1.189101e+02 0.000000e+00
      vertex   9.207107e+01 1.120711e+02 0.000000e+00
    endloop
  endfacet
  facet normal 0.000000e+00 0.000000e+00 -1.000000e+00
    outer loop
      vertex   9.207107e+01 1.120711e+02 0.000000e+00
      vertex   9.453990e+01 1.189101e+02 0.000000e+00
      vertex   9.587785e+01 1.180902e+02 0.000000e+00
    endloop
  endfacet
  facet normal 0.000000e+00 0.000000e+00 -1.000000e+00
    outer loop
      vertex   9.207107e+01 1.120711e+02 0.000000e+00
      vertex   9.587785e+01 1.180902e+02 0.000000e+00
      vertex   9.707107e+01 1.170711e+02 0.000000e+00
    endloop
  endfacet
  facet normal 0.000000e+00 0.000000e+00 -1.000000e+00
    outer loop
      vertex   9.207107e+01 1.120711e+02 0.000000e+00
      vertex   9.707107e+01 1.170711e+02 0.000000e+00
      vertex   9.309017e+01 1.108779e+02 0.000000e+00
    endloop
  endfacet
  facet normal 0.000000e+00 0.000000e+00 -1.000000e+00
    outer loop
      vertex   9.309017e+01 1.108779e+02 0.000000e+00
      vertex   9.707107e+01 1.170711e+02 0.000000e+00
      vertex   9.809017e+01 1.158779e+02 0.000000e+00
    endloop
  endfacet
  facet normal 0.000000e+00 0.000000e+00 -1.000000e+00
    outer loop
      vertex   9.309017e+01 1.108779e+02 0.000000e+00
      vertex   9.809017e+01 1.158779e+02 0.000000e+00
      vertex   9.891007e+01 1.145399e+02 0.000000e+00
    endloop
  endfacet
  facet normal 0.000000e+00 0.000000e+00 -1.000000e+00
    outer loop
      vertex   9.309017e+01 1.108779e+02 0.000000e+00
      vertex   9.891007e+01 1.145399e+02 0.000000e+00
      vertex   9.391007e+01 1.095399e+02 0.000000e+00
    endloop
  endfacet
  facet normal 0.000000e+00 0.000000e+00 -1.000000e+00
    outer loop
      vertex   9.391007e+01 1.095399e+02 0.000000e+00
      vertex   9.891007e+01 1.145399e+02 0.000000e+00
      vertex   9.951057e+01 1.130902e+02 0.000000e+00
    endloop
  endfacet
  facet normal 0.000000e+00 0.000000e+00 -1.000000e+00
    outer loop
      vertex   9.391007e+01 1.095399e+02 0.000000e+00
      vertex   9.951057e+01 1.130902e+02 0.000000e+00
      vertex   9.987688e+01 1.115643e+02 0.000000e+00
    endloop
  endfacet
  facet normal 0.000000e+00 -0.000000e+00 -1.000000e+00
    outer loop
      vertex   9.987688e+01 1.115643e+02 0.000000e+00
      vertex   1.000000e+02 1.100000e+02 0.000000e+00
      vertex   9.391007e+01 1.095399e+02 0.000000e+00
    endloop
  endfacet
  facet normal 0.000000e+00 0.000000e+00 -1.000000e+00
    outer loop
      vertex   9.391007e+01 1.095399e+02 0.000000e+00
      vertex   1.000000e+02 1.100000e+02 0.000000e+00
      vertex   9.451057e+01 1.080902e+02 0.000000e+00
    endloop
  endfacet
  facet normal 0.000000e+00 0.000000e+00 -1.000000e+00
    outer loop
      vertex   9.451057e+01 1.080902e+02 0.000000e+00
      vertex   1.000000e+02 1.100000e+02 0.000000e+00
      vertex   9.487688e+01 1.065643e+02 0.000000e+00
    endloop
  endfacet
  facet normal 0.000000e+00 0.000000e+00 -1.000000e+00
    outer loop
      vertex   9.487688e+01 1.065643e+02 0.000000e+00
      vertex   1.000000e+02 1.100000e+02 0.000000e+00
      vertex   9.500000e+01 1.050000e+02 0.000000e+00
    endloop
  endfacet
  facet normal 0.000000e+00 0.000000e+00 -1.000000e+00
    outer loop
      vertex   9.500000e+01 1.050000e+02 0.000000e+00
      vertex   1.000000e+02 1.100000e+02 0.000000e+00
      vertex   1.000000e+02 0.000000e+00 0.000000e+00
    endloop
  endfacet
  facet normal 0.000000e+00 0.000000e+00 -1.000000e+00
    outer loop
      vertex   9.500000e+01 1.050000e+02 0.000000e+00
      vertex   1.000000e+02 0.000000e+00 0.000000e+00
      vertex   9.500000e+01 0.000000e+00 0.000000e+00
    endloop
  endfacet
  facet normal -0.000000e+00 0.000000e+00 -1.000000e+00
    outer loop
      vertex   5.123117e+00 1.065643e+02 0.000000e+00
      vertex   5.000000e+00 1.050000e+02 0.000000e+00
      vertex   0.000000e+00 1.100000e+02 0.000000e+00
    endloop
  endfacet
  facet normal 0.000000e+00 0.000000e+00 -1.000000e+00
    outer loop
      vertex   0.000000e+00 1.100000e+02 0.000000e+00
      vertex   5.000000e+00 1.050000e+02 0.000000e+00
      vertex   0.000000e+00 0.000000e+00 0.000000e+00
    endloop
  endfacet
  facet normal 0.000000e+00 0.000000e+00 -1.000000e+00
    outer loop
      vertex   0.000000e+00 0.000000e+00 0.000000e+00
      vertex   5.000000e+00 1.050000e+02 0.000000e+00
      vertex   5.000000e+00 0.000000e+00 0.000000e+00
    endloop
  endfacet
  facet normal 1.000000e+00 -0.000000e+00 0.000000e+00
    outer loop
      vertex   1.000000e+02 0.000000e+00 6.000000e+01
      vertex   1.000000e+02 0.000000e+00 0.000000e+00
      vertex   1.000000e+02 5.999000e+01 6.000000e+01
    endloop
  endfacet
  facet normal 1.000000e+00 0.000000e+00 0.000000e+00
    outer loop
      vertex   1.000000e+02 5.999000e+01 6.000000e+01
      vertex   1.000000e+02 0.000000e+00 0.000000e+00
      vertex   1.000000e+02 1.100000e+02 0.000000e+00
    endloop
  endfacet
  facet normal 1.000000e+00 -0.000000e+00 0.000000e+00
    outer loop
      vertex   1.000000e+02 5.999000e+01 6.000000e+01
      vertex   1.000000e+02 1.100000e+02 0.000000e+00
      vertex   1.000000e+02 6.001000e+01 6.000000e+01
    endloop
  endfacet
  facet normal 1.000000e+00 -0.000000e+00 0.000000e+00
    outer loop
      vertex   1.000000e+02 6.001000e+01 6.000000e+01
      vertex   1.000000e+02 1.100000e+02 0.000000e+00
      vertex   1.000000e+02 1.100000e+02 6.000000e+01
    endloop
  endfacet
  facet normal 1.000000e+00 0.000000e+00 0.000000e+00
    outer loop
      vertex   1.000000e+02 6.001000e+01 1.625100e+02
      vertex   1.000000e+02 5.999000e+01 1.625100e+02
      vertex   1.000000e+02 6.001000e+01 6.000000e+01
    endloop
  endfacet
  facet normal 1.000000e+00 0.000000e+00 0.000000e+00
    outer loop
      vertex   1.000000e+02 6.001000e+01 6.000000e+01
      vertex   1.000000e+02 5.999000e+01 1.625100e+02
      vertex   1.000000e+02 5.999000e+01 6.000000e+01
    endloop
  endfacet
  facet normal -7.845910e-02 5.396970e-16 -9.969173e-01
    outer loop
      vertex   8.656434e+01 1.050000e+02 6.487688e+01
      vertex   8.656434e+01 7.875000e+01 6.487688e+01
      vertex   8.500000e+01 1.050000e+02 6.500000e+01
    endloop
  endfacet
  facet normal -7.845910e-02 0.000000e+00 -9.969173e-01
    outer loop
      vertex   8.500000e+01 1.050000e+02 6.500000e+01
      vertex   8.656434e+01 7.875000e+01 6.487688e+01
      vertex   8.656434e+01 5.250000e+01 6.487688e+01
    endloop
  endfacet
  facet normal -7.845910e-02 -0.000000e+00 -9.969173e-01
    outer loop
      vertex   8.500000e+01 1.050000e+02 6.500000e+01
      vertex   8.656434e+01 5.250000e+01 6.487688e+01
      vertex   8.500000e+01 0.000000e+00 6.500000e+01
    endloop
  endfacet
  facet normal -7.845910e-02 0.000000e+00 -9.969173e-01
    outer loop
      vertex   8.500000e+01 0.000000e+00 6.500000e+01
      vertex   8.656434e+01 5.250000e+01 6.487688e+01
      vertex   8.656434e+01 2.625000e+01 6.487688e+01
    endloop
  endfacet
  facet normal -7.845910e-02 -5.390606e-16 -9.969173e-01
    outer loop
      vertex   8.500000e+01 0.000000e+00 6.500000e+01
      vertex   8.656434e+01 2.625000e+01 6.487688e+01
      vertex   8.656434e+01 0.000000e+00 6.487688e+01
    endloop
  endfacet
  facet normal -2.334454e-01 -5.264079e-16 -9.723699e-01
    outer loop
      vertex   8.656434e+01 0.000000e+00 6.487688e+01
      vertex   8.656434e+01 2.625000e+01 6.487688e+01
      vertex   8.809017e+01 0.000000e+00 6.451057e+01
    endloop
  endfacet
  facet normal -2.334454e-01 5.264079e-16 -9.723699e-01
    outer loop
      vertex   8.809017e+01 0.000000e+00 6.451057e+01
      vertex   8.656434e+01 2.625000e+01 6.487688e+01
      vertex   8.809017e+01 2.625000e+01 6.451057e+01
    endloop
  endfacet
  facet normal -3.826834e-01 5.001569e-16 -9.238795e-01
    outer loop
      vertex   8.809017e+01 0.000000e+00 6.451057e+01
      vertex   8.809017e+01 2.625000e+01 6.451057e+01
      vertex   8.953990e+01 0.000000e+00 6.391007e+01
    endloop
  endfacet
  facet normal -3.826834e-01 -5.001569e-16 -9.238795e-01
    outer loop
      vertex   8.953990e+01 0.000000e+00 6.391007e+01
      vertex   8.809017e+01 2.625000e+01 6.451057e+01
      vertex   8.953990e+01 2.625000e+01 6.391007e+01
    endloop
  endfacet
  facet normal -5.224986e-01 -4.615903e-16 -8.526402e-01
    outer loop
      vertex   8.953990e+01 0.000000e+00 6.391007e+01
      vertex   8.953990e+01 2.625000e+01 6.391007e+01
      vertex   9.087785e+01 0.000000e+00 6.309017e+01
    endloop
  endfacet
  facet normal -5.224986e-01 0.000000e+00 -8.526402e-01
    outer loop
      vertex   9.087785e+01 0.000000e+00 6.309017e+01
      vertex   8.953990e+01 2.625000e+01 6.391007e+01
      vertex   9.087785e+01 2.625000e+01 6.309017e+01
    endloop
  endfacet
  facet normal -6.494480e-01 0.000000e+00 -7.604060e-01
    outer loop
      vertex   9.087785e+01 0.000000e+00 6.309017e+01
      vertex   9.087785e+01 2.625000e+01 6.309017e+01
      vertex   9.207107e+01 0.000000e+00 6.207107e+01
    endloop
  endfacet
  facet normal -6.494480e-01 0.000000e+00 -7.604060e-01
    outer loop
      vertex   9.207107e+01 0.000000e+00 6.207107e+01
      vertex   9.087785e+01 2.625000e+01 6.309017e+01
      vertex   9.207107e+01 2.625000e+01 6.207107e+01
    endloop
  endfacet
  facet normal -7.604060e-01 0.000000e+00 -6.494480e-01
    outer loop
      vertex   9.207107e+01 0.000000e+00 6.207107e+01
      vertex   9.207107e+01 2.625000e+01 6.207107e+01
      vertex   9.309017e+01 0.000000e+00 6.087785e+01
    endloop
  endfacet
  facet normal -7.604060e-01 1.757945e-16 -6.494480e-01
    outer loop
      vertex   9.309017e+01 0.000000e+00 6.087785e+01
      vertex   9.207107e+01 2.625000e+01 6.207107e+01
      vertex   9.309017e+01 2.625000e+01 6.087785e+01
    endloop
  endfacet
  facet normal -8.526402e-01 1.414315e-16 -5.224986e-01
    outer loop
      vertex   9.309017e+01 0.000000e+00 6.087785e+01
      vertex   9.309017e+01 2.625000e+01 6.087785e+01
      vertex   9.391007e+01 0.000000e+00 5.953990e+01
    endloop
  endfacet
  facet normal -8.526402e-01 4.615903e-16 -5.224986e-01
    outer loop
      vertex   9.391007e+01 0.000000e+00 5.953990e+01
      vertex   9.309017e+01 2.625000e+01 6.087785e+01
      vertex   9.391007e+01 2.625000e+01 5.953990e+01
    endloop
  endfacet
  facet normal -9.238795e-01 5.001569e-16 -3.826834e-01
    outer loop
      vertex   9.391007e+01 0.000000e+00 5.953990e+01
      vertex   9.391007e+01 2.625000e+01 5.953990e+01
      vertex   9.451057e+01 0.000000e+00 5.809017e+01
    endloop
  endfacet
  facet normal -9.238795e-01 0.000000e+00 -3.826834e-01
    outer loop
      vertex   9.451057e+01 0.000000e+00 5.809017e+01
      vertex   9.391007e+01 2.625000e+01 5.953990e+01
      vertex   9.451057e+01 2.625000e+01 5.809017e+01
    endloop
  endfacet
  facet normal -9.723699e-01 0.000000e+00 -2.334454e-01
    outer loop
      vertex   9.451057e+01 0.000000e+00 5.809017e+01
      vertex   9.451057e+01 2.625000e+01 5.809017e+01
      vertex   9.487688e+01 0.000000e+00 5.656434e+01
    endloop
  endfacet
  facet normal -9.723699e-01 0.000000e+00 -2.334454e-01
    outer loop
      vertex   9.487688e+01 0.000000e+00 5.656434e+01
      vertex   9.451057e+01 2.625000e+01 5.809017e+01
      vertex   9.487688e+01 2.625000e+01 5.656434e+01
    endloop
  endfacet
  facet normal -9.969173e-01 0.000000e+00 -7.845910e-02
    outer loop
      vertex   9.487688e+01 0.000000e+00 5.656434e+01
      vertex   9.487688e+01 2.625000e+01 5.656434e+01
      vertex   9.500000e+01 0.000000e+00 5.500000e+01
    endloop
  endfacet
  facet normal -9.969173e-01 0.000000e+00 -7.845910e-02
    outer loop
      vertex   9.500000e+01 0.000000e+00 5.500000e+01
      vertex   9.487688e+01 2.625000e+01 5.656434e+01
      vertex   9.487688e+01 5.250000e+01 5.656434e+01
    endloop
  endfacet
  facet normal -9.969173e-01 0.000000e+00 -7.845910e-02
    outer loop
      vertex   9.500000e+01 0.000000e+00 5.500000e+01
      vertex   9.487688e+01 5.250000e+01 5.656434e+01
      vertex   9.500000e+01 1.050000e+02 5.500000e+01
    endloop
  endfacet
  facet normal -9.969173e-01 0.000000e+00 -7.845910e-02
    outer loop
      vertex   9.500000e+01 1.050000e+02 5.500000e+01
      vertex   9.487688e+01 5.250000e+01 5.656434e+01
      vertex   9.487688e+01 7.875000e+01 5.656434e+01
    endloop
  endfacet
  facet normal -9.969173e-01 0.000000e+00 -7.845910e-02
    outer loop
      vertex   9.500000e+01 1.050000e+02 5.500000e+01
      vertex   9.487688e+01 7.875000e+01 5.656434e+01
      vertex   9.487688e+01 1.050000e+02 5.656434e+01
    endloop
  endfacet
  facet normal -9.723699e-01 -0.000000e+00 -2.334454e-01
    outer loop
      vertex   9.487688e+01 1.050000e+02 5.656434e+01
      vertex   9.487688e+01 7.875000e+01 5.656434e+01
      vertex   9.451057e+01 1.050000e+02 5.809017e+01
    endloop
  endfacet
  facet normal -9.723699e-01 -0.000000e+00 -2.334454e-01
    outer loop
      vertex   9.451057e+01 1.050000e+02 5.809017e+01
      vertex   9.487688e+01 7.875000e+01 5.656434e+01
      vertex   9.451057e+01 7.875000e+01 5.809017e+01
    endloop
  endfacet
  facet normal -9.238795e-01 -0.000000e+00 -3.826834e-01
    outer loop
      vertex   9.451057e+01 1.050000e+02 5.809017e+01
      vertex   9.451057e+01 7.875000e+01 5.809017e+01
      vertex   9.391007e+01 1.050000e+02 5.953990e+01
    endloop
  endfacet
  facet normal -9.238795e-01 -0.000000e+00 -3.826834e-01
    outer loop
      vertex   9.391007e+01 1.050000e+02 5.953990e+01
      vertex   9.451057e+01 7.875000e+01 5.809017e+01
      vertex   9.391007e+01 7.875000e+01 5.953990e+01
    endloop
  endfacet
  facet normal -8.526402e-01 -0.000000e+00 -5.224986e-01
    outer loop
      vertex   9.391007e+01 1.050000e+02 5.953990e+01
      vertex   9.391007e+01 7.875000e+01 5.953990e+01
      vertex   9.309017e+01 1.050000e+02 6.087785e+01
    endloop
  endfacet
  facet normal -8.526402e-01 -0.000000e+00 -5.224986e-01
    outer loop
      vertex   9.309017e+01 1.050000e+02 6.087785e+01
      vertex   9.391007e+01 7.875000e+01 5.953990e+01
      vertex   9.309017e+01 7.875000e+01 6.087785e+01
    endloop
  endfacet
  facet normal -7.604060e-01 -0.000000e+00 -6.494480e-01
    outer loop
      vertex   9.309017e+01 1.050000e+02 6.087785e+01
      vertex   9.309017e+01 7.875000e+01 6.087785e+01
      vertex   9.207107e+01 1.050000e+02 6.207107e+01
    endloop
  endfacet
  facet normal -7.604060e-01 -0.000000e+00 -6.494480e-01
    outer loop
      vertex   9.207107e+01 1.050000e+02 6.207107e+01
      vertex   9.309017e+01 7.875000e+01 6.087785e+01
      vertex   9.207107e+01 7.875000e+01 6.207107e+01
    endloop
  endfacet
  facet normal -6.494480e-01 -0.000000e+00 -7.604060e-01
    outer loop
      vertex   9.207107e+01 1.050000e+02 6.207107e+01
      vertex   9.207107e+01 7.875000e+01 6.207107e+01
      vertex   9.087785e+01 1.050000e+02 6.309017e+01
    endloop
  endfacet
  facet normal -6.494480e-01 4.116579e-16 -7.604060e-01
    outer loop
      vertex   9.087785e+01 1.050000e+02 6.309017e+01
      vertex   9.207107e+01 7.875000e+01 6.207107e+01
      vertex   9.087785e+01 7.875000e+01 6.309017e+01
    endloop
  endfacet
  facet normal -5.224986e-01 4.615903e-16 -8.526402e-01
    outer loop
      vertex   9.087785e+01 1.050000e+02 6.309017e+01
      vertex   9.087785e+01 7.875000e+01 6.309017e+01
      vertex   8.953990e+01 1.050000e+02 6.391007e+01
    endloop
  endfacet
  facet normal -5.224986e-01 7.444532e-16 -8.526402e-01
    outer loop
      vertex   8.953990e+01 1.050000e+02 6.391007e+01
      vertex   9.087785e+01 7.875000e+01 6.309017e+01
      vertex   8.953990e+01 7.875000e+01 6.391007e+01
    endloop
  endfacet
  facet normal -3.826834e-01 7.073286e-16 -9.238795e-01
    outer loop
      vertex   8.953990e+01 1.050000e+02 6.391007e+01
      vertex   8.953990e+01 7.875000e+01 6.391007e+01
      vertex   8.809017e+01 1.050000e+02 6.451057e+01
    endloop
  endfacet
  facet normal -3.826834e-01 5.001569e-16 -9.238795e-01
    outer loop
      vertex   8.809017e+01 1.050000e+02 6.451057e+01
      vertex   8.953990e+01 7.875000e+01 6.391007e+01
      vertex   8.809017e+01 7.875000e+01 6.451057e+01
    endloop
  endfacet
  facet normal -2.334454e-01 5.264079e-16 -9.723699e-01
    outer loop
      vertex   8.809017e+01 1.050000e+02 6.451057e+01
      vertex   8.809017e+01 7.875000e+01 6.451057e+01
      vertex   8.656434e+01 1.050000e+02 6.487688e+01
    endloop
  endfacet
  facet normal -2.334454e-01 5.264079e-16 -9.723699e-01
    outer loop
      vertex   8.656434e+01 1.050000e+02 6.487688e+01
      vertex   8.809017e+01 7.875000e+01 6.451057e+01
      vertex   8.656434e+01 7.875000e+01 6.487688e+01
    endloop
  endfacet
  facet normal -2.334454e-01 0.000000e+00 -9.723699e-01
    outer loop
      vertex   8.809017e+01 2.625000e+01 6.451057e+01
      vertex   8.656434e+01 2.625000e+01 6.487688e+01
      vertex   8.656434e+01 5.250000e+01 6.487688e+01
    endloop
  endfacet
  facet normal -2.334454e-01 0.000000e+00 -9.723699e-01
    outer loop
      vertex   8.656434e+01 5.250000e+01 6.487688e+01
      vertex   8.656434e+01 7.875000e+01 6.487688e+01
      vertex   8.809017e+01 5.250000e+01 6.451057e+01
    endloop
  endfacet
  facet normal -2.334454e-01 0.000000e+00 -9.723699e-01
    outer loop
      vertex   8.809017e+01 5.250000e+01 6.451057e+01
      vertex   8.656434e+01 7.875000e+01 6.487688e+01
      vertex   8.809017e+01 7.875000e+01 6.451057e+01
    endloop
  endfacet
  facet normal -3.826834e-01 0.000000e+00 -9.238795e-01
    outer loop
      vertex   8.809017e+01 5.250000e+01 6.451057e+01
      vertex   8.809017e+01 7.875000e+01 6.451057e+01
      vertex   8.953990e+01 5.250000e+01 6.391007e+01
    endloop
  endfacet
  facet normal -3.826834e-01 0.000000e+00 -9.238795e-01
    outer loop
      vertex   8.953990e+01 5.250000e+01 6.391007e+01
      vertex   8.809017e+01 7.875000e+01 6.451057e+01
      vertex   8.953990e+01 7.875000e+01 6.391007e+01
    endloop
  endfacet
  facet normal -5.224986e-01 0.000000e+00 -8.526402e-01
    outer loop
      vertex   8.953990e+01 5.250000e+01 6.391007e+01
      vertex   8.953990e+01 7.875000e+01 6.391007e+01
      vertex   9.087785e+01 5.250000e+01 6.309017e+01
    endloop
  endfacet
  facet normal -5.224986e-01 0.000000e+00 -8.526402e-01
    outer loop
      vertex   9.087785e+01 5.250000e+01 6.309017e+01
      vertex   8.953990e+01 7.875000e+01 6.391007e+01
      vertex   9.087785e+01 7.875000e+01 6.309017e+01
    endloop
  endfacet
  facet normal -6.494480e-01 0.000000e+00 -7.604060e-01
    outer loop
      vertex   9.087785e+01 5.250000e+01 6.309017e+01
      vertex   9.087785e+01 7.875000e+01 6.309017e+01
      vertex   9.207107e+01 5.250000e+01 6.207107e+01
    endloop
  endfacet
  facet normal -6.494480e-01 0.000000e+00 -7.604060e-01
    outer loop
      vertex   9.207107e+01 5.250000e+01 6.207107e+01
      vertex   9.087785e+01 7.875000e+01 6.309017e+01
      vertex   9.207107e+01 7.875000e+01 6.207107e+01
    endloop
  endfacet
  facet normal -7.604060e-01 0.000000e+00 -6.494480e-01
    outer loop
      vertex   9.207107e+01 5.250000e+01 6.207107e+01
      vertex   9.207107e+01 7.875000e+01 6.207107e+01
      vertex   9.309017e+01 5.250000e+01 6.087785e+01
    endloop
  endfacet
  facet normal -7.604060e-01 0.000000e+00 -6.494480e-01
    outer loop
      vertex   9.309017e+01 5.250000e+01 6.087785e+01
      vertex   9.207107e+01 7.875000e+01 6.207107e+01
      vertex   9.309017e+01 7.875000e+01 6.087785e+01
    endloop
  endfacet
  facet normal -8.526402e-01 0.000000e+00 -5.224986e-01
    outer loop
      vertex   9.309017e+01 5.250000e+01 6.087785e+01
      vertex   9.309017e+01 7.875000e+01 6.087785e+01
      vertex   9.391007e+01 5.250000e+01 5.953990e+01
    endloop
  endfacet
  facet normal -8.526402e-01 0.000000e+00 -5.224986e-01
    outer loop
      vertex   9.391007e+01 5.250000e+01 5.953990e+01
      vertex   9.309017e+01 7.875000e+01 6.087785e+01
      vertex   9.391007e+01 7.875000e+01 5.953990e+01
    endloop
  endfacet
  facet normal -9.238795e-01 0.000000e+00 -3.826834e-01
    outer loop
      vertex   9.391007e+01 5.250000e+01 5.953990e+01
      vertex   9.391007e+01 7.875000e+01 5.953990e+01
      vertex   9.451057e+01 5.250000e+01 5.809017e+01
    endloop
  endfacet
  facet normal -9.238795e-01 0.000000e+00 -3.826834e-01
    outer loop
      vertex   9.451057e+01 5.250000e+01 5.809017e+01
      vertex   9.391007e+01 7.875000e+01 5.953990e+01
      vertex   9.451057e+01 7.875000e+01 5.809017e+01
    endloop
  endfacet
  facet normal -9.723699e-01 0.000000e+00 -2.334454e-01
    outer loop
      vertex   9.451057e+01 5.250000e+01 5.809017e+01
      vertex   9.451057e+01 7.875000e+01 5.809017e+01
      vertex   9.487688e+01 5.250000e+01 5.656434e+01
    endloop
  endfacet
  facet normal -9.723699e-01 0.000000e+00 -2.334454e-01
    outer loop
      vertex   9.487688e+01 5.250000e+01 5.656434e+01
      vertex   9.451057e+01 7.875000e+01 5.809017e+01
      vertex   9.487688e+01 7.875000e+01 5.656434e+01
    endloop
  endfacet
  facet normal -3.826834e-01 0.000000e+00 -9.238795e-01
    outer loop
      vertex   8.953990e+01 2.625000e+01 6.391007e+01
      vertex   8.809017e+01 2.625000e+01 6.451057e+01
      vertex   8.809017e+01 5.250000e+01 6.451057e+01
    endloop
  endfacet
  facet normal -2.334454e-01 -0.000000e+00 -9.723699e-01
    outer loop
      vertex   8.809017e+01 5.250000e+01 6.451057e+01
      vertex   8.809017e+01 2.625000e+01 6.451057e+01
      vertex   8.656434e+01 5.250000e+01 6.487688e+01
    endloop
  endfacet
  facet normal -3.826834e-01 0.000000e+00 -9.238795e-01
    outer loop
      vertex   8.953990e+01 2.625000e+01 6.391007e+01
      vertex   8.809017e+01 5.250000e+01 6.451057e+01
      vertex   8.953990e+01 5.250000e+01 6.391007e+01
    endloop
  endfacet
  facet normal -5.224986e-01 0.000000e+00 -8.526402e-01
    outer loop
      vertex   9.087785e+01 2.625000e+01 6.309017e+01
      vertex   8.953990e+01 2.625000e+01 6.391007e+01
      vertex   8.953990e+01 5.250000e+01 6.391007e+01
    endloop
  endfacet
  facet normal -5.224986e-01 0.000000e+00 -8.526402e-01
    outer loop
      vertex   9.087785e+01 2.625000e+01 6.309017e+01
      vertex   8.953990e+01 5.250000e+01 6.391007e+01
      vertex   9.087785e+01 5.250000e+01 6.309017e+01
    endloop
  endfacet
  facet normal -6.494480e-01 0.000000e+00 -7.604060e-01
    outer loop
      vertex   9.207107e+01 2.625000e+01 6.207107e+01
      vertex   9.087785e+01 2.625000e+01 6.309017e+01
      vertex   9.087785e+01 5.250000e+01 6.309017e+01
    endloop
  endfacet
  facet normal -6.494480e-01 0.000000e+00 -7.604060e-01
    outer loop
      vertex   9.207107e+01 2.625000e+01 6.207107e+01
      vertex   9.087785e+01 5.250000e+01 6.309017e+01
      vertex   9.207107e+01 5.250000e+01 6.207107e+01
    endloop
  endfacet
  facet normal -7.604060e-01 0.000000e+00 -6.494480e-01
    outer loop
      vertex   9.309017e+01 2.625000e+01 6.087785e+01
      vertex   9.207107e+01 2.625000e+01 6.207107e+01
      vertex   9.207107e+01 5.250000e+01 6.207107e+01
    endloop
  endfacet
  facet normal -7.604060e-01 0.000000e+00 -6.494480e-01
    outer loop
      vertex   9.309017e+01 2.625000e+01 6.087785e+01
      vertex   9.207107e+01 5.250000e+01 6.207107e+01
      vertex   9.309017e+01 5.250000e+01 6.087785e+01
    endloop
  endfacet
  facet normal -8.526402e-01 0.000000e+00 -5.224986e-01
    outer loop
      vertex   9.391007e+01 2.625000e+01 5.953990e+01
      vertex   9.309017e+01 2.625000e+01 6.087785e+01
      vertex   9.309017e+01 5.250000e+01 6.087785e+01
    endloop
  endfacet
  facet normal -8.526402e-01 0.000000e+00 -5.224986e-01
    outer loop
      vertex   9.391007e+01 2.625000e+01 5.953990e+01
      vertex   9.309017e+01 5.250000e+01 6.087785e+01
      vertex   9.391007e+01 5.250000e+01 5.953990e+01
    endloop
  endfacet
  facet normal -9.238795e-01 0.000000e+00 -3.826834e-01
    outer loop
      vertex   9.451057e+01 2.625000e+01 5.809017e+01
      vertex   9.391007e+01 2.625000e+01 5.953990e+01
      vertex   9.391007e+01 5.250000e+01 5.953990e+01
    endloop
  endfacet
  facet normal -9.238795e-01 0.000000e+00 -3.826834e-01
    outer loop
      vertex   9.451057e+01 2.625000e+01 5.809017e+01
      vertex   9.391007e+01 5.250000e+01 5.953990e+01
      vertex   9.451057e+01 5.250000e+01 5.809017e+01
    endloop
  endfacet
  facet normal -9.723699e-01 0.000000e+00 -2.334454e-01
    outer loop
      vertex   9.487688e+01 2.625000e+01 5.656434e+01
      vertex   9.451057e+01 2.625000e+01 5.809017e+01
      vertex   9.451057e+01 5.250000e+01 5.809017e+01
    endloop
  endfacet
  facet normal -9.723699e-01 0.000000e+00 -2.334454e-01
    outer loop
      vertex   9.487688e+01 2.625000e+01 5.656434e+01
      vertex   9.451057e+01 5.250000e+01 5.809017e+01
      vertex   9.487688e+01 5.250000e+01 5.656434e+01
    endloop
  endfacet
  facet normal 9.969173e-01 2.023864e-16 -7.845910e-02
    outer loop
      vertex   5.123117e+00 1.050000e+02 5.656434e+01
      vertex   5.123117e+00 7.875000e+01 5.656434e+01
      vertex   5.000000e+00 1.050000e+02 5.500000e+01
    endloop
  endfacet
  facet normal 9.969173e-01 0.000000e+00 -7.845910e-02
    outer loop
      vertex   5.000000e+00 1.050000e+02 5.500000e+01
      vertex   5.123117e+00 7.875000e+01 5.656434e+01
      vertex   5.123117e+00 5.250000e+01 5.656434e+01
    endloop
  endfacet
  facet normal 9.969173e-01 0.000000e+00 -7.845910e-02
    outer loop
      vertex   5.000000e+00 1.050000e+02 5.500000e+01
      vertex   5.123117e+00 5.250000e+01 5.656434e+01
      vertex   5.000000e+00 0.000000e+00 5.500000e+01
    endloop
  endfacet
  facet normal 9.969173e-01 0.000000e+00 -7.845910e-02
    outer loop
      vertex   5.000000e+00 0.000000e+00 5.500000e+01
      vertex   5.123117e+00 5.250000e+01 5.656434e+01
      vertex   5.123117e+00 2.625000e+01 5.656434e+01
    endloop
  endfacet
  facet normal 9.969173e-01 -6.738258e-17 -7.845910e-02
    outer loop
      vertex   5.000000e+00 0.000000e+00 5.500000e+01
      vertex   5.123117e+00 2.625000e+01 5.656434e+01
      vertex   5.123117e+00 0.000000e+00 5.656434e+01
    endloop
  endfacet
  facet normal 9.723699e-01 -6.580099e-17 -2.334454e-01
    outer loop
      vertex   5.123117e+00 0.000000e+00 5.656434e+01
      vertex   5.123117e+00 2.625000e+01 5.656434e+01
      vertex   5.489435e+00 0.000000e+00 5.809017e+01
    endloop
  endfacet
  facet normal 9.723699e-01 0.000000e+00 -2.334454e-01
    outer loop
      vertex   5.489435e+00 0.000000e+00 5.809017e+01
      vertex   5.123117e+00 2.625000e+01 5.656434e+01
      vertex   5.489435e+00 2.625000e+01 5.809017e+01
    endloop
  endfacet
  facet normal 9.238795e-01 0.000000e+00 -3.826834e-01
    outer loop
      vertex   5.489435e+00 0.000000e+00 5.809017e+01
      vertex   5.489435e+00 2.625000e+01 5.809017e+01
      vertex   6.089935e+00 0.000000e+00 5.953990e+01
    endloop
  endfacet
  facet normal 9.238795e-01 0.000000e+00 -3.826834e-01
    outer loop
      vertex   6.089935e+00 0.000000e+00 5.953990e+01
      vertex   5.489435e+00 2.625000e+01 5.809017e+01
      vertex   6.089935e+00 2.625000e+01 5.953990e+01
    endloop
  endfacet
  facet normal 8.526402e-01 0.000000e+00 -5.224986e-01
    outer loop
      vertex   6.089935e+00 0.000000e+00 5.953990e+01
      vertex   6.089935e+00 2.625000e+01 5.953990e+01
      vertex   6.909830e+00 0.000000e+00 6.087785e+01
    endloop
  endfacet
  facet normal 8.526402e-01 5.769879e-17 -5.224986e-01
    outer loop
      vertex   6.909830e+00 0.000000e+00 6.087785e+01
      vertex   6.089935e+00 2.625000e+01 5.953990e+01
      vertex   6.909830e+00 2.625000e+01 6.087785e+01
    endloop
  endfacet
  facet normal 7.604060e-01 5.145723e-17 -6.494480e-01
    outer loop
      vertex   6.909830e+00 0.000000e+00 6.087785e+01
      vertex   6.909830e+00 2.625000e+01 6.087785e+01
      vertex   7.928932e+00 0.000000e+00 6.207107e+01
    endloop
  endfacet
  facet normal 7.604060e-01 -7.718585e-17 -6.494480e-01
    outer loop
      vertex   7.928932e+00 0.000000e+00 6.207107e+01
      vertex   6.909830e+00 2.625000e+01 6.087785e+01
      vertex   7.928932e+00 2.625000e+01 6.207107e+01
    endloop
  endfacet
  facet normal 6.494480e-01 -6.592294e-17 -7.604060e-01
    outer loop
      vertex   7.928932e+00 0.000000e+00 6.207107e+01
      vertex   7.928932e+00 2.625000e+01 6.207107e+01
      vertex   9.122147e+00 0.000000e+00 6.309017e+01
    endloop
  endfacet
  facet normal 6.494480e-01 0.000000e+00 -7.604060e-01
    outer loop
      vertex   9.122147e+00 0.000000e+00 6.309017e+01
      vertex   7.928932e+00 2.625000e+01 6.207107e+01
      vertex   9.122147e+00 2.625000e+01 6.309017e+01
    endloop
  endfacet
  facet normal 5.224986e-01 0.000000e+00 -8.526402e-01
    outer loop
      vertex   9.122147e+00 0.000000e+00 6.309017e+01
      vertex   9.122147e+00 2.625000e+01 6.309017e+01
      vertex   1.046010e+01 0.000000e+00 6.391007e+01
    endloop
  endfacet
  facet normal 5.224986e-01 0.000000e+00 -8.526402e-01
    outer loop
      vertex   1.046010e+01 0.000000e+00 6.391007e+01
      vertex   9.122147e+00 2.625000e+01 6.309017e+01
      vertex   1.046010e+01 2.625000e+01 6.391007e+01
    endloop
  endfacet
  facet normal 3.826834e-01 0.000000e+00 -9.238795e-01
    outer loop
      vertex   1.046010e+01 0.000000e+00 6.391007e+01
      vertex   1.046010e+01 2.625000e+01 6.391007e+01
      vertex   1.190983e+01 0.000000e+00 6.451057e+01
    endloop
  endfacet
  facet normal 3.826834e-01 5.260533e-16 -9.238795e-01
    outer loop
      vertex   1.190983e+01 0.000000e+00 6.451057e+01
      vertex   1.046010e+01 2.625000e+01 6.391007e+01
      vertex   1.190983e+01 2.625000e+01 6.451057e+01
    endloop
  endfacet
  facet normal 2.334454e-01 5.422053e-16 -9.723699e-01
    outer loop
      vertex   1.190983e+01 0.000000e+00 6.451057e+01
      vertex   1.190983e+01 2.625000e+01 6.451057e+01
      vertex   1.343566e+01 0.000000e+00 6.487688e+01
    endloop
  endfacet
  facet normal 2.334454e-01 -5.264079e-16 -9.723699e-01
    outer loop
      vertex   1.343566e+01 0.000000e+00 6.487688e+01
      vertex   1.190983e+01 2.625000e+01 6.451057e+01
      vertex   1.343566e+01 2.625000e+01 6.487688e+01
    endloop
  endfacet
  facet normal 7.845910e-02 -5.396970e-16 -9.969173e-01
    outer loop
      vertex   1.343566e+01 0.000000e+00 6.487688e+01
      vertex   1.343566e+01 2.625000e+01 6.487688e+01
      vertex   1.500000e+01 0.000000e+00 6.500000e+01
    endloop
  endfacet
  facet normal 7.845910e-02 0.000000e+00 -9.969173e-01
    outer loop
      vertex   1.500000e+01 0.000000e+00 6.500000e+01
      vertex   1.343566e+01 2.625000e+01 6.487688e+01
      vertex   1.343566e+01 5.250000e+01 6.487688e+01
    endloop
  endfacet
  facet normal 7.845910e-02 0.000000e+00 -9.969173e-01
    outer loop
      vertex   1.500000e+01 0.000000e+00 6.500000e+01
      vertex   1.343566e+01 5.250000e+01 6.487688e+01
      vertex   1.500000e+01 1.050000e+02 6.500000e+01
    endloop
  endfacet
  facet normal 7.845910e-02 5.390606e-18 -9.969173e-01
    outer loop
      vertex   1.500000e+01 1.050000e+02 6.500000e+01
      vertex   1.343566e+01 5.250000e+01 6.487688e+01
      vertex   1.343566e+01 7.875000e+01 6.487688e+01
    endloop
  endfacet
  facet normal 7.845910e-02 5.451251e-16 -9.969173e-01
    outer loop
      vertex   1.500000e+01 1.050000e+02 6.500000e+01
      vertex   1.343566e+01 7.875000e+01 6.487688e+01
      vertex   1.343566e+01 1.050000e+02 6.487688e+01
    endloop
  endfacet
  facet normal 2.334454e-01 5.422053e-16 -9.723699e-01
    outer loop
      vertex   1.343566e+01 1.050000e+02 6.487688e+01
      vertex   1.343566e+01 7.875000e+01 6.487688e+01
      vertex   1.190983e+01 1.050000e+02 6.451057e+01
    endloop
  endfacet
  facet normal 2.334454e-01 0.000000e+00 -9.723699e-01
    outer loop
      vertex   1.190983e+01 1.050000e+02 6.451057e+01
      vertex   1.343566e+01 7.875000e+01 6.487688e+01
      vertex   1.190983e+01 7.875000e+01 6.451057e+01
    endloop
  endfacet
  facet normal 3.826834e-01 0.000000e+00 -9.238795e-01
    outer loop
      vertex   1.190983e+01 1.050000e+02 6.451057e+01
      vertex   1.190983e+01 7.875000e+01 6.451057e+01
      vertex   1.046010e+01 1.050000e+02 6.391007e+01
    endloop
  endfacet
  facet normal 3.826834e-01 0.000000e+00 -9.238795e-01
    outer loop
      vertex   1.046010e+01 1.050000e+02 6.391007e+01
      vertex   1.190983e+01 7.875000e+01 6.451057e+01
      vertex   1.046010e+01 7.875000e+01 6.391007e+01
    endloop
  endfacet
  facet normal 5.224986e-01 0.000000e+00 -8.526402e-01
    outer loop
      vertex   1.046010e+01 1.050000e+02 6.391007e+01
      vertex   1.046010e+01 7.875000e+01 6.391007e+01
      vertex   9.122147e+00 1.050000e+02 6.309017e+01
    endloop
  endfacet
  facet normal 5.224986e-01 3.535786e-17 -8.526402e-01
    outer loop
      vertex   9.122147e+00 1.050000e+02 6.309017e+01
      vertex   1.046010e+01 7.875000e+01 6.391007e+01
      vertex   9.122147e+00 7.875000e+01 6.309017e+01
    endloop
  endfacet
  facet normal 6.494480e-01 4.394863e-17 -7.604060e-01
    outer loop
      vertex   9.122147e+00 1.050000e+02 6.309017e+01
      vertex   9.122147e+00 7.875000e+01 6.309017e+01
      vertex   7.928932e+00 1.050000e+02 6.207107e+01
    endloop
  endfacet
  facet normal 6.494480e-01 1.318459e-16 -7.604060e-01
    outer loop
      vertex   7.928932e+00 1.050000e+02 6.207107e+01
      vertex   9.122147e+00 7.875000e+01 6.309017e+01
      vertex   7.928932e+00 7.875000e+01 6.207107e+01
    endloop
  endfacet
  facet normal 7.604060e-01 1.543717e-16 -6.494480e-01
    outer loop
      vertex   7.928932e+00 1.050000e+02 6.207107e+01
      vertex   7.928932e+00 7.875000e+01 6.207107e+01
      vertex   6.909830e+00 1.050000e+02 6.087785e+01
    endloop
  endfacet
  facet normal 7.604060e-01 7.718585e-17 -6.494480e-01
    outer loop
      vertex   6.909830e+00 1.050000e+02 6.087785e+01
      vertex   7.928932e+00 7.875000e+01 6.207107e+01
      vertex   6.909830e+00 7.875000e+01 6.087785e+01
    endloop
  endfacet
  facet normal 8.526402e-01 8.654818e-17 -5.224986e-01
    outer loop
      vertex   6.909830e+00 1.050000e+02 6.087785e+01
      vertex   6.909830e+00 7.875000e+01 6.087785e+01
      vertex   6.089935e+00 1.050000e+02 5.953990e+01
    endloop
  endfacet
  facet normal 8.526402e-01 5.769879e-17 -5.224986e-01
    outer loop
      vertex   6.089935e+00 1.050000e+02 5.953990e+01
      vertex   6.909830e+00 7.875000e+01 6.087785e+01
      vertex   6.089935e+00 7.875000e+01 5.953990e+01
    endloop
  endfacet
  facet normal 9.238795e-01 6.251961e-17 -3.826834e-01
    outer loop
      vertex   6.089935e+00 1.050000e+02 5.953990e+01
      vertex   6.089935e+00 7.875000e+01 5.953990e+01
      vertex   5.489435e+00 1.050000e+02 5.809017e+01
    endloop
  endfacet
  facet normal 9.238795e-01 9.377941e-17 -3.826834e-01
    outer loop
      vertex   5.489435e+00 1.050000e+02 5.809017e+01
      vertex   6.089935e+00 7.875000e+01 5.953990e+01
      vertex   5.489435e+00 7.875000e+01 5.809017e+01
    endloop
  endfacet
  facet normal 9.723699e-01 9.870148e-17 -2.334454e-01
    outer loop
      vertex   5.489435e+00 1.050000e+02 5.809017e+01
      vertex   5.489435e+00 7.875000e+01 5.809017e+01
      vertex   5.123117e+00 1.050000e+02 5.656434e+01
    endloop
  endfacet
  facet normal 9.723699e-01 1.974030e-16 -2.334454e-01
    outer loop
      vertex   5.123117e+00 1.050000e+02 5.656434e+01
      vertex   5.489435e+00 7.875000e+01 5.809017e+01
      vertex   5.123117e+00 7.875000e+01 5.656434e+01
    endloop
  endfacet
  facet normal 9.723699e-01 0.000000e+00 -2.334454e-01
    outer loop
      vertex   5.489435e+00 2.625000e+01 5.809017e+01
      vertex   5.123117e+00 2.625000e+01 5.656434e+01
      vertex   5.123117e+00 5.250000e+01 5.656434e+01
    endloop
  endfacet
  facet normal 9.723699e-01 0.000000e+00 -2.334454e-01
    outer loop
      vertex   5.123117e+00 5.250000e+01 5.656434e+01
      vertex   5.123117e+00 7.875000e+01 5.656434e+01
      vertex   5.489435e+00 5.250000e+01 5.809017e+01
    endloop
  endfacet
  facet normal 9.723699e-01 0.000000e+00 -2.334454e-01
    outer loop
      vertex   5.489435e+00 5.250000e+01 5.809017e+01
      vertex   5.123117e+00 7.875000e+01 5.656434e+01
      vertex   5.489435e+00 7.875000e+01 5.809017e+01
    endloop
  endfacet
  facet normal 9.238795e-01 0.000000e+00 -3.826834e-01
    outer loop
      vertex   5.489435e+00 5.250000e+01 5.809017e+01
      vertex   5.489435e+00 7.875000e+01 5.809017e+01
      vertex   6.089935e+00 5.250000e+01 5.953990e+01
    endloop
  endfacet
  facet normal 9.238795e-01 3.125980e-17 -3.826834e-01
    outer loop
      vertex   6.089935e+00 5.250000e+01 5.953990e+01
      vertex   5.489435e+00 7.875000e+01 5.809017e+01
      vertex   6.089935e+00 7.875000e+01 5.953990e+01
    endloop
  endfacet
  facet normal 8.526402e-01 2.884939e-17 -5.224986e-01
    outer loop
      vertex   6.089935e+00 5.250000e+01 5.953990e+01
      vertex   6.089935e+00 7.875000e+01 5.953990e+01
      vertex   6.909830e+00 5.250000e+01 6.087785e+01
    endloop
  endfacet
  facet normal 8.526402e-01 -2.884939e-17 -5.224986e-01
    outer loop
      vertex   6.909830e+00 5.250000e+01 6.087785e+01
      vertex   6.089935e+00 7.875000e+01 5.953990e+01
      vertex   6.909830e+00 7.875000e+01 6.087785e+01
    endloop
  endfacet
  facet normal 7.604060e-01 -2.572862e-17 -6.494480e-01
    outer loop
      vertex   6.909830e+00 5.250000e+01 6.087785e+01
      vertex   6.909830e+00 7.875000e+01 6.087785e+01
      vertex   7.928932e+00 5.250000e+01 6.207107e+01
    endloop
  endfacet
  facet normal 7.604060e-01 0.000000e+00 -6.494480e-01
    outer loop
      vertex   7.928932e+00 5.250000e+01 6.207107e+01
      vertex   6.909830e+00 7.875000e+01 6.087785e+01
      vertex   7.928932e+00 7.875000e+01 6.207107e+01
    endloop
  endfacet
  facet normal 6.494480e-01 0.000000e+00 -7.604060e-01
    outer loop
      vertex   7.928932e+00 5.250000e+01 6.207107e+01
      vertex   7.928932e+00 7.875000e+01 6.207107e+01
      vertex   9.122147e+00 5.250000e+01 6.309017e+01
    endloop
  endfacet
  facet normal 6.494480e-01 0.000000e+00 -7.604060e-01
    outer loop
      vertex   9.122147e+00 5.250000e+01 6.309017e+01
      vertex   7.928932e+00 7.875000e+01 6.207107e+01
      vertex   9.122147e+00 7.875000e+01 6.309017e+01
    endloop
  endfacet
  facet normal 5.224986e-01 0.000000e+00 -8.526402e-01
    outer loop
      vertex   9.122147e+00 5.250000e+01 6.309017e+01
      vertex   9.122147e+00 7.875000e+01 6.309017e+01
      vertex   1.046010e+01 5.250000e+01 6.391007e+01
    endloop
  endfacet
  facet normal 5.224986e-01 0.000000e+00 -8.526402e-01
    outer loop
      vertex   1.046010e+01 5.250000e+01 6.391007e+01
      vertex   9.122147e+00 7.875000e+01 6.309017e+01
      vertex   1.046010e+01 7.875000e+01 6.391007e+01
    endloop
  endfacet
  facet normal 3.826834e-01 0.000000e+00 -9.238795e-01
    outer loop
      vertex   1.046010e+01 5.250000e+01 6.391007e+01
      vertex   1.046010e+01 7.875000e+01 6.391007e+01
      vertex   1.190983e+01 5.250000e+01 6.451057e+01
    endloop
  endfacet
  facet normal 3.826834e-01 0.000000e+00 -9.238795e-01
    outer loop
      vertex   1.190983e+01 5.250000e+01 6.451057e+01
      vertex   1.046010e+01 7.875000e+01 6.391007e+01
      vertex   1.190983e+01 7.875000e+01 6.451057e+01
    endloop
  endfacet
  facet normal 2.334454e-01 0.000000e+00 -9.723699e-01
    outer loop
      vertex   1.190983e+01 5.250000e+01 6.451057e+01
      vertex   1.190983e+01 7.875000e+01 6.451057e+01
      vertex   1.343566e+01 5.250000e+01 6.487688e+01
    endloop
  endfacet
  facet normal 2.334454e-01 1.579742e-17 -9.723699e-01
    outer loop
      vertex   1.343566e+01 5.250000e+01 6.487688e+01
      vertex   1.190983e+01 7.875000e+01 6.451057e+01
      vertex   1.343566e+01 7.875000e+01 6.487688e+01
    endloop
  endfacet
  facet normal 9.238795e-01 0.000000e+00 -3.826834e-01
    outer loop
      vertex   6.089935e+00 2.625000e+01 5.953990e+01
      vertex   5.489435e+00 2.625000e+01 5.809017e+01
      vertex   5.489435e+00 5.250000e+01 5.809017e+01
    endloop
  endfacet
  facet normal 9.723699e-01 0.000000e+00 -2.334454e-01
    outer loop
      vertex   5.489435e+00 5.250000e+01 5.809017e+01
      vertex   5.489435e+00 2.625000e+01 5.809017e+01
      vertex   5.123117e+00 5.250000e+01 5.656434e+01
    endloop
  endfacet
  facet normal 9.238795e-01 0.000000e+00 -3.826834e-01
    outer loop
      vertex   6.089935e+00 2.625000e+01 5.953990e+01
      vertex   5.489435e+00 5.250000e+01 5.809017e+01
      vertex   6.089935e+00 5.250000e+01 5.953990e+01
    endloop
  endfacet
  facet normal 8.526402e-01 0.000000e+00 -5.224986e-01
    outer loop
      vertex   6.909830e+00 2.625000e+01 6.087785e+01
      vertex   6.089935e+00 2.625000e+01 5.953990e+01
      vertex   6.089935e+00 5.250000e+01 5.953990e+01
    endloop
  endfacet
  facet normal 8.526402e-01 8.373266e-17 -5.224986e-01
    outer loop
      vertex   6.909830e+00 2.625000e+01 6.087785e+01
      vertex   6.089935e+00 5.250000e+01 5.953990e+01
      vertex   6.909830e+00 5.250000e+01 6.087785e+01
    endloop
  endfacet
  facet normal 7.604060e-01 1.239839e-16 -6.494480e-01
    outer loop
      vertex   7.928932e+00 2.625000e+01 6.207107e+01
      vertex   6.909830e+00 2.625000e+01 6.087785e+01
      vertex   6.909830e+00 5.250000e+01 6.087785e+01
    endloop
  endfacet
  facet normal 7.604060e-01 0.000000e+00 -6.494480e-01
    outer loop
      vertex   7.928932e+00 2.625000e+01 6.207107e+01
      vertex   6.909830e+00 5.250000e+01 6.087785e+01
      vertex   7.928932e+00 5.250000e+01 6.207107e+01
    endloop
  endfacet
  facet normal 6.494480e-01 0.000000e+00 -7.604060e-01
    outer loop
      vertex   9.122147e+00 2.625000e+01 6.309017e+01
      vertex   7.928932e+00 2.625000e+01 6.207107e+01
      vertex   7.928932e+00 5.250000e+01 6.207107e+01
    endloop
  endfacet
  facet normal 6.494480e-01 0.000000e+00 -7.604060e-01
    outer loop
      vertex   9.122147e+00 2.625000e+01 6.309017e+01
      vertex   7.928932e+00 5.250000e+01 6.207107e+01
      vertex   9.122147e+00 5.250000e+01 6.309017e+01
    endloop
  endfacet
  facet normal 5.224986e-01 0.000000e+00 -8.526402e-01
    outer loop
      vertex   1.046010e+01 2.625000e+01 6.391007e+01
      vertex   9.122147e+00 2.625000e+01 6.309017e+01
      vertex   9.122147e+00 5.250000e+01 6.309017e+01
    endloop
  endfacet
  facet normal 5.224986e-01 0.000000e+00 -8.526402e-01
    outer loop
      vertex   1.046010e+01 2.625000e+01 6.391007e+01
      vertex   9.122147e+00 5.250000e+01 6.309017e+01
      vertex   1.046010e+01 5.250000e+01 6.391007e+01
    endloop
  endfacet
  facet normal 3.826834e-01 0.000000e+00 -9.238795e-01
    outer loop
      vertex   1.190983e+01 2.625000e+01 6.451057e+01
      vertex   1.046010e+01 2.625000e+01 6.391007e+01
      vertex   1.046010e+01 5.250000e+01 6.391007e+01
    endloop
  endfacet
  facet normal 3.826834e-01 -2.589647e-17 -9.238795e-01
    outer loop
      vertex   1.190983e+01 2.625000e+01 6.451057e+01
      vertex   1.046010e+01 5.250000e+01 6.391007e+01
      vertex   1.190983e+01 5.250000e+01 6.451057e+01
    endloop
  endfacet
  facet normal 2.334454e-01 -1.347652e-17 -9.723699e-01
    outer loop
      vertex   1.343566e+01 2.625000e+01 6.487688e+01
      vertex   1.190983e+01 2.625000e+01 6.451057e+01
      vertex   1.190983e+01 5.250000e+01 6.451057e+01
    endloop
  endfacet
  facet normal 2.334454e-01 0.000000e+00 -9.723699e-01
    outer loop
      vertex   1.343566e+01 2.625000e+01 6.487688e+01
      vertex   1.190983e+01 5.250000e+01 6.451057e+01
      vertex   1.343566e+01 5.250000e+01 6.487688e+01
    endloop
  endfacet
  facet normal 1.000000e+00 0.000000e+00 -0.000000e+00
    outer loop
      vertex   5.000000e+00 1.050000e+02 0.000000e+00
      vertex   5.000000e+00 1.050000e+02 5.500000e+01
      vertex   5.000000e+00 0.000000e+00 0.000000e+00
    endloop
  endfacet
  facet normal 1.000000e+00 0.000000e+00 0.000000e+00
    outer loop
      vertex   5.000000e+00 0.000000e+00 0.000000e+00
      vertex   5.000000e+00 1.050000e+02 5.500000e+01
      vertex   5.000000e+00 0.000000e+00 5.500000e+01
    endloop
  endfacet
  facet normal 1.543351e-03 9.801702e-02 9.951835e-01
    outer loop
      vertex   9.251000e+01 6.147123e+01 1.698561e+02
      vertex   9.251000e+01 6.001000e+01 1.700000e+02
      vertex   9.306972e+01 6.122661e+01 1.698793e+02
    endloop
  endfacet
  facet normal 9.787647e-02 5.355589e-02 9.937565e-01
    outer loop
      vertex   9.306972e+01 6.122661e+01 1.698793e+02
      vertex   9.251000e+01 6.001000e+01 1.700000e+02
      vertex   9.397123e+01 6.001000e+01 1.698561e+02
    endloop
  endfacet
  facet normal 1.529730e-01 9.457450e-02 9.836945e-01
    outer loop
      vertex   9.306972e+01 6.122661e+01 1.698793e+02
      vertex   9.397123e+01 6.001000e+01 1.698561e+02
      vertex   9.441376e+01 6.065591e+01 1.697252e+02
    endloop
  endfacet
  facet normal 2.902812e-01 -4.924580e-03 9.569287e-01
    outer loop
      vertex   9.441376e+01 6.065591e+01 1.697252e+02
      vertex   9.397123e+01 6.001000e+01 1.698561e+02
      vertex   9.537630e+01 6.001000e+01 1.694299e+02
    endloop
  endfacet
  facet normal 3.791683e-01 1.473859e-01 9.135145e-01
    outer loop
      vertex   9.441376e+01 6.065591e+01 1.697252e+02
      vertex   9.537630e+01 6.001000e+01 1.694299e+02
      vertex   9.568463e+01 6.006038e+01 1.692938e+02
    endloop
  endfacet
  facet normal 4.212266e-01 -4.489214e-01 7.880595e-01
    outer loop
      vertex   9.568463e+01 6.006038e+01 1.692938e+02
      vertex   9.537630e+01 6.001000e+01 1.694299e+02
      vertex   9.667122e+01 6.001000e+01 1.687377e+02
    endloop
  endfacet
  facet normal 4.925144e-01 7.914225e-02 8.666984e-01
    outer loop
      vertex   9.568463e+01 6.006038e+01 1.692938e+02
      vertex   9.667122e+01 6.001000e+01 1.687377e+02
      vertex   9.615795e+01 6.139813e+01 1.689026e+02
    endloop
  endfacet
  facet normal 5.539229e-01 1.067195e-01 8.256999e-01
    outer loop
      vertex   9.615795e+01 6.139813e+01 1.689026e+02
      vertex   9.667122e+01 6.001000e+01 1.687377e+02
      vertex   9.730017e+01 6.078187e+01 1.682160e+02
    endloop
  endfacet
  facet normal 5.900438e-01 2.320407e-01 7.733081e-01
    outer loop
      vertex   9.615795e+01 6.139813e+01 1.689026e+02
      vertex   9.730017e+01 6.078187e+01 1.682160e+02
      vertex   9.648403e+01 6.268536e+01 1.682676e+02
    endloop
  endfacet
  facet normal 5.900438e-01 2.320407e-01 7.733081e-01
    outer loop
      vertex   9.648403e+01 6.268536e+01 1.682676e+02
      vertex   9.730017e+01 6.078187e+01 1.682160e+02
      vertex   9.762167e+01 6.205100e+01 1.675899e+02
    endloop
  endfacet
  facet normal 6.229976e-01 3.976451e-01 6.736114e-01
    outer loop
      vertex   9.648403e+01 6.268536e+01 1.682676e+02
      vertex   9.762167e+01 6.205100e+01 1.675899e+02
      vertex   9.665029e+01 6.387231e+01 1.674131e+02
    endloop
  endfacet
  facet normal 6.229976e-01 3.976451e-01 6.736114e-01
    outer loop
      vertex   9.665029e+01 6.387231e+01 1.674131e+02
      vertex   9.762167e+01 6.205100e+01 1.675899e+02
      vertex   9.778559e+01 6.322127e+01 1.667475e+02
    endloop
  endfacet
  facet normal 6.341256e-01 5.467562e-01 5.467562e-01
    outer loop
      vertex   9.665029e+01 6.387231e+01 1.674131e+02
      vertex   9.778559e+01 6.322127e+01 1.667475e+02
      vertex   9.665029e+01 6.491313e+01 1.663723e+02
    endloop
  endfacet
  facet normal 6.341256e-01 5.467562e-01 5.467562e-01
    outer loop
      vertex   9.665029e+01 6.491313e+01 1.663723e+02
      vertex   9.778559e+01 6.322127e+01 1.667475e+02
      vertex   9.778559e+01 6.424745e+01 1.657213e+02
    endloop
  endfacet
  facet normal 6.229976e-01 6.736114e-01 3.976451e-01
    outer loop
      vertex   9.665029e+01 6.491313e+01 1.663723e+02
      vertex   9.778559e+01 6.424745e+01 1.657213e+02
      vertex   9.648403e+01 6.576757e+01 1.651854e+02
    endloop
  endfacet
  facet normal 6.229976e-01 6.736114e-01 3.976451e-01
    outer loop
      vertex   9.648403e+01 6.576757e+01 1.651854e+02
      vertex   9.778559e+01 6.424745e+01 1.657213e+02
      vertex   9.762167e+01 6.508988e+01 1.645510e+02
    endloop
  endfacet
  facet normal 5.900438e-01 7.733081e-01 2.320407e-01
    outer loop
      vertex   9.648403e+01 6.576757e+01 1.651854e+02
      vertex   9.762167e+01 6.508988e+01 1.645510e+02
      vertex   9.615795e+01 6.640263e+01 1.638981e+02
    endloop
  endfacet
  facet normal 5.900438e-01 7.733081e-01 2.320407e-01
    outer loop
      vertex   9.615795e+01 6.640263e+01 1.638981e+02
      vertex   9.762167e+01 6.508988e+01 1.645510e+02
      vertex   9.730017e+01 6.571601e+01 1.632819e+02
    endloop
  endfacet
  facet normal 5.539229e-01 8.256999e-01 1.067195e-01
    outer loop
      vertex   9.615795e+01 6.640263e+01 1.638981e+02
      vertex   9.730017e+01 6.571601e+01 1.632819e+02
      vertex   9.667122e+01 6.623771e+01 1.625100e+02
    endloop
  endfacet
  facet normal 6.343836e-01 7.729986e-01 5.536834e-03
    outer loop
      vertex   9.667122e+01 6.623771e+01 1.625100e+02
      vertex   9.730017e+01 6.571601e+01 1.632819e+02
      vertex   9.780623e+01 6.530623e+01 1.625100e+02
    endloop
  endfacet
  facet normal 7.207766e-01 6.845195e-01 1.091521e-01
    outer loop
      vertex   9.780623e+01 6.530623e+01 1.625100e+02
      vertex   9.730017e+01 6.571601e+01 1.632819e+02
      vertex   9.825831e+01 6.481012e+01 1.626359e+02
    endloop
  endfacet
  facet normal 7.451870e-01 6.115592e-01 -2.658792e-01
    outer loop
      vertex   9.780623e+01 6.530623e+01 1.625100e+02
      vertex   9.825831e+01 6.481012e+01 1.626359e+02
      vertex   9.873771e+01 6.417122e+01 1.625100e+02
    endloop
  endfacet
  facet normal 8.049614e-01 5.871008e-01 8.573118e-02
    outer loop
      vertex   9.873771e+01 6.417122e+01 1.625100e+02
      vertex   9.825831e+01 6.481012e+01 1.626359e+02
      vertex   9.856287e+01 6.421698e+01 1.638382e+02
    endloop
  endfacet
  facet normal 8.524996e-01 5.141144e-01 9.450329e-02
    outer loop
      vertex   9.873771e+01 6.417122e+01 1.625100e+02
      vertex   9.856287e+01 6.421698e+01 1.638382e+02
      vertex   9.927147e+01 6.318241e+01 1.630744e+02
    endloop
  endfacet
  facet normal 8.710202e-01 4.483554e-01 2.007515e-01
    outer loop
      vertex   9.927147e+01 6.318241e+01 1.630744e+02
      vertex   9.856287e+01 6.421698e+01 1.638382e+02
      vertex   9.941214e+01 6.245941e+01 1.640787e+02
    endloop
  endfacet
  facet normal 9.444604e-01 3.147981e-01 9.432195e-02
    outer loop
      vertex   9.927147e+01 6.318241e+01 1.630744e+02
      vertex   9.941214e+01 6.245941e+01 1.640787e+02
      vertex   9.942986e+01 6.287630e+01 1.625100e+02
    endloop
  endfacet
  facet normal 9.479539e-01 3.049073e-01 9.173292e-02
    outer loop
      vertex   9.942986e+01 6.287630e+01 1.625100e+02
      vertex   9.941214e+01 6.245941e+01 1.640787e+02
      vertex   9.984089e+01 6.140576e+01 1.631503e+02
    endloop
  endfacet
  facet normal 9.556301e-01 2.898872e-01 5.231192e-02
    outer loop
      vertex   9.942986e+01 6.287630e+01 1.625100e+02
      vertex   9.984089e+01 6.140576e+01 1.631503e+02
      vertex   9.985608e+01 6.147123e+01 1.625100e+02
    endloop
  endfacet
  facet normal 9.946223e-01 9.796175e-02 3.361531e-02
    outer loop
      vertex   9.985608e+01 6.147123e+01 1.625100e+02
      vertex   9.984089e+01 6.140576e+01 1.631503e+02
      vertex   1.000000e+02 6.001000e+01 1.625100e+02
    endloop
  endfacet
  facet normal 9.939487e-01 7.767262e-02 7.767262e-02
    outer loop
      vertex   1.000000e+02 6.001000e+01 1.625100e+02
      vertex   9.984089e+01 6.140576e+01 1.631503e+02
      vertex   9.984089e+01 6.065034e+01 1.639058e+02
    endloop
  endfacet
  facet normal 9.946223e-01 3.361531e-02 9.796175e-02
    outer loop
      vertex   1.000000e+02 6.001000e+01 1.625100e+02
      vertex   9.984089e+01 6.065034e+01 1.639058e+02
      vertex   9.985608e+01 6.001000e+01 1.639712e+02
    endloop
  endfacet
  facet normal 9.556301e-01 5.231192e-02 2.898872e-01
    outer loop
      vertex   9.985608e+01 6.001000e+01 1.639712e+02
      vertex   9.984089e+01 6.065034e+01 1.639058e+02
      vertex   9.942986e+01 6.001000e+01 1.653763e+02
    endloop
  endfacet
  facet normal 9.463902e-01 9.879688e-02 3.075462e-01
    outer loop
      vertex   9.942986e+01 6.001000e+01 1.653763e+02
      vertex   9.984089e+01 6.065034e+01 1.639058e+02
      vertex   9.927147e+01 6.057437e+01 1.656824e+02
    endloop
  endfacet
  facet normal 8.818919e-01 -8.166651e-03 4.713810e-01
    outer loop
      vertex   9.942986e+01 6.001000e+01 1.653763e+02
      vertex   9.927147e+01 6.057437e+01 1.656824e+02
      vertex   9.873771e+01 6.001000e+01 1.666712e+02
    endloop
  endfacet
  facet normal 8.524996e-01 9.450329e-02 5.141144e-01
    outer loop
      vertex   9.873771e+01 6.001000e+01 1.666712e+02
      vertex   9.927147e+01 6.057437e+01 1.656824e+02
      vertex   9.856287e+01 6.133821e+01 1.667170e+02
    endloop
  endfacet
  facet normal 8.049614e-01 8.573118e-02 5.871008e-01
    outer loop
      vertex   9.873771e+01 6.001000e+01 1.666712e+02
      vertex   9.856287e+01 6.133821e+01 1.667170e+02
      vertex   9.825831e+01 6.013594e+01 1.673101e+02
    endloop
  endfacet
  facet normal 7.295948e-01 1.449083e-01 6.683510e-01
    outer loop
      vertex   9.825831e+01 6.013594e+01 1.673101e+02
      vertex   9.856287e+01 6.133821e+01 1.667170e+02
      vertex   9.762167e+01 6.205100e+01 1.675899e+02
    endloop
  endfacet
  facet normal 7.295948e-01 1.449083e-01 6.683510e-01
    outer loop
      vertex   9.825831e+01 6.013594e+01 1.673101e+02
      vertex   9.762167e+01 6.205100e+01 1.675899e+02
      vertex   9.730017e+01 6.078187e+01 1.682160e+02
    endloop
  endfacet
  facet normal 6.343836e-01 5.536834e-03 7.729986e-01
    outer loop
      vertex   9.667122e+01 6.001000e+01 1.687377e+02
      vertex   9.780623e+01 6.001000e+01 1.678062e+02
      vertex   9.730017e+01 6.078187e+01 1.682160e+02
    endloop
  endfacet
  facet normal 7.207766e-01 1.091521e-01 6.845195e-01
    outer loop
      vertex   9.730017e+01 6.078187e+01 1.682160e+02
      vertex   9.780623e+01 6.001000e+01 1.678062e+02
      vertex   9.825831e+01 6.013594e+01 1.673101e+02
    endloop
  endfacet
  facet normal 7.451870e-01 -2.658792e-01 6.115592e-01
    outer loop
      vertex   9.780623e+01 6.001000e+01 1.678062e+02
      vertex   9.873771e+01 6.001000e+01 1.666712e+02
      vertex   9.825831e+01 6.013594e+01 1.673101e+02
    endloop
  endfacet
  facet normal 8.818919e-01 4.713810e-01 -8.166651e-03
    outer loop
      vertex   9.942986e+01 6.287630e+01 1.625100e+02
      vertex   9.873771e+01 6.417122e+01 1.625100e+02
      vertex   9.927147e+01 6.318241e+01 1.630744e+02
    endloop
  endfacet
  facet normal 4.925144e-01 8.666984e-01 7.914225e-02
    outer loop
      vertex   9.615795e+01 6.640263e+01 1.638981e+02
      vertex   9.667122e+01 6.623771e+01 1.625100e+02
      vertex   9.568463e+01 6.679375e+01 1.625604e+02
    endloop
  endfacet
  facet normal 4.212266e-01 7.880595e-01 -4.489214e-01
    outer loop
      vertex   9.568463e+01 6.679375e+01 1.625604e+02
      vertex   9.667122e+01 6.623771e+01 1.625100e+02
      vertex   9.537630e+01 6.692986e+01 1.625100e+02
    endloop
  endfacet
  facet normal 3.791683e-01 9.135145e-01 1.473859e-01
    outer loop
      vertex   9.568463e+01 6.679375e+01 1.625604e+02
      vertex   9.537630e+01 6.692986e+01 1.625100e+02
      vertex   9.441376e+01 6.722517e+01 1.631559e+02
    endloop
  endfacet
  facet normal 2.902812e-01 9.569287e-01 -4.924580e-03
    outer loop
      vertex   9.441376e+01 6.722517e+01 1.631559e+02
      vertex   9.537630e+01 6.692986e+01 1.625100e+02
      vertex   9.397123e+01 6.735608e+01 1.625100e+02
    endloop
  endfacet
  facet normal 1.529730e-01 9.836945e-01 9.457450e-02
    outer loop
      vertex   9.441376e+01 6.722517e+01 1.631559e+02
      vertex   9.397123e+01 6.735608e+01 1.625100e+02
      vertex   9.306972e+01 6.737931e+01 1.637266e+02
    endloop
  endfacet
  facet normal 9.787647e-02 9.937565e-01 5.355589e-02
    outer loop
      vertex   9.306972e+01 6.737931e+01 1.637266e+02
      vertex   9.397123e+01 6.735608e+01 1.625100e+02
      vertex   9.251000e+01 6.750000e+01 1.625100e+02
    endloop
  endfacet
  facet normal 1.543351e-03 9.951835e-01 9.801702e-02
    outer loop
      vertex   9.306972e+01 6.737931e+01 1.637266e+02
      vertex   9.251000e+01 6.750000e+01 1.625100e+02
      vertex   9.251000e+01 6.735608e+01 1.639712e+02
    endloop
  endfacet
  facet normal 7.203180e-02 9.639006e-01 2.563338e-01
    outer loop
      vertex   9.306972e+01 6.737931e+01 1.637266e+02
      vertex   9.251000e+01 6.735608e+01 1.639712e+02
      vertex   9.350222e+01 6.702191e+01 1.649490e+02
    endloop
  endfacet
  facet normal 3.620742e-02 9.563129e-01 2.900943e-01
    outer loop
      vertex   9.350222e+01 6.702191e+01 1.649490e+02
      vertex   9.251000e+01 6.735608e+01 1.639712e+02
      vertex   9.251000e+01 6.692986e+01 1.653763e+02
    endloop
  endfacet
  facet normal 9.735100e-02 9.021043e-01 4.203935e-01
    outer loop
      vertex   9.350222e+01 6.702191e+01 1.649490e+02
      vertex   9.251000e+01 6.692986e+01 1.653763e+02
      vertex   9.380018e+01 6.644162e+01 1.661252e+02
    endloop
  endfacet
  facet normal 5.999898e-02 8.803324e-01 4.705475e-01
    outer loop
      vertex   9.380018e+01 6.644162e+01 1.661252e+02
      vertex   9.251000e+01 6.692986e+01 1.653763e+02
      vertex   9.251000e+01 6.623771e+01 1.666712e+02
    endloop
  endfacet
  facet normal 1.126289e-01 8.138364e-01 5.700745e-01
    outer loop
      vertex   9.380018e+01 6.644162e+01 1.661252e+02
      vertex   9.251000e+01 6.623771e+01 1.666712e+02
      vertex   9.395210e+01 6.566086e+01 1.672098e+02
    endloop
  endfacet
  facet normal 7.208889e-02 7.709992e-01 6.327427e-01
    outer loop
      vertex   9.395210e+01 6.566086e+01 1.672098e+02
      vertex   9.251000e+01 6.623771e+01 1.666712e+02
      vertex   9.251000e+01 6.530623e+01 1.678062e+02
    endloop
  endfacet
  facet normal 1.177319e-01 7.021891e-01 7.021891e-01
    outer loop
      vertex   9.395210e+01 6.566086e+01 1.672098e+02
      vertex   9.251000e+01 6.530623e+01 1.678062e+02
      vertex   9.395210e+01 6.470981e+01 1.681609e+02
    endloop
  endfacet
  facet normal 7.208889e-02 6.327427e-01 7.709992e-01
    outer loop
      vertex   9.395210e+01 6.470981e+01 1.681609e+02
      vertex   9.251000e+01 6.530623e+01 1.678062e+02
      vertex   9.251000e+01 6.417122e+01 1.687377e+02
    endloop
  endfacet
  facet normal 1.126289e-01 5.700745e-01 8.138364e-01
    outer loop
      vertex   9.395210e+01 6.470981e+01 1.681609e+02
      vertex   9.251000e+01 6.417122e+01 1.687377e+02
      vertex   9.380018e+01 6.362521e+01 1.689416e+02
    endloop
  endfacet
  facet normal 5.999898e-02 4.705475e-01 8.803324e-01
    outer loop
      vertex   9.380018e+01 6.362521e+01 1.689416e+02
      vertex   9.251000e+01 6.417122e+01 1.687377e+02
      vertex   9.251000e+01 6.287630e+01 1.694299e+02
    endloop
  endfacet
  facet normal 9.735100e-02 4.203935e-01 9.021043e-01
    outer loop
      vertex   9.380018e+01 6.362521e+01 1.689416e+02
      vertex   9.251000e+01 6.287630e+01 1.694299e+02
      vertex   9.350222e+01 6.244899e+01 1.695219e+02
    endloop
  endfacet
  facet normal 3.620742e-02 2.900943e-01 9.563129e-01
    outer loop
      vertex   9.350222e+01 6.244899e+01 1.695219e+02
      vertex   9.251000e+01 6.287630e+01 1.694299e+02
      vertex   9.251000e+01 6.147123e+01 1.698561e+02
    endloop
  endfacet
  facet normal 7.203180e-02 2.563338e-01 9.639006e-01
    outer loop
      vertex   9.350222e+01 6.244899e+01 1.695219e+02
      vertex   9.251000e+01 6.147123e+01 1.698561e+02
      vertex   9.306972e+01 6.122661e+01 1.698793e+02
    endloop
  endfacet
  facet normal 1.987865e-01 2.095776e-01 9.573720e-01
    outer loop
      vertex   9.350222e+01 6.244899e+01 1.695219e+02
      vertex   9.306972e+01 6.122661e+01 1.698793e+02
      vertex   9.441376e+01 6.065591e+01 1.697252e+02
    endloop
  endfacet
  facet normal 3.748375e-01 1.355232e-01 9.171316e-01
    outer loop
      vertex   9.441376e+01 6.065591e+01 1.697252e+02
      vertex   9.568463e+01 6.006038e+01 1.692938e+02
      vertex   9.487553e+01 6.196105e+01 1.693436e+02
    endloop
  endfacet
  facet normal 3.748375e-01 1.355232e-01 9.171316e-01
    outer loop
      vertex   9.487553e+01 6.196105e+01 1.693436e+02
      vertex   9.568463e+01 6.006038e+01 1.692938e+02
      vertex   9.615795e+01 6.139813e+01 1.689026e+02
    endloop
  endfacet
  facet normal 4.280683e-01 3.103169e-01 8.487997e-01
    outer loop
      vertex   9.487553e+01 6.196105e+01 1.693436e+02
      vertex   9.615795e+01 6.139813e+01 1.689026e+02
      vertex   9.519367e+01 6.321691e+01 1.687240e+02
    endloop
  endfacet
  facet normal 4.280683e-01 3.103169e-01 8.487997e-01
    outer loop
      vertex   9.519367e+01 6.321691e+01 1.687240e+02
      vertex   9.615795e+01 6.139813e+01 1.689026e+02
      vertex   9.648403e+01 6.268536e+01 1.682676e+02
    endloop
  endfacet
  facet normal 4.608526e-01 4.750693e-01 7.496159e-01
    outer loop
      vertex   9.519367e+01 6.321691e+01 1.687240e+02
      vertex   9.648403e+01 6.268536e+01 1.682676e+02
      vertex   9.535588e+01 6.437493e+01 1.678904e+02
    endloop
  endfacet
  facet normal 4.608526e-01 4.750693e-01 7.496159e-01
    outer loop
      vertex   9.535588e+01 6.437493e+01 1.678904e+02
      vertex   9.648403e+01 6.268536e+01 1.682676e+02
      vertex   9.665029e+01 6.387231e+01 1.674131e+02
    endloop
  endfacet
  facet normal 4.719234e-01 6.234133e-01 6.234133e-01
    outer loop
      vertex   9.535588e+01 6.437493e+01 1.678904e+02
      vertex   9.665029e+01 6.387231e+01 1.674131e+02
      vertex   9.535588e+01 6.539038e+01 1.668749e+02
    endloop
  endfacet
  facet normal 4.719234e-01 6.234133e-01 6.234133e-01
    outer loop
      vertex   9.535588e+01 6.539038e+01 1.668749e+02
      vertex   9.665029e+01 6.387231e+01 1.674131e+02
      vertex   9.665029e+01 6.491313e+01 1.663723e+02
    endloop
  endfacet
  facet normal 4.608526e-01 7.496159e-01 4.750693e-01
    outer loop
      vertex   9.535588e+01 6.539038e+01 1.668749e+02
      vertex   9.665029e+01 6.491313e+01 1.663723e+02
      vertex   9.519367e+01 6.622400e+01 1.657169e+02
    endloop
  endfacet
  facet normal 4.608526e-01 7.496159e-01 4.750693e-01
    outer loop
      vertex   9.519367e+01 6.622400e+01 1.657169e+02
      vertex   9.665029e+01 6.491313e+01 1.663723e+02
      vertex   9.648403e+01 6.576757e+01 1.651854e+02
    endloop
  endfacet
  facet normal 4.280683e-01 8.487997e-01 3.103169e-01
    outer loop
      vertex   9.519367e+01 6.622400e+01 1.657169e+02
      vertex   9.648403e+01 6.576757e+01 1.651854e+02
      vertex   9.487553e+01 6.684357e+01 1.644611e+02
    endloop
  endfacet
  facet normal 4.280683e-01 8.487997e-01 3.103169e-01
    outer loop
      vertex   9.487553e+01 6.684357e+01 1.644611e+02
      vertex   9.648403e+01 6.576757e+01 1.651854e+02
      vertex   9.615795e+01 6.640263e+01 1.638981e+02
    endloop
  endfacet
  facet normal 3.748375e-01 9.171316e-01 1.355232e-01
    outer loop
      vertex   9.487553e+01 6.684357e+01 1.644611e+02
      vertex   9.615795e+01 6.640263e+01 1.638981e+02
      vertex   9.441376e+01 6.722517e+01 1.631559e+02
    endloop
  endfacet
  facet normal 3.748375e-01 9.171316e-01 1.355232e-01
    outer loop
      vertex   9.441376e+01 6.722517e+01 1.631559e+02
      vertex   9.615795e+01 6.640263e+01 1.638981e+02
      vertex   9.568463e+01 6.679375e+01 1.625604e+02
    endloop
  endfacet
  facet normal 2.497145e-01 3.768093e-01 8.919963e-01
    outer loop
      vertex   9.380018e+01 6.362521e+01 1.689416e+02
      vertex   9.350222e+01 6.244899e+01 1.695219e+02
      vertex   9.487553e+01 6.196105e+01 1.693436e+02
    endloop
  endfacet
  facet normal 1.987865e-01 2.095776e-01 9.573720e-01
    outer loop
      vertex   9.487553e+01 6.196105e+01 1.693436e+02
      vertex   9.350222e+01 6.244899e+01 1.695219e+02
      vertex   9.441376e+01 6.065591e+01 1.697252e+02
    endloop
  endfacet
  facet normal 2.497145e-01 3.768093e-01 8.919963e-01
    outer loop
      vertex   9.380018e+01 6.362521e+01 1.689416e+02
      vertex   9.487553e+01 6.196105e+01 1.693436e+02
      vertex   9.519367e+01 6.321691e+01 1.687240e+02
    endloop
  endfacet
  facet normal 7.614634e-01 3.050591e-01 5.719375e-01
    outer loop
      vertex   9.778559e+01 6.322127e+01 1.667475e+02
      vertex   9.762167e+01 6.205100e+01 1.675899e+02
      vertex   9.856287e+01 6.133821e+01 1.667170e+02
    endloop
  endfacet
  facet normal 8.710202e-01 2.007515e-01 4.483554e-01
    outer loop
      vertex   9.856287e+01 6.133821e+01 1.667170e+02
      vertex   9.927147e+01 6.057437e+01 1.656824e+02
      vertex   9.871816e+01 6.244682e+01 1.659189e+02
    endloop
  endfacet
  facet normal 8.710202e-01 2.007515e-01 4.483554e-01
    outer loop
      vertex   9.871816e+01 6.244682e+01 1.659189e+02
      vertex   9.927147e+01 6.057437e+01 1.656824e+02
      vertex   9.941214e+01 6.157872e+01 1.649594e+02
    endloop
  endfacet
  facet normal 8.810045e-01 3.345378e-01 3.345378e-01
    outer loop
      vertex   9.871816e+01 6.244682e+01 1.659189e+02
      vertex   9.941214e+01 6.157872e+01 1.649594e+02
      vertex   9.871816e+01 6.341893e+01 1.649468e+02
    endloop
  endfacet
  facet normal 8.810045e-01 3.345378e-01 3.345378e-01
    outer loop
      vertex   9.871816e+01 6.341893e+01 1.649468e+02
      vertex   9.941214e+01 6.157872e+01 1.649594e+02
      vertex   9.941214e+01 6.245941e+01 1.640787e+02
    endloop
  endfacet
  facet normal 8.710202e-01 4.483554e-01 2.007515e-01
    outer loop
      vertex   9.871816e+01 6.341893e+01 1.649468e+02
      vertex   9.941214e+01 6.245941e+01 1.640787e+02
      vertex   9.856287e+01 6.421698e+01 1.638382e+02
    endloop
  endfacet
  facet normal 2.810805e-01 5.344342e-01 7.971034e-01
    outer loop
      vertex   9.395210e+01 6.470981e+01 1.681609e+02
      vertex   9.380018e+01 6.362521e+01 1.689416e+02
      vertex   9.519367e+01 6.321691e+01 1.687240e+02
    endloop
  endfacet
  facet normal 2.810805e-01 5.344342e-01 7.971034e-01
    outer loop
      vertex   9.395210e+01 6.470981e+01 1.681609e+02
      vertex   9.519367e+01 6.321691e+01 1.687240e+02
      vertex   9.535588e+01 6.437493e+01 1.678904e+02
    endloop
  endfacet
  facet normal 9.562553e-01 2.068524e-01 2.068524e-01
    outer loop
      vertex   9.941214e+01 6.245941e+01 1.640787e+02
      vertex   9.941214e+01 6.157872e+01 1.649594e+02
      vertex   9.984089e+01 6.065034e+01 1.639058e+02
    endloop
  endfacet
  facet normal 9.474312e-01 8.861215e-02 3.074444e-01
    outer loop
      vertex   9.984089e+01 6.065034e+01 1.639058e+02
      vertex   9.941214e+01 6.157872e+01 1.649594e+02
      vertex   9.927147e+01 6.057437e+01 1.656824e+02
    endloop
  endfacet
  facet normal 9.562553e-01 2.068524e-01 2.068524e-01
    outer loop
      vertex   9.984089e+01 6.140576e+01 1.631503e+02
      vertex   9.941214e+01 6.245941e+01 1.640787e+02
      vertex   9.984089e+01 6.065034e+01 1.639058e+02
    endloop
  endfacet
  facet normal 7.722249e-01 4.492598e-01 4.492598e-01
    outer loop
      vertex   9.778559e+01 6.424745e+01 1.657213e+02
      vertex   9.778559e+01 6.322127e+01 1.667475e+02
      vertex   9.871816e+01 6.244682e+01 1.659189e+02
    endloop
  endfacet
  facet normal 7.614634e-01 3.050591e-01 5.719375e-01
    outer loop
      vertex   9.871816e+01 6.244682e+01 1.659189e+02
      vertex   9.778559e+01 6.322127e+01 1.667475e+02
      vertex   9.856287e+01 6.133821e+01 1.667170e+02
    endloop
  endfacet
  facet normal 7.722249e-01 4.492598e-01 4.492598e-01
    outer loop
      vertex   9.778559e+01 6.424745e+01 1.657213e+02
      vertex   9.871816e+01 6.244682e+01 1.659189e+02
      vertex   9.871816e+01 6.341893e+01 1.649468e+02
    endloop
  endfacet
  facet normal 2.916723e-01 6.763606e-01 6.763606e-01
    outer loop
      vertex   9.395210e+01 6.566086e+01 1.672098e+02
      vertex   9.395210e+01 6.470981e+01 1.681609e+02
      vertex   9.535588e+01 6.437493e+01 1.678904e+02
    endloop
  endfacet
  facet normal 2.916723e-01 6.763606e-01 6.763606e-01
    outer loop
      vertex   9.395210e+01 6.566086e+01 1.672098e+02
      vertex   9.535588e+01 6.437493e+01 1.678904e+02
      vertex   9.535588e+01 6.539038e+01 1.668749e+02
    endloop
  endfacet
  facet normal 7.614634e-01 5.719375e-01 3.050591e-01
    outer loop
      vertex   9.762167e+01 6.508988e+01 1.645510e+02
      vertex   9.778559e+01 6.424745e+01 1.657213e+02
      vertex   9.871816e+01 6.341893e+01 1.649468e+02
    endloop
  endfacet
  facet normal 7.614634e-01 5.719375e-01 3.050591e-01
    outer loop
      vertex   9.762167e+01 6.508988e+01 1.645510e+02
      vertex   9.871816e+01 6.341893e+01 1.649468e+02
      vertex   9.856287e+01 6.421698e+01 1.638382e+02
    endloop
  endfacet
  facet normal 2.810805e-01 7.971034e-01 5.344342e-01
    outer loop
      vertex   9.380018e+01 6.644162e+01 1.661252e+02
      vertex   9.395210e+01 6.566086e+01 1.672098e+02
      vertex   9.535588e+01 6.539038e+01 1.668749e+02
    endloop
  endfacet
  facet normal 2.810805e-01 7.971034e-01 5.344342e-01
    outer loop
      vertex   9.380018e+01 6.644162e+01 1.661252e+02
      vertex   9.535588e+01 6.539038e+01 1.668749e+02
      vertex   9.519367e+01 6.622400e+01 1.657169e+02
    endloop
  endfacet
  facet normal 7.295948e-01 6.683510e-01 1.449083e-01
    outer loop
      vertex   9.730017e+01 6.571601e+01 1.632819e+02
      vertex   9.762167e+01 6.508988e+01 1.645510e+02
      vertex   9.856287e+01 6.421698e+01 1.638382e+02
    endloop
  endfacet
  facet normal 7.295948e-01 6.683510e-01 1.449083e-01
    outer loop
      vertex   9.825831e+01 6.481012e+01 1.626359e+02
      vertex   9.730017e+01 6.571601e+01 1.632819e+02
      vertex   9.856287e+01 6.421698e+01 1.638382e+02
    endloop
  endfacet
  facet normal 2.497145e-01 8.919963e-01 3.768093e-01
    outer loop
      vertex   9.350222e+01 6.702191e+01 1.649490e+02
      vertex   9.380018e+01 6.644162e+01 1.661252e+02
      vertex   9.519367e+01 6.622400e+01 1.657169e+02
    endloop
  endfacet
  facet normal 2.497145e-01 8.919963e-01 3.768093e-01
    outer loop
      vertex   9.350222e+01 6.702191e+01 1.649490e+02
      vertex   9.519367e+01 6.622400e+01 1.657169e+02
      vertex   9.487553e+01 6.684357e+01 1.644611e+02
    endloop
  endfacet
  facet normal 1.987865e-01 9.573720e-01 2.095776e-01
    outer loop
      vertex   9.306972e+01 6.737931e+01 1.637266e+02
      vertex   9.350222e+01 6.702191e+01 1.649490e+02
      vertex   9.487553e+01 6.684357e+01 1.644611e+02
    endloop
  endfacet
  facet normal 1.987865e-01 9.573720e-01 2.095776e-01
    outer loop
      vertex   9.306972e+01 6.737931e+01 1.637266e+02
      vertex   9.487553e+01 6.684357e+01 1.644611e+02
      vertex   9.441376e+01 6.722517e+01 1.631559e+02
    endloop
  endfacet
  facet normal 6.100151e-02 9.981377e-01 -7.224410e-16
    outer loop
      vertex   9.251000e+01 6.750000e+01 6.967987e+01
      vertex   9.251000e+01 6.750000e+01 1.625100e+02
      vertex   9.340046e+01 6.744558e+01 6.940271e+01
    endloop
  endfacet
  facet normal 1.165594e-01 9.931836e-01 5.342406e-04
    outer loop
      vertex   9.340046e+01 6.744558e+01 6.940271e+01
      vertex   9.251000e+01 6.750000e+01 1.625100e+02
      vertex   9.397123e+01 6.735608e+01 1.112550e+02
    endloop
  endfacet
  facet normal 1.549094e-01 9.879287e-01 3.552385e-16
    outer loop
      vertex   9.340046e+01 6.744558e+01 6.940271e+01
      vertex   9.397123e+01 6.735608e+01 1.112550e+02
      vertex   9.397123e+01 6.735608e+01 8.562750e+01
    endloop
  endfacet
  facet normal 2.902847e-01 9.569403e-01 -8.225961e-16
    outer loop
      vertex   9.397123e+01 6.735608e+01 8.562750e+01
      vertex   9.397123e+01 6.735608e+01 1.112550e+02
      vertex   9.537630e+01 6.692986e+01 8.562750e+01
    endloop
  endfacet
  facet normal 2.902844e-01 9.569395e-01 1.343424e-03
    outer loop
      vertex   9.397123e+01 6.735608e+01 8.562750e+01
      vertex   9.537630e+01 6.692986e+01 8.562750e+01
      vertex   9.427140e+01 6.728831e+01 6.904011e+01
    endloop
  endfacet
  facet normal 2.901556e-01 9.569785e-01 1.352851e-03
    outer loop
      vertex   9.427140e+01 6.728831e+01 6.904011e+01
      vertex   9.537630e+01 6.692986e+01 8.562750e+01
      vertex   9.510167e+01 6.703719e+01 6.860061e+01
    endloop
  endfacet
  facet normal 3.982442e-01 9.172792e-01 -6.407720e-04
    outer loop
      vertex   9.510167e+01 6.703719e+01 6.860061e+01
      vertex   9.537630e+01 6.692986e+01 8.562750e+01
      vertex   9.587145e+01 6.670263e+01 6.809393e+01
    endloop
  endfacet
  facet normal 4.713959e-01 8.819197e-01 1.883297e-03
    outer loop
      vertex   9.587145e+01 6.670263e+01 6.809393e+01
      vertex   9.537630e+01 6.692986e+01 8.562750e+01
      vertex   9.667122e+01 6.623771e+01 8.562750e+01
    endloop
  endfacet
  facet normal 4.969634e-01 8.677715e-01 3.419160e-04
    outer loop
      vertex   9.587145e+01 6.670263e+01 6.809393e+01
      vertex   9.667122e+01 6.623771e+01 8.562750e+01
      vertex   9.656918e+01 6.630327e+01 6.753785e+01
    endloop
  endfacet
  facet normal 5.827798e-01 8.126300e-01 -3.420139e-04
    outer loop
      vertex   9.656918e+01 6.630327e+01 6.753785e+01
      vertex   9.667122e+01 6.623771e+01 8.562750e+01
      vertex   9.718637e+01 6.586041e+01 6.695339e+01
    endloop
  endfacet
  facet normal 6.343922e-01 7.730091e-01 1.882293e-03
    outer loop
      vertex   9.718637e+01 6.586041e+01 6.695339e+01
      vertex   9.667122e+01 6.623771e+01 8.562750e+01
      vertex   9.780623e+01 6.530623e+01 8.562750e+01
    endloop
  endfacet
  facet normal 6.609532e-01 7.504271e-01 3.304883e-04
    outer loop
      vertex   9.718637e+01 6.586041e+01 6.695339e+01
      vertex   9.780623e+01 6.530623e+01 8.562750e+01
      vertex   9.772119e+01 6.538962e+01 6.635441e+01
    endloop
  endfacet
  facet normal 7.293521e-01 6.841384e-01 -2.581494e-04
    outer loop
      vertex   9.772119e+01 6.538962e+01 6.635441e+01
      vertex   9.780623e+01 6.530623e+01 8.562750e+01
      vertex   9.820150e+01 6.487733e+01 6.571951e+01
    endloop
  endfacet
  facet normal 7.730094e-01 6.343924e-01 1.680387e-03
    outer loop
      vertex   9.820150e+01 6.487733e+01 6.571951e+01
      vertex   9.780623e+01 6.530623e+01 8.562750e+01
      vertex   9.873771e+01 6.417122e+01 8.562750e+01
    endloop
  endfacet
  facet normal 8.159360e-01 5.781403e-01 -1.471002e-03
    outer loop
      vertex   9.820150e+01 6.487733e+01 6.571951e+01
      vertex   9.873771e+01 6.417122e+01 8.562750e+01
      vertex   9.900111e+01 6.374535e+01 6.435459e+01
    endloop
  endfacet
  facet normal 8.819203e-01 4.713962e-01 1.482970e-03
    outer loop
      vertex   9.900111e+01 6.374535e+01 6.435459e+01
      vertex   9.873771e+01 6.417122e+01 8.562750e+01
      vertex   9.942986e+01 6.287630e+01 8.562750e+01
    endloop
  endfacet
  facet normal 9.076002e-01 4.198341e-01 -1.141041e-03
    outer loop
      vertex   9.900111e+01 6.374535e+01 6.435459e+01
      vertex   9.942986e+01 6.287630e+01 8.562750e+01
      vertex   9.956754e+01 6.251692e+01 6.290741e+01
    endloop
  endfacet
  facet normal 9.569396e-01 2.902845e-01 1.207129e-03
    outer loop
      vertex   9.956754e+01 6.251692e+01 6.290741e+01
      vertex   9.942986e+01 6.287630e+01 8.562750e+01
      vertex   9.985608e+01 6.147123e+01 8.562750e+01
    endloop
  endfacet
  facet normal 9.679387e-01 2.511855e-01 -7.320880e-04
    outer loop
      vertex   9.956754e+01 6.251692e+01 6.290741e+01
      vertex   9.985608e+01 6.147123e+01 8.562750e+01
      vertex   9.989494e+01 6.125099e+01 6.143505e+01
    endloop
  endfacet
  facet normal 9.965163e-01 8.339361e-02 8.412811e-04
    outer loop
      vertex   9.989494e+01 6.125099e+01 6.143505e+01
      vertex   9.985608e+01 6.147123e+01 8.562750e+01
      vertex   1.000000e+02 6.001000e+01 6.000000e+01
    endloop
  endfacet
  facet normal 9.951847e-01 9.801714e-02 1.084295e-16
    outer loop
      vertex   1.000000e+02 6.001000e+01 6.000000e+01
      vertex   9.985608e+01 6.147123e+01 8.562750e+01
      vertex   9.985608e+01 6.147123e+01 1.112550e+02
    endloop
  endfacet
  facet normal 9.951847e-01 9.801714e-02 -0.000000e+00
    outer loop
      vertex   1.000000e+02 6.001000e+01 6.000000e+01
      vertex   9.985608e+01 6.147123e+01 1.112550e+02
      vertex   1.000000e+02 6.001000e+01 1.625100e+02
    endloop
  endfacet
  facet normal 9.951847e-01 9.801714e-02 -9.950436e-16
    outer loop
      vertex   1.000000e+02 6.001000e+01 1.625100e+02
      vertex   9.985608e+01 6.147123e+01 1.112550e+02
      vertex   9.985608e+01 6.147123e+01 1.368825e+02
    endloop
  endfacet
  facet normal 9.951847e-01 9.801714e-02 8.187534e-17
    outer loop
      vertex   1.000000e+02 6.001000e+01 1.625100e+02
      vertex   9.985608e+01 6.147123e+01 1.368825e+02
      vertex   9.985608e+01 6.147123e+01 1.625100e+02
    endloop
  endfacet
  facet normal 9.569403e-01 2.902847e-01 2.414512e-16
    outer loop
      vertex   9.985608e+01 6.147123e+01 1.625100e+02
      vertex   9.985608e+01 6.147123e+01 1.368825e+02
      vertex   9.942986e+01 6.287630e+01 1.625100e+02
    endloop
  endfacet
  facet normal 9.569403e-01 2.902847e-01 1.132312e-16
    outer loop
      vertex   9.942986e+01 6.287630e+01 1.625100e+02
      vertex   9.985608e+01 6.147123e+01 1.368825e+02
      vertex   9.942986e+01 6.287630e+01 1.368825e+02
    endloop
  endfacet
  facet normal 8.819213e-01 4.713967e-01 5.565485e-16
    outer loop
      vertex   9.942986e+01 6.287630e+01 1.625100e+02
      vertex   9.942986e+01 6.287630e+01 1.368825e+02
      vertex   9.873771e+01 6.417122e+01 1.625100e+02
    endloop
  endfacet
  facet normal 8.819213e-01 4.713967e-01 -9.105694e-16
    outer loop
      vertex   9.873771e+01 6.417122e+01 1.625100e+02
      vertex   9.942986e+01 6.287630e+01 1.368825e+02
      vertex   9.873771e+01 6.417122e+01 1.368825e+02
    endloop
  endfacet
  facet normal 7.730105e-01 6.343933e-01 -3.074617e-16
    outer loop
      vertex   9.873771e+01 6.417122e+01 1.625100e+02
      vertex   9.873771e+01 6.417122e+01 1.368825e+02
      vertex   9.780623e+01 6.530623e+01 1.625100e+02
    endloop
  endfacet
  facet normal 7.730105e-01 6.343933e-01 -1.241620e-15
    outer loop
      vertex   9.780623e+01 6.530623e+01 1.625100e+02
      vertex   9.873771e+01 6.417122e+01 1.368825e+02
      vertex   9.780623e+01 6.530623e+01 1.368825e+02
    endloop
  endfacet
  facet normal 6.343933e-01 7.730105e-01 -3.192352e-16
    outer loop
      vertex   9.780623e+01 6.530623e+01 1.625100e+02
      vertex   9.780623e+01 6.530623e+01 1.368825e+02
      vertex   9.667122e+01 6.623771e+01 1.625100e+02
    endloop
  endfacet
  facet normal 6.343933e-01 7.730105e-01 -1.022797e-15
    outer loop
      vertex   9.667122e+01 6.623771e+01 1.625100e+02
      vertex   9.780623e+01 6.530623e+01 1.368825e+02
      vertex   9.667122e+01 6.623771e+01 1.368825e+02
    endloop
  endfacet
  facet normal 4.713967e-01 8.819213e-01 9.262394e-17
    outer loop
      vertex   9.667122e+01 6.623771e+01 1.625100e+02
      vertex   9.667122e+01 6.623771e+01 1.368825e+02
      vertex   9.537630e+01 6.692986e+01 1.625100e+02
    endloop
  endfacet
  facet normal 4.713967e-01 8.819213e-01 -4.301700e-16
    outer loop
      vertex   9.537630e+01 6.692986e+01 1.625100e+02
      vertex   9.667122e+01 6.623771e+01 1.368825e+02
      vertex   9.537630e+01 6.692986e+01 1.368825e+02
    endloop
  endfacet
  facet normal 2.902847e-01 9.569403e-01 8.825509e-16
    outer loop
      vertex   9.537630e+01 6.692986e+01 1.625100e+02
      vertex   9.537630e+01 6.692986e+01 1.368825e+02
      vertex   9.397123e+01 6.735608e+01 1.625100e+02
    endloop
  endfacet
  facet normal 2.902847e-01 9.569403e-01 -1.353235e-15
    outer loop
      vertex   9.397123e+01 6.735608e+01 1.625100e+02
      vertex   9.537630e+01 6.692986e+01 1.368825e+02
      vertex   9.397123e+01 6.735608e+01 1.368825e+02
    endloop
  endfacet
  facet normal 9.801714e-02 9.951847e-01 2.884105e-16
    outer loop
      vertex   9.397123e+01 6.735608e+01 1.625100e+02
      vertex   9.397123e+01 6.735608e+01 1.368825e+02
      vertex   9.251000e+01 6.750000e+01 1.625100e+02
    endloop
  endfacet
  facet normal 9.801714e-02 9.951847e-01 8.939902e-16
    outer loop
      vertex   9.251000e+01 6.750000e+01 1.625100e+02
      vertex   9.397123e+01 6.735608e+01 1.368825e+02
      vertex   9.397123e+01 6.735608e+01 1.112550e+02
    endloop
  endfacet
  facet normal 1.773707e-01 9.841438e-01 -8.110366e-04
    outer loop
      vertex   9.427140e+01 6.728831e+01 6.904011e+01
      vertex   9.340046e+01 6.744558e+01 6.940271e+01
      vertex   9.397123e+01 6.735608e+01 8.562750e+01
    endloop
  endfacet
  facet normal 2.902847e-01 9.569403e-01 -6.616286e-16
    outer loop
      vertex   9.397123e+01 6.735608e+01 1.112550e+02
      vertex   9.397123e+01 6.735608e+01 1.368825e+02
      vertex   9.537630e+01 6.692986e+01 1.112550e+02
    endloop
  endfacet
  facet normal 2.902847e-01 9.569403e-01 1.909449e-16
    outer loop
      vertex   9.537630e+01 6.692986e+01 1.112550e+02
      vertex   9.397123e+01 6.735608e+01 1.368825e+02
      vertex   9.537630e+01 6.692986e+01 1.368825e+02
    endloop
  endfacet
  facet normal 4.713967e-01 8.819213e-01 -1.180606e-15
    outer loop
      vertex   9.537630e+01 6.692986e+01 1.112550e+02
      vertex   9.537630e+01 6.692986e+01 1.368825e+02
      vertex   9.667122e+01 6.623771e+01 1.112550e+02
    endloop
  endfacet
  facet normal 4.713967e-01 8.819213e-01 5.816632e-16
    outer loop
      vertex   9.667122e+01 6.623771e+01 1.112550e+02
      vertex   9.537630e+01 6.692986e+01 1.368825e+02
      vertex   9.667122e+01 6.623771e+01 1.368825e+02
    endloop
  endfacet
  facet normal 6.343933e-01 7.730105e-01 -5.941509e-16
    outer loop
      vertex   9.667122e+01 6.623771e+01 1.112550e+02
      vertex   9.667122e+01 6.623771e+01 1.368825e+02
      vertex   9.780623e+01 6.530623e+01 1.112550e+02
    endloop
  endfacet
  facet normal 6.343933e-01 7.730105e-01 4.611925e-16
    outer loop
      vertex   9.780623e+01 6.530623e+01 1.112550e+02
      vertex   9.667122e+01 6.623771e+01 1.368825e+02
      vertex   9.780623e+01 6.530623e+01 1.368825e+02
    endloop
  endfacet
  facet normal 7.730105e-01 6.343933e-01 -4.611925e-16
    outer loop
      vertex   9.780623e+01 6.530623e+01 1.112550e+02
      vertex   9.780623e+01 6.530623e+01 1.368825e+02
      vertex   9.873771e+01 6.417122e+01 1.112550e+02
    endloop
  endfacet
  facet normal 7.730105e-01 6.343933e-01 8.247471e-16
    outer loop
      vertex   9.873771e+01 6.417122e+01 1.112550e+02
      vertex   9.780623e+01 6.530623e+01 1.368825e+02
      vertex   9.873771e+01 6.417122e+01 1.368825e+02
    endloop
  endfacet
  facet normal 8.819213e-01 4.713967e-01 1.012638e-16
    outer loop
      vertex   9.873771e+01 6.417122e+01 1.112550e+02
      vertex   9.873771e+01 6.417122e+01 1.368825e+02
      vertex   9.942986e+01 6.287630e+01 1.112550e+02
    endloop
  endfacet
  facet normal 8.819213e-01 4.713967e-01 2.951516e-16
    outer loop
      vertex   9.942986e+01 6.287630e+01 1.112550e+02
      vertex   9.873771e+01 6.417122e+01 1.368825e+02
      vertex   9.942986e+01 6.287630e+01 1.368825e+02
    endloop
  endfacet
  facet normal 9.569403e-01 2.902847e-01 -4.773622e-17
    outer loop
      vertex   9.942986e+01 6.287630e+01 1.112550e+02
      vertex   9.942986e+01 6.287630e+01 1.368825e+02
      vertex   9.985608e+01 6.147123e+01 1.112550e+02
    endloop
  endfacet
  facet normal 9.569403e-01 2.902847e-01 -7.393422e-16
    outer loop
      vertex   9.985608e+01 6.147123e+01 1.112550e+02
      vertex   9.942986e+01 6.287630e+01 1.368825e+02
      vertex   9.985608e+01 6.147123e+01 1.368825e+02
    endloop
  endfacet
  facet normal 4.713967e-01 8.819213e-01 -6.933588e-16
    outer loop
      vertex   9.667122e+01 6.623771e+01 8.562750e+01
      vertex   9.537630e+01 6.692986e+01 8.562750e+01
      vertex   9.537630e+01 6.692986e+01 1.112550e+02
    endloop
  endfacet
  facet normal 2.902847e-01 9.569403e-01 7.215835e-16
    outer loop
      vertex   9.537630e+01 6.692986e+01 1.112550e+02
      vertex   9.537630e+01 6.692986e+01 8.562750e+01
      vertex   9.397123e+01 6.735608e+01 1.112550e+02
    endloop
  endfacet
  facet normal 4.713967e-01 8.819213e-01 5.816632e-16
    outer loop
      vertex   9.667122e+01 6.623771e+01 8.562750e+01
      vertex   9.537630e+01 6.692986e+01 1.112550e+02
      vertex   9.667122e+01 6.623771e+01 1.112550e+02
    endloop
  endfacet
  facet normal 6.343933e-01 7.730105e-01 -5.900926e-16
    outer loop
      vertex   9.780623e+01 6.530623e+01 8.562750e+01
      vertex   9.667122e+01 6.623771e+01 8.562750e+01
      vertex   9.667122e+01 6.623771e+01 1.112550e+02
    endloop
  endfacet
  facet normal 6.343933e-01 7.730105e-01 3.843271e-16
    outer loop
      vertex   9.780623e+01 6.530623e+01 8.562750e+01
      vertex   9.667122e+01 6.623771e+01 1.112550e+02
      vertex   9.780623e+01 6.530623e+01 1.112550e+02
    endloop
  endfacet
  facet normal 7.730105e-01 6.343933e-01 -3.835602e-16
    outer loop
      vertex   9.873771e+01 6.417122e+01 8.562750e+01
      vertex   9.780623e+01 6.530623e+01 8.562750e+01
      vertex   9.780623e+01 6.530623e+01 1.112550e+02
    endloop
  endfacet
  facet normal 7.730105e-01 6.343933e-01 1.211849e-16
    outer loop
      vertex   9.873771e+01 6.417122e+01 8.562750e+01
      vertex   9.780623e+01 6.530623e+01 1.112550e+02
      vertex   9.873771e+01 6.417122e+01 1.112550e+02
    endloop
  endfacet
  facet normal 8.819213e-01 4.713967e-01 -4.219162e-16
    outer loop
      vertex   9.942986e+01 6.287630e+01 8.562750e+01
      vertex   9.873771e+01 6.417122e+01 8.562750e+01
      vertex   9.873771e+01 6.417122e+01 1.112550e+02
    endloop
  endfacet
  facet normal 8.819213e-01 4.713967e-01 -6.318927e-17
    outer loop
      vertex   9.942986e+01 6.287630e+01 8.562750e+01
      vertex   9.873771e+01 6.417122e+01 1.112550e+02
      vertex   9.942986e+01 6.287630e+01 1.112550e+02
    endloop
  endfacet
  facet normal 9.569403e-01 2.902847e-01 -4.986282e-16
    outer loop
      vertex   9.985608e+01 6.147123e+01 8.562750e+01
      vertex   9.942986e+01 6.287630e+01 8.562750e+01
      vertex   9.942986e+01 6.287630e+01 1.112550e+02
    endloop
  endfacet
  facet normal 9.569403e-01 2.902847e-01 3.219349e-16
    outer loop
      vertex   9.985608e+01 6.147123e+01 8.562750e+01
      vertex   9.942986e+01 6.287630e+01 1.112550e+02
      vertex   9.985608e+01 6.147123e+01 1.112550e+02
    endloop
  endfacet
  facet normal -9.787647e-02 5.355589e-02 9.937565e-01
    outer loop
      vertex   6.028773e+00 6.001000e+01 1.698561e+02
      vertex   7.490000e+00 6.001000e+01 1.700000e+02
      vertex   6.930280e+00 6.122661e+01 1.698793e+02
    endloop
  endfacet
  facet normal -1.543351e-03 9.801702e-02 9.951835e-01
    outer loop
      vertex   6.930280e+00 6.122661e+01 1.698793e+02
      vertex   7.490000e+00 6.001000e+01 1.700000e+02
      vertex   7.490000e+00 6.147123e+01 1.698561e+02
    endloop
  endfacet
  facet normal -7.203180e-02 2.563338e-01 9.639006e-01
    outer loop
      vertex   6.930280e+00 6.122661e+01 1.698793e+02
      vertex   7.490000e+00 6.147123e+01 1.698561e+02
      vertex   6.497784e+00 6.244899e+01 1.695219e+02
    endloop
  endfacet
  facet normal -3.620742e-02 2.900943e-01 9.563129e-01
    outer loop
      vertex   6.497784e+00 6.244899e+01 1.695219e+02
      vertex   7.490000e+00 6.147123e+01 1.698561e+02
      vertex   7.490000e+00 6.287630e+01 1.694299e+02
    endloop
  endfacet
  facet normal -9.735100e-02 4.203935e-01 9.021043e-01
    outer loop
      vertex   6.497784e+00 6.244899e+01 1.695219e+02
      vertex   7.490000e+00 6.287630e+01 1.694299e+02
      vertex   6.199820e+00 6.362521e+01 1.689416e+02
    endloop
  endfacet
  facet normal -5.999898e-02 4.705475e-01 8.803324e-01
    outer loop
      vertex   6.199820e+00 6.362521e+01 1.689416e+02
      vertex   7.490000e+00 6.287630e+01 1.694299e+02
      vertex   7.490000e+00 6.417122e+01 1.687377e+02
    endloop
  endfacet
  facet normal -1.126289e-01 5.700745e-01 8.138364e-01
    outer loop
      vertex   6.199820e+00 6.362521e+01 1.689416e+02
      vertex   7.490000e+00 6.417122e+01 1.687377e+02
      vertex   6.047902e+00 6.470981e+01 1.681609e+02
    endloop
  endfacet
  facet normal -7.208889e-02 6.327427e-01 7.709992e-01
    outer loop
      vertex   6.047902e+00 6.470981e+01 1.681609e+02
      vertex   7.490000e+00 6.417122e+01 1.687377e+02
      vertex   7.490000e+00 6.530623e+01 1.678062e+02
    endloop
  endfacet
  facet normal -1.177319e-01 7.021891e-01 7.021891e-01
    outer loop
      vertex   6.047902e+00 6.470981e+01 1.681609e+02
      vertex   7.490000e+00 6.530623e+01 1.678062e+02
      vertex   6.047902e+00 6.566086e+01 1.672098e+02
    endloop
  endfacet
  facet normal -7.208889e-02 7.709992e-01 6.327427e-01
    outer loop
      vertex   6.047902e+00 6.566086e+01 1.672098e+02
      vertex   7.490000e+00 6.530623e+01 1.678062e+02
      vertex   7.490000e+00 6.623771e+01 1.666712e+02
    endloop
  endfacet
  facet normal -1.126289e-01 8.138364e-01 5.700745e-01
    outer loop
      vertex   6.047902e+00 6.566086e+01 1.672098e+02
      vertex   7.490000e+00 6.623771e+01 1.666712e+02
      vertex   6.199820e+00 6.644162e+01 1.661252e+02
    endloop
  endfacet
  facet normal -5.999898e-02 8.803324e-01 4.705475e-01
    outer loop
      vertex   6.199820e+00 6.644162e+01 1.661252e+02
      vertex   7.490000e+00 6.623771e+01 1.666712e+02
      vertex   7.490000e+00 6.692986e+01 1.653763e+02
    endloop
  endfacet
  facet normal -9.735100e-02 9.021043e-01 4.203935e-01
    outer loop
      vertex   6.199820e+00 6.644162e+01 1.661252e+02
      vertex   7.490000e+00 6.692986e+01 1.653763e+02
      vertex   6.497784e+00 6.702191e+01 1.649490e+02
    endloop
  endfacet
  facet normal -3.620742e-02 9.563129e-01 2.900943e-01
    outer loop
      vertex   6.497784e+00 6.702191e+01 1.649490e+02
      vertex   7.490000e+00 6.692986e+01 1.653763e+02
      vertex   7.490000e+00 6.735608e+01 1.639712e+02
    endloop
  endfacet
  facet normal -7.203180e-02 9.639006e-01 2.563338e-01
    outer loop
      vertex   6.497784e+00 6.702191e+01 1.649490e+02
      vertex   7.490000e+00 6.735608e+01 1.639712e+02
      vertex   6.930280e+00 6.737931e+01 1.637266e+02
    endloop
  endfacet
  facet normal -1.543351e-03 9.951835e-01 9.801702e-02
    outer loop
      vertex   6.930280e+00 6.737931e+01 1.637266e+02
      vertex   7.490000e+00 6.735608e+01 1.639712e+02
      vertex   7.490000e+00 6.750000e+01 1.625100e+02
    endloop
  endfacet
  facet normal -9.787647e-02 9.937565e-01 5.355589e-02
    outer loop
      vertex   6.930280e+00 6.737931e+01 1.637266e+02
      vertex   7.490000e+00 6.750000e+01 1.625100e+02
      vertex   6.028773e+00 6.735608e+01 1.625100e+02
    endloop
  endfacet
  facet normal -1.529730e-01 9.836945e-01 9.457450e-02
    outer loop
      vertex   6.930280e+00 6.737931e+01 1.637266e+02
      vertex   6.028773e+00 6.735608e+01 1.625100e+02
      vertex   5.586243e+00 6.722517e+01 1.631559e+02
    endloop
  endfacet
  facet normal -2.902812e-01 9.569287e-01 -4.924580e-03
    outer loop
      vertex   5.586243e+00 6.722517e+01 1.631559e+02
      vertex   6.028773e+00 6.735608e+01 1.625100e+02
      vertex   4.623701e+00 6.692986e+01 1.625100e+02
    endloop
  endfacet
  facet normal -3.791683e-01 9.135145e-01 1.473859e-01
    outer loop
      vertex   5.586243e+00 6.722517e+01 1.631559e+02
      vertex   4.623701e+00 6.692986e+01 1.625100e+02
      vertex   4.315367e+00 6.679375e+01 1.625604e+02
    endloop
  endfacet
  facet normal -4.212266e-01 7.880595e-01 -4.489214e-01
    outer loop
      vertex   4.315367e+00 6.679375e+01 1.625604e+02
      vertex   4.623701e+00 6.692986e+01 1.625100e+02
      vertex   3.328779e+00 6.623771e+01 1.625100e+02
    endloop
  endfacet
  facet normal -4.925144e-01 8.666984e-01 7.914225e-02
    outer loop
      vertex   4.315367e+00 6.679375e+01 1.625604e+02
      vertex   3.328779e+00 6.623771e+01 1.625100e+02
      vertex   3.842053e+00 6.640263e+01 1.638981e+02
    endloop
  endfacet
  facet normal -5.539229e-01 8.256999e-01 1.067195e-01
    outer loop
      vertex   3.842053e+00 6.640263e+01 1.638981e+02
      vertex   3.328779e+00 6.623771e+01 1.625100e+02
      vertex   2.699830e+00 6.571601e+01 1.632819e+02
    endloop
  endfacet
  facet normal -5.900438e-01 7.733081e-01 2.320407e-01
    outer loop
      vertex   3.842053e+00 6.640263e+01 1.638981e+02
      vertex   2.699830e+00 6.571601e+01 1.632819e+02
      vertex   3.515968e+00 6.576757e+01 1.651854e+02
    endloop
  endfacet
  facet normal -5.900438e-01 7.733081e-01 2.320407e-01
    outer loop
      vertex   3.515968e+00 6.576757e+01 1.651854e+02
      vertex   2.699830e+00 6.571601e+01 1.632819e+02
      vertex   2.378328e+00 6.508988e+01 1.645510e+02
    endloop
  endfacet
  facet normal -6.229976e-01 6.736114e-01 3.976451e-01
    outer loop
      vertex   3.515968e+00 6.576757e+01 1.651854e+02
      vertex   2.378328e+00 6.508988e+01 1.645510e+02
      vertex   3.349713e+00 6.491313e+01 1.663723e+02
    endloop
  endfacet
  facet normal -6.229976e-01 6.736114e-01 3.976451e-01
    outer loop
      vertex   3.349713e+00 6.491313e+01 1.663723e+02
      vertex   2.378328e+00 6.508988e+01 1.645510e+02
      vertex   2.214410e+00 6.424745e+01 1.657213e+02
    endloop
  endfacet
  facet normal -6.341256e-01 5.467562e-01 5.467562e-01
    outer loop
      vertex   3.349713e+00 6.491313e+01 1.663723e+02
      vertex   2.214410e+00 6.424745e+01 1.657213e+02
      vertex   3.349713e+00 6.387231e+01 1.674131e+02
    endloop
  endfacet
  facet normal -6.341256e-01 5.467562e-01 5.467562e-01
    outer loop
      vertex   3.349713e+00 6.387231e+01 1.674131e+02
      vertex   2.214410e+00 6.424745e+01 1.657213e+02
      vertex   2.214410e+00 6.322127e+01 1.667475e+02
    endloop
  endfacet
  facet normal -6.229976e-01 3.976451e-01 6.736114e-01
    outer loop
      vertex   3.349713e+00 6.387231e+01 1.674131e+02
      vertex   2.214410e+00 6.322127e+01 1.667475e+02
      vertex   3.515968e+00 6.268536e+01 1.682676e+02
    endloop
  endfacet
  facet normal -6.229976e-01 3.976451e-01 6.736114e-01
    outer loop
      vertex   3.515968e+00 6.268536e+01 1.682676e+02
      vertex   2.214410e+00 6.322127e+01 1.667475e+02
      vertex   2.378328e+00 6.205100e+01 1.675899e+02
    endloop
  endfacet
  facet normal -5.900438e-01 2.320407e-01 7.733081e-01
    outer loop
      vertex   3.515968e+00 6.268536e+01 1.682676e+02
      vertex   2.378328e+00 6.205100e+01 1.675899e+02
      vertex   3.842053e+00 6.139813e+01 1.689026e+02
    endloop
  endfacet
  facet normal -5.900438e-01 2.320407e-01 7.733081e-01
    outer loop
      vertex   3.842053e+00 6.139813e+01 1.689026e+02
      vertex   2.378328e+00 6.205100e+01 1.675899e+02
      vertex   2.699830e+00 6.078187e+01 1.682160e+02
    endloop
  endfacet
  facet normal -5.539229e-01 1.067195e-01 8.256999e-01
    outer loop
      vertex   3.842053e+00 6.139813e+01 1.689026e+02
      vertex   2.699830e+00 6.078187e+01 1.682160e+02
      vertex   3.328779e+00 6.001000e+01 1.687377e+02
    endloop
  endfacet
  facet normal -6.343836e-01 5.536834e-03 7.729986e-01
    outer loop
      vertex   3.328779e+00 6.001000e+01 1.687377e+02
      vertex   2.699830e+00 6.078187e+01 1.682160e+02
      vertex   2.193770e+00 6.001000e+01 1.678062e+02
    endloop
  endfacet
  facet normal -7.207766e-01 1.091521e-01 6.845195e-01
    outer loop
      vertex   2.193770e+00 6.001000e+01 1.678062e+02
      vertex   2.699830e+00 6.078187e+01 1.682160e+02
      vertex   1.741689e+00 6.013594e+01 1.673101e+02
    endloop
  endfacet
  facet normal -7.451870e-01 -2.658792e-01 6.115592e-01
    outer loop
      vertex   2.193770e+00 6.001000e+01 1.678062e+02
      vertex   1.741689e+00 6.013594e+01 1.673101e+02
      vertex   1.262293e+00 6.001000e+01 1.666712e+02
    endloop
  endfacet
  facet normal -8.049614e-01 8.573118e-02 5.871008e-01
    outer loop
      vertex   1.262293e+00 6.001000e+01 1.666712e+02
      vertex   1.741689e+00 6.013594e+01 1.673101e+02
      vertex   1.437127e+00 6.133821e+01 1.667170e+02
    endloop
  endfacet
  facet normal -8.524996e-01 9.450329e-02 5.141144e-01
    outer loop
      vertex   1.262293e+00 6.001000e+01 1.666712e+02
      vertex   1.437127e+00 6.133821e+01 1.667170e+02
      vertex   7.285337e-01 6.057437e+01 1.656824e+02
    endloop
  endfacet
  facet normal -8.710202e-01 2.007515e-01 4.483554e-01
    outer loop
      vertex   7.285337e-01 6.057437e+01 1.656824e+02
      vertex   1.437127e+00 6.133821e+01 1.667170e+02
      vertex   5.878555e-01 6.157872e+01 1.649594e+02
    endloop
  endfacet
  facet normal -9.474312e-01 8.861215e-02 3.074444e-01
    outer loop
      vertex   7.285337e-01 6.057437e+01 1.656824e+02
      vertex   5.878555e-01 6.157872e+01 1.649594e+02
      vertex   1.591120e-01 6.065034e+01 1.639058e+02
    endloop
  endfacet
  facet normal -9.562553e-01 2.068524e-01 2.068524e-01
    outer loop
      vertex   1.591120e-01 6.065034e+01 1.639058e+02
      vertex   5.878555e-01 6.157872e+01 1.649594e+02
      vertex   1.591120e-01 6.140576e+01 1.631503e+02
    endloop
  endfacet
  facet normal -9.939487e-01 7.767262e-02 7.767262e-02
    outer loop
      vertex   1.591120e-01 6.065034e+01 1.639058e+02
      vertex   1.591120e-01 6.140576e+01 1.631503e+02
      vertex   0.000000e+00 6.001000e+01 1.625100e+02
    endloop
  endfacet
  facet normal -9.946223e-01 9.796175e-02 3.361531e-02
    outer loop
      vertex   0.000000e+00 6.001000e+01 1.625100e+02
      vertex   1.591120e-01 6.140576e+01 1.631503e+02
      vertex   1.439182e-01 6.147123e+01 1.625100e+02
    endloop
  endfacet
  facet normal -9.556301e-01 2.898872e-01 5.231192e-02
    outer loop
      vertex   1.439182e-01 6.147123e+01 1.625100e+02
      vertex   1.591120e-01 6.140576e+01 1.631503e+02
      vertex   5.701423e-01 6.287630e+01 1.625100e+02
    endloop
  endfacet
  facet normal -9.463902e-01 3.075462e-01 9.879688e-02
    outer loop
      vertex   5.701423e-01 6.287630e+01 1.625100e+02
      vertex   1.591120e-01 6.140576e+01 1.631503e+02
      vertex   7.285337e-01 6.318241e+01 1.630744e+02
    endloop
  endfacet
  facet normal -8.818919e-01 4.713810e-01 -8.166651e-03
    outer loop
      vertex   5.701423e-01 6.287630e+01 1.625100e+02
      vertex   7.285337e-01 6.318241e+01 1.630744e+02
      vertex   1.262293e+00 6.417122e+01 1.625100e+02
    endloop
  endfacet
  facet normal -8.524996e-01 5.141144e-01 9.450329e-02
    outer loop
      vertex   1.262293e+00 6.417122e+01 1.625100e+02
      vertex   7.285337e-01 6.318241e+01 1.630744e+02
      vertex   1.437127e+00 6.421698e+01 1.638382e+02
    endloop
  endfacet
  facet normal -8.049614e-01 5.871008e-01 8.573118e-02
    outer loop
      vertex   1.262293e+00 6.417122e+01 1.625100e+02
      vertex   1.437127e+00 6.421698e+01 1.638382e+02
      vertex   1.741689e+00 6.481012e+01 1.626359e+02
    endloop
  endfacet
  facet normal -7.295948e-01 6.683510e-01 1.449083e-01
    outer loop
      vertex   1.741689e+00 6.481012e+01 1.626359e+02
      vertex   1.437127e+00 6.421698e+01 1.638382e+02
      vertex   2.378328e+00 6.508988e+01 1.645510e+02
    endloop
  endfacet
  facet normal -7.295948e-01 6.683510e-01 1.449083e-01
    outer loop
      vertex   1.741689e+00 6.481012e+01 1.626359e+02
      vertex   2.378328e+00 6.508988e+01 1.645510e+02
      vertex   2.699830e+00 6.571601e+01 1.632819e+02
    endloop
  endfacet
  facet normal -6.343836e-01 7.729986e-01 5.536834e-03
    outer loop
      vertex   3.328779e+00 6.623771e+01 1.625100e+02
      vertex   2.193770e+00 6.530623e+01 1.625100e+02
      vertex   2.699830e+00 6.571601e+01 1.632819e+02
    endloop
  endfacet
  facet normal -7.207766e-01 6.845195e-01 1.091521e-01
    outer loop
      vertex   2.699830e+00 6.571601e+01 1.632819e+02
      vertex   2.193770e+00 6.530623e+01 1.625100e+02
      vertex   1.741689e+00 6.481012e+01 1.626359e+02
    endloop
  endfacet
  facet normal -7.451870e-01 6.115592e-01 -2.658792e-01
    outer loop
      vertex   2.193770e+00 6.530623e+01 1.625100e+02
      vertex   1.262293e+00 6.417122e+01 1.625100e+02
      vertex   1.741689e+00 6.481012e+01 1.626359e+02
    endloop
  endfacet
  facet normal -9.946223e-01 3.361531e-02 9.796175e-02
    outer loop
      vertex   0.000000e+00 6.001000e+01 1.625100e+02
      vertex   1.439182e-01 6.001000e+01 1.639712e+02
      vertex   1.591120e-01 6.065034e+01 1.639058e+02
    endloop
  endfacet
  facet normal -9.556301e-01 5.231192e-02 2.898872e-01
    outer loop
      vertex   1.591120e-01 6.065034e+01 1.639058e+02
      vertex   1.439182e-01 6.001000e+01 1.639712e+02
      vertex   5.701423e-01 6.001000e+01 1.653763e+02
    endloop
  endfacet
  facet normal -9.463902e-01 9.879688e-02 3.075462e-01
    outer loop
      vertex   1.591120e-01 6.065034e+01 1.639058e+02
      vertex   5.701423e-01 6.001000e+01 1.653763e+02
      vertex   7.285337e-01 6.057437e+01 1.656824e+02
    endloop
  endfacet
  facet normal -8.818919e-01 -8.166651e-03 4.713810e-01
    outer loop
      vertex   7.285337e-01 6.057437e+01 1.656824e+02
      vertex   5.701423e-01 6.001000e+01 1.653763e+02
      vertex   1.262293e+00 6.001000e+01 1.666712e+02
    endloop
  endfacet
  facet normal -4.925144e-01 7.914225e-02 8.666984e-01
    outer loop
      vertex   3.842053e+00 6.139813e+01 1.689026e+02
      vertex   3.328779e+00 6.001000e+01 1.687377e+02
      vertex   4.315367e+00 6.006038e+01 1.692938e+02
    endloop
  endfacet
  facet normal -4.212266e-01 -4.489214e-01 7.880595e-01
    outer loop
      vertex   4.315367e+00 6.006038e+01 1.692938e+02
      vertex   3.328779e+00 6.001000e+01 1.687377e+02
      vertex   4.623701e+00 6.001000e+01 1.694299e+02
    endloop
  endfacet
  facet normal -3.791683e-01 1.473859e-01 9.135145e-01
    outer loop
      vertex   4.315367e+00 6.006038e+01 1.692938e+02
      vertex   4.623701e+00 6.001000e+01 1.694299e+02
      vertex   5.586243e+00 6.065591e+01 1.697252e+02
    endloop
  endfacet
  facet normal -2.902812e-01 -4.924580e-03 9.569287e-01
    outer loop
      vertex   5.586243e+00 6.065591e+01 1.697252e+02
      vertex   4.623701e+00 6.001000e+01 1.694299e+02
      vertex   6.028773e+00 6.001000e+01 1.698561e+02
    endloop
  endfacet
  facet normal -1.529730e-01 9.457450e-02 9.836945e-01
    outer loop
      vertex   5.586243e+00 6.065591e+01 1.697252e+02
      vertex   6.028773e+00 6.001000e+01 1.698561e+02
      vertex   6.930280e+00 6.122661e+01 1.698793e+02
    endloop
  endfacet
  facet normal -3.748375e-01 1.355232e-01 9.171316e-01
    outer loop
      vertex   3.842053e+00 6.139813e+01 1.689026e+02
      vertex   4.315367e+00 6.006038e+01 1.692938e+02
      vertex   5.586243e+00 6.065591e+01 1.697252e+02
    endloop
  endfacet
  facet normal -1.987865e-01 2.095776e-01 9.573720e-01
    outer loop
      vertex   5.586243e+00 6.065591e+01 1.697252e+02
      vertex   6.930280e+00 6.122661e+01 1.698793e+02
      vertex   5.124466e+00 6.196105e+01 1.693436e+02
    endloop
  endfacet
  facet normal -1.987865e-01 2.095776e-01 9.573720e-01
    outer loop
      vertex   5.124466e+00 6.196105e+01 1.693436e+02
      vertex   6.930280e+00 6.122661e+01 1.698793e+02
      vertex   6.497784e+00 6.244899e+01 1.695219e+02
    endloop
  endfacet
  facet normal -2.497145e-01 3.768093e-01 8.919963e-01
    outer loop
      vertex   5.124466e+00 6.196105e+01 1.693436e+02
      vertex   6.497784e+00 6.244899e+01 1.695219e+02
      vertex   4.806328e+00 6.321691e+01 1.687240e+02
    endloop
  endfacet
  facet normal -2.497145e-01 3.768093e-01 8.919963e-01
    outer loop
      vertex   4.806328e+00 6.321691e+01 1.687240e+02
      vertex   6.497784e+00 6.244899e+01 1.695219e+02
      vertex   6.199820e+00 6.362521e+01 1.689416e+02
    endloop
  endfacet
  facet normal -2.810805e-01 5.344342e-01 7.971034e-01
    outer loop
      vertex   4.806328e+00 6.321691e+01 1.687240e+02
      vertex   6.199820e+00 6.362521e+01 1.689416e+02
      vertex   4.644125e+00 6.437493e+01 1.678904e+02
    endloop
  endfacet
  facet normal -2.810805e-01 5.344342e-01 7.971034e-01
    outer loop
      vertex   4.644125e+00 6.437493e+01 1.678904e+02
      vertex   6.199820e+00 6.362521e+01 1.689416e+02
      vertex   6.047902e+00 6.470981e+01 1.681609e+02
    endloop
  endfacet
  facet normal -2.916723e-01 6.763606e-01 6.763606e-01
    outer loop
      vertex   4.644125e+00 6.437493e+01 1.678904e+02
      vertex   6.047902e+00 6.470981e+01 1.681609e+02
      vertex   4.644125e+00 6.539038e+01 1.668749e+02
    endloop
  endfacet
  facet normal -2.916723e-01 6.763606e-01 6.763606e-01
    outer loop
      vertex   4.644125e+00 6.539038e+01 1.668749e+02
      vertex   6.047902e+00 6.470981e+01 1.681609e+02
      vertex   6.047902e+00 6.566086e+01 1.672098e+02
    endloop
  endfacet
  facet normal -2.810805e-01 7.971034e-01 5.344342e-01
    outer loop
      vertex   4.644125e+00 6.539038e+01 1.668749e+02
      vertex   6.047902e+00 6.566086e+01 1.672098e+02
      vertex   4.806328e+00 6.622400e+01 1.657169e+02
    endloop
  endfacet
  facet normal -2.810805e-01 7.971034e-01 5.344342e-01
    outer loop
      vertex   4.806328e+00 6.622400e+01 1.657169e+02
      vertex   6.047902e+00 6.566086e+01 1.672098e+02
      vertex   6.199820e+00 6.644162e+01 1.661252e+02
    endloop
  endfacet
  facet normal -2.497145e-01 8.919963e-01 3.768093e-01
    outer loop
      vertex   4.806328e+00 6.622400e+01 1.657169e+02
      vertex   6.199820e+00 6.644162e+01 1.661252e+02
      vertex   5.124466e+00 6.684357e+01 1.644611e+02
    endloop
  endfacet
  facet normal -2.497145e-01 8.919963e-01 3.768093e-01
    outer loop
      vertex   5.124466e+00 6.684357e+01 1.644611e+02
      vertex   6.199820e+00 6.644162e+01 1.661252e+02
      vertex   6.497784e+00 6.702191e+01 1.649490e+02
    endloop
  endfacet
  facet normal -1.987865e-01 9.573720e-01 2.095776e-01
    outer loop
      vertex   5.124466e+00 6.684357e+01 1.644611e+02
      vertex   6.497784e+00 6.702191e+01 1.649490e+02
      vertex   5.586243e+00 6.722517e+01 1.631559e+02
    endloop
  endfacet
  facet normal -1.987865e-01 9.573720e-01 2.095776e-01
    outer loop
      vertex   5.586243e+00 6.722517e+01 1.631559e+02
      vertex   6.497784e+00 6.702191e+01 1.649490e+02
      vertex   6.930280e+00 6.737931e+01 1.637266e+02
    endloop
  endfacet
  facet normal -4.280683e-01 3.103169e-01 8.487997e-01
    outer loop
      vertex   3.515968e+00 6.268536e+01 1.682676e+02
      vertex   3.842053e+00 6.139813e+01 1.689026e+02
      vertex   5.124466e+00 6.196105e+01 1.693436e+02
    endloop
  endfacet
  facet normal -3.748375e-01 1.355232e-01 9.171316e-01
    outer loop
      vertex   5.124466e+00 6.196105e+01 1.693436e+02
      vertex   3.842053e+00 6.139813e+01 1.689026e+02
      vertex   5.586243e+00 6.065591e+01 1.697252e+02
    endloop
  endfacet
  facet normal -4.280683e-01 3.103169e-01 8.487997e-01
    outer loop
      vertex   3.515968e+00 6.268536e+01 1.682676e+02
      vertex   5.124466e+00 6.196105e+01 1.693436e+02
      vertex   4.806328e+00 6.321691e+01 1.687240e+02
    endloop
  endfacet
  facet normal -7.295948e-01 1.449083e-01 6.683510e-01
    outer loop
      vertex   1.437127e+00 6.133821e+01 1.667170e+02
      vertex   1.741689e+00 6.013594e+01 1.673101e+02
      vertex   2.699830e+00 6.078187e+01 1.682160e+02
    endloop
  endfacet
  facet normal -7.295948e-01 1.449083e-01 6.683510e-01
    outer loop
      vertex   1.437127e+00 6.133821e+01 1.667170e+02
      vertex   2.699830e+00 6.078187e+01 1.682160e+02
      vertex   2.378328e+00 6.205100e+01 1.675899e+02
    endloop
  endfacet
  facet normal -4.608526e-01 4.750693e-01 7.496159e-01
    outer loop
      vertex   3.349713e+00 6.387231e+01 1.674131e+02
      vertex   3.515968e+00 6.268536e+01 1.682676e+02
      vertex   4.806328e+00 6.321691e+01 1.687240e+02
    endloop
  endfacet
  facet normal -4.608526e-01 4.750693e-01 7.496159e-01
    outer loop
      vertex   3.349713e+00 6.387231e+01 1.674131e+02
      vertex   4.806328e+00 6.321691e+01 1.687240e+02
      vertex   4.644125e+00 6.437493e+01 1.678904e+02
    endloop
  endfacet
  facet normal -7.614634e-01 3.050591e-01 5.719375e-01
    outer loop
      vertex   1.437127e+00 6.133821e+01 1.667170e+02
      vertex   2.378328e+00 6.205100e+01 1.675899e+02
      vertex   1.281845e+00 6.244682e+01 1.659189e+02
    endloop
  endfacet
  facet normal -7.614634e-01 3.050591e-01 5.719375e-01
    outer loop
      vertex   1.281845e+00 6.244682e+01 1.659189e+02
      vertex   2.378328e+00 6.205100e+01 1.675899e+02
      vertex   2.214410e+00 6.322127e+01 1.667475e+02
    endloop
  endfacet
  facet normal -7.722249e-01 4.492598e-01 4.492598e-01
    outer loop
      vertex   1.281845e+00 6.244682e+01 1.659189e+02
      vertex   2.214410e+00 6.322127e+01 1.667475e+02
      vertex   1.281845e+00 6.341893e+01 1.649468e+02
    endloop
  endfacet
  facet normal -7.722249e-01 4.492598e-01 4.492598e-01
    outer loop
      vertex   1.281845e+00 6.341893e+01 1.649468e+02
      vertex   2.214410e+00 6.322127e+01 1.667475e+02
      vertex   2.214410e+00 6.424745e+01 1.657213e+02
    endloop
  endfacet
  facet normal -7.614634e-01 5.719375e-01 3.050591e-01
    outer loop
      vertex   1.281845e+00 6.341893e+01 1.649468e+02
      vertex   2.214410e+00 6.424745e+01 1.657213e+02
      vertex   1.437127e+00 6.421698e+01 1.638382e+02
    endloop
  endfacet
  facet normal -7.614634e-01 5.719375e-01 3.050591e-01
    outer loop
      vertex   1.437127e+00 6.421698e+01 1.638382e+02
      vertex   2.214410e+00 6.424745e+01 1.657213e+02
      vertex   2.378328e+00 6.508988e+01 1.645510e+02
    endloop
  endfacet
  facet normal -4.719234e-01 6.234133e-01 6.234133e-01
    outer loop
      vertex   3.349713e+00 6.491313e+01 1.663723e+02
      vertex   3.349713e+00 6.387231e+01 1.674131e+02
      vertex   4.644125e+00 6.437493e+01 1.678904e+02
    endloop
  endfacet
  facet normal -4.719234e-01 6.234133e-01 6.234133e-01
    outer loop
      vertex   3.349713e+00 6.491313e+01 1.663723e+02
      vertex   4.644125e+00 6.437493e+01 1.678904e+02
      vertex   4.644125e+00 6.539038e+01 1.668749e+02
    endloop
  endfacet
  facet normal -8.710202e-01 2.007515e-01 4.483554e-01
    outer loop
      vertex   1.437127e+00 6.133821e+01 1.667170e+02
      vertex   1.281845e+00 6.244682e+01 1.659189e+02
      vertex   5.878555e-01 6.157872e+01 1.649594e+02
    endloop
  endfacet
  facet normal -8.810045e-01 3.345378e-01 3.345378e-01
    outer loop
      vertex   5.878555e-01 6.157872e+01 1.649594e+02
      vertex   1.281845e+00 6.244682e+01 1.659189e+02
      vertex   5.878555e-01 6.245941e+01 1.640787e+02
    endloop
  endfacet
  facet normal -9.562553e-01 2.068524e-01 2.068524e-01
    outer loop
      vertex   5.878555e-01 6.157872e+01 1.649594e+02
      vertex   5.878555e-01 6.245941e+01 1.640787e+02
      vertex   1.591120e-01 6.140576e+01 1.631503e+02
    endloop
  endfacet
  facet normal -9.474312e-01 3.074444e-01 8.861215e-02
    outer loop
      vertex   1.591120e-01 6.140576e+01 1.631503e+02
      vertex   5.878555e-01 6.245941e+01 1.640787e+02
      vertex   7.285337e-01 6.318241e+01 1.630744e+02
    endloop
  endfacet
  facet normal -8.810045e-01 3.345378e-01 3.345378e-01
    outer loop
      vertex   5.878555e-01 6.245941e+01 1.640787e+02
      vertex   1.281845e+00 6.244682e+01 1.659189e+02
      vertex   1.281845e+00 6.341893e+01 1.649468e+02
    endloop
  endfacet
  facet normal -4.608526e-01 7.496159e-01 4.750693e-01
    outer loop
      vertex   3.515968e+00 6.576757e+01 1.651854e+02
      vertex   3.349713e+00 6.491313e+01 1.663723e+02
      vertex   4.644125e+00 6.539038e+01 1.668749e+02
    endloop
  endfacet
  facet normal -4.608526e-01 7.496159e-01 4.750693e-01
    outer loop
      vertex   3.515968e+00 6.576757e+01 1.651854e+02
      vertex   4.644125e+00 6.539038e+01 1.668749e+02
      vertex   4.806328e+00 6.622400e+01 1.657169e+02
    endloop
  endfacet
  facet normal -8.710202e-01 4.483554e-01 2.007515e-01
    outer loop
      vertex   7.285337e-01 6.318241e+01 1.630744e+02
      vertex   5.878555e-01 6.245941e+01 1.640787e+02
      vertex   1.281845e+00 6.341893e+01 1.649468e+02
    endloop
  endfacet
  facet normal -8.710202e-01 4.483554e-01 2.007515e-01
    outer loop
      vertex   7.285337e-01 6.318241e+01 1.630744e+02
      vertex   1.281845e+00 6.341893e+01 1.649468e+02
      vertex   1.437127e+00 6.421698e+01 1.638382e+02
    endloop
  endfacet
  facet normal -4.280683e-01 8.487997e-01 3.103169e-01
    outer loop
      vertex   3.842053e+00 6.640263e+01 1.638981e+02
      vertex   3.515968e+00 6.576757e+01 1.651854e+02
      vertex   4.806328e+00 6.622400e+01 1.657169e+02
    endloop
  endfacet
  facet normal -4.280683e-01 8.487997e-01 3.103169e-01
    outer loop
      vertex   3.842053e+00 6.640263e+01 1.638981e+02
      vertex   4.806328e+00 6.622400e+01 1.657169e+02
      vertex   5.124466e+00 6.684357e+01 1.644611e+02
    endloop
  endfacet
  facet normal -3.748375e-01 9.171316e-01 1.355232e-01
    outer loop
      vertex   4.315367e+00 6.679375e+01 1.625604e+02
      vertex   3.842053e+00 6.640263e+01 1.638981e+02
      vertex   5.124466e+00 6.684357e+01 1.644611e+02
    endloop
  endfacet
  facet normal -3.748375e-01 9.171316e-01 1.355232e-01
    outer loop
      vertex   4.315367e+00 6.679375e+01 1.625604e+02
      vertex   5.124466e+00 6.684357e+01 1.644611e+02
      vertex   5.586243e+00 6.722517e+01 1.631559e+02
    endloop
  endfacet
  facet normal -9.964354e-01 8.435959e-02 0.000000e+00
    outer loop
      vertex   0.000000e+00 6.001000e+01 6.000000e+01
      vertex   0.000000e+00 6.001000e+01 1.625100e+02
      vertex   1.050642e-01 6.125099e+01 6.143505e+01
    endloop
  endfacet
  facet normal -9.924321e-01 1.227934e-01 4.760503e-04
    outer loop
      vertex   1.050642e-01 6.125099e+01 6.143505e+01
      vertex   0.000000e+00 6.001000e+01 1.625100e+02
      vertex   1.439182e-01 6.147123e+01 8.562750e+01
    endloop
  endfacet
  facet normal -9.679387e-01 2.511855e-01 -7.320880e-04
    outer loop
      vertex   1.050642e-01 6.125099e+01 6.143505e+01
      vertex   1.439182e-01 6.147123e+01 8.562750e+01
      vertex   4.324650e-01 6.251692e+01 6.290741e+01
    endloop
  endfacet
  facet normal -9.569396e-01 2.902845e-01 1.207129e-03
    outer loop
      vertex   4.324650e-01 6.251692e+01 6.290741e+01
      vertex   1.439182e-01 6.147123e+01 8.562750e+01
      vertex   5.701423e-01 6.287630e+01 8.562750e+01
    endloop
  endfacet
  facet normal -9.076002e-01 4.198341e-01 -1.141041e-03
    outer loop
      vertex   4.324650e-01 6.251692e+01 6.290741e+01
      vertex   5.701423e-01 6.287630e+01 8.562750e+01
      vertex   9.988894e-01 6.374535e+01 6.435459e+01
    endloop
  endfacet
  facet normal -8.819203e-01 4.713962e-01 1.482970e-03
    outer loop
      vertex   9.988894e-01 6.374535e+01 6.435459e+01
      vertex   5.701423e-01 6.287630e+01 8.562750e+01
      vertex   1.262293e+00 6.417122e+01 8.562750e+01
    endloop
  endfacet
  facet normal -8.159360e-01 5.781403e-01 -1.471002e-03
    outer loop
      vertex   9.988894e-01 6.374535e+01 6.435459e+01
      vertex   1.262293e+00 6.417122e+01 8.562750e+01
      vertex   1.798504e+00 6.487733e+01 6.571951e+01
    endloop
  endfacet
  facet normal -7.730094e-01 6.343924e-01 1.680387e-03
    outer loop
      vertex   1.798504e+00 6.487733e+01 6.571951e+01
      vertex   1.262293e+00 6.417122e+01 8.562750e+01
      vertex   2.193770e+00 6.530623e+01 8.562750e+01
    endloop
  endfacet
  facet normal -7.293521e-01 6.841384e-01 -2.581494e-04
    outer loop
      vertex   1.798504e+00 6.487733e+01 6.571951e+01
      vertex   2.193770e+00 6.530623e+01 8.562750e+01
      vertex   2.278814e+00 6.538962e+01 6.635441e+01
    endloop
  endfacet
  facet normal -6.609532e-01 7.504271e-01 3.304883e-04
    outer loop
      vertex   2.278814e+00 6.538962e+01 6.635441e+01
      vertex   2.193770e+00 6.530623e+01 8.562750e+01
      vertex   2.813631e+00 6.586041e+01 6.695339e+01
    endloop
  endfacet
  facet normal -6.343922e-01 7.730091e-01 1.882293e-03
    outer loop
      vertex   2.813631e+00 6.586041e+01 6.695339e+01
      vertex   2.193770e+00 6.530623e+01 8.562750e+01
      vertex   3.328779e+00 6.623771e+01 8.562750e+01
    endloop
  endfacet
  facet normal -5.827798e-01 8.126300e-01 -3.420139e-04
    outer loop
      vertex   2.813631e+00 6.586041e+01 6.695339e+01
      vertex   3.328779e+00 6.623771e+01 8.562750e+01
      vertex   3.430819e+00 6.630327e+01 6.753785e+01
    endloop
  endfacet
  facet normal -4.969634e-01 8.677715e-01 3.419160e-04
    outer loop
      vertex   3.430819e+00 6.630327e+01 6.753785e+01
      vertex   3.328779e+00 6.623771e+01 8.562750e+01
      vertex   4.128546e+00 6.670263e+01 6.809393e+01
    endloop
  endfacet
  facet normal -4.713959e-01 8.819197e-01 1.883297e-03
    outer loop
      vertex   4.128546e+00 6.670263e+01 6.809393e+01
      vertex   3.328779e+00 6.623771e+01 8.562750e+01
      vertex   4.623701e+00 6.692986e+01 8.562750e+01
    endloop
  endfacet
  facet normal -3.982442e-01 9.172792e-01 -6.407720e-04
    outer loop
      vertex   4.128546e+00 6.670263e+01 6.809393e+01
      vertex   4.623701e+00 6.692986e+01 8.562750e+01
      vertex   4.898327e+00 6.703719e+01 6.860061e+01
    endloop
  endfacet
  facet normal -2.901556e-01 9.569785e-01 1.352851e-03
    outer loop
      vertex   4.898327e+00 6.703719e+01 6.860061e+01
      vertex   4.623701e+00 6.692986e+01 8.562750e+01
      vertex   5.728604e+00 6.728831e+01 6.904011e+01
    endloop
  endfacet
  facet normal -2.902844e-01 9.569395e-01 1.343424e-03
    outer loop
      vertex   5.728604e+00 6.728831e+01 6.904011e+01
      vertex   4.623701e+00 6.692986e+01 8.562750e+01
      vertex   6.028773e+00 6.735608e+01 8.562750e+01
    endloop
  endfacet
  facet normal -1.773707e-01 9.841438e-01 -8.110366e-04
    outer loop
      vertex   5.728604e+00 6.728831e+01 6.904011e+01
      vertex   6.028773e+00 6.735608e+01 8.562750e+01
      vertex   6.599540e+00 6.744558e+01 6.940271e+01
    endloop
  endfacet
  facet normal -6.203168e-02 9.980686e-01 3.323250e-03
    outer loop
      vertex   6.599540e+00 6.744558e+01 6.940271e+01
      vertex   6.028773e+00 6.735608e+01 8.562750e+01
      vertex   7.490000e+00 6.750000e+01 6.967987e+01
    endloop
  endfacet
  facet normal -9.801714e-02 9.951847e-01 -3.688079e-18
    outer loop
      vertex   7.490000e+00 6.750000e+01 6.967987e+01
      vertex   6.028773e+00 6.735608e+01 8.562750e+01
      vertex   6.028773e+00 6.735608e+01 1.112550e+02
    endloop
  endfacet
  facet normal -9.801714e-02 9.951847e-01 1.514096e-16
    outer loop
      vertex   7.490000e+00 6.750000e+01 6.967987e+01
      vertex   6.028773e+00 6.735608e+01 1.112550e+02
      vertex   7.490000e+00 6.750000e+01 1.625100e+02
    endloop
  endfacet
  facet normal -9.801714e-02 9.951847e-01 -3.688079e-18
    outer loop
      vertex   7.490000e+00 6.750000e+01 1.625100e+02
      vertex   6.028773e+00 6.735608e+01 1.112550e+02
      vertex   6.028773e+00 6.735608e+01 1.368825e+02
    endloop
  endfacet
  facet normal -9.801714e-02 9.951847e-01 0.000000e+00
    outer loop
      vertex   7.490000e+00 6.750000e+01 1.625100e+02
      vertex   6.028773e+00 6.735608e+01 1.368825e+02
      vertex   6.028773e+00 6.735608e+01 1.625100e+02
    endloop
  endfacet
  facet normal -2.902847e-01 9.569403e-01 0.000000e+00
    outer loop
      vertex   6.028773e+00 6.735608e+01 1.625100e+02
      vertex   6.028773e+00 6.735608e+01 1.368825e+02
      vertex   4.623701e+00 6.692986e+01 1.625100e+02
    endloop
  endfacet
  facet normal -2.902847e-01 9.569403e-01 0.000000e+00
    outer loop
      vertex   4.623701e+00 6.692986e+01 1.625100e+02
      vertex   6.028773e+00 6.735608e+01 1.368825e+02
      vertex   4.623701e+00 6.692986e+01 1.368825e+02
    endloop
  endfacet
  facet normal -4.713967e-01 8.819213e-01 0.000000e+00
    outer loop
      vertex   4.623701e+00 6.692986e+01 1.625100e+02
      vertex   4.623701e+00 6.692986e+01 1.368825e+02
      vertex   3.328779e+00 6.623771e+01 1.625100e+02
    endloop
  endfacet
  facet normal -4.713967e-01 8.819213e-01 0.000000e+00
    outer loop
      vertex   3.328779e+00 6.623771e+01 1.625100e+02
      vertex   4.623701e+00 6.692986e+01 1.368825e+02
      vertex   3.328779e+00 6.623771e+01 1.368825e+02
    endloop
  endfacet
  facet normal -6.343933e-01 7.730105e-01 0.000000e+00
    outer loop
      vertex   3.328779e+00 6.623771e+01 1.625100e+02
      vertex   3.328779e+00 6.623771e+01 1.368825e+02
      vertex   2.193770e+00 6.530623e+01 1.625100e+02
    endloop
  endfacet
  facet normal -6.343933e-01 7.730105e-01 -7.695212e-17
    outer loop
      vertex   2.193770e+00 6.530623e+01 1.625100e+02
      vertex   3.328779e+00 6.623771e+01 1.368825e+02
      vertex   2.193770e+00 6.530623e+01 1.368825e+02
    endloop
  endfacet
  facet normal -7.730105e-01 6.343933e-01 -9.376643e-17
    outer loop
      vertex   2.193770e+00 6.530623e+01 1.625100e+02
      vertex   2.193770e+00 6.530623e+01 1.368825e+02
      vertex   1.262293e+00 6.417122e+01 1.625100e+02
    endloop
  endfacet
  facet normal -7.730105e-01 6.343933e-01 0.000000e+00
    outer loop
      vertex   1.262293e+00 6.417122e+01 1.625100e+02
      vertex   2.193770e+00 6.530623e+01 1.368825e+02
      vertex   1.262293e+00 6.417122e+01 1.368825e+02
    endloop
  endfacet
  facet normal -8.819213e-01 4.713967e-01 0.000000e+00
    outer loop
      vertex   1.262293e+00 6.417122e+01 1.625100e+02
      vertex   1.262293e+00 6.417122e+01 1.368825e+02
      vertex   5.701423e-01 6.287630e+01 1.625100e+02
    endloop
  endfacet
  facet normal -8.819213e-01 4.713967e-01 -3.820620e-17
    outer loop
      vertex   5.701423e-01 6.287630e+01 1.625100e+02
      vertex   1.262293e+00 6.417122e+01 1.368825e+02
      vertex   5.701423e-01 6.287630e+01 1.368825e+02
    endloop
  endfacet
  facet normal -9.569403e-01 2.902847e-01 -4.145614e-17
    outer loop
      vertex   5.701423e-01 6.287630e+01 1.625100e+02
      vertex   5.701423e-01 6.287630e+01 1.368825e+02
      vertex   1.439182e-01 6.147123e+01 1.625100e+02
    endloop
  endfacet
  facet normal -9.569403e-01 2.902847e-01 -4.145614e-17
    outer loop
      vertex   1.439182e-01 6.147123e+01 1.625100e+02
      vertex   5.701423e-01 6.287630e+01 1.368825e+02
      vertex   1.439182e-01 6.147123e+01 1.368825e+02
    endloop
  endfacet
  facet normal -9.951847e-01 9.801714e-02 -4.311294e-17
    outer loop
      vertex   1.439182e-01 6.147123e+01 1.625100e+02
      vertex   1.439182e-01 6.147123e+01 1.368825e+02
      vertex   0.000000e+00 6.001000e+01 1.625100e+02
    endloop
  endfacet
  facet normal -9.951847e-01 9.801714e-02 -4.351933e-17
    outer loop
      vertex   0.000000e+00 6.001000e+01 1.625100e+02
      vertex   1.439182e-01 6.147123e+01 1.368825e+02
      vertex   1.439182e-01 6.147123e+01 1.112550e+02
    endloop
  endfacet
  facet normal -9.951847e-01 9.801714e-02 4.351933e-17
    outer loop
      vertex   0.000000e+00 6.001000e+01 1.625100e+02
      vertex   1.439182e-01 6.147123e+01 1.112550e+02
      vertex   1.439182e-01 6.147123e+01 8.562750e+01
    endloop
  endfacet
  facet normal -9.569403e-01 2.902847e-01 4.145614e-17
    outer loop
      vertex   1.439182e-01 6.147123e+01 8.562750e+01
      vertex   1.439182e-01 6.147123e+01 1.112550e+02
      vertex   5.701423e-01 6.287630e+01 8.562750e+01
    endloop
  endfacet
  facet normal -9.569403e-01 2.902847e-01 -4.145614e-17
    outer loop
      vertex   1.439182e-01 6.147123e+01 1.112550e+02
      vertex   1.439182e-01 6.147123e+01 1.368825e+02
      vertex   5.701423e-01 6.287630e+01 1.112550e+02
    endloop
  endfacet
  facet normal -9.569403e-01 2.902847e-01 0.000000e+00
    outer loop
      vertex   5.701423e-01 6.287630e+01 1.112550e+02
      vertex   1.439182e-01 6.147123e+01 1.368825e+02
      vertex   5.701423e-01 6.287630e+01 1.368825e+02
    endloop
  endfacet
  facet normal -8.819213e-01 4.713967e-01 0.000000e+00
    outer loop
      vertex   5.701423e-01 6.287630e+01 1.112550e+02
      vertex   5.701423e-01 6.287630e+01 1.368825e+02
      vertex   1.262293e+00 6.417122e+01 1.112550e+02
    endloop
  endfacet
  facet normal -8.819213e-01 4.713967e-01 -3.820620e-17
    outer loop
      vertex   1.262293e+00 6.417122e+01 1.112550e+02
      vertex   5.701423e-01 6.287630e+01 1.368825e+02
      vertex   1.262293e+00 6.417122e+01 1.368825e+02
    endloop
  endfacet
  facet normal -7.730105e-01 6.343933e-01 -3.348801e-17
    outer loop
      vertex   1.262293e+00 6.417122e+01 1.112550e+02
      vertex   1.262293e+00 6.417122e+01 1.368825e+02
      vertex   2.193770e+00 6.530623e+01 1.112550e+02
    endloop
  endfacet
  facet normal -7.730105e-01 6.343933e-01 -3.115955e-16
    outer loop
      vertex   2.193770e+00 6.530623e+01 1.112550e+02
      vertex   1.262293e+00 6.417122e+01 1.368825e+02
      vertex   2.193770e+00 6.530623e+01 1.368825e+02
    endloop
  endfacet
  facet normal -6.343933e-01 7.730105e-01 -3.956671e-16
    outer loop
      vertex   2.193770e+00 6.530623e+01 1.112550e+02
      vertex   2.193770e+00 6.530623e+01 1.368825e+02
      vertex   3.328779e+00 6.623771e+01 1.112550e+02
    endloop
  endfacet
  facet normal -6.343933e-01 7.730105e-01 -2.198632e-17
    outer loop
      vertex   3.328779e+00 6.623771e+01 1.112550e+02
      vertex   2.193770e+00 6.530623e+01 1.368825e+02
      vertex   3.328779e+00 6.623771e+01 1.368825e+02
    endloop
  endfacet
  facet normal -4.713967e-01 8.819213e-01 -1.633731e-17
    outer loop
      vertex   3.328779e+00 6.623771e+01 1.112550e+02
      vertex   3.328779e+00 6.623771e+01 1.368825e+02
      vertex   4.623701e+00 6.692986e+01 1.112550e+02
    endloop
  endfacet
  facet normal -4.713967e-01 8.819213e-01 -1.633731e-17
    outer loop
      vertex   4.623701e+00 6.692986e+01 1.112550e+02
      vertex   3.328779e+00 6.623771e+01 1.368825e+02
      vertex   4.623701e+00 6.692986e+01 1.368825e+02
    endloop
  endfacet
  facet normal -2.902847e-01 9.569403e-01 -1.006047e-17
    outer loop
      vertex   4.623701e+00 6.692986e+01 1.112550e+02
      vertex   4.623701e+00 6.692986e+01 1.368825e+02
      vertex   6.028773e+00 6.735608e+01 1.112550e+02
    endloop
  endfacet
  facet normal -2.902847e-01 9.569403e-01 -1.006047e-17
    outer loop
      vertex   6.028773e+00 6.735608e+01 1.112550e+02
      vertex   4.623701e+00 6.692986e+01 1.368825e+02
      vertex   6.028773e+00 6.735608e+01 1.368825e+02
    endloop
  endfacet
  facet normal -8.819213e-01 4.713967e-01 0.000000e+00
    outer loop
      vertex   1.262293e+00 6.417122e+01 8.562750e+01
      vertex   5.701423e-01 6.287630e+01 8.562750e+01
      vertex   5.701423e-01 6.287630e+01 1.112550e+02
    endloop
  endfacet
  facet normal -9.569403e-01 2.902847e-01 0.000000e+00
    outer loop
      vertex   5.701423e-01 6.287630e+01 1.112550e+02
      vertex   5.701423e-01 6.287630e+01 8.562750e+01
      vertex   1.439182e-01 6.147123e+01 1.112550e+02
    endloop
  endfacet
  facet normal -8.819213e-01 4.713967e-01 3.820620e-17
    outer loop
      vertex   1.262293e+00 6.417122e+01 8.562750e+01
      vertex   5.701423e-01 6.287630e+01 1.112550e+02
      vertex   1.262293e+00 6.417122e+01 1.112550e+02
    endloop
  endfacet
  facet normal -7.730105e-01 6.343933e-01 3.540555e-17
    outer loop
      vertex   2.193770e+00 6.530623e+01 8.562750e+01
      vertex   1.262293e+00 6.417122e+01 8.562750e+01
      vertex   1.262293e+00 6.417122e+01 1.112550e+02
    endloop
  endfacet
  facet normal -7.730105e-01 6.343933e-01 0.000000e+00
    outer loop
      vertex   2.193770e+00 6.530623e+01 8.562750e+01
      vertex   1.262293e+00 6.417122e+01 1.112550e+02
      vertex   2.193770e+00 6.530623e+01 1.112550e+02
    endloop
  endfacet
  facet normal -6.343933e-01 7.730105e-01 0.000000e+00
    outer loop
      vertex   3.328779e+00 6.623771e+01 8.562750e+01
      vertex   2.193770e+00 6.530623e+01 8.562750e+01
      vertex   2.193770e+00 6.530623e+01 1.112550e+02
    endloop
  endfacet
  facet normal -6.343933e-01 7.730105e-01 -1.099316e-17
    outer loop
      vertex   3.328779e+00 6.623771e+01 8.562750e+01
      vertex   2.193770e+00 6.530623e+01 1.112550e+02
      vertex   3.328779e+00 6.623771e+01 1.112550e+02
    endloop
  endfacet
  facet normal -4.713967e-01 8.819213e-01 -8.851388e-18
    outer loop
      vertex   4.623701e+00 6.692986e+01 8.562750e+01
      vertex   3.328779e+00 6.623771e+01 8.562750e+01
      vertex   3.328779e+00 6.623771e+01 1.112550e+02
    endloop
  endfacet
  facet normal -4.713967e-01 8.819213e-01 -1.633731e-17
    outer loop
      vertex   4.623701e+00 6.692986e+01 8.562750e+01
      vertex   3.328779e+00 6.623771e+01 1.112550e+02
      vertex   4.623701e+00 6.692986e+01 1.112550e+02
    endloop
  endfacet
  facet normal -2.902847e-01 9.569403e-01 -8.851388e-18
    outer loop
      vertex   6.028773e+00 6.735608e+01 8.562750e+01
      vertex   4.623701e+00 6.692986e+01 8.562750e+01
      vertex   4.623701e+00 6.692986e+01 1.112550e+02
    endloop
  endfacet
  facet normal -2.902847e-01 9.569403e-01 -1.006047e-17
    outer loop
      vertex   6.028773e+00 6.735608e+01 8.562750e+01
      vertex   4.623701e+00 6.692986e+01 1.112550e+02
      vertex   6.028773e+00 6.735608e+01 1.112550e+02
    endloop
  endfacet
  facet normal 9.787647e-02 -5.355589e-02 9.937565e-01
    outer loop
      vertex   9.397123e+01 5.999000e+01 1.698561e+02
      vertex   9.251000e+01 5.999000e+01 1.700000e+02
      vertex   9.306972e+01 5.877339e+01 1.698793e+02
    endloop
  endfacet
  facet normal 1.543351e-03 -9.801702e-02 9.951835e-01
    outer loop
      vertex   9.306972e+01 5.877339e+01 1.698793e+02
      vertex   9.251000e+01 5.999000e+01 1.700000e+02
      vertex   9.251000e+01 5.852877e+01 1.698561e+02
    endloop
  endfacet
  facet normal 7.203180e-02 -2.563338e-01 9.639006e-01
    outer loop
      vertex   9.306972e+01 5.877339e+01 1.698793e+02
      vertex   9.251000e+01 5.852877e+01 1.698561e+02
      vertex   9.350222e+01 5.755101e+01 1.695219e+02
    endloop
  endfacet
  facet normal 3.620742e-02 -2.900943e-01 9.563129e-01
    outer loop
      vertex   9.350222e+01 5.755101e+01 1.695219e+02
      vertex   9.251000e+01 5.852877e+01 1.698561e+02
      vertex   9.251000e+01 5.712370e+01 1.694299e+02
    endloop
  endfacet
  facet normal 9.735100e-02 -4.203935e-01 9.021043e-01
    outer loop
      vertex   9.350222e+01 5.755101e+01 1.695219e+02
      vertex   9.251000e+01 5.712370e+01 1.694299e+02
      vertex   9.380018e+01 5.637479e+01 1.689416e+02
    endloop
  endfacet
  facet normal 5.999898e-02 -4.705475e-01 8.803324e-01
    outer loop
      vertex   9.380018e+01 5.637479e+01 1.689416e+02
      vertex   9.251000e+01 5.712370e+01 1.694299e+02
      vertex   9.251000e+01 5.582878e+01 1.687377e+02
    endloop
  endfacet
  facet normal 1.126289e-01 -5.700745e-01 8.138364e-01
    outer loop
      vertex   9.380018e+01 5.637479e+01 1.689416e+02
      vertex   9.251000e+01 5.582878e+01 1.687377e+02
      vertex   9.395210e+01 5.529019e+01 1.681609e+02
    endloop
  endfacet
  facet normal 7.208889e-02 -6.327427e-01 7.709992e-01
    outer loop
      vertex   9.395210e+01 5.529019e+01 1.681609e+02
      vertex   9.251000e+01 5.582878e+01 1.687377e+02
      vertex   9.251000e+01 5.469377e+01 1.678062e+02
    endloop
  endfacet
  facet normal 1.177319e-01 -7.021891e-01 7.021891e-01
    outer loop
      vertex   9.395210e+01 5.529019e+01 1.681609e+02
      vertex   9.251000e+01 5.469377e+01 1.678062e+02
      vertex   9.395210e+01 5.433914e+01 1.672098e+02
    endloop
  endfacet
  facet normal 7.208889e-02 -7.709992e-01 6.327427e-01
    outer loop
      vertex   9.395210e+01 5.433914e+01 1.672098e+02
      vertex   9.251000e+01 5.469377e+01 1.678062e+02
      vertex   9.251000e+01 5.376229e+01 1.666712e+02
    endloop
  endfacet
  facet normal 1.126289e-01 -8.138364e-01 5.700745e-01
    outer loop
      vertex   9.395210e+01 5.433914e+01 1.672098e+02
      vertex   9.251000e+01 5.376229e+01 1.666712e+02
      vertex   9.380018e+01 5.355838e+01 1.661252e+02
    endloop
  endfacet
  facet normal 5.999898e-02 -8.803324e-01 4.705475e-01
    outer loop
      vertex   9.380018e+01 5.355838e+01 1.661252e+02
      vertex   9.251000e+01 5.376229e+01 1.666712e+02
      vertex   9.251000e+01 5.307014e+01 1.653763e+02
    endloop
  endfacet
  facet normal 9.735100e-02 -9.021043e-01 4.203935e-01
    outer loop
      vertex   9.380018e+01 5.355838e+01 1.661252e+02
      vertex   9.251000e+01 5.307014e+01 1.653763e+02
      vertex   9.350222e+01 5.297809e+01 1.649490e+02
    endloop
  endfacet
  facet normal 3.620742e-02 -9.563129e-01 2.900943e-01
    outer loop
      vertex   9.350222e+01 5.297809e+01 1.649490e+02
      vertex   9.251000e+01 5.307014e+01 1.653763e+02
      vertex   9.251000e+01 5.264392e+01 1.639712e+02
    endloop
  endfacet
  facet normal 7.203180e-02 -9.639006e-01 2.563338e-01
    outer loop
      vertex   9.350222e+01 5.297809e+01 1.649490e+02
      vertex   9.251000e+01 5.264392e+01 1.639712e+02
      vertex   9.306972e+01 5.262069e+01 1.637266e+02
    endloop
  endfacet
  facet normal 1.543351e-03 -9.951835e-01 9.801702e-02
    outer loop
      vertex   9.306972e+01 5.262069e+01 1.637266e+02
      vertex   9.251000e+01 5.264392e+01 1.639712e+02
      vertex   9.251000e+01 5.250000e+01 1.625100e+02
    endloop
  endfacet
  facet normal 9.787647e-02 -9.937565e-01 5.355589e-02
    outer loop
      vertex   9.306972e+01 5.262069e+01 1.637266e+02
      vertex   9.251000e+01 5.250000e+01 1.625100e+02
      vertex   9.397123e+01 5.264392e+01 1.625100e+02
    endloop
  endfacet
  facet normal 1.529730e-01 -9.836945e-01 9.457450e-02
    outer loop
      vertex   9.306972e+01 5.262069e+01 1.637266e+02
      vertex   9.397123e+01 5.264392e+01 1.625100e+02
      vertex   9.441376e+01 5.277483e+01 1.631559e+02
    endloop
  endfacet
  facet normal 2.902812e-01 -9.569287e-01 -4.924580e-03
    outer loop
      vertex   9.441376e+01 5.277483e+01 1.631559e+02
      vertex   9.397123e+01 5.264392e+01 1.625100e+02
      vertex   9.537630e+01 5.307014e+01 1.625100e+02
    endloop
  endfacet
  facet normal 3.791683e-01 -9.135145e-01 1.473859e-01
    outer loop
      vertex   9.441376e+01 5.277483e+01 1.631559e+02
      vertex   9.537630e+01 5.307014e+01 1.625100e+02
      vertex   9.568463e+01 5.320625e+01 1.625604e+02
    endloop
  endfacet
  facet normal 4.212266e-01 -7.880595e-01 -4.489214e-01
    outer loop
      vertex   9.568463e+01 5.320625e+01 1.625604e+02
      vertex   9.537630e+01 5.307014e+01 1.625100e+02
      vertex   9.667122e+01 5.376229e+01 1.625100e+02
    endloop
  endfacet
  facet normal 4.925144e-01 -8.666984e-01 7.914225e-02
    outer loop
      vertex   9.568463e+01 5.320625e+01 1.625604e+02
      vertex   9.667122e+01 5.376229e+01 1.625100e+02
      vertex   9.615795e+01 5.359737e+01 1.638981e+02
    endloop
  endfacet
  facet normal 5.539229e-01 -8.256999e-01 1.067195e-01
    outer loop
      vertex   9.615795e+01 5.359737e+01 1.638981e+02
      vertex   9.667122e+01 5.376229e+01 1.625100e+02
      vertex   9.730017e+01 5.428399e+01 1.632819e+02
    endloop
  endfacet
  facet normal 5.900438e-01 -7.733081e-01 2.320407e-01
    outer loop
      vertex   9.615795e+01 5.359737e+01 1.638981e+02
      vertex   9.730017e+01 5.428399e+01 1.632819e+02
      vertex   9.648403e+01 5.423243e+01 1.651854e+02
    endloop
  endfacet
  facet normal 5.900438e-01 -7.733081e-01 2.320407e-01
    outer loop
      vertex   9.648403e+01 5.423243e+01 1.651854e+02
      vertex   9.730017e+01 5.428399e+01 1.632819e+02
      vertex   9.762167e+01 5.491012e+01 1.645510e+02
    endloop
  endfacet
  facet normal 6.229976e-01 -6.736114e-01 3.976451e-01
    outer loop
      vertex   9.648403e+01 5.423243e+01 1.651854e+02
      vertex   9.762167e+01 5.491012e+01 1.645510e+02
      vertex   9.665029e+01 5.508687e+01 1.663723e+02
    endloop
  endfacet
  facet normal 6.229976e-01 -6.736114e-01 3.976451e-01
    outer loop
      vertex   9.665029e+01 5.508687e+01 1.663723e+02
      vertex   9.762167e+01 5.491012e+01 1.645510e+02
      vertex   9.778559e+01 5.575255e+01 1.657213e+02
    endloop
  endfacet
  facet normal 6.341256e-01 -5.467562e-01 5.467562e-01
    outer loop
      vertex   9.665029e+01 5.508687e+01 1.663723e+02
      vertex   9.778559e+01 5.575255e+01 1.657213e+02
      vertex   9.665029e+01 5.612769e+01 1.674131e+02
    endloop
  endfacet
  facet normal 6.341256e-01 -5.467562e-01 5.467562e-01
    outer loop
      vertex   9.665029e+01 5.612769e+01 1.674131e+02
      vertex   9.778559e+01 5.575255e+01 1.657213e+02
      vertex   9.778559e+01 5.677873e+01 1.667475e+02
    endloop
  endfacet
  facet normal 6.229976e-01 -3.976451e-01 6.736114e-01
    outer loop
      vertex   9.665029e+01 5.612769e+01 1.674131e+02
      vertex   9.778559e+01 5.677873e+01 1.667475e+02
      vertex   9.648403e+01 5.731464e+01 1.682676e+02
    endloop
  endfacet
  facet normal 6.229976e-01 -3.976451e-01 6.736114e-01
    outer loop
      vertex   9.648403e+01 5.731464e+01 1.682676e+02
      vertex   9.778559e+01 5.677873e+01 1.667475e+02
      vertex   9.762167e+01 5.794900e+01 1.675899e+02
    endloop
  endfacet
  facet normal 5.900438e-01 -2.320407e-01 7.733081e-01
    outer loop
      vertex   9.648403e+01 5.731464e+01 1.682676e+02
      vertex   9.762167e+01 5.794900e+01 1.675899e+02
      vertex   9.615795e+01 5.860187e+01 1.689026e+02
    endloop
  endfacet
  facet normal 5.900438e-01 -2.320407e-01 7.733081e-01
    outer loop
      vertex   9.615795e+01 5.860187e+01 1.689026e+02
      vertex   9.762167e+01 5.794900e+01 1.675899e+02
      vertex   9.730017e+01 5.921813e+01 1.682160e+02
    endloop
  endfacet
  facet normal 5.539229e-01 -1.067195e-01 8.256999e-01
    outer loop
      vertex   9.615795e+01 5.860187e+01 1.689026e+02
      vertex   9.730017e+01 5.921813e+01 1.682160e+02
      vertex   9.667122e+01 5.999000e+01 1.687377e+02
    endloop
  endfacet
  facet normal 6.343836e-01 -5.536834e-03 7.729986e-01
    outer loop
      vertex   9.667122e+01 5.999000e+01 1.687377e+02
      vertex   9.730017e+01 5.921813e+01 1.682160e+02
      vertex   9.780623e+01 5.999000e+01 1.678062e+02
    endloop
  endfacet
  facet normal 7.207766e-01 -1.091521e-01 6.845195e-01
    outer loop
      vertex   9.780623e+01 5.999000e+01 1.678062e+02
      vertex   9.730017e+01 5.921813e+01 1.682160e+02
      vertex   9.825831e+01 5.986406e+01 1.673101e+02
    endloop
  endfacet
  facet normal 7.451870e-01 2.658792e-01 6.115592e-01
    outer loop
      vertex   9.780623e+01 5.999000e+01 1.678062e+02
      vertex   9.825831e+01 5.986406e+01 1.673101e+02
      vertex   9.873771e+01 5.999000e+01 1.666712e+02
    endloop
  endfacet
  facet normal 8.049614e-01 -8.573118e-02 5.871008e-01
    outer loop
      vertex   9.873771e+01 5.999000e+01 1.666712e+02
      vertex   9.825831e+01 5.986406e+01 1.673101e+02
      vertex   9.856287e+01 5.866179e+01 1.667170e+02
    endloop
  endfacet
  facet normal 8.524996e-01 -9.450329e-02 5.141144e-01
    outer loop
      vertex   9.873771e+01 5.999000e+01 1.666712e+02
      vertex   9.856287e+01 5.866179e+01 1.667170e+02
      vertex   9.927147e+01 5.942563e+01 1.656824e+02
    endloop
  endfacet
  facet normal 8.710202e-01 -2.007515e-01 4.483554e-01
    outer loop
      vertex   9.927147e+01 5.942563e+01 1.656824e+02
      vertex   9.856287e+01 5.866179e+01 1.667170e+02
      vertex   9.941214e+01 5.842128e+01 1.649594e+02
    endloop
  endfacet
  facet normal 9.444604e-01 -9.432195e-02 3.147981e-01
    outer loop
      vertex   9.927147e+01 5.942563e+01 1.656824e+02
      vertex   9.941214e+01 5.842128e+01 1.649594e+02
      vertex   9.942986e+01 5.999000e+01 1.653763e+02
    endloop
  endfacet
  facet normal 9.479539e-01 -9.173292e-02 3.049073e-01
    outer loop
      vertex   9.942986e+01 5.999000e+01 1.653763e+02
      vertex   9.941214e+01 5.842128e+01 1.649594e+02
      vertex   9.984089e+01 5.934966e+01 1.639058e+02
    endloop
  endfacet
  facet normal 9.556301e-01 -5.231192e-02 2.898872e-01
    outer loop
      vertex   9.942986e+01 5.999000e+01 1.653763e+02
      vertex   9.984089e+01 5.934966e+01 1.639058e+02
      vertex   9.985608e+01 5.999000e+01 1.639712e+02
    endloop
  endfacet
  facet normal 9.946223e-01 -3.361531e-02 9.796175e-02
    outer loop
      vertex   9.985608e+01 5.999000e+01 1.639712e+02
      vertex   9.984089e+01 5.934966e+01 1.639058e+02
      vertex   1.000000e+02 5.999000e+01 1.625100e+02
    endloop
  endfacet
  facet normal 9.939487e-01 -7.767262e-02 7.767262e-02
    outer loop
      vertex   1.000000e+02 5.999000e+01 1.625100e+02
      vertex   9.984089e+01 5.934966e+01 1.639058e+02
      vertex   9.984089e+01 5.859424e+01 1.631503e+02
    endloop
  endfacet
  facet normal 9.946223e-01 -9.796175e-02 3.361531e-02
    outer loop
      vertex   1.000000e+02 5.999000e+01 1.625100e+02
      vertex   9.984089e+01 5.859424e+01 1.631503e+02
      vertex   9.985608e+01 5.852877e+01 1.625100e+02
    endloop
  endfacet
  facet normal 9.556301e-01 -2.898872e-01 5.231192e-02
    outer loop
      vertex   9.985608e+01 5.852877e+01 1.625100e+02
      vertex   9.984089e+01 5.859424e+01 1.631503e+02
      vertex   9.942986e+01 5.712370e+01 1.625100e+02
    endloop
  endfacet
  facet normal 9.463902e-01 -3.075462e-01 9.879688e-02
    outer loop
      vertex   9.942986e+01 5.712370e+01 1.625100e+02
      vertex   9.984089e+01 5.859424e+01 1.631503e+02
      vertex   9.927147e+01 5.681759e+01 1.630744e+02
    endloop
  endfacet
  facet normal 8.818919e-01 -4.713810e-01 -8.166651e-03
    outer loop
      vertex   9.942986e+01 5.712370e+01 1.625100e+02
      vertex   9.927147e+01 5.681759e+01 1.630744e+02
      vertex   9.873771e+01 5.582878e+01 1.625100e+02
    endloop
  endfacet
  facet normal 8.524996e-01 -5.141144e-01 9.450329e-02
    outer loop
      vertex   9.873771e+01 5.582878e+01 1.625100e+02
      vertex   9.927147e+01 5.681759e+01 1.630744e+02
      vertex   9.856287e+01 5.578302e+01 1.638382e+02
    endloop
  endfacet
  facet normal 8.049614e-01 -5.871008e-01 8.573118e-02
    outer loop
      vertex   9.873771e+01 5.582878e+01 1.625100e+02
      vertex   9.856287e+01 5.578302e+01 1.638382e+02
      vertex   9.825831e+01 5.518988e+01 1.626359e+02
    endloop
  endfacet
  facet normal 7.295948e-01 -6.683510e-01 1.449083e-01
    outer loop
      vertex   9.825831e+01 5.518988e+01 1.626359e+02
      vertex   9.856287e+01 5.578302e+01 1.638382e+02
      vertex   9.762167e+01 5.491012e+01 1.645510e+02
    endloop
  endfacet
  facet normal 7.295948e-01 -6.683510e-01 1.449083e-01
    outer loop
      vertex   9.825831e+01 5.518988e+01 1.626359e+02
      vertex   9.762167e+01 5.491012e+01 1.645510e+02
      vertex   9.730017e+01 5.428399e+01 1.632819e+02
    endloop
  endfacet
  facet normal 6.343836e-01 -7.729986e-01 5.536834e-03
    outer loop
      vertex   9.667122e+01 5.376229e+01 1.625100e+02
      vertex   9.780623e+01 5.469377e+01 1.625100e+02
      vertex   9.730017e+01 5.428399e+01 1.632819e+02
    endloop
  endfacet
  facet normal 7.207766e-01 -6.845195e-01 1.091521e-01
    outer loop
      vertex   9.730017e+01 5.428399e+01 1.632819e+02
      vertex   9.780623e+01 5.469377e+01 1.625100e+02
      vertex   9.825831e+01 5.518988e+01 1.626359e+02
    endloop
  endfacet
  facet normal 7.451870e-01 -6.115592e-01 -2.658792e-01
    outer loop
      vertex   9.780623e+01 5.469377e+01 1.625100e+02
      vertex   9.873771e+01 5.582878e+01 1.625100e+02
      vertex   9.825831e+01 5.518988e+01 1.626359e+02
    endloop
  endfacet
  facet normal 8.818919e-01 8.166651e-03 4.713810e-01
    outer loop
      vertex   9.942986e+01 5.999000e+01 1.653763e+02
      vertex   9.873771e+01 5.999000e+01 1.666712e+02
      vertex   9.927147e+01 5.942563e+01 1.656824e+02
    endloop
  endfacet
  facet normal 4.925144e-01 -7.914225e-02 8.666984e-01
    outer loop
      vertex   9.615795e+01 5.860187e+01 1.689026e+02
      vertex   9.667122e+01 5.999000e+01 1.687377e+02
      vertex   9.568463e+01 5.993962e+01 1.692938e+02
    endloop
  endfacet
  facet normal 4.212266e-01 4.489214e-01 7.880595e-01
    outer loop
      vertex   9.568463e+01 5.993962e+01 1.692938e+02
      vertex   9.667122e+01 5.999000e+01 1.687377e+02
      vertex   9.537630e+01 5.999000e+01 1.694299e+02
    endloop
  endfacet
  facet normal 3.791683e-01 -1.473859e-01 9.135145e-01
    outer loop
      vertex   9.568463e+01 5.993962e+01 1.692938e+02
      vertex   9.537630e+01 5.999000e+01 1.694299e+02
      vertex   9.441376e+01 5.934409e+01 1.697252e+02
    endloop
  endfacet
  facet normal 2.902812e-01 4.924580e-03 9.569287e-01
    outer loop
      vertex   9.441376e+01 5.934409e+01 1.697252e+02
      vertex   9.537630e+01 5.999000e+01 1.694299e+02
      vertex   9.397123e+01 5.999000e+01 1.698561e+02
    endloop
  endfacet
  facet normal 1.529730e-01 -9.457450e-02 9.836945e-01
    outer loop
      vertex   9.441376e+01 5.934409e+01 1.697252e+02
      vertex   9.397123e+01 5.999000e+01 1.698561e+02
      vertex   9.306972e+01 5.877339e+01 1.698793e+02
    endloop
  endfacet
  facet normal 3.748375e-01 -1.355232e-01 9.171316e-01
    outer loop
      vertex   9.615795e+01 5.860187e+01 1.689026e+02
      vertex   9.568463e+01 5.993962e+01 1.692938e+02
      vertex   9.441376e+01 5.934409e+01 1.697252e+02
    endloop
  endfacet
  facet normal 1.987865e-01 -2.095776e-01 9.573720e-01
    outer loop
      vertex   9.441376e+01 5.934409e+01 1.697252e+02
      vertex   9.306972e+01 5.877339e+01 1.698793e+02
      vertex   9.487553e+01 5.803895e+01 1.693436e+02
    endloop
  endfacet
  facet normal 1.987865e-01 -2.095776e-01 9.573720e-01
    outer loop
      vertex   9.487553e+01 5.803895e+01 1.693436e+02
      vertex   9.306972e+01 5.877339e+01 1.698793e+02
      vertex   9.350222e+01 5.755101e+01 1.695219e+02
    endloop
  endfacet
  facet normal 2.497145e-01 -3.768093e-01 8.919963e-01
    outer loop
      vertex   9.487553e+01 5.803895e+01 1.693436e+02
      vertex   9.350222e+01 5.755101e+01 1.695219e+02
      vertex   9.519367e+01 5.678309e+01 1.687240e+02
    endloop
  endfacet
  facet normal 2.497145e-01 -3.768093e-01 8.919963e-01
    outer loop
      vertex   9.519367e+01 5.678309e+01 1.687240e+02
      vertex   9.350222e+01 5.755101e+01 1.695219e+02
      vertex   9.380018e+01 5.637479e+01 1.689416e+02
    endloop
  endfacet
  facet normal 2.810805e-01 -5.344342e-01 7.971034e-01
    outer loop
      vertex   9.519367e+01 5.678309e+01 1.687240e+02
      vertex   9.380018e+01 5.637479e+01 1.689416e+02
      vertex   9.535588e+01 5.562507e+01 1.678904e+02
    endloop
  endfacet
  facet normal 2.810805e-01 -5.344342e-01 7.971034e-01
    outer loop
      vertex   9.535588e+01 5.562507e+01 1.678904e+02
      vertex   9.380018e+01 5.637479e+01 1.689416e+02
      vertex   9.395210e+01 5.529019e+01 1.681609e+02
    endloop
  endfacet
  facet normal 2.916723e-01 -6.763606e-01 6.763606e-01
    outer loop
      vertex   9.535588e+01 5.562507e+01 1.678904e+02
      vertex   9.395210e+01 5.529019e+01 1.681609e+02
      vertex   9.535588e+01 5.460962e+01 1.668749e+02
    endloop
  endfacet
  facet normal 2.916723e-01 -6.763606e-01 6.763606e-01
    outer loop
      vertex   9.535588e+01 5.460962e+01 1.668749e+02
      vertex   9.395210e+01 5.529019e+01 1.681609e+02
      vertex   9.395210e+01 5.433914e+01 1.672098e+02
    endloop
  endfacet
  facet normal 2.810805e-01 -7.971034e-01 5.344342e-01
    outer loop
      vertex   9.535588e+01 5.460962e+01 1.668749e+02
      vertex   9.395210e+01 5.433914e+01 1.672098e+02
      vertex   9.519367e+01 5.377600e+01 1.657169e+02
    endloop
  endfacet
  facet normal 2.810805e-01 -7.971034e-01 5.344342e-01
    outer loop
      vertex   9.519367e+01 5.377600e+01 1.657169e+02
      vertex   9.395210e+01 5.433914e+01 1.672098e+02
      vertex   9.380018e+01 5.355838e+01 1.661252e+02
    endloop
  endfacet
  facet normal 2.497145e-01 -8.919963e-01 3.768093e-01
    outer loop
      vertex   9.519367e+01 5.377600e+01 1.657169e+02
      vertex   9.380018e+01 5.355838e+01 1.661252e+02
      vertex   9.487553e+01 5.315643e+01 1.644611e+02
    endloop
  endfacet
  facet normal 2.497145e-01 -8.919963e-01 3.768093e-01
    outer loop
      vertex   9.487553e+01 5.315643e+01 1.644611e+02
      vertex   9.380018e+01 5.355838e+01 1.661252e+02
      vertex   9.350222e+01 5.297809e+01 1.649490e+02
    endloop
  endfacet
  facet normal 1.987865e-01 -9.573720e-01 2.095776e-01
    outer loop
      vertex   9.487553e+01 5.315643e+01 1.644611e+02
      vertex   9.350222e+01 5.297809e+01 1.649490e+02
      vertex   9.441376e+01 5.277483e+01 1.631559e+02
    endloop
  endfacet
  facet normal 1.987865e-01 -9.573720e-01 2.095776e-01
    outer loop
      vertex   9.441376e+01 5.277483e+01 1.631559e+02
      vertex   9.350222e+01 5.297809e+01 1.649490e+02
      vertex   9.306972e+01 5.262069e+01 1.637266e+02
    endloop
  endfacet
  facet normal 4.280683e-01 -3.103169e-01 8.487997e-01
    outer loop
      vertex   9.648403e+01 5.731464e+01 1.682676e+02
      vertex   9.615795e+01 5.860187e+01 1.689026e+02
      vertex   9.487553e+01 5.803895e+01 1.693436e+02
    endloop
  endfacet
  facet normal 3.748375e-01 -1.355232e-01 9.171316e-01
    outer loop
      vertex   9.487553e+01 5.803895e+01 1.693436e+02
      vertex   9.615795e+01 5.860187e+01 1.689026e+02
      vertex   9.441376e+01 5.934409e+01 1.697252e+02
    endloop
  endfacet
  facet normal 4.280683e-01 -3.103169e-01 8.487997e-01
    outer loop
      vertex   9.648403e+01 5.731464e+01 1.682676e+02
      vertex   9.487553e+01 5.803895e+01 1.693436e+02
      vertex   9.519367e+01 5.678309e+01 1.687240e+02
    endloop
  endfacet
  facet normal 7.295948e-01 -1.449083e-01 6.683510e-01
    outer loop
      vertex   9.856287e+01 5.866179e+01 1.667170e+02
      vertex   9.825831e+01 5.986406e+01 1.673101e+02
      vertex   9.730017e+01 5.921813e+01 1.682160e+02
    endloop
  endfacet
  facet normal 7.295948e-01 -1.449083e-01 6.683510e-01
    outer loop
      vertex   9.856287e+01 5.866179e+01 1.667170e+02
      vertex   9.730017e+01 5.921813e+01 1.682160e+02
      vertex   9.762167e+01 5.794900e+01 1.675899e+02
    endloop
  endfacet
  facet normal 4.608526e-01 -4.750693e-01 7.496159e-01
    outer loop
      vertex   9.665029e+01 5.612769e+01 1.674131e+02
      vertex   9.648403e+01 5.731464e+01 1.682676e+02
      vertex   9.519367e+01 5.678309e+01 1.687240e+02
    endloop
  endfacet
  facet normal 4.608526e-01 -4.750693e-01 7.496159e-01
    outer loop
      vertex   9.665029e+01 5.612769e+01 1.674131e+02
      vertex   9.519367e+01 5.678309e+01 1.687240e+02
      vertex   9.535588e+01 5.562507e+01 1.678904e+02
    endloop
  endfacet
  facet normal 7.614634e-01 -3.050591e-01 5.719375e-01
    outer loop
      vertex   9.856287e+01 5.866179e+01 1.667170e+02
      vertex   9.762167e+01 5.794900e+01 1.675899e+02
      vertex   9.871816e+01 5.755318e+01 1.659189e+02
    endloop
  endfacet
  facet normal 7.614634e-01 -3.050591e-01 5.719375e-01
    outer loop
      vertex   9.871816e+01 5.755318e+01 1.659189e+02
      vertex   9.762167e+01 5.794900e+01 1.675899e+02
      vertex   9.778559e+01 5.677873e+01 1.667475e+02
    endloop
  endfacet
  facet normal 7.722249e-01 -4.492598e-01 4.492598e-01
    outer loop
      vertex   9.871816e+01 5.755318e+01 1.659189e+02
      vertex   9.778559e+01 5.677873e+01 1.667475e+02
      vertex   9.871816e+01 5.658107e+01 1.649468e+02
    endloop
  endfacet
  facet normal 7.722249e-01 -4.492598e-01 4.492598e-01
    outer loop
      vertex   9.871816e+01 5.658107e+01 1.649468e+02
      vertex   9.778559e+01 5.677873e+01 1.667475e+02
      vertex   9.778559e+01 5.575255e+01 1.657213e+02
    endloop
  endfacet
  facet normal 7.614634e-01 -5.719375e-01 3.050591e-01
    outer loop
      vertex   9.871816e+01 5.658107e+01 1.649468e+02
      vertex   9.778559e+01 5.575255e+01 1.657213e+02
      vertex   9.856287e+01 5.578302e+01 1.638382e+02
    endloop
  endfacet
  facet normal 7.614634e-01 -5.719375e-01 3.050591e-01
    outer loop
      vertex   9.856287e+01 5.578302e+01 1.638382e+02
      vertex   9.778559e+01 5.575255e+01 1.657213e+02
      vertex   9.762167e+01 5.491012e+01 1.645510e+02
    endloop
  endfacet
  facet normal 4.719234e-01 -6.234133e-01 6.234133e-01
    outer loop
      vertex   9.665029e+01 5.508687e+01 1.663723e+02
      vertex   9.665029e+01 5.612769e+01 1.674131e+02
      vertex   9.535588e+01 5.562507e+01 1.678904e+02
    endloop
  endfacet
  facet normal 4.719234e-01 -6.234133e-01 6.234133e-01
    outer loop
      vertex   9.665029e+01 5.508687e+01 1.663723e+02
      vertex   9.535588e+01 5.562507e+01 1.678904e+02
      vertex   9.535588e+01 5.460962e+01 1.668749e+02
    endloop
  endfacet
  facet normal 8.710202e-01 -2.007515e-01 4.483554e-01
    outer loop
      vertex   9.856287e+01 5.866179e+01 1.667170e+02
      vertex   9.871816e+01 5.755318e+01 1.659189e+02
      vertex   9.941214e+01 5.842128e+01 1.649594e+02
    endloop
  endfacet
  facet normal 8.810045e-01 -3.345378e-01 3.345378e-01
    outer loop
      vertex   9.941214e+01 5.842128e+01 1.649594e+02
      vertex   9.871816e+01 5.755318e+01 1.659189e+02
      vertex   9.941214e+01 5.754059e+01 1.640787e+02
    endloop
  endfacet
  facet normal 9.562553e-01 -2.068524e-01 2.068524e-01
    outer loop
      vertex   9.941214e+01 5.842128e+01 1.649594e+02
      vertex   9.941214e+01 5.754059e+01 1.640787e+02
      vertex   9.984089e+01 5.859424e+01 1.631503e+02
    endloop
  endfacet
  facet normal 9.474312e-01 -3.074444e-01 8.861215e-02
    outer loop
      vertex   9.984089e+01 5.859424e+01 1.631503e+02
      vertex   9.941214e+01 5.754059e+01 1.640787e+02
      vertex   9.927147e+01 5.681759e+01 1.630744e+02
    endloop
  endfacet
  facet normal 8.810045e-01 -3.345378e-01 3.345378e-01
    outer loop
      vertex   9.941214e+01 5.754059e+01 1.640787e+02
      vertex   9.871816e+01 5.755318e+01 1.659189e+02
      vertex   9.871816e+01 5.658107e+01 1.649468e+02
    endloop
  endfacet
  facet normal 9.562553e-01 -2.068524e-01 2.068524e-01
    outer loop
      vertex   9.984089e+01 5.859424e+01 1.631503e+02
      vertex   9.984089e+01 5.934966e+01 1.639058e+02
      vertex   9.941214e+01 5.842128e+01 1.649594e+02
    endloop
  endfacet
  facet normal 4.608526e-01 -7.496159e-01 4.750693e-01
    outer loop
      vertex   9.648403e+01 5.423243e+01 1.651854e+02
      vertex   9.665029e+01 5.508687e+01 1.663723e+02
      vertex   9.535588e+01 5.460962e+01 1.668749e+02
    endloop
  endfacet
  facet normal 4.608526e-01 -7.496159e-01 4.750693e-01
    outer loop
      vertex   9.648403e+01 5.423243e+01 1.651854e+02
      vertex   9.535588e+01 5.460962e+01 1.668749e+02
      vertex   9.519367e+01 5.377600e+01 1.657169e+02
    endloop
  endfacet
  facet normal 8.710202e-01 -4.483554e-01 2.007515e-01
    outer loop
      vertex   9.927147e+01 5.681759e+01 1.630744e+02
      vertex   9.941214e+01 5.754059e+01 1.640787e+02
      vertex   9.871816e+01 5.658107e+01 1.649468e+02
    endloop
  endfacet
  facet normal 8.710202e-01 -4.483554e-01 2.007515e-01
    outer loop
      vertex   9.927147e+01 5.681759e+01 1.630744e+02
      vertex   9.871816e+01 5.658107e+01 1.649468e+02
      vertex   9.856287e+01 5.578302e+01 1.638382e+02
    endloop
  endfacet
  facet normal 4.280683e-01 -8.487997e-01 3.103169e-01
    outer loop
      vertex   9.615795e+01 5.359737e+01 1.638981e+02
      vertex   9.648403e+01 5.423243e+01 1.651854e+02
      vertex   9.519367e+01 5.377600e+01 1.657169e+02
    endloop
  endfacet
  facet normal 4.280683e-01 -8.487997e-01 3.103169e-01
    outer loop
      vertex   9.615795e+01 5.359737e+01 1.638981e+02
      vertex   9.519367e+01 5.377600e+01 1.657169e+02
      vertex   9.487553e+01 5.315643e+01 1.644611e+02
    endloop
  endfacet
  facet normal 3.748375e-01 -9.171316e-01 1.355232e-01
    outer loop
      vertex   9.568463e+01 5.320625e+01 1.625604e+02
      vertex   9.615795e+01 5.359737e+01 1.638981e+02
      vertex   9.487553e+01 5.315643e+01 1.644611e+02
    endloop
  endfacet
  facet normal 3.748375e-01 -9.171316e-01 1.355232e-01
    outer loop
      vertex   9.568463e+01 5.320625e+01 1.625604e+02
      vertex   9.487553e+01 5.315643e+01 1.644611e+02
      vertex   9.441376e+01 5.277483e+01 1.631559e+02
    endloop
  endfacet
  facet normal 9.964354e-01 -8.435959e-02 0.000000e+00
    outer loop
      vertex   1.000000e+02 5.999000e+01 6.000000e+01
      vertex   1.000000e+02 5.999000e+01 1.625100e+02
      vertex   9.989494e+01 5.874901e+01 6.143505e+01
    endloop
  endfacet
  facet normal 9.924321e-01 -1.227934e-01 4.760503e-04
    outer loop
      vertex   9.989494e+01 5.874901e+01 6.143505e+01
      vertex   1.000000e+02 5.999000e+01 1.625100e+02
      vertex   9.985608e+01 5.852877e+01 8.562750e+01
    endloop
  endfacet
  facet normal 9.679387e-01 -2.511855e-01 -7.320880e-04
    outer loop
      vertex   9.989494e+01 5.874901e+01 6.143505e+01
      vertex   9.985608e+01 5.852877e+01 8.562750e+01
      vertex   9.956754e+01 5.748308e+01 6.290741e+01
    endloop
  endfacet
  facet normal 9.569396e-01 -2.902845e-01 1.207129e-03
    outer loop
      vertex   9.956754e+01 5.748308e+01 6.290741e+01
      vertex   9.985608e+01 5.852877e+01 8.562750e+01
      vertex   9.942986e+01 5.712370e+01 8.562750e+01
    endloop
  endfacet
  facet normal 9.076002e-01 -4.198341e-01 -1.141041e-03
    outer loop
      vertex   9.956754e+01 5.748308e+01 6.290741e+01
      vertex   9.942986e+01 5.712370e+01 8.562750e+01
      vertex   9.900111e+01 5.625465e+01 6.435459e+01
    endloop
  endfacet
  facet normal 8.819203e-01 -4.713962e-01 1.482970e-03
    outer loop
      vertex   9.900111e+01 5.625465e+01 6.435459e+01
      vertex   9.942986e+01 5.712370e+01 8.562750e+01
      vertex   9.873771e+01 5.582878e+01 8.562750e+01
    endloop
  endfacet
  facet normal 8.159360e-01 -5.781403e-01 -1.471002e-03
    outer loop
      vertex   9.900111e+01 5.625465e+01 6.435459e+01
      vertex   9.873771e+01 5.582878e+01 8.562750e+01
      vertex   9.820150e+01 5.512267e+01 6.571951e+01
    endloop
  endfacet
  facet normal 7.730094e-01 -6.343924e-01 1.680387e-03
    outer loop
      vertex   9.820150e+01 5.512267e+01 6.571951e+01
      vertex   9.873771e+01 5.582878e+01 8.562750e+01
      vertex   9.780623e+01 5.469377e+01 8.562750e+01
    endloop
  endfacet
  facet normal 7.293521e-01 -6.841384e-01 -2.581494e-04
    outer loop
      vertex   9.820150e+01 5.512267e+01 6.571951e+01
      vertex   9.780623e+01 5.469377e+01 8.562750e+01
      vertex   9.772119e+01 5.461038e+01 6.635441e+01
    endloop
  endfacet
  facet normal 6.609532e-01 -7.504271e-01 3.304883e-04
    outer loop
      vertex   9.772119e+01 5.461038e+01 6.635441e+01
      vertex   9.780623e+01 5.469377e+01 8.562750e+01
      vertex   9.718637e+01 5.413959e+01 6.695339e+01
    endloop
  endfacet
  facet normal 6.343922e-01 -7.730091e-01 1.882293e-03
    outer loop
      vertex   9.718637e+01 5.413959e+01 6.695339e+01
      vertex   9.780623e+01 5.469377e+01 8.562750e+01
      vertex   9.667122e+01 5.376229e+01 8.562750e+01
    endloop
  endfacet
  facet normal 5.827798e-01 -8.126300e-01 -3.420139e-04
    outer loop
      vertex   9.718637e+01 5.413959e+01 6.695339e+01
      vertex   9.667122e+01 5.376229e+01 8.562750e+01
      vertex   9.656918e+01 5.369673e+01 6.753785e+01
    endloop
  endfacet
  facet normal 4.969634e-01 -8.677715e-01 3.419160e-04
    outer loop
      vertex   9.656918e+01 5.369673e+01 6.753785e+01
      vertex   9.667122e+01 5.376229e+01 8.562750e+01
      vertex   9.587145e+01 5.329737e+01 6.809393e+01
    endloop
  endfacet
  facet normal 4.713959e-01 -8.819197e-01 1.883297e-03
    outer loop
      vertex   9.587145e+01 5.329737e+01 6.809393e+01
      vertex   9.667122e+01 5.376229e+01 8.562750e+01
      vertex   9.537630e+01 5.307014e+01 8.562750e+01
    endloop
  endfacet
  facet normal 3.982442e-01 -9.172792e-01 -6.407720e-04
    outer loop
      vertex   9.587145e+01 5.329737e+01 6.809393e+01
      vertex   9.537630e+01 5.307014e+01 8.562750e+01
      vertex   9.510167e+01 5.296281e+01 6.860061e+01
    endloop
  endfacet
  facet normal 2.901556e-01 -9.569785e-01 1.352851e-03
    outer loop
      vertex   9.510167e+01 5.296281e+01 6.860061e+01
      vertex   9.537630e+01 5.307014e+01 8.562750e+01
      vertex   9.427140e+01 5.271169e+01 6.904011e+01
    endloop
  endfacet
  facet normal 2.902844e-01 -9.569395e-01 1.343424e-03
    outer loop
      vertex   9.427140e+01 5.271169e+01 6.904011e+01
      vertex   9.537630e+01 5.307014e+01 8.562750e+01
      vertex   9.397123e+01 5.264392e+01 8.562750e+01
    endloop
  endfacet
  facet normal 1.773707e-01 -9.841438e-01 -8.110366e-04
    outer loop
      vertex   9.427140e+01 5.271169e+01 6.904011e+01
      vertex   9.397123e+01 5.264392e+01 8.562750e+01
      vertex   9.340046e+01 5.255442e+01 6.940271e+01
    endloop
  endfacet
  facet normal 6.203168e-02 -9.980686e-01 3.323250e-03
    outer loop
      vertex   9.340046e+01 5.255442e+01 6.940271e+01
      vertex   9.397123e+01 5.264392e+01 8.562750e+01
      vertex   9.251000e+01 5.250000e+01 6.967987e+01
    endloop
  endfacet
  facet normal 9.801714e-02 -9.951847e-01 8.947279e-16
    outer loop
      vertex   9.251000e+01 5.250000e+01 6.967987e+01
      vertex   9.397123e+01 5.264392e+01 8.562750e+01
      vertex   9.397123e+01 5.264392e+01 1.112550e+02
    endloop
  endfacet
  facet normal 9.801714e-02 -9.951847e-01 -8.391256e-16
    outer loop
      vertex   9.251000e+01 5.250000e+01 6.967987e+01
      vertex   9.397123e+01 5.264392e+01 1.112550e+02
      vertex   9.251000e+01 5.250000e+01 1.625100e+02
    endloop
  endfacet
  facet normal 9.801714e-02 -9.951847e-01 8.401443e-16
    outer loop
      vertex   9.251000e+01 5.250000e+01 1.625100e+02
      vertex   9.397123e+01 5.264392e+01 1.112550e+02
      vertex   9.397123e+01 5.264392e+01 1.368825e+02
    endloop
  endfacet
  facet normal 9.801714e-02 -9.951847e-01 6.188596e-16
    outer loop
      vertex   9.251000e+01 5.250000e+01 1.625100e+02
      vertex   9.397123e+01 5.264392e+01 1.368825e+02
      vertex   9.397123e+01 5.264392e+01 1.625100e+02
    endloop
  endfacet
  facet normal 2.902847e-01 -9.569403e-01 -9.269479e-16
    outer loop
      vertex   9.397123e+01 5.264392e+01 1.625100e+02
      vertex   9.397123e+01 5.264392e+01 1.368825e+02
      vertex   9.537630e+01 5.307014e+01 1.625100e+02
    endloop
  endfacet
  facet normal 2.902847e-01 -9.569403e-01 6.172316e-16
    outer loop
      vertex   9.537630e+01 5.307014e+01 1.625100e+02
      vertex   9.397123e+01 5.264392e+01 1.368825e+02
      vertex   9.537630e+01 5.307014e+01 1.368825e+02
    endloop
  endfacet
  facet normal 4.713967e-01 -8.819213e-01 -6.746896e-16
    outer loop
      vertex   9.537630e+01 5.307014e+01 1.625100e+02
      vertex   9.537630e+01 5.307014e+01 1.368825e+02
      vertex   9.667122e+01 5.376229e+01 1.625100e+02
    endloop
  endfacet
  facet normal 4.713967e-01 -8.819213e-01 9.262394e-17
    outer loop
      vertex   9.667122e+01 5.376229e+01 1.625100e+02
      vertex   9.537630e+01 5.307014e+01 1.368825e+02
      vertex   9.667122e+01 5.376229e+01 1.368825e+02
    endloop
  endfacet
  facet normal 6.343933e-01 -7.730105e-01 -1.022797e-15
    outer loop
      vertex   9.667122e+01 5.376229e+01 1.625100e+02
      vertex   9.667122e+01 5.376229e+01 1.368825e+02
      vertex   9.780623e+01 5.469377e+01 1.625100e+02
    endloop
  endfacet
  facet normal 6.343933e-01 -7.730105e-01 -1.049119e-16
    outer loop
      vertex   9.780623e+01 5.469377e+01 1.625100e+02
      vertex   9.667122e+01 5.376229e+01 1.368825e+02
      vertex   9.780623e+01 5.469377e+01 1.368825e+02
    endloop
  endfacet
  facet normal 7.730105e-01 -6.343933e-01 -1.065730e-15
    outer loop
      vertex   9.780623e+01 5.469377e+01 1.625100e+02
      vertex   9.780623e+01 5.469377e+01 1.368825e+02
      vertex   9.873771e+01 5.582878e+01 1.625100e+02
    endloop
  endfacet
  facet normal 7.730105e-01 -6.343933e-01 4.431946e-17
    outer loop
      vertex   9.873771e+01 5.582878e+01 1.625100e+02
      vertex   9.780623e+01 5.469377e+01 1.368825e+02
      vertex   9.873771e+01 5.582878e+01 1.368825e+02
    endloop
  endfacet
  facet normal 8.819213e-01 -4.713967e-01 -6.491725e-16
    outer loop
      vertex   9.873771e+01 5.582878e+01 1.625100e+02
      vertex   9.873771e+01 5.582878e+01 1.368825e+02
      vertex   9.942986e+01 5.712370e+01 1.625100e+02
    endloop
  endfacet
  facet normal 8.819213e-01 -4.713967e-01 5.565485e-16
    outer loop
      vertex   9.942986e+01 5.712370e+01 1.625100e+02
      vertex   9.873771e+01 5.582878e+01 1.368825e+02
      vertex   9.942986e+01 5.712370e+01 1.368825e+02
    endloop
  endfacet
  facet normal 9.569403e-01 -2.902847e-01 1.132312e-16
    outer loop
      vertex   9.942986e+01 5.712370e+01 1.625100e+02
      vertex   9.942986e+01 5.712370e+01 1.368825e+02
      vertex   9.985608e+01 5.852877e+01 1.625100e+02
    endloop
  endfacet
  facet normal 9.569403e-01 -2.902847e-01 2.414512e-16
    outer loop
      vertex   9.985608e+01 5.852877e+01 1.625100e+02
      vertex   9.942986e+01 5.712370e+01 1.368825e+02
      vertex   9.985608e+01 5.852877e+01 1.368825e+02
    endloop
  endfacet
  facet normal 9.951847e-01 -9.801714e-02 8.152809e-17
    outer loop
      vertex   9.985608e+01 5.852877e+01 1.625100e+02
      vertex   9.985608e+01 5.852877e+01 1.368825e+02
      vertex   1.000000e+02 5.999000e+01 1.625100e+02
    endloop
  endfacet
  facet normal 9.951847e-01 -9.801714e-02 -9.943060e-16
    outer loop
      vertex   1.000000e+02 5.999000e+01 1.625100e+02
      vertex   9.985608e+01 5.852877e+01 1.368825e+02
      vertex   9.985608e+01 5.852877e+01 1.112550e+02
    endloop
  endfacet
  facet normal 9.951847e-01 -9.801714e-02 1.084295e-16
    outer loop
      vertex   1.000000e+02 5.999000e+01 1.625100e+02
      vertex   9.985608e+01 5.852877e+01 1.112550e+02
      vertex   9.985608e+01 5.852877e+01 8.562750e+01
    endloop
  endfacet
  facet normal 9.569403e-01 -2.902847e-01 3.219349e-16
    outer loop
      vertex   9.985608e+01 5.852877e+01 8.562750e+01
      vertex   9.985608e+01 5.852877e+01 1.112550e+02
      vertex   9.942986e+01 5.712370e+01 8.562750e+01
    endloop
  endfacet
  facet normal 9.569403e-01 -2.902847e-01 -7.393422e-16
    outer loop
      vertex   9.985608e+01 5.852877e+01 1.112550e+02
      vertex   9.985608e+01 5.852877e+01 1.368825e+02
      vertex   9.942986e+01 5.712370e+01 1.112550e+02
    endloop
  endfacet
  facet normal 9.569403e-01 -2.902847e-01 -4.773622e-17
    outer loop
      vertex   9.942986e+01 5.712370e+01 1.112550e+02
      vertex   9.985608e+01 5.852877e+01 1.368825e+02
      vertex   9.942986e+01 5.712370e+01 1.368825e+02
    endloop
  endfacet
  facet normal 8.819213e-01 -4.713967e-01 2.951516e-16
    outer loop
      vertex   9.942986e+01 5.712370e+01 1.112550e+02
      vertex   9.942986e+01 5.712370e+01 1.368825e+02
      vertex   9.873771e+01 5.582878e+01 1.112550e+02
    endloop
  endfacet
  facet normal 8.819213e-01 -4.713967e-01 -1.601331e-16
    outer loop
      vertex   9.873771e+01 5.582878e+01 1.112550e+02
      vertex   9.942986e+01 5.712370e+01 1.368825e+02
      vertex   9.873771e+01 5.582878e+01 1.368825e+02
    endloop
  endfacet
  facet normal 7.730105e-01 -6.343933e-01 4.729660e-16
    outer loop
      vertex   9.873771e+01 5.582878e+01 1.112550e+02
      vertex   9.873771e+01 5.582878e+01 1.368825e+02
      vertex   9.780623e+01 5.469377e+01 1.112550e+02
    endloop
  endfacet
  facet normal 7.730105e-01 -6.343933e-01 -4.611925e-16
    outer loop
      vertex   9.780623e+01 5.469377e+01 1.112550e+02
      vertex   9.873771e+01 5.582878e+01 1.368825e+02
      vertex   9.780623e+01 5.469377e+01 1.368825e+02
    endloop
  endfacet
  facet normal 6.343933e-01 -7.730105e-01 4.611925e-16
    outer loop
      vertex   9.780623e+01 5.469377e+01 1.112550e+02
      vertex   9.780623e+01 5.469377e+01 1.368825e+02
      vertex   9.667122e+01 5.376229e+01 1.112550e+02
    endloop
  endfacet
  facet normal 6.343933e-01 -7.730105e-01 -5.941509e-16
    outer loop
      vertex   9.667122e+01 5.376229e+01 1.112550e+02
      vertex   9.780623e+01 5.469377e+01 1.368825e+02
      vertex   9.667122e+01 5.376229e+01 1.368825e+02
    endloop
  endfacet
  facet normal 4.713967e-01 -8.819213e-01 5.816632e-16
    outer loop
      vertex   9.667122e+01 5.376229e+01 1.112550e+02
      vertex   9.667122e+01 5.376229e+01 1.368825e+02
      vertex   9.537630e+01 5.307014e+01 1.112550e+02
    endloop
  endfacet
  facet normal 4.713967e-01 -8.819213e-01 -6.915669e-16
    outer loop
      vertex   9.537630e+01 5.307014e+01 1.112550e+02
      vertex   9.667122e+01 5.376229e+01 1.368825e+02
      vertex   9.537630e+01 5.307014e+01 1.368825e+02
    endloop
  endfacet
  facet normal 2.902847e-01 -9.569403e-01 7.215835e-16
    outer loop
      vertex   9.537630e+01 5.307014e+01 1.112550e+02
      vertex   9.537630e+01 5.307014e+01 1.368825e+02
      vertex   9.397123e+01 5.264392e+01 1.112550e+02
    endloop
  endfacet
  facet normal 2.902847e-01 -9.569403e-01 -8.225961e-16
    outer loop
      vertex   9.397123e+01 5.264392e+01 1.112550e+02
      vertex   9.537630e+01 5.307014e+01 1.368825e+02
      vertex   9.397123e+01 5.264392e+01 1.368825e+02
    endloop
  endfacet
  facet normal 8.819213e-01 -4.713967e-01 -6.491018e-17
    outer loop
      vertex   9.873771e+01 5.582878e+01 8.562750e+01
      vertex   9.942986e+01 5.712370e+01 8.562750e+01
      vertex   9.942986e+01 5.712370e+01 1.112550e+02
    endloop
  endfacet
  facet normal 9.569403e-01 -2.902847e-01 -4.978911e-16
    outer loop
      vertex   9.942986e+01 5.712370e+01 1.112550e+02
      vertex   9.942986e+01 5.712370e+01 8.562750e+01
      vertex   9.985608e+01 5.852877e+01 1.112550e+02
    endloop
  endfacet
  facet normal 8.819213e-01 -4.713967e-01 -2.908316e-16
    outer loop
      vertex   9.873771e+01 5.582878e+01 8.562750e+01
      vertex   9.942986e+01 5.712370e+01 1.112550e+02
      vertex   9.873771e+01 5.582878e+01 1.112550e+02
    endloop
  endfacet
  facet normal 7.730105e-01 -6.343933e-01 2.950463e-16
    outer loop
      vertex   9.780623e+01 5.469377e+01 8.562750e+01
      vertex   9.873771e+01 5.582878e+01 8.562750e+01
      vertex   9.873771e+01 5.582878e+01 1.112550e+02
    endloop
  endfacet
  facet normal 7.730105e-01 -6.343933e-01 -2.084365e-16
    outer loop
      vertex   9.780623e+01 5.469377e+01 8.562750e+01
      vertex   9.873771e+01 5.582878e+01 1.112550e+02
      vertex   9.780623e+01 5.469377e+01 1.112550e+02
    endloop
  endfacet
  facet normal 6.343933e-01 -7.730105e-01 5.959935e-16
    outer loop
      vertex   9.667122e+01 5.376229e+01 8.562750e+01
      vertex   9.780623e+01 5.469377e+01 8.562750e+01
      vertex   9.780623e+01 5.469377e+01 1.112550e+02
    endloop
  endfacet
  facet normal 6.343933e-01 -7.730105e-01 -5.941509e-16
    outer loop
      vertex   9.667122e+01 5.376229e+01 8.562750e+01
      vertex   9.780623e+01 5.469377e+01 1.112550e+02
      vertex   9.667122e+01 5.376229e+01 1.112550e+02
    endloop
  endfacet
  facet normal 4.713967e-01 -8.819213e-01 5.812412e-16
    outer loop
      vertex   9.537630e+01 5.307014e+01 8.562750e+01
      vertex   9.667122e+01 5.376229e+01 8.562750e+01
      vertex   9.667122e+01 5.376229e+01 1.112550e+02
    endloop
  endfacet
  facet normal 4.713967e-01 -8.819213e-01 -9.360866e-16
    outer loop
      vertex   9.537630e+01 5.307014e+01 8.562750e+01
      vertex   9.667122e+01 5.376229e+01 1.112550e+02
      vertex   9.537630e+01 5.307014e+01 1.112550e+02
    endloop
  endfacet
  facet normal 2.902847e-01 -9.569403e-01 4.573217e-16
    outer loop
      vertex   9.397123e+01 5.264392e+01 8.562750e+01
      vertex   9.537630e+01 5.307014e+01 8.562750e+01
      vertex   9.537630e+01 5.307014e+01 1.112550e+02
    endloop
  endfacet
  facet normal 2.902847e-01 -9.569403e-01 -6.616286e-16
    outer loop
      vertex   9.397123e+01 5.264392e+01 8.562750e+01
      vertex   9.537630e+01 5.307014e+01 1.112550e+02
      vertex   9.397123e+01 5.264392e+01 1.112550e+02
    endloop
  endfacet
  facet normal 9.951847e-01 0.000000e+00 9.801714e-02
    outer loop
      vertex   1.000000e+02 6.001000e+01 1.625100e+02
      vertex   9.985608e+01 6.001000e+01 1.639712e+02
      vertex   1.000000e+02 5.999000e+01 1.625100e+02
    endloop
  endfacet
  facet normal 9.951847e-01 -1.414908e-12 9.801714e-02
    outer loop
      vertex   1.000000e+02 5.999000e+01 1.625100e+02
      vertex   9.985608e+01 6.001000e+01 1.639712e+02
      vertex   9.985608e+01 5.999000e+01 1.639712e+02
    endloop
  endfacet
  facet normal 9.569403e-01 -1.359894e-12 2.902847e-01
    outer loop
      vertex   9.985608e+01 5.999000e+01 1.639712e+02
      vertex   9.985608e+01 6.001000e+01 1.639712e+02
      vertex   9.942986e+01 6.001000e+01 1.653763e+02
    endloop
  endfacet
  facet normal 9.569403e-01 0.000000e+00 2.902847e-01
    outer loop
      vertex   9.985608e+01 5.999000e+01 1.639712e+02
      vertex   9.942986e+01 6.001000e+01 1.653763e+02
      vertex   9.942986e+01 5.999000e+01 1.653763e+02
    endloop
  endfacet
  facet normal 8.819213e-01 -0.000000e+00 4.713967e-01
    outer loop
      vertex   9.942986e+01 5.999000e+01 1.653763e+02
      vertex   9.942986e+01 6.001000e+01 1.653763e+02
      vertex   9.873771e+01 6.001000e+01 1.666712e+02
    endloop
  endfacet
  facet normal 8.819213e-01 -6.275878e-13 4.713967e-01
    outer loop
      vertex   9.942986e+01 5.999000e+01 1.653763e+02
      vertex   9.873771e+01 6.001000e+01 1.666712e+02
      vertex   9.873771e+01 5.999000e+01 1.666712e+02
    endloop
  endfacet
  facet normal 7.730105e-01 -5.492570e-13 6.343933e-01
    outer loop
      vertex   9.873771e+01 5.999000e+01 1.666712e+02
      vertex   9.873771e+01 6.001000e+01 1.666712e+02
      vertex   9.780623e+01 6.001000e+01 1.678062e+02
    endloop
  endfacet
  facet normal 7.730105e-01 -2.003744e-12 6.343933e-01
    outer loop
      vertex   9.873771e+01 5.999000e+01 1.666712e+02
      vertex   9.780623e+01 6.001000e+01 1.678062e+02
      vertex   9.780623e+01 5.999000e+01 1.678062e+02
    endloop
  endfacet
  facet normal 6.343933e-01 -2.000041e-12 7.730105e-01
    outer loop
      vertex   9.780623e+01 5.999000e+01 1.678062e+02
      vertex   9.780623e+01 6.001000e+01 1.678062e+02
      vertex   9.667122e+01 6.001000e+01 1.687377e+02
    endloop
  endfacet
  facet normal 6.343933e-01 -8.997945e-13 7.730105e-01
    outer loop
      vertex   9.780623e+01 5.999000e+01 1.678062e+02
      vertex   9.667122e+01 6.001000e+01 1.687377e+02
      vertex   9.667122e+01 5.999000e+01 1.687377e+02
    endloop
  endfacet
  facet normal 4.713967e-01 -6.698951e-13 8.819213e-01
    outer loop
      vertex   9.667122e+01 5.999000e+01 1.687377e+02
      vertex   9.667122e+01 6.001000e+01 1.687377e+02
      vertex   9.537630e+01 6.001000e+01 1.694299e+02
    endloop
  endfacet
  facet normal 4.713967e-01 -2.506570e-12 8.819213e-01
    outer loop
      vertex   9.667122e+01 5.999000e+01 1.687377e+02
      vertex   9.537630e+01 6.001000e+01 1.694299e+02
      vertex   9.537630e+01 5.999000e+01 1.694299e+02
    endloop
  endfacet
  facet normal 2.902847e-01 -2.719788e-12 9.569403e-01
    outer loop
      vertex   9.537630e+01 5.999000e+01 1.694299e+02
      vertex   9.537630e+01 6.001000e+01 1.694299e+02
      vertex   9.397123e+01 6.001000e+01 1.698561e+02
    endloop
  endfacet
  facet normal 2.902847e-01 -1.361034e-12 9.569403e-01
    outer loop
      vertex   9.537630e+01 5.999000e+01 1.694299e+02
      vertex   9.397123e+01 6.001000e+01 1.698561e+02
      vertex   9.397123e+01 5.999000e+01 1.698561e+02
    endloop
  endfacet
  facet normal 9.801714e-02 -1.414243e-12 9.951847e-01
    outer loop
      vertex   9.397123e+01 5.999000e+01 1.698561e+02
      vertex   9.397123e+01 6.001000e+01 1.698561e+02
      vertex   9.251000e+01 6.001000e+01 1.700000e+02
    endloop
  endfacet
  facet normal 9.801714e-02 0.000000e+00 9.951847e-01
    outer loop
      vertex   9.397123e+01 5.999000e+01 1.698561e+02
      vertex   9.251000e+01 6.001000e+01 1.700000e+02
      vertex   9.251000e+01 5.999000e+01 1.700000e+02
    endloop
  endfacet
  facet normal -1.543351e-03 -9.801702e-02 9.951835e-01
    outer loop
      vertex   7.490000e+00 5.852877e+01 1.698561e+02
      vertex   7.490000e+00 5.999000e+01 1.700000e+02
      vertex   6.930280e+00 5.877339e+01 1.698793e+02
    endloop
  endfacet
  facet normal -9.787647e-02 -5.355589e-02 9.937565e-01
    outer loop
      vertex   6.930280e+00 5.877339e+01 1.698793e+02
      vertex   7.490000e+00 5.999000e+01 1.700000e+02
      vertex   6.028773e+00 5.999000e+01 1.698561e+02
    endloop
  endfacet
  facet normal -1.529730e-01 -9.457450e-02 9.836945e-01
    outer loop
      vertex   6.930280e+00 5.877339e+01 1.698793e+02
      vertex   6.028773e+00 5.999000e+01 1.698561e+02
      vertex   5.586243e+00 5.934409e+01 1.697252e+02
    endloop
  endfacet
  facet normal -2.902812e-01 4.924580e-03 9.569287e-01
    outer loop
      vertex   5.586243e+00 5.934409e+01 1.697252e+02
      vertex   6.028773e+00 5.999000e+01 1.698561e+02
      vertex   4.623701e+00 5.999000e+01 1.694299e+02
    endloop
  endfacet
  facet normal -3.791683e-01 -1.473859e-01 9.135145e-01
    outer loop
      vertex   5.586243e+00 5.934409e+01 1.697252e+02
      vertex   4.623701e+00 5.999000e+01 1.694299e+02
      vertex   4.315367e+00 5.993962e+01 1.692938e+02
    endloop
  endfacet
  facet normal -4.212266e-01 4.489214e-01 7.880595e-01
    outer loop
      vertex   4.315367e+00 5.993962e+01 1.692938e+02
      vertex   4.623701e+00 5.999000e+01 1.694299e+02
      vertex   3.328779e+00 5.999000e+01 1.687377e+02
    endloop
  endfacet
  facet normal -4.925144e-01 -7.914225e-02 8.666984e-01
    outer loop
      vertex   4.315367e+00 5.993962e+01 1.692938e+02
      vertex   3.328779e+00 5.999000e+01 1.687377e+02
      vertex   3.842053e+00 5.860187e+01 1.689026e+02
    endloop
  endfacet
  facet normal -5.539229e-01 -1.067195e-01 8.256999e-01
    outer loop
      vertex   3.842053e+00 5.860187e+01 1.689026e+02
      vertex   3.328779e+00 5.999000e+01 1.687377e+02
      vertex   2.699830e+00 5.921813e+01 1.682160e+02
    endloop
  endfacet
  facet normal -5.900438e-01 -2.320407e-01 7.733081e-01
    outer loop
      vertex   3.842053e+00 5.860187e+01 1.689026e+02
      vertex   2.699830e+00 5.921813e+01 1.682160e+02
      vertex   3.515968e+00 5.731464e+01 1.682676e+02
    endloop
  endfacet
  facet normal -5.900438e-01 -2.320407e-01 7.733081e-01
    outer loop
      vertex   3.515968e+00 5.731464e+01 1.682676e+02
      vertex   2.699830e+00 5.921813e+01 1.682160e+02
      vertex   2.378328e+00 5.794900e+01 1.675899e+02
    endloop
  endfacet
  facet normal -6.229976e-01 -3.976451e-01 6.736114e-01
    outer loop
      vertex   3.515968e+00 5.731464e+01 1.682676e+02
      vertex   2.378328e+00 5.794900e+01 1.675899e+02
      vertex   3.349713e+00 5.612769e+01 1.674131e+02
    endloop
  endfacet
  facet normal -6.229976e-01 -3.976451e-01 6.736114e-01
    outer loop
      vertex   3.349713e+00 5.612769e+01 1.674131e+02
      vertex   2.378328e+00 5.794900e+01 1.675899e+02
      vertex   2.214410e+00 5.677873e+01 1.667475e+02
    endloop
  endfacet
  facet normal -6.341256e-01 -5.467562e-01 5.467562e-01
    outer loop
      vertex   3.349713e+00 5.612769e+01 1.674131e+02
      vertex   2.214410e+00 5.677873e+01 1.667475e+02
      vertex   3.349713e+00 5.508687e+01 1.663723e+02
    endloop
  endfacet
  facet normal -6.341256e-01 -5.467562e-01 5.467562e-01
    outer loop
      vertex   3.349713e+00 5.508687e+01 1.663723e+02
      vertex   2.214410e+00 5.677873e+01 1.667475e+02
      vertex   2.214410e+00 5.575255e+01 1.657213e+02
    endloop
  endfacet
  facet normal -6.229976e-01 -6.736114e-01 3.976451e-01
    outer loop
      vertex   3.349713e+00 5.508687e+01 1.663723e+02
      vertex   2.214410e+00 5.575255e+01 1.657213e+02
      vertex   3.515968e+00 5.423243e+01 1.651854e+02
    endloop
  endfacet
  facet normal -6.229976e-01 -6.736114e-01 3.976451e-01
    outer loop
      vertex   3.515968e+00 5.423243e+01 1.651854e+02
      vertex   2.214410e+00 5.575255e+01 1.657213e+02
      vertex   2.378328e+00 5.491012e+01 1.645510e+02
    endloop
  endfacet
  facet normal -5.900438e-01 -7.733081e-01 2.320407e-01
    outer loop
      vertex   3.515968e+00 5.423243e+01 1.651854e+02
      vertex   2.378328e+00 5.491012e+01 1.645510e+02
      vertex   3.842053e+00 5.359737e+01 1.638981e+02
    endloop
  endfacet
  facet normal -5.900438e-01 -7.733081e-01 2.320407e-01
    outer loop
      vertex   3.842053e+00 5.359737e+01 1.638981e+02
      vertex   2.378328e+00 5.491012e+01 1.645510e+02
      vertex   2.699830e+00 5.428399e+01 1.632819e+02
    endloop
  endfacet
  facet normal -5.539229e-01 -8.256999e-01 1.067195e-01
    outer loop
      vertex   3.842053e+00 5.359737e+01 1.638981e+02
      vertex   2.699830e+00 5.428399e+01 1.632819e+02
      vertex   3.328779e+00 5.376229e+01 1.625100e+02
    endloop
  endfacet
  facet normal -6.343836e-01 -7.729986e-01 5.536834e-03
    outer loop
      vertex   3.328779e+00 5.376229e+01 1.625100e+02
      vertex   2.699830e+00 5.428399e+01 1.632819e+02
      vertex   2.193770e+00 5.469377e+01 1.625100e+02
    endloop
  endfacet
  facet normal -7.207766e-01 -6.845195e-01 1.091521e-01
    outer loop
      vertex   2.193770e+00 5.469377e+01 1.625100e+02
      vertex   2.699830e+00 5.428399e+01 1.632819e+02
      vertex   1.741689e+00 5.518988e+01 1.626359e+02
    endloop
  endfacet
  facet normal -7.451870e-01 -6.115592e-01 -2.658792e-01
    outer loop
      vertex   2.193770e+00 5.469377e+01 1.625100e+02
      vertex   1.741689e+00 5.518988e+01 1.626359e+02
      vertex   1.262293e+00 5.582878e+01 1.625100e+02
    endloop
  endfacet
  facet normal -8.049614e-01 -5.871008e-01 8.573118e-02
    outer loop
      vertex   1.262293e+00 5.582878e+01 1.625100e+02
      vertex   1.741689e+00 5.518988e+01 1.626359e+02
      vertex   1.437127e+00 5.578302e+01 1.638382e+02
    endloop
  endfacet
  facet normal -8.524996e-01 -5.141144e-01 9.450329e-02
    outer loop
      vertex   1.262293e+00 5.582878e+01 1.625100e+02
      vertex   1.437127e+00 5.578302e+01 1.638382e+02
      vertex   7.285337e-01 5.681759e+01 1.630744e+02
    endloop
  endfacet
  facet normal -8.710202e-01 -4.483554e-01 2.007515e-01
    outer loop
      vertex   7.285337e-01 5.681759e+01 1.630744e+02
      vertex   1.437127e+00 5.578302e+01 1.638382e+02
      vertex   5.878555e-01 5.754059e+01 1.640787e+02
    endloop
  endfacet
  facet normal -9.474312e-01 -3.074444e-01 8.861215e-02
    outer loop
      vertex   7.285337e-01 5.681759e+01 1.630744e+02
      vertex   5.878555e-01 5.754059e+01 1.640787e+02
      vertex   1.591120e-01 5.859424e+01 1.631503e+02
    endloop
  endfacet
  facet normal -9.562553e-01 -2.068524e-01 2.068524e-01
    outer loop
      vertex   1.591120e-01 5.859424e+01 1.631503e+02
      vertex   5.878555e-01 5.754059e+01 1.640787e+02
      vertex   1.591120e-01 5.934966e+01 1.639058e+02
    endloop
  endfacet
  facet normal -9.939487e-01 -7.767262e-02 7.767262e-02
    outer loop
      vertex   1.591120e-01 5.859424e+01 1.631503e+02
      vertex   1.591120e-01 5.934966e+01 1.639058e+02
      vertex   0.000000e+00 5.999000e+01 1.625100e+02
    endloop
  endfacet
  facet normal -9.946223e-01 -3.361531e-02 9.796175e-02
    outer loop
      vertex   0.000000e+00 5.999000e+01 1.625100e+02
      vertex   1.591120e-01 5.934966e+01 1.639058e+02
      vertex   1.439182e-01 5.999000e+01 1.639712e+02
    endloop
  endfacet
  facet normal -9.556301e-01 -5.231192e-02 2.898872e-01
    outer loop
      vertex   1.439182e-01 5.999000e+01 1.639712e+02
      vertex   1.591120e-01 5.934966e+01 1.639058e+02
      vertex   5.701423e-01 5.999000e+01 1.653763e+02
    endloop
  endfacet
  facet normal -9.463902e-01 -9.879688e-02 3.075462e-01
    outer loop
      vertex   5.701423e-01 5.999000e+01 1.653763e+02
      vertex   1.591120e-01 5.934966e+01 1.639058e+02
      vertex   7.285337e-01 5.942563e+01 1.656824e+02
    endloop
  endfacet
  facet normal -8.818919e-01 8.166651e-03 4.713810e-01
    outer loop
      vertex   5.701423e-01 5.999000e+01 1.653763e+02
      vertex   7.285337e-01 5.942563e+01 1.656824e+02
      vertex   1.262293e+00 5.999000e+01 1.666712e+02
    endloop
  endfacet
  facet normal -8.524996e-01 -9.450329e-02 5.141144e-01
    outer loop
      vertex   1.262293e+00 5.999000e+01 1.666712e+02
      vertex   7.285337e-01 5.942563e+01 1.656824e+02
      vertex   1.437127e+00 5.866179e+01 1.667170e+02
    endloop
  endfacet
  facet normal -8.049614e-01 -8.573118e-02 5.871008e-01
    outer loop
      vertex   1.262293e+00 5.999000e+01 1.666712e+02
      vertex   1.437127e+00 5.866179e+01 1.667170e+02
      vertex   1.741689e+00 5.986406e+01 1.673101e+02
    endloop
  endfacet
  facet normal -7.295948e-01 -1.449083e-01 6.683510e-01
    outer loop
      vertex   1.741689e+00 5.986406e+01 1.673101e+02
      vertex   1.437127e+00 5.866179e+01 1.667170e+02
      vertex   2.378328e+00 5.794900e+01 1.675899e+02
    endloop
  endfacet
  facet normal -7.295948e-01 -1.449083e-01 6.683510e-01
    outer loop
      vertex   1.741689e+00 5.986406e+01 1.673101e+02
      vertex   2.378328e+00 5.794900e+01 1.675899e+02
      vertex   2.699830e+00 5.921813e+01 1.682160e+02
    endloop
  endfacet
  facet normal -6.343836e-01 -5.536834e-03 7.729986e-01
    outer loop
      vertex   3.328779e+00 5.999000e+01 1.687377e+02
      vertex   2.193770e+00 5.999000e+01 1.678062e+02
      vertex   2.699830e+00 5.921813e+01 1.682160e+02
    endloop
  endfacet
  facet normal -7.207766e-01 -1.091521e-01 6.845195e-01
    outer loop
      vertex   2.699830e+00 5.921813e+01 1.682160e+02
      vertex   2.193770e+00 5.999000e+01 1.678062e+02
      vertex   1.741689e+00 5.986406e+01 1.673101e+02
    endloop
  endfacet
  facet normal -7.451870e-01 2.658792e-01 6.115592e-01
    outer loop
      vertex   2.193770e+00 5.999000e+01 1.678062e+02
      vertex   1.262293e+00 5.999000e+01 1.666712e+02
      vertex   1.741689e+00 5.986406e+01 1.673101e+02
    endloop
  endfacet
  facet normal -9.946223e-01 -9.796175e-02 3.361531e-02
    outer loop
      vertex   0.000000e+00 5.999000e+01 1.625100e+02
      vertex   1.439182e-01 5.852877e+01 1.625100e+02
      vertex   1.591120e-01 5.859424e+01 1.631503e+02
    endloop
  endfacet
  facet normal -9.556301e-01 -2.898872e-01 5.231192e-02
    outer loop
      vertex   1.591120e-01 5.859424e+01 1.631503e+02
      vertex   1.439182e-01 5.852877e+01 1.625100e+02
      vertex   5.701423e-01 5.712370e+01 1.625100e+02
    endloop
  endfacet
  facet normal -9.463902e-01 -3.075462e-01 9.879688e-02
    outer loop
      vertex   1.591120e-01 5.859424e+01 1.631503e+02
      vertex   5.701423e-01 5.712370e+01 1.625100e+02
      vertex   7.285337e-01 5.681759e+01 1.630744e+02
    endloop
  endfacet
  facet normal -8.818919e-01 -4.713810e-01 -8.166651e-03
    outer loop
      vertex   7.285337e-01 5.681759e+01 1.630744e+02
      vertex   5.701423e-01 5.712370e+01 1.625100e+02
      vertex   1.262293e+00 5.582878e+01 1.625100e+02
    endloop
  endfacet
  facet normal -4.925144e-01 -8.666984e-01 7.914225e-02
    outer loop
      vertex   3.842053e+00 5.359737e+01 1.638981e+02
      vertex   3.328779e+00 5.376229e+01 1.625100e+02
      vertex   4.315367e+00 5.320625e+01 1.625604e+02
    endloop
  endfacet
  facet normal -4.212266e-01 -7.880595e-01 -4.489214e-01
    outer loop
      vertex   4.315367e+00 5.320625e+01 1.625604e+02
      vertex   3.328779e+00 5.376229e+01 1.625100e+02
      vertex   4.623701e+00 5.307014e+01 1.625100e+02
    endloop
  endfacet
  facet normal -3.791683e-01 -9.135145e-01 1.473859e-01
    outer loop
      vertex   4.315367e+00 5.320625e+01 1.625604e+02
      vertex   4.623701e+00 5.307014e+01 1.625100e+02
      vertex   5.586243e+00 5.277483e+01 1.631559e+02
    endloop
  endfacet
  facet normal -2.902812e-01 -9.569287e-01 -4.924580e-03
    outer loop
      vertex   5.586243e+00 5.277483e+01 1.631559e+02
      vertex   4.623701e+00 5.307014e+01 1.625100e+02
      vertex   6.028773e+00 5.264392e+01 1.625100e+02
    endloop
  endfacet
  facet normal -1.529730e-01 -9.836945e-01 9.457450e-02
    outer loop
      vertex   5.586243e+00 5.277483e+01 1.631559e+02
      vertex   6.028773e+00 5.264392e+01 1.625100e+02
      vertex   6.930280e+00 5.262069e+01 1.637266e+02
    endloop
  endfacet
  facet normal -9.787647e-02 -9.937565e-01 5.355589e-02
    outer loop
      vertex   6.930280e+00 5.262069e+01 1.637266e+02
      vertex   6.028773e+00 5.264392e+01 1.625100e+02
      vertex   7.490000e+00 5.250000e+01 1.625100e+02
    endloop
  endfacet
  facet normal -1.543351e-03 -9.951835e-01 9.801702e-02
    outer loop
      vertex   6.930280e+00 5.262069e+01 1.637266e+02
      vertex   7.490000e+00 5.250000e+01 1.625100e+02
      vertex   7.490000e+00 5.264392e+01 1.639712e+02
    endloop
  endfacet
  facet normal -7.203180e-02 -9.639006e-01 2.563338e-01
    outer loop
      vertex   6.930280e+00 5.262069e+01 1.637266e+02
      vertex   7.490000e+00 5.264392e+01 1.639712e+02
      vertex   6.497784e+00 5.297809e+01 1.649490e+02
    endloop
  endfacet
  facet normal -3.620742e-02 -9.563129e-01 2.900943e-01
    outer loop
      vertex   6.497784e+00 5.297809e+01 1.649490e+02
      vertex   7.490000e+00 5.264392e+01 1.639712e+02
      vertex   7.490000e+00 5.307014e+01 1.653763e+02
    endloop
  endfacet
  facet normal -9.735100e-02 -9.021043e-01 4.203935e-01
    outer loop
      vertex   6.497784e+00 5.297809e+01 1.649490e+02
      vertex   7.490000e+00 5.307014e+01 1.653763e+02
      vertex   6.199820e+00 5.355838e+01 1.661252e+02
    endloop
  endfacet
  facet normal -5.999898e-02 -8.803324e-01 4.705475e-01
    outer loop
      vertex   6.199820e+00 5.355838e+01 1.661252e+02
      vertex   7.490000e+00 5.307014e+01 1.653763e+02
      vertex   7.490000e+00 5.376229e+01 1.666712e+02
    endloop
  endfacet
  facet normal -1.126289e-01 -8.138364e-01 5.700745e-01
    outer loop
      vertex   6.199820e+00 5.355838e+01 1.661252e+02
      vertex   7.490000e+00 5.376229e+01 1.666712e+02
      vertex   6.047902e+00 5.433914e+01 1.672098e+02
    endloop
  endfacet
  facet normal -7.208889e-02 -7.709992e-01 6.327427e-01
    outer loop
      vertex   6.047902e+00 5.433914e+01 1.672098e+02
      vertex   7.490000e+00 5.376229e+01 1.666712e+02
      vertex   7.490000e+00 5.469377e+01 1.678062e+02
    endloop
  endfacet
  facet normal -1.177319e-01 -7.021891e-01 7.021891e-01
    outer loop
      vertex   6.047902e+00 5.433914e+01 1.672098e+02
      vertex   7.490000e+00 5.469377e+01 1.678062e+02
      vertex   6.047902e+00 5.529019e+01 1.681609e+02
    endloop
  endfacet
  facet normal -7.208889e-02 -6.327427e-01 7.709992e-01
    outer loop
      vertex   6.047902e+00 5.529019e+01 1.681609e+02
      vertex   7.490000e+00 5.469377e+01 1.678062e+02
      vertex   7.490000e+00 5.582878e+01 1.687377e+02
    endloop
  endfacet
  facet normal -1.126289e-01 -5.700745e-01 8.138364e-01
    outer loop
      vertex   6.047902e+00 5.529019e+01 1.681609e+02
      vertex   7.490000e+00 5.582878e+01 1.687377e+02
      vertex   6.199820e+00 5.637479e+01 1.689416e+02
    endloop
  endfacet
  facet normal -5.999898e-02 -4.705475e-01 8.803324e-01
    outer loop
      vertex   6.199820e+00 5.637479e+01 1.689416e+02
      vertex   7.490000e+00 5.582878e+01 1.687377e+02
      vertex   7.490000e+00 5.712370e+01 1.694299e+02
    endloop
  endfacet
  facet normal -9.735100e-02 -4.203935e-01 9.021043e-01
    outer loop
      vertex   6.199820e+00 5.637479e+01 1.689416e+02
      vertex   7.490000e+00 5.712370e+01 1.694299e+02
      vertex   6.497784e+00 5.755101e+01 1.695219e+02
    endloop
  endfacet
  facet normal -3.620742e-02 -2.900943e-01 9.563129e-01
    outer loop
      vertex   6.497784e+00 5.755101e+01 1.695219e+02
      vertex   7.490000e+00 5.712370e+01 1.694299e+02
      vertex   7.490000e+00 5.852877e+01 1.698561e+02
    endloop
  endfacet
  facet normal -7.203180e-02 -2.563338e-01 9.639006e-01
    outer loop
      vertex   6.497784e+00 5.755101e+01 1.695219e+02
      vertex   7.490000e+00 5.852877e+01 1.698561e+02
      vertex   6.930280e+00 5.877339e+01 1.698793e+02
    endloop
  endfacet
  facet normal -1.987865e-01 -2.095776e-01 9.573720e-01
    outer loop
      vertex   6.497784e+00 5.755101e+01 1.695219e+02
      vertex   6.930280e+00 5.877339e+01 1.698793e+02
      vertex   5.586243e+00 5.934409e+01 1.697252e+02
    endloop
  endfacet
  facet normal -3.748375e-01 -1.355232e-01 9.171316e-01
    outer loop
      vertex   5.586243e+00 5.934409e+01 1.697252e+02
      vertex   4.315367e+00 5.993962e+01 1.692938e+02
      vertex   5.124466e+00 5.803895e+01 1.693436e+02
    endloop
  endfacet
  facet normal -3.748375e-01 -1.355232e-01 9.171316e-01
    outer loop
      vertex   5.124466e+00 5.803895e+01 1.693436e+02
      vertex   4.315367e+00 5.993962e+01 1.692938e+02
      vertex   3.842053e+00 5.860187e+01 1.689026e+02
    endloop
  endfacet
  facet normal -4.280683e-01 -3.103169e-01 8.487997e-01
    outer loop
      vertex   5.124466e+00 5.803895e+01 1.693436e+02
      vertex   3.842053e+00 5.860187e+01 1.689026e+02
      vertex   4.806328e+00 5.678309e+01 1.687240e+02
    endloop
  endfacet
  facet normal -4.280683e-01 -3.103169e-01 8.487997e-01
    outer loop
      vertex   4.806328e+00 5.678309e+01 1.687240e+02
      vertex   3.842053e+00 5.860187e+01 1.689026e+02
      vertex   3.515968e+00 5.731464e+01 1.682676e+02
    endloop
  endfacet
  facet normal -4.608526e-01 -4.750693e-01 7.496159e-01
    outer loop
      vertex   4.806328e+00 5.678309e+01 1.687240e+02
      vertex   3.515968e+00 5.731464e+01 1.682676e+02
      vertex   4.644125e+00 5.562507e+01 1.678904e+02
    endloop
  endfacet
  facet normal -4.608526e-01 -4.750693e-01 7.496159e-01
    outer loop
      vertex   4.644125e+00 5.562507e+01 1.678904e+02
      vertex   3.515968e+00 5.731464e+01 1.682676e+02
      vertex   3.349713e+00 5.612769e+01 1.674131e+02
    endloop
  endfacet
  facet normal -4.719234e-01 -6.234133e-01 6.234133e-01
    outer loop
      vertex   4.644125e+00 5.562507e+01 1.678904e+02
      vertex   3.349713e+00 5.612769e+01 1.674131e+02
      vertex   4.644125e+00 5.460962e+01 1.668749e+02
    endloop
  endfacet
  facet normal -4.719234e-01 -6.234133e-01 6.234133e-01
    outer loop
      vertex   4.644125e+00 5.460962e+01 1.668749e+02
      vertex   3.349713e+00 5.612769e+01 1.674131e+02
      vertex   3.349713e+00 5.508687e+01 1.663723e+02
    endloop
  endfacet
  facet normal -4.608526e-01 -7.496159e-01 4.750693e-01
    outer loop
      vertex   4.644125e+00 5.460962e+01 1.668749e+02
      vertex   3.349713e+00 5.508687e+01 1.663723e+02
      vertex   4.806328e+00 5.377600e+01 1.657169e+02
    endloop
  endfacet
  facet normal -4.608526e-01 -7.496159e-01 4.750693e-01
    outer loop
      vertex   4.806328e+00 5.377600e+01 1.657169e+02
      vertex   3.349713e+00 5.508687e+01 1.663723e+02
      vertex   3.515968e+00 5.423243e+01 1.651854e+02
    endloop
  endfacet
  facet normal -4.280683e-01 -8.487997e-01 3.103169e-01
    outer loop
      vertex   4.806328e+00 5.377600e+01 1.657169e+02
      vertex   3.515968e+00 5.423243e+01 1.651854e+02
      vertex   5.124466e+00 5.315643e+01 1.644611e+02
    endloop
  endfacet
  facet normal -4.280683e-01 -8.487997e-01 3.103169e-01
    outer loop
      vertex   5.124466e+00 5.315643e+01 1.644611e+02
      vertex   3.515968e+00 5.423243e+01 1.651854e+02
      vertex   3.842053e+00 5.359737e+01 1.638981e+02
    endloop
  endfacet
  facet normal -3.748375e-01 -9.171316e-01 1.355232e-01
    outer loop
      vertex   5.124466e+00 5.315643e+01 1.644611e+02
      vertex   3.842053e+00 5.359737e+01 1.638981e+02
      vertex   5.586243e+00 5.277483e+01 1.631559e+02
    endloop
  endfacet
  facet normal -3.748375e-01 -9.171316e-01 1.355232e-01
    outer loop
      vertex   5.586243e+00 5.277483e+01 1.631559e+02
      vertex   3.842053e+00 5.359737e+01 1.638981e+02
      vertex   4.315367e+00 5.320625e+01 1.625604e+02
    endloop
  endfacet
  facet normal -2.497145e-01 -3.768093e-01 8.919963e-01
    outer loop
      vertex   6.199820e+00 5.637479e+01 1.689416e+02
      vertex   6.497784e+00 5.755101e+01 1.695219e+02
      vertex   5.124466e+00 5.803895e+01 1.693436e+02
    endloop
  endfacet
  facet normal -1.987865e-01 -2.095776e-01 9.573720e-01
    outer loop
      vertex   5.124466e+00 5.803895e+01 1.693436e+02
      vertex   6.497784e+00 5.755101e+01 1.695219e+02
      vertex   5.586243e+00 5.934409e+01 1.697252e+02
    endloop
  endfacet
  facet normal -2.497145e-01 -3.768093e-01 8.919963e-01
    outer loop
      vertex   6.199820e+00 5.637479e+01 1.689416e+02
      vertex   5.124466e+00 5.803895e+01 1.693436e+02
      vertex   4.806328e+00 5.678309e+01 1.687240e+02
    endloop
  endfacet
  facet normal -7.614634e-01 -3.050591e-01 5.719375e-01
    outer loop
      vertex   2.214410e+00 5.677873e+01 1.667475e+02
      vertex   2.378328e+00 5.794900e+01 1.675899e+02
      vertex   1.437127e+00 5.866179e+01 1.667170e+02
    endloop
  endfacet
  facet normal -8.710202e-01 -2.007515e-01 4.483554e-01
    outer loop
      vertex   1.437127e+00 5.866179e+01 1.667170e+02
      vertex   7.285337e-01 5.942563e+01 1.656824e+02
      vertex   1.281845e+00 5.755318e+01 1.659189e+02
    endloop
  endfacet
  facet normal -8.710202e-01 -2.007515e-01 4.483554e-01
    outer loop
      vertex   1.281845e+00 5.755318e+01 1.659189e+02
      vertex   7.285337e-01 5.942563e+01 1.656824e+02
      vertex   5.878555e-01 5.842128e+01 1.649594e+02
    endloop
  endfacet
  facet normal -8.810045e-01 -3.345378e-01 3.345378e-01
    outer loop
      vertex   1.281845e+00 5.755318e+01 1.659189e+02
      vertex   5.878555e-01 5.842128e+01 1.649594e+02
      vertex   1.281845e+00 5.658107e+01 1.649468e+02
    endloop
  endfacet
  facet normal -8.810045e-01 -3.345378e-01 3.345378e-01
    outer loop
      vertex   1.281845e+00 5.658107e+01 1.649468e+02
      vertex   5.878555e-01 5.842128e+01 1.649594e+02
      vertex   5.878555e-01 5.754059e+01 1.640787e+02
    endloop
  endfacet
  facet normal -8.710202e-01 -4.483554e-01 2.007515e-01
    outer loop
      vertex   1.281845e+00 5.658107e+01 1.649468e+02
      vertex   5.878555e-01 5.754059e+01 1.640787e+02
      vertex   1.437127e+00 5.578302e+01 1.638382e+02
    endloop
  endfacet
  facet normal -2.810805e-01 -5.344342e-01 7.971034e-01
    outer loop
      vertex   6.047902e+00 5.529019e+01 1.681609e+02
      vertex   6.199820e+00 5.637479e+01 1.689416e+02
      vertex   4.806328e+00 5.678309e+01 1.687240e+02
    endloop
  endfacet
  facet normal -2.810805e-01 -5.344342e-01 7.971034e-01
    outer loop
      vertex   6.047902e+00 5.529019e+01 1.681609e+02
      vertex   4.806328e+00 5.678309e+01 1.687240e+02
      vertex   4.644125e+00 5.562507e+01 1.678904e+02
    endloop
  endfacet
  facet normal -9.562553e-01 -2.068524e-01 2.068524e-01
    outer loop
      vertex   5.878555e-01 5.754059e+01 1.640787e+02
      vertex   5.878555e-01 5.842128e+01 1.649594e+02
      vertex   1.591120e-01 5.934966e+01 1.639058e+02
    endloop
  endfacet
  facet normal -9.474312e-01 -8.861215e-02 3.074444e-01
    outer loop
      vertex   1.591120e-01 5.934966e+01 1.639058e+02
      vertex   5.878555e-01 5.842128e+01 1.649594e+02
      vertex   7.285337e-01 5.942563e+01 1.656824e+02
    endloop
  endfacet
  facet normal -7.722249e-01 -4.492598e-01 4.492598e-01
    outer loop
      vertex   2.214410e+00 5.575255e+01 1.657213e+02
      vertex   2.214410e+00 5.677873e+01 1.667475e+02
      vertex   1.281845e+00 5.755318e+01 1.659189e+02
    endloop
  endfacet
  facet normal -7.614634e-01 -3.050591e-01 5.719375e-01
    outer loop
      vertex   1.281845e+00 5.755318e+01 1.659189e+02
      vertex   2.214410e+00 5.677873e+01 1.667475e+02
      vertex   1.437127e+00 5.866179e+01 1.667170e+02
    endloop
  endfacet
  facet normal -7.722249e-01 -4.492598e-01 4.492598e-01
    outer loop
      vertex   2.214410e+00 5.575255e+01 1.657213e+02
      vertex   1.281845e+00 5.755318e+01 1.659189e+02
      vertex   1.281845e+00 5.658107e+01 1.649468e+02
    endloop
  endfacet
  facet normal -2.916723e-01 -6.763606e-01 6.763606e-01
    outer loop
      vertex   6.047902e+00 5.433914e+01 1.672098e+02
      vertex   6.047902e+00 5.529019e+01 1.681609e+02
      vertex   4.644125e+00 5.562507e+01 1.678904e+02
    endloop
  endfacet
  facet normal -2.916723e-01 -6.763606e-01 6.763606e-01
    outer loop
      vertex   6.047902e+00 5.433914e+01 1.672098e+02
      vertex   4.644125e+00 5.562507e+01 1.678904e+02
      vertex   4.644125e+00 5.460962e+01 1.668749e+02
    endloop
  endfacet
  facet normal -7.614634e-01 -5.719375e-01 3.050591e-01
    outer loop
      vertex   2.378328e+00 5.491012e+01 1.645510e+02
      vertex   2.214410e+00 5.575255e+01 1.657213e+02
      vertex   1.281845e+00 5.658107e+01 1.649468e+02
    endloop
  endfacet
  facet normal -7.614634e-01 -5.719375e-01 3.050591e-01
    outer loop
      vertex   2.378328e+00 5.491012e+01 1.645510e+02
      vertex   1.281845e+00 5.658107e+01 1.649468e+02
      vertex   1.437127e+00 5.578302e+01 1.638382e+02
    endloop
  endfacet
  facet normal -2.810805e-01 -7.971034e-01 5.344342e-01
    outer loop
      vertex   6.199820e+00 5.355838e+01 1.661252e+02
      vertex   6.047902e+00 5.433914e+01 1.672098e+02
      vertex   4.644125e+00 5.460962e+01 1.668749e+02
    endloop
  endfacet
  facet normal -2.810805e-01 -7.971034e-01 5.344342e-01
    outer loop
      vertex   6.199820e+00 5.355838e+01 1.661252e+02
      vertex   4.644125e+00 5.460962e+01 1.668749e+02
      vertex   4.806328e+00 5.377600e+01 1.657169e+02
    endloop
  endfacet
  facet normal -7.295948e-01 -6.683510e-01 1.449083e-01
    outer loop
      vertex   2.699830e+00 5.428399e+01 1.632819e+02
      vertex   2.378328e+00 5.491012e+01 1.645510e+02
      vertex   1.437127e+00 5.578302e+01 1.638382e+02
    endloop
  endfacet
  facet normal -7.295948e-01 -6.683510e-01 1.449083e-01
    outer loop
      vertex   1.741689e+00 5.518988e+01 1.626359e+02
      vertex   2.699830e+00 5.428399e+01 1.632819e+02
      vertex   1.437127e+00 5.578302e+01 1.638382e+02
    endloop
  endfacet
  facet normal -2.497145e-01 -8.919963e-01 3.768093e-01
    outer loop
      vertex   6.497784e+00 5.297809e+01 1.649490e+02
      vertex   6.199820e+00 5.355838e+01 1.661252e+02
      vertex   4.806328e+00 5.377600e+01 1.657169e+02
    endloop
  endfacet
  facet normal -2.497145e-01 -8.919963e-01 3.768093e-01
    outer loop
      vertex   6.497784e+00 5.297809e+01 1.649490e+02
      vertex   4.806328e+00 5.377600e+01 1.657169e+02
      vertex   5.124466e+00 5.315643e+01 1.644611e+02
    endloop
  endfacet
  facet normal -1.987865e-01 -9.573720e-01 2.095776e-01
    outer loop
      vertex   6.930280e+00 5.262069e+01 1.637266e+02
      vertex   6.497784e+00 5.297809e+01 1.649490e+02
      vertex   5.124466e+00 5.315643e+01 1.644611e+02
    endloop
  endfacet
  facet normal -1.987865e-01 -9.573720e-01 2.095776e-01
    outer loop
      vertex   6.930280e+00 5.262069e+01 1.637266e+02
      vertex   5.124466e+00 5.315643e+01 1.644611e+02
      vertex   5.586243e+00 5.277483e+01 1.631559e+02
    endloop
  endfacet
  facet normal -6.100151e-02 -9.981377e-01 -7.698336e-17
    outer loop
      vertex   7.490000e+00 5.250000e+01 6.967987e+01
      vertex   7.490000e+00 5.250000e+01 1.625100e+02
      vertex   6.599540e+00 5.255442e+01 6.940271e+01
    endloop
  endfacet
  facet normal -1.165594e-01 -9.931836e-01 5.342406e-04
    outer loop
      vertex   6.599540e+00 5.255442e+01 6.940271e+01
      vertex   7.490000e+00 5.250000e+01 1.625100e+02
      vertex   6.028773e+00 5.264392e+01 1.112550e+02
    endloop
  endfacet
  facet normal -1.549094e-01 -9.879287e-01 -5.155175e-18
    outer loop
      vertex   6.599540e+00 5.255442e+01 6.940271e+01
      vertex   6.028773e+00 5.264392e+01 1.112550e+02
      vertex   6.028773e+00 5.264392e+01 8.562750e+01
    endloop
  endfacet
  facet normal -2.902847e-01 -9.569403e-01 -1.006047e-17
    outer loop
      vertex   6.028773e+00 5.264392e+01 8.562750e+01
      vertex   6.028773e+00 5.264392e+01 1.112550e+02
      vertex   4.623701e+00 5.307014e+01 8.562750e+01
    endloop
  endfacet
  facet normal -2.902844e-01 -9.569395e-01 1.343424e-03
    outer loop
      vertex   6.028773e+00 5.264392e+01 8.562750e+01
      vertex   4.623701e+00 5.307014e+01 8.562750e+01
      vertex   5.728604e+00 5.271169e+01 6.904011e+01
    endloop
  endfacet
  facet normal -2.901556e-01 -9.569785e-01 1.352851e-03
    outer loop
      vertex   5.728604e+00 5.271169e+01 6.904011e+01
      vertex   4.623701e+00 5.307014e+01 8.562750e+01
      vertex   4.898327e+00 5.296281e+01 6.860061e+01
    endloop
  endfacet
  facet normal -3.982442e-01 -9.172792e-01 -6.407720e-04
    outer loop
      vertex   4.898327e+00 5.296281e+01 6.860061e+01
      vertex   4.623701e+00 5.307014e+01 8.562750e+01
      vertex   4.128546e+00 5.329737e+01 6.809393e+01
    endloop
  endfacet
  facet normal -4.713959e-01 -8.819197e-01 1.883297e-03
    outer loop
      vertex   4.128546e+00 5.329737e+01 6.809393e+01
      vertex   4.623701e+00 5.307014e+01 8.562750e+01
      vertex   3.328779e+00 5.376229e+01 8.562750e+01
    endloop
  endfacet
  facet normal -4.969634e-01 -8.677715e-01 3.419160e-04
    outer loop
      vertex   4.128546e+00 5.329737e+01 6.809393e+01
      vertex   3.328779e+00 5.376229e+01 8.562750e+01
      vertex   3.430819e+00 5.369673e+01 6.753785e+01
    endloop
  endfacet
  facet normal -5.827798e-01 -8.126300e-01 -3.420139e-04
    outer loop
      vertex   3.430819e+00 5.369673e+01 6.753785e+01
      vertex   3.328779e+00 5.376229e+01 8.562750e+01
      vertex   2.813631e+00 5.413959e+01 6.695339e+01
    endloop
  endfacet
  facet normal -6.343922e-01 -7.730091e-01 1.882293e-03
    outer loop
      vertex   2.813631e+00 5.413959e+01 6.695339e+01
      vertex   3.328779e+00 5.376229e+01 8.562750e+01
      vertex   2.193770e+00 5.469377e+01 8.562750e+01
    endloop
  endfacet
  facet normal -6.609532e-01 -7.504271e-01 3.304883e-04
    outer loop
      vertex   2.813631e+00 5.413959e+01 6.695339e+01
      vertex   2.193770e+00 5.469377e+01 8.562750e+01
      vertex   2.278814e+00 5.461038e+01 6.635441e+01
    endloop
  endfacet
  facet normal -7.293521e-01 -6.841384e-01 -2.581494e-04
    outer loop
      vertex   2.278814e+00 5.461038e+01 6.635441e+01
      vertex   2.193770e+00 5.469377e+01 8.562750e+01
      vertex   1.798504e+00 5.512267e+01 6.571951e+01
    endloop
  endfacet
  facet normal -7.730094e-01 -6.343924e-01 1.680387e-03
    outer loop
      vertex   1.798504e+00 5.512267e+01 6.571951e+01
      vertex   2.193770e+00 5.469377e+01 8.562750e+01
      vertex   1.262293e+00 5.582878e+01 8.562750e+01
    endloop
  endfacet
  facet normal -8.159360e-01 -5.781403e-01 -1.471002e-03
    outer loop
      vertex   1.798504e+00 5.512267e+01 6.571951e+01
      vertex   1.262293e+00 5.582878e+01 8.562750e+01
      vertex   9.988894e-01 5.625465e+01 6.435459e+01
    endloop
  endfacet
  facet normal -8.819203e-01 -4.713962e-01 1.482970e-03
    outer loop
      vertex   9.988894e-01 5.625465e+01 6.435459e+01
      vertex   1.262293e+00 5.582878e+01 8.562750e+01
      vertex   5.701423e-01 5.712370e+01 8.562750e+01
    endloop
  endfacet
  facet normal -9.076002e-01 -4.198341e-01 -1.141041e-03
    outer loop
      vertex   9.988894e-01 5.625465e+01 6.435459e+01
      vertex   5.701423e-01 5.712370e+01 8.562750e+01
      vertex   4.324650e-01 5.748308e+01 6.290741e+01
    endloop
  endfacet
  facet normal -9.569396e-01 -2.902845e-01 1.207129e-03
    outer loop
      vertex   4.324650e-01 5.748308e+01 6.290741e+01
      vertex   5.701423e-01 5.712370e+01 8.562750e+01
      vertex   1.439182e-01 5.852877e+01 8.562750e+01
    endloop
  endfacet
  facet normal -9.679387e-01 -2.511855e-01 -7.320880e-04
    outer loop
      vertex   4.324650e-01 5.748308e+01 6.290741e+01
      vertex   1.439182e-01 5.852877e+01 8.562750e+01
      vertex   1.050642e-01 5.874901e+01 6.143505e+01
    endloop
  endfacet
  facet normal -9.965163e-01 -8.339361e-02 8.412811e-04
    outer loop
      vertex   1.050642e-01 5.874901e+01 6.143505e+01
      vertex   1.439182e-01 5.852877e+01 8.562750e+01
      vertex   0.000000e+00 5.999000e+01 6.000000e+01
    endloop
  endfacet
  facet normal -9.951847e-01 -9.801714e-02 1.622755e-17
    outer loop
      vertex   0.000000e+00 5.999000e+01 6.000000e+01
      vertex   1.439182e-01 5.852877e+01 8.562750e+01
      vertex   1.439182e-01 5.852877e+01 1.112550e+02
    endloop
  endfacet
  facet normal -9.951847e-01 -9.801714e-02 0.000000e+00
    outer loop
      vertex   0.000000e+00 5.999000e+01 6.000000e+01
      vertex   1.439182e-01 5.852877e+01 1.112550e+02
      vertex   0.000000e+00 5.999000e+01 1.625100e+02
    endloop
  endfacet
  facet normal -9.951847e-01 -9.801714e-02 0.000000e+00
    outer loop
      vertex   0.000000e+00 5.999000e+01 1.625100e+02
      vertex   1.439182e-01 5.852877e+01 1.112550e+02
      vertex   1.439182e-01 5.852877e+01 1.368825e+02
    endloop
  endfacet
  facet normal -9.951847e-01 -9.801714e-02 -2.589031e-16
    outer loop
      vertex   0.000000e+00 5.999000e+01 1.625100e+02
      vertex   1.439182e-01 5.852877e+01 1.368825e+02
      vertex   1.439182e-01 5.852877e+01 1.625100e+02
    endloop
  endfacet
  facet normal -9.569403e-01 -2.902847e-01 -2.487368e-16
    outer loop
      vertex   1.439182e-01 5.852877e+01 1.625100e+02
      vertex   1.439182e-01 5.852877e+01 1.368825e+02
      vertex   5.701423e-01 5.712370e+01 1.625100e+02
    endloop
  endfacet
  facet normal -9.569403e-01 -2.902847e-01 -2.072807e-16
    outer loop
      vertex   5.701423e-01 5.712370e+01 1.625100e+02
      vertex   1.439182e-01 5.852877e+01 1.368825e+02
      vertex   5.701423e-01 5.712370e+01 1.368825e+02
    endloop
  endfacet
  facet normal -8.819213e-01 -4.713967e-01 -1.910310e-16
    outer loop
      vertex   5.701423e-01 5.712370e+01 1.625100e+02
      vertex   5.701423e-01 5.712370e+01 1.368825e+02
      vertex   1.262293e+00 5.582878e+01 1.625100e+02
    endloop
  endfacet
  facet normal -8.819213e-01 -4.713967e-01 -1.910310e-16
    outer loop
      vertex   1.262293e+00 5.582878e+01 1.625100e+02
      vertex   5.701423e-01 5.712370e+01 1.368825e+02
      vertex   1.262293e+00 5.582878e+01 1.368825e+02
    endloop
  endfacet
  facet normal -7.730105e-01 -6.343933e-01 -1.674401e-16
    outer loop
      vertex   1.262293e+00 5.582878e+01 1.625100e+02
      vertex   1.262293e+00 5.582878e+01 1.368825e+02
      vertex   2.193770e+00 5.469377e+01 1.625100e+02
    endloop
  endfacet
  facet normal -7.730105e-01 -6.343933e-01 -3.098426e-16
    outer loop
      vertex   2.193770e+00 5.469377e+01 1.625100e+02
      vertex   1.262293e+00 5.582878e+01 1.368825e+02
      vertex   2.193770e+00 5.469377e+01 1.368825e+02
    endloop
  endfacet
  facet normal -6.343933e-01 -7.730105e-01 -3.242549e-16
    outer loop
      vertex   2.193770e+00 5.469377e+01 1.625100e+02
      vertex   2.193770e+00 5.469377e+01 1.368825e+02
      vertex   3.328779e+00 5.376229e+01 1.625100e+02
    endloop
  endfacet
  facet normal -6.343933e-01 -7.730105e-01 -3.022686e-16
    outer loop
      vertex   3.328779e+00 5.376229e+01 1.625100e+02
      vertex   2.193770e+00 5.469377e+01 1.368825e+02
      vertex   3.328779e+00 5.376229e+01 1.368825e+02
    endloop
  endfacet
  facet normal -4.713967e-01 -8.819213e-01 -3.098689e-16
    outer loop
      vertex   3.328779e+00 5.376229e+01 1.625100e+02
      vertex   3.328779e+00 5.376229e+01 1.368825e+02
      vertex   4.623701e+00 5.307014e+01 1.625100e+02
    endloop
  endfacet
  facet normal -4.713967e-01 -8.819213e-01 -2.935316e-16
    outer loop
      vertex   4.623701e+00 5.307014e+01 1.625100e+02
      vertex   3.328779e+00 5.376229e+01 1.368825e+02
      vertex   4.623701e+00 5.307014e+01 1.368825e+02
    endloop
  endfacet
  facet normal -2.902847e-01 -9.569403e-01 -2.955007e-16
    outer loop
      vertex   4.623701e+00 5.307014e+01 1.625100e+02
      vertex   4.623701e+00 5.307014e+01 1.368825e+02
      vertex   6.028773e+00 5.264392e+01 1.625100e+02
    endloop
  endfacet
  facet normal -2.902847e-01 -9.569403e-01 -0.000000e+00
    outer loop
      vertex   6.028773e+00 5.264392e+01 1.625100e+02
      vertex   4.623701e+00 5.307014e+01 1.368825e+02
      vertex   6.028773e+00 5.264392e+01 1.368825e+02
    endloop
  endfacet
  facet normal -9.801714e-02 -9.951847e-01 -0.000000e+00
    outer loop
      vertex   6.028773e+00 5.264392e+01 1.625100e+02
      vertex   6.028773e+00 5.264392e+01 1.368825e+02
      vertex   7.490000e+00 5.250000e+01 1.625100e+02
    endloop
  endfacet
  facet normal -9.801714e-02 -9.951847e-01 -3.688079e-18
    outer loop
      vertex   7.490000e+00 5.250000e+01 1.625100e+02
      vertex   6.028773e+00 5.264392e+01 1.368825e+02
      vertex   6.028773e+00 5.264392e+01 1.112550e+02
    endloop
  endfacet
  facet normal -1.773707e-01 -9.841438e-01 -8.110366e-04
    outer loop
      vertex   5.728604e+00 5.271169e+01 6.904011e+01
      vertex   6.599540e+00 5.255442e+01 6.940271e+01
      vertex   6.028773e+00 5.264392e+01 8.562750e+01
    endloop
  endfacet
  facet normal -2.902847e-01 -9.569403e-01 -1.006047e-17
    outer loop
      vertex   6.028773e+00 5.264392e+01 1.112550e+02
      vertex   6.028773e+00 5.264392e+01 1.368825e+02
      vertex   4.623701e+00 5.307014e+01 1.112550e+02
    endloop
  endfacet
  facet normal -2.902847e-01 -9.569403e-01 0.000000e+00
    outer loop
      vertex   4.623701e+00 5.307014e+01 1.112550e+02
      vertex   6.028773e+00 5.264392e+01 1.368825e+02
      vertex   4.623701e+00 5.307014e+01 1.368825e+02
    endloop
  endfacet
  facet normal -4.713967e-01 -8.819213e-01 0.000000e+00
    outer loop
      vertex   4.623701e+00 5.307014e+01 1.112550e+02
      vertex   4.623701e+00 5.307014e+01 1.368825e+02
      vertex   3.328779e+00 5.376229e+01 1.112550e+02
    endloop
  endfacet
  facet normal -4.713967e-01 -8.819213e-01 0.000000e+00
    outer loop
      vertex   3.328779e+00 5.376229e+01 1.112550e+02
      vertex   4.623701e+00 5.307014e+01 1.368825e+02
      vertex   3.328779e+00 5.376229e+01 1.368825e+02
    endloop
  endfacet
  facet normal -6.343933e-01 -7.730105e-01 0.000000e+00
    outer loop
      vertex   3.328779e+00 5.376229e+01 1.112550e+02
      vertex   3.328779e+00 5.376229e+01 1.368825e+02
      vertex   2.193770e+00 5.469377e+01 1.112550e+02
    endloop
  endfacet
  facet normal -6.343933e-01 -7.730105e-01 1.923370e-16
    outer loop
      vertex   2.193770e+00 5.469377e+01 1.112550e+02
      vertex   3.328779e+00 5.376229e+01 1.368825e+02
      vertex   2.193770e+00 5.469377e+01 1.368825e+02
    endloop
  endfacet
  facet normal -7.730105e-01 -6.343933e-01 1.491002e-16
    outer loop
      vertex   2.193770e+00 5.469377e+01 1.112550e+02
      vertex   2.193770e+00 5.469377e+01 1.368825e+02
      vertex   1.262293e+00 5.582878e+01 1.112550e+02
    endloop
  endfacet
  facet normal -7.730105e-01 -6.343933e-01 3.348801e-17
    outer loop
      vertex   1.262293e+00 5.582878e+01 1.112550e+02
      vertex   2.193770e+00 5.469377e+01 1.368825e+02
      vertex   1.262293e+00 5.582878e+01 1.368825e+02
    endloop
  endfacet
  facet normal -8.819213e-01 -4.713967e-01 3.820620e-17
    outer loop
      vertex   1.262293e+00 5.582878e+01 1.112550e+02
      vertex   1.262293e+00 5.582878e+01 1.368825e+02
      vertex   5.701423e-01 5.712370e+01 1.112550e+02
    endloop
  endfacet
  facet normal -8.819213e-01 -4.713967e-01 0.000000e+00
    outer loop
      vertex   5.701423e-01 5.712370e+01 1.112550e+02
      vertex   1.262293e+00 5.582878e+01 1.368825e+02
      vertex   5.701423e-01 5.712370e+01 1.368825e+02
    endloop
  endfacet
  facet normal -9.569403e-01 -2.902847e-01 0.000000e+00
    outer loop
      vertex   5.701423e-01 5.712370e+01 1.112550e+02
      vertex   5.701423e-01 5.712370e+01 1.368825e+02
      vertex   1.439182e-01 5.852877e+01 1.112550e+02
    endloop
  endfacet
  facet normal -9.569403e-01 -2.902847e-01 0.000000e+00
    outer loop
      vertex   1.439182e-01 5.852877e+01 1.112550e+02
      vertex   5.701423e-01 5.712370e+01 1.368825e+02
      vertex   1.439182e-01 5.852877e+01 1.368825e+02
    endloop
  endfacet
  facet normal -4.713967e-01 -8.819213e-01 -1.475231e-17
    outer loop
      vertex   3.328779e+00 5.376229e+01 8.562750e+01
      vertex   4.623701e+00 5.307014e+01 8.562750e+01
      vertex   4.623701e+00 5.307014e+01 1.112550e+02
    endloop
  endfacet
  facet normal -2.902847e-01 -9.569403e-01 -1.006047e-17
    outer loop
      vertex   4.623701e+00 5.307014e+01 1.112550e+02
      vertex   4.623701e+00 5.307014e+01 8.562750e+01
      vertex   6.028773e+00 5.264392e+01 1.112550e+02
    endloop
  endfacet
  facet normal -4.713967e-01 -8.819213e-01 0.000000e+00
    outer loop
      vertex   3.328779e+00 5.376229e+01 8.562750e+01
      vertex   4.623701e+00 5.307014e+01 1.112550e+02
      vertex   3.328779e+00 5.376229e+01 1.112550e+02
    endloop
  endfacet
  facet normal -6.343933e-01 -7.730105e-01 0.000000e+00
    outer loop
      vertex   2.193770e+00 5.469377e+01 8.562750e+01
      vertex   3.328779e+00 5.376229e+01 8.562750e+01
      vertex   3.328779e+00 5.376229e+01 1.112550e+02
    endloop
  endfacet
  facet normal -6.343933e-01 -7.730105e-01 0.000000e+00
    outer loop
      vertex   2.193770e+00 5.469377e+01 8.562750e+01
      vertex   3.328779e+00 5.376229e+01 1.112550e+02
      vertex   2.193770e+00 5.469377e+01 1.112550e+02
    endloop
  endfacet
  facet normal -7.730105e-01 -6.343933e-01 0.000000e+00
    outer loop
      vertex   1.262293e+00 5.582878e+01 8.562750e+01
      vertex   2.193770e+00 5.469377e+01 8.562750e+01
      vertex   2.193770e+00 5.469377e+01 1.112550e+02
    endloop
  endfacet
  facet normal -7.730105e-01 -6.343933e-01 0.000000e+00
    outer loop
      vertex   1.262293e+00 5.582878e+01 8.562750e+01
      vertex   2.193770e+00 5.469377e+01 1.112550e+02
      vertex   1.262293e+00 5.582878e+01 1.112550e+02
    endloop
  endfacet
  facet normal -8.819213e-01 -4.713967e-01 0.000000e+00
    outer loop
      vertex   5.701423e-01 5.712370e+01 8.562750e+01
      vertex   1.262293e+00 5.582878e+01 8.562750e+01
      vertex   1.262293e+00 5.582878e+01 1.112550e+02
    endloop
  endfacet
  facet normal -8.819213e-01 -4.713967e-01 0.000000e+00
    outer loop
      vertex   5.701423e-01 5.712370e+01 8.562750e+01
      vertex   1.262293e+00 5.582878e+01 1.112550e+02
      vertex   5.701423e-01 5.712370e+01 1.112550e+02
    endloop
  endfacet
  facet normal -9.569403e-01 -2.902847e-01 0.000000e+00
    outer loop
      vertex   1.439182e-01 5.852877e+01 8.562750e+01
      vertex   5.701423e-01 5.712370e+01 8.562750e+01
      vertex   5.701423e-01 5.712370e+01 1.112550e+02
    endloop
  endfacet
  facet normal -9.569403e-01 -2.902847e-01 -3.902759e-17
    outer loop
      vertex   1.439182e-01 5.852877e+01 8.562750e+01
      vertex   5.701423e-01 5.712370e+01 1.112550e+02
      vertex   1.439182e-01 5.852877e+01 1.112550e+02
    endloop
  endfacet
  facet normal 0.000000e+00 -9.951847e-01 9.801714e-02
    outer loop
      vertex   9.251000e+01 5.264392e+01 1.639712e+02
      vertex   6.417000e+01 5.264392e+01 1.639712e+02
      vertex   9.251000e+01 5.250000e+01 1.625100e+02
    endloop
  endfacet
  facet normal 0.000000e+00 -9.951847e-01 9.801714e-02
    outer loop
      vertex   9.251000e+01 5.250000e+01 1.625100e+02
      vertex   6.417000e+01 5.264392e+01 1.639712e+02
      vertex   3.583000e+01 5.264392e+01 1.639712e+02
    endloop
  endfacet
  facet normal 0.000000e+00 -9.951847e-01 9.801714e-02
    outer loop
      vertex   9.251000e+01 5.250000e+01 1.625100e+02
      vertex   3.583000e+01 5.264392e+01 1.639712e+02
      vertex   7.490000e+00 5.250000e+01 1.625100e+02
    endloop
  endfacet
  facet normal -7.490595e-16 -9.951847e-01 9.801714e-02
    outer loop
      vertex   7.490000e+00 5.250000e+01 1.625100e+02
      vertex   3.583000e+01 5.264392e+01 1.639712e+02
      vertex   7.490000e+00 5.264392e+01 1.639712e+02
    endloop
  endfacet
  facet normal -7.197745e-16 -9.569403e-01 2.902847e-01
    outer loop
      vertex   7.490000e+00 5.264392e+01 1.639712e+02
      vertex   3.583000e+01 5.264392e+01 1.639712e+02
      vertex   7.490000e+00 5.307014e+01 1.653763e+02
    endloop
  endfacet
  facet normal -2.399248e-16 -9.569403e-01 2.902847e-01
    outer loop
      vertex   7.490000e+00 5.307014e+01 1.653763e+02
      vertex   3.583000e+01 5.264392e+01 1.639712e+02
      vertex   3.583000e+01 5.307014e+01 1.653763e+02
    endloop
  endfacet
  facet normal -2.211160e-16 -8.819213e-01 4.713967e-01
    outer loop
      vertex   7.490000e+00 5.307014e+01 1.653763e+02
      vertex   3.583000e+01 5.307014e+01 1.653763e+02
      vertex   7.490000e+00 5.376229e+01 1.666712e+02
    endloop
  endfacet
  facet normal -4.422320e-16 -8.819213e-01 4.713967e-01
    outer loop
      vertex   7.490000e+00 5.376229e+01 1.666712e+02
      vertex   3.583000e+01 5.307014e+01 1.653763e+02
      vertex   3.583000e+01 5.376229e+01 1.666712e+02
    endloop
  endfacet
  facet normal -3.876196e-16 -7.730105e-01 6.343933e-01
    outer loop
      vertex   7.490000e+00 5.376229e+01 1.666712e+02
      vertex   3.583000e+01 5.376229e+01 1.666712e+02
      vertex   7.490000e+00 5.469377e+01 1.678062e+02
    endloop
  endfacet
  facet normal -3.876196e-16 -7.730105e-01 6.343933e-01
    outer loop
      vertex   7.490000e+00 5.469377e+01 1.678062e+02
      vertex   3.583000e+01 5.376229e+01 1.666712e+02
      vertex   3.583000e+01 5.469377e+01 1.678062e+02
    endloop
  endfacet
  facet normal -3.181112e-16 -6.343933e-01 7.730105e-01
    outer loop
      vertex   7.490000e+00 5.469377e+01 1.678062e+02
      vertex   3.583000e+01 5.469377e+01 1.678062e+02
      vertex   7.490000e+00 5.582878e+01 1.687377e+02
    endloop
  endfacet
  facet normal -1.590556e-16 -6.343933e-01 7.730105e-01
    outer loop
      vertex   7.490000e+00 5.582878e+01 1.687377e+02
      vertex   3.583000e+01 5.469377e+01 1.678062e+02
      vertex   3.583000e+01 5.582878e+01 1.687377e+02
    endloop
  endfacet
  facet normal -1.181890e-16 -4.713967e-01 8.819213e-01
    outer loop
      vertex   7.490000e+00 5.582878e+01 1.687377e+02
      vertex   3.583000e+01 5.582878e+01 1.687377e+02
      vertex   7.490000e+00 5.712370e+01 1.694299e+02
    endloop
  endfacet
  facet normal -1.887117e-15 -4.713967e-01 8.819213e-01
    outer loop
      vertex   7.490000e+00 5.712370e+01 1.694299e+02
      vertex   3.583000e+01 5.582878e+01 1.687377e+02
      vertex   3.583000e+01 5.712370e+01 1.694299e+02
    endloop
  endfacet
  facet normal -1.992179e-15 -2.902847e-01 9.569403e-01
    outer loop
      vertex   7.490000e+00 5.712370e+01 1.694299e+02
      vertex   3.583000e+01 5.712370e+01 1.694299e+02
      vertex   7.490000e+00 5.852877e+01 1.698561e+02
    endloop
  endfacet
  facet normal -9.596994e-16 -2.902847e-01 9.569403e-01
    outer loop
      vertex   7.490000e+00 5.852877e+01 1.698561e+02
      vertex   3.583000e+01 5.712370e+01 1.694299e+02
      vertex   3.583000e+01 5.852877e+01 1.698561e+02
    endloop
  endfacet
  facet normal -9.980540e-16 -9.801714e-02 9.951847e-01
    outer loop
      vertex   7.490000e+00 5.852877e+01 1.698561e+02
      vertex   3.583000e+01 5.852877e+01 1.698561e+02
      vertex   7.490000e+00 5.999000e+01 1.700000e+02
    endloop
  endfacet
  facet normal 0.000000e+00 -9.801714e-02 9.951847e-01
    outer loop
      vertex   7.490000e+00 5.999000e+01 1.700000e+02
      vertex   3.583000e+01 5.852877e+01 1.698561e+02
      vertex   6.417000e+01 5.852877e+01 1.698561e+02
    endloop
  endfacet
  facet normal 0.000000e+00 -9.801714e-02 9.951847e-01
    outer loop
      vertex   7.490000e+00 5.999000e+01 1.700000e+02
      vertex   6.417000e+01 5.852877e+01 1.698561e+02
      vertex   9.251000e+01 5.999000e+01 1.700000e+02
    endloop
  endfacet
  facet normal -2.467961e-17 -9.801714e-02 9.951847e-01
    outer loop
      vertex   9.251000e+01 5.999000e+01 1.700000e+02
      vertex   6.417000e+01 5.852877e+01 1.698561e+02
      vertex   9.251000e+01 5.852877e+01 1.698561e+02
    endloop
  endfacet
  facet normal -7.278041e-17 -2.902847e-01 9.569403e-01
    outer loop
      vertex   9.251000e+01 5.852877e+01 1.698561e+02
      vertex   6.417000e+01 5.852877e+01 1.698561e+02
      vertex   9.251000e+01 5.712370e+01 1.694299e+02
    endloop
  endfacet
  facet normal 0.000000e+00 -2.902847e-01 9.569403e-01
    outer loop
      vertex   9.251000e+01 5.712370e+01 1.694299e+02
      vertex   6.417000e+01 5.852877e+01 1.698561e+02
      vertex   6.417000e+01 5.712370e+01 1.694299e+02
    endloop
  endfacet
  facet normal 0.000000e+00 -4.713967e-01 8.819213e-01
    outer loop
      vertex   9.251000e+01 5.712370e+01 1.694299e+02
      vertex   6.417000e+01 5.712370e+01 1.694299e+02
      vertex   9.251000e+01 5.582878e+01 1.687377e+02
    endloop
  endfacet
  facet normal 0.000000e+00 -4.713967e-01 8.819213e-01
    outer loop
      vertex   9.251000e+01 5.582878e+01 1.687377e+02
      vertex   6.417000e+01 5.712370e+01 1.694299e+02
      vertex   6.417000e+01 5.582878e+01 1.687377e+02
    endloop
  endfacet
  facet normal 0.000000e+00 -6.343933e-01 7.730105e-01
    outer loop
      vertex   9.251000e+01 5.582878e+01 1.687377e+02
      vertex   6.417000e+01 5.582878e+01 1.687377e+02
      vertex   9.251000e+01 5.469377e+01 1.678062e+02
    endloop
  endfacet
  facet normal -1.590556e-16 -6.343933e-01 7.730105e-01
    outer loop
      vertex   9.251000e+01 5.469377e+01 1.678062e+02
      vertex   6.417000e+01 5.582878e+01 1.687377e+02
      vertex   6.417000e+01 5.469377e+01 1.678062e+02
    endloop
  endfacet
  facet normal -1.938098e-16 -7.730105e-01 6.343933e-01
    outer loop
      vertex   9.251000e+01 5.469377e+01 1.678062e+02
      vertex   6.417000e+01 5.469377e+01 1.678062e+02
      vertex   9.251000e+01 5.376229e+01 1.666712e+02
    endloop
  endfacet
  facet normal 0.000000e+00 -7.730105e-01 6.343933e-01
    outer loop
      vertex   9.251000e+01 5.376229e+01 1.666712e+02
      vertex   6.417000e+01 5.469377e+01 1.678062e+02
      vertex   6.417000e+01 5.376229e+01 1.666712e+02
    endloop
  endfacet
  facet normal 0.000000e+00 -8.819213e-01 4.713967e-01
    outer loop
      vertex   9.251000e+01 5.376229e+01 1.666712e+02
      vertex   6.417000e+01 5.376229e+01 1.666712e+02
      vertex   9.251000e+01 5.307014e+01 1.653763e+02
    endloop
  endfacet
  facet normal -2.211160e-16 -8.819213e-01 4.713967e-01
    outer loop
      vertex   9.251000e+01 5.307014e+01 1.653763e+02
      vertex   6.417000e+01 5.376229e+01 1.666712e+02
      vertex   6.417000e+01 5.307014e+01 1.653763e+02
    endloop
  endfacet
  facet normal -2.399248e-16 -9.569403e-01 2.902847e-01
    outer loop
      vertex   9.251000e+01 5.307014e+01 1.653763e+02
      vertex   6.417000e+01 5.307014e+01 1.653763e+02
      vertex   9.251000e+01 5.264392e+01 1.639712e+02
    endloop
  endfacet
  facet normal 0.000000e+00 -9.569403e-01 2.902847e-01
    outer loop
      vertex   9.251000e+01 5.264392e+01 1.639712e+02
      vertex   6.417000e+01 5.307014e+01 1.653763e+02
      vertex   6.417000e+01 5.264392e+01 1.639712e+02
    endloop
  endfacet
  facet normal 0.000000e+00 -9.569403e-01 2.902847e-01
    outer loop
      vertex   3.583000e+01 5.307014e+01 1.653763e+02
      vertex   3.583000e+01 5.264392e+01 1.639712e+02
      vertex   6.417000e+01 5.264392e+01 1.639712e+02
    endloop
  endfacet
  facet normal 0.000000e+00 -9.569403e-01 2.902847e-01
    outer loop
      vertex   3.583000e+01 5.307014e+01 1.653763e+02
      vertex   6.417000e+01 5.264392e+01 1.639712e+02
      vertex   6.417000e+01 5.307014e+01 1.653763e+02
    endloop
  endfacet
  facet normal 0.000000e+00 -8.819213e-01 4.713967e-01
    outer loop
      vertex   3.583000e+01 5.376229e+01 1.666712e+02
      vertex   3.583000e+01 5.307014e+01 1.653763e+02
      vertex   6.417000e+01 5.307014e+01 1.653763e+02
    endloop
  endfacet
  facet normal 0.000000e+00 -8.819213e-01 4.713967e-01
    outer loop
      vertex   3.583000e+01 5.376229e+01 1.666712e+02
      vertex   6.417000e+01 5.307014e+01 1.653763e+02
      vertex   6.417000e+01 5.376229e+01 1.666712e+02
    endloop
  endfacet
  facet normal 0.000000e+00 -7.730105e-01 6.343933e-01
    outer loop
      vertex   3.583000e+01 5.469377e+01 1.678062e+02
      vertex   3.583000e+01 5.376229e+01 1.666712e+02
      vertex   6.417000e+01 5.376229e+01 1.666712e+02
    endloop
  endfacet
  facet normal -6.362224e-16 -7.730105e-01 6.343933e-01
    outer loop
      vertex   3.583000e+01 5.469377e+01 1.678062e+02
      vertex   6.417000e+01 5.376229e+01 1.666712e+02
      vertex   6.417000e+01 5.469377e+01 1.678062e+02
    endloop
  endfacet
  facet normal -7.790752e-16 -6.343933e-01 7.730105e-01
    outer loop
      vertex   3.583000e+01 5.582878e+01 1.687377e+02
      vertex   3.583000e+01 5.469377e+01 1.678062e+02
      vertex   6.417000e+01 5.469377e+01 1.678062e+02
    endloop
  endfacet
  facet normal 0.000000e+00 -6.343933e-01 7.730105e-01
    outer loop
      vertex   3.583000e+01 5.582878e+01 1.687377e+02
      vertex   6.417000e+01 5.469377e+01 1.678062e+02
      vertex   6.417000e+01 5.582878e+01 1.687377e+02
    endloop
  endfacet
  facet normal 0.000000e+00 -4.713967e-01 8.819213e-01
    outer loop
      vertex   3.583000e+01 5.712370e+01 1.694299e+02
      vertex   3.583000e+01 5.582878e+01 1.687377e+02
      vertex   6.417000e+01 5.582878e+01 1.687377e+02
    endloop
  endfacet
  facet normal 0.000000e+00 -4.713967e-01 8.819213e-01
    outer loop
      vertex   3.583000e+01 5.712370e+01 1.694299e+02
      vertex   6.417000e+01 5.582878e+01 1.687377e+02
      vertex   6.417000e+01 5.712370e+01 1.694299e+02
    endloop
  endfacet
  facet normal 0.000000e+00 -2.902847e-01 9.569403e-01
    outer loop
      vertex   3.583000e+01 5.852877e+01 1.698561e+02
      vertex   3.583000e+01 5.712370e+01 1.694299e+02
      vertex   6.417000e+01 5.712370e+01 1.694299e+02
    endloop
  endfacet
  facet normal 0.000000e+00 -2.902847e-01 9.569403e-01
    outer loop
      vertex   3.583000e+01 5.852877e+01 1.698561e+02
      vertex   6.417000e+01 5.712370e+01 1.694299e+02
      vertex   6.417000e+01 5.852877e+01 1.698561e+02
    endloop
  endfacet
  facet normal -9.951847e-01 0.000000e+00 9.801714e-02
    outer loop
      vertex   0.000000e+00 5.999000e+01 1.625100e+02
      vertex   1.439182e-01 5.999000e+01 1.639712e+02
      vertex   0.000000e+00 6.001000e+01 1.625100e+02
    endloop
  endfacet
  facet normal -9.951847e-01 6.625588e-13 9.801714e-02
    outer loop
      vertex   0.000000e+00 6.001000e+01 1.625100e+02
      vertex   1.439182e-01 5.999000e+01 1.639712e+02
      vertex   1.439182e-01 6.001000e+01 1.639712e+02
    endloop
  endfacet
  facet normal -9.569403e-01 6.374503e-13 2.902847e-01
    outer loop
      vertex   1.439182e-01 6.001000e+01 1.639712e+02
      vertex   1.439182e-01 5.999000e+01 1.639712e+02
      vertex   5.701423e-01 5.999000e+01 1.653763e+02
    endloop
  endfacet
  facet normal -9.569403e-01 5.860006e-13 2.902847e-01
    outer loop
      vertex   1.439182e-01 6.001000e+01 1.639712e+02
      vertex   5.701423e-01 5.999000e+01 1.653763e+02
      vertex   5.701423e-01 6.001000e+01 1.653763e+02
    endloop
  endfacet
  facet normal -8.819213e-01 5.385211e-13 4.713967e-01
    outer loop
      vertex   5.701423e-01 6.001000e+01 1.653763e+02
      vertex   5.701423e-01 5.999000e+01 1.653763e+02
      vertex   1.262293e+00 5.999000e+01 1.666712e+02
    endloop
  endfacet
  facet normal -8.819213e-01 4.914844e-13 4.713967e-01
    outer loop
      vertex   5.701423e-01 6.001000e+01 1.653763e+02
      vertex   1.262293e+00 5.999000e+01 1.666712e+02
      vertex   1.262293e+00 6.001000e+01 1.666712e+02
    endloop
  endfacet
  facet normal -7.730105e-01 4.291070e-13 6.343933e-01
    outer loop
      vertex   1.262293e+00 6.001000e+01 1.666712e+02
      vertex   1.262293e+00 5.999000e+01 1.666712e+02
      vertex   2.193770e+00 5.999000e+01 1.678062e+02
    endloop
  endfacet
  facet normal -7.730105e-01 3.780649e-13 6.343933e-01
    outer loop
      vertex   1.262293e+00 6.001000e+01 1.666712e+02
      vertex   2.193770e+00 5.999000e+01 1.678062e+02
      vertex   2.193770e+00 6.001000e+01 1.678062e+02
    endloop
  endfacet
  facet normal -6.343933e-01 3.098999e-13 7.730105e-01
    outer loop
      vertex   2.193770e+00 6.001000e+01 1.678062e+02
      vertex   2.193770e+00 5.999000e+01 1.678062e+02
      vertex   3.328779e+00 5.999000e+01 1.687377e+02
    endloop
  endfacet
  facet normal -6.343933e-01 2.570842e-13 7.730105e-01
    outer loop
      vertex   2.193770e+00 6.001000e+01 1.678062e+02
      vertex   3.328779e+00 5.999000e+01 1.687377e+02
      vertex   3.328779e+00 6.001000e+01 1.687377e+02
    endloop
  endfacet
  facet normal -4.713967e-01 1.884080e-13 8.819213e-01
    outer loop
      vertex   3.328779e+00 6.001000e+01 1.687377e+02
      vertex   3.328779e+00 5.999000e+01 1.687377e+02
      vertex   4.623701e+00 5.999000e+01 1.694299e+02
    endloop
  endfacet
  facet normal -4.713967e-01 2.631332e-12 8.819213e-01
    outer loop
      vertex   3.328779e+00 6.001000e+01 1.687377e+02
      vertex   4.623701e+00 5.999000e+01 1.694299e+02
      vertex   4.623701e+00 6.001000e+01 1.694299e+02
    endloop
  endfacet
  facet normal -2.902847e-01 2.797135e-12 9.569403e-01
    outer loop
      vertex   4.623701e+00 6.001000e+01 1.694299e+02
      vertex   4.623701e+00 5.999000e+01 1.694299e+02
      vertex   6.028773e+00 5.999000e+01 1.698561e+02
    endloop
  endfacet
  facet normal -2.902847e-01 1.413963e-12 9.569403e-01
    outer loop
      vertex   4.623701e+00 6.001000e+01 1.694299e+02
      vertex   6.028773e+00 5.999000e+01 1.698561e+02
      vertex   6.028773e+00 6.001000e+01 1.698561e+02
    endloop
  endfacet
  facet normal -9.801714e-02 1.431654e-12 9.951847e-01
    outer loop
      vertex   6.028773e+00 6.001000e+01 1.698561e+02
      vertex   6.028773e+00 5.999000e+01 1.698561e+02
      vertex   7.490000e+00 5.999000e+01 1.700000e+02
    endloop
  endfacet
  facet normal -9.801714e-02 0.000000e+00 9.951847e-01
    outer loop
      vertex   6.028773e+00 6.001000e+01 1.698561e+02
      vertex   7.490000e+00 5.999000e+01 1.700000e+02
      vertex   7.490000e+00 6.001000e+01 1.700000e+02
    endloop
  endfacet
  facet normal -0.000000e+00 9.951847e-01 9.801714e-02
    outer loop
      vertex   7.490000e+00 6.735608e+01 1.639712e+02
      vertex   3.583000e+01 6.735608e+01 1.639712e+02
      vertex   7.490000e+00 6.750000e+01 1.625100e+02
    endloop
  endfacet
  facet normal 0.000000e+00 9.951847e-01 9.801714e-02
    outer loop
      vertex   7.490000e+00 6.750000e+01 1.625100e+02
      vertex   3.583000e+01 6.735608e+01 1.639712e+02
      vertex   6.417000e+01 6.735608e+01 1.639712e+02
    endloop
  endfacet
  facet normal -0.000000e+00 9.951847e-01 9.801714e-02
    outer loop
      vertex   7.490000e+00 6.750000e+01 1.625100e+02
      vertex   6.417000e+01 6.735608e+01 1.639712e+02
      vertex   9.251000e+01 6.750000e+01 1.625100e+02
    endloop
  endfacet
  facet normal 9.985236e-16 9.951847e-01 9.801714e-02
    outer loop
      vertex   9.251000e+01 6.750000e+01 1.625100e+02
      vertex   6.417000e+01 6.735608e+01 1.639712e+02
      vertex   9.251000e+01 6.735608e+01 1.639712e+02
    endloop
  endfacet
  facet normal 9.596994e-16 9.569403e-01 2.902847e-01
    outer loop
      vertex   9.251000e+01 6.735608e+01 1.639712e+02
      vertex   6.417000e+01 6.735608e+01 1.639712e+02
      vertex   9.251000e+01 6.692986e+01 1.653763e+02
    endloop
  endfacet
  facet normal 0.000000e+00 9.569403e-01 2.902847e-01
    outer loop
      vertex   9.251000e+01 6.692986e+01 1.653763e+02
      vertex   6.417000e+01 6.735608e+01 1.639712e+02
      vertex   6.417000e+01 6.692986e+01 1.653763e+02
    endloop
  endfacet
  facet normal 0.000000e+00 8.819213e-01 4.713967e-01
    outer loop
      vertex   9.251000e+01 6.692986e+01 1.653763e+02
      vertex   6.417000e+01 6.692986e+01 1.653763e+02
      vertex   9.251000e+01 6.623771e+01 1.666712e+02
    endloop
  endfacet
  facet normal 4.422320e-16 8.819213e-01 4.713967e-01
    outer loop
      vertex   9.251000e+01 6.623771e+01 1.666712e+02
      vertex   6.417000e+01 6.692986e+01 1.653763e+02
      vertex   6.417000e+01 6.623771e+01 1.666712e+02
    endloop
  endfacet
  facet normal 3.876196e-16 7.730105e-01 6.343933e-01
    outer loop
      vertex   9.251000e+01 6.623771e+01 1.666712e+02
      vertex   6.417000e+01 6.623771e+01 1.666712e+02
      vertex   9.251000e+01 6.530623e+01 1.678062e+02
    endloop
  endfacet
  facet normal 3.876196e-16 7.730105e-01 6.343933e-01
    outer loop
      vertex   9.251000e+01 6.530623e+01 1.678062e+02
      vertex   6.417000e+01 6.623771e+01 1.666712e+02
      vertex   6.417000e+01 6.530623e+01 1.678062e+02
    endloop
  endfacet
  facet normal 3.181112e-16 6.343933e-01 7.730105e-01
    outer loop
      vertex   9.251000e+01 6.530623e+01 1.678062e+02
      vertex   6.417000e+01 6.530623e+01 1.678062e+02
      vertex   9.251000e+01 6.417122e+01 1.687377e+02
    endloop
  endfacet
  facet normal 3.181112e-16 6.343933e-01 7.730105e-01
    outer loop
      vertex   9.251000e+01 6.417122e+01 1.687377e+02
      vertex   6.417000e+01 6.530623e+01 1.678062e+02
      vertex   6.417000e+01 6.417122e+01 1.687377e+02
    endloop
  endfacet
  facet normal 2.363779e-16 4.713967e-01 8.819213e-01
    outer loop
      vertex   9.251000e+01 6.417122e+01 1.687377e+02
      vertex   6.417000e+01 6.417122e+01 1.687377e+02
      vertex   9.251000e+01 6.287630e+01 1.694299e+02
    endloop
  endfacet
  facet normal 1.887117e-15 4.713967e-01 8.819213e-01
    outer loop
      vertex   9.251000e+01 6.287630e+01 1.694299e+02
      vertex   6.417000e+01 6.417122e+01 1.687377e+02
      vertex   6.417000e+01 6.287630e+01 1.694299e+02
    endloop
  endfacet
  facet normal 1.992179e-15 2.902847e-01 9.569403e-01
    outer loop
      vertex   9.251000e+01 6.287630e+01 1.694299e+02
      vertex   6.417000e+01 6.287630e+01 1.694299e+02
      vertex   9.251000e+01 6.147123e+01 1.698561e+02
    endloop
  endfacet
  facet normal 9.596994e-16 2.902847e-01 9.569403e-01
    outer loop
      vertex   9.251000e+01 6.147123e+01 1.698561e+02
      vertex   6.417000e+01 6.287630e+01 1.694299e+02
      vertex   6.417000e+01 6.147123e+01 1.698561e+02
    endloop
  endfacet
  facet normal 9.980540e-16 9.801714e-02 9.951847e-01
    outer loop
      vertex   9.251000e+01 6.147123e+01 1.698561e+02
      vertex   6.417000e+01 6.147123e+01 1.698561e+02
      vertex   9.251000e+01 6.001000e+01 1.700000e+02
    endloop
  endfacet
  facet normal 0.000000e+00 9.801714e-02 9.951847e-01
    outer loop
      vertex   9.251000e+01 6.001000e+01 1.700000e+02
      vertex   6.417000e+01 6.147123e+01 1.698561e+02
      vertex   3.583000e+01 6.147123e+01 1.698561e+02
    endloop
  endfacet
  facet normal 0.000000e+00 9.801714e-02 9.951847e-01
    outer loop
      vertex   9.251000e+01 6.001000e+01 1.700000e+02
      vertex   3.583000e+01 6.147123e+01 1.698561e+02
      vertex   7.490000e+00 6.001000e+01 1.700000e+02
    endloop
  endfacet
  facet normal 2.467961e-17 9.801714e-02 9.951847e-01
    outer loop
      vertex   7.490000e+00 6.001000e+01 1.700000e+02
      vertex   3.583000e+01 6.147123e+01 1.698561e+02
      vertex   7.490000e+00 6.147123e+01 1.698561e+02
    endloop
  endfacet
  facet normal 7.278041e-17 2.902847e-01 9.569403e-01
    outer loop
      vertex   7.490000e+00 6.147123e+01 1.698561e+02
      vertex   3.583000e+01 6.147123e+01 1.698561e+02
      vertex   7.490000e+00 6.287630e+01 1.694299e+02
    endloop
  endfacet
  facet normal -0.000000e+00 2.902847e-01 9.569403e-01
    outer loop
      vertex   7.490000e+00 6.287630e+01 1.694299e+02
      vertex   3.583000e+01 6.147123e+01 1.698561e+02
      vertex   3.583000e+01 6.287630e+01 1.694299e+02
    endloop
  endfacet
  facet normal -0.000000e+00 4.713967e-01 8.819213e-01
    outer loop
      vertex   7.490000e+00 6.287630e+01 1.694299e+02
      vertex   3.583000e+01 6.287630e+01 1.694299e+02
      vertex   7.490000e+00 6.417122e+01 1.687377e+02
    endloop
  endfacet
  facet normal -0.000000e+00 4.713967e-01 8.819213e-01
    outer loop
      vertex   7.490000e+00 6.417122e+01 1.687377e+02
      vertex   3.583000e+01 6.287630e+01 1.694299e+02
      vertex   3.583000e+01 6.417122e+01 1.687377e+02
    endloop
  endfacet
  facet normal -0.000000e+00 6.343933e-01 7.730105e-01
    outer loop
      vertex   7.490000e+00 6.417122e+01 1.687377e+02
      vertex   3.583000e+01 6.417122e+01 1.687377e+02
      vertex   7.490000e+00 6.530623e+01 1.678062e+02
    endloop
  endfacet
  facet normal 3.181112e-16 6.343933e-01 7.730105e-01
    outer loop
      vertex   7.490000e+00 6.530623e+01 1.678062e+02
      vertex   3.583000e+01 6.417122e+01 1.687377e+02
      vertex   3.583000e+01 6.530623e+01 1.678062e+02
    endloop
  endfacet
  facet normal 3.876196e-16 7.730105e-01 6.343933e-01
    outer loop
      vertex   7.490000e+00 6.530623e+01 1.678062e+02
      vertex   3.583000e+01 6.530623e+01 1.678062e+02
      vertex   7.490000e+00 6.623771e+01 1.666712e+02
    endloop
  endfacet
  facet normal -0.000000e+00 7.730105e-01 6.343933e-01
    outer loop
      vertex   7.490000e+00 6.623771e+01 1.666712e+02
      vertex   3.583000e+01 6.530623e+01 1.678062e+02
      vertex   3.583000e+01 6.623771e+01 1.666712e+02
    endloop
  endfacet
  facet normal -0.000000e+00 8.819213e-01 4.713967e-01
    outer loop
      vertex   7.490000e+00 6.623771e+01 1.666712e+02
      vertex   3.583000e+01 6.623771e+01 1.666712e+02
      vertex   7.490000e+00 6.692986e+01 1.653763e+02
    endloop
  endfacet
  facet normal 4.422320e-16 8.819213e-01 4.713967e-01
    outer loop
      vertex   7.490000e+00 6.692986e+01 1.653763e+02
      vertex   3.583000e+01 6.623771e+01 1.666712e+02
      vertex   3.583000e+01 6.692986e+01 1.653763e+02
    endloop
  endfacet
  facet normal 4.798497e-16 9.569403e-01 2.902847e-01
    outer loop
      vertex   7.490000e+00 6.692986e+01 1.653763e+02
      vertex   3.583000e+01 6.692986e+01 1.653763e+02
      vertex   7.490000e+00 6.735608e+01 1.639712e+02
    endloop
  endfacet
  facet normal -0.000000e+00 9.569403e-01 2.902847e-01
    outer loop
      vertex   7.490000e+00 6.735608e+01 1.639712e+02
      vertex   3.583000e+01 6.692986e+01 1.653763e+02
      vertex   3.583000e+01 6.735608e+01 1.639712e+02
    endloop
  endfacet
  facet normal 0.000000e+00 9.569403e-01 2.902847e-01
    outer loop
      vertex   6.417000e+01 6.692986e+01 1.653763e+02
      vertex   6.417000e+01 6.735608e+01 1.639712e+02
      vertex   3.583000e+01 6.735608e+01 1.639712e+02
    endloop
  endfacet
  facet normal 0.000000e+00 9.569403e-01 2.902847e-01
    outer loop
      vertex   6.417000e+01 6.692986e+01 1.653763e+02
      vertex   3.583000e+01 6.735608e+01 1.639712e+02
      vertex   3.583000e+01 6.692986e+01 1.653763e+02
    endloop
  endfacet
  facet normal 0.000000e+00 8.819213e-01 4.713967e-01
    outer loop
      vertex   6.417000e+01 6.623771e+01 1.666712e+02
      vertex   6.417000e+01 6.692986e+01 1.653763e+02
      vertex   3.583000e+01 6.692986e+01 1.653763e+02
    endloop
  endfacet
  facet normal 0.000000e+00 8.819213e-01 4.713967e-01
    outer loop
      vertex   6.417000e+01 6.623771e+01 1.666712e+02
      vertex   3.583000e+01 6.692986e+01 1.653763e+02
      vertex   3.583000e+01 6.623771e+01 1.666712e+02
    endloop
  endfacet
  facet normal 0.000000e+00 7.730105e-01 6.343933e-01
    outer loop
      vertex   6.417000e+01 6.530623e+01 1.678062e+02
      vertex   6.417000e+01 6.623771e+01 1.666712e+02
      vertex   3.583000e+01 6.623771e+01 1.666712e+02
    endloop
  endfacet
  facet normal 6.362224e-16 7.730105e-01 6.343933e-01
    outer loop
      vertex   6.417000e+01 6.530623e+01 1.678062e+02
      vertex   3.583000e+01 6.623771e+01 1.666712e+02
      vertex   3.583000e+01 6.530623e+01 1.678062e+02
    endloop
  endfacet
  facet normal 7.737391e-16 6.343933e-01 7.730105e-01
    outer loop
      vertex   6.417000e+01 6.417122e+01 1.687377e+02
      vertex   6.417000e+01 6.530623e+01 1.678062e+02
      vertex   3.583000e+01 6.530623e+01 1.678062e+02
    endloop
  endfacet
  facet normal 0.000000e+00 6.343933e-01 7.730105e-01
    outer loop
      vertex   6.417000e+01 6.417122e+01 1.687377e+02
      vertex   3.583000e+01 6.530623e+01 1.678062e+02
      vertex   3.583000e+01 6.417122e+01 1.687377e+02
    endloop
  endfacet
  facet normal 0.000000e+00 4.713967e-01 8.819213e-01
    outer loop
      vertex   6.417000e+01 6.287630e+01 1.694299e+02
      vertex   6.417000e+01 6.417122e+01 1.687377e+02
      vertex   3.583000e+01 6.417122e+01 1.687377e+02
    endloop
  endfacet
  facet normal 0.000000e+00 4.713967e-01 8.819213e-01
    outer loop
      vertex   6.417000e+01 6.287630e+01 1.694299e+02
      vertex   3.583000e+01 6.417122e+01 1.687377e+02
      vertex   3.583000e+01 6.287630e+01 1.694299e+02
    endloop
  endfacet
  facet normal 0.000000e+00 2.902847e-01 9.569403e-01
    outer loop
      vertex   6.417000e+01 6.147123e+01 1.698561e+02
      vertex   6.417000e+01 6.287630e+01 1.694299e+02
      vertex   3.583000e+01 6.287630e+01 1.694299e+02
    endloop
  endfacet
  facet normal 0.000000e+00 2.902847e-01 9.569403e-01
    outer loop
      vertex   6.417000e+01 6.147123e+01 1.698561e+02
      vertex   3.583000e+01 6.287630e+01 1.694299e+02
      vertex   3.583000e+01 6.147123e+01 1.698561e+02
    endloop
  endfacet
  facet normal -1.066051e-12 -1.000000e+00 -1.826490e-16
    outer loop
      vertex   9.250333e+01 5.250000e+01 6.968160e+01
      vertex   9.251000e+01 5.250000e+01 6.967987e+01
      vertex   9.249000e+01 5.250000e+01 1.475100e+02
    endloop
  endfacet
  facet normal -5.740669e-14 -1.000000e+00 7.654225e-17
    outer loop
      vertex   9.249000e+01 5.250000e+01 1.475100e+02
      vertex   9.251000e+01 5.250000e+01 6.967987e+01
      vertex   9.251000e+01 5.250000e+01 1.625100e+02
    endloop
  endfacet
  facet normal 0.000000e+00 -1.000000e+00 0.000000e+00
    outer loop
      vertex   9.249000e+01 5.250000e+01 1.475100e+02
      vertex   9.251000e+01 5.250000e+01 1.625100e+02
      vertex   9.236184e+01 5.250000e+01 1.494653e+02
    endloop
  endfacet
  facet normal 0.000000e+00 -1.000000e+00 0.000000e+00
    outer loop
      vertex   9.236184e+01 5.250000e+01 1.494653e+02
      vertex   9.251000e+01 5.250000e+01 1.625100e+02
      vertex   9.197957e+01 5.250000e+01 1.513871e+02
    endloop
  endfacet
  facet normal 0.000000e+00 -1.000000e+00 0.000000e+00
    outer loop
      vertex   9.197957e+01 5.250000e+01 1.513871e+02
      vertex   9.251000e+01 5.250000e+01 1.625100e+02
      vertex   9.134972e+01 5.250000e+01 1.532426e+02
    endloop
  endfacet
  facet normal 0.000000e+00 -1.000000e+00 0.000000e+00
    outer loop
      vertex   9.134972e+01 5.250000e+01 1.532426e+02
      vertex   9.251000e+01 5.250000e+01 1.625100e+02
      vertex   9.048306e+01 5.250000e+01 1.550000e+02
    endloop
  endfacet
  facet normal 0.000000e+00 -1.000000e+00 0.000000e+00
    outer loop
      vertex   9.048306e+01 5.250000e+01 1.550000e+02
      vertex   9.251000e+01 5.250000e+01 1.625100e+02
      vertex   8.939443e+01 5.250000e+01 1.566292e+02
    endloop
  endfacet
  facet normal 0.000000e+00 -1.000000e+00 0.000000e+00
    outer loop
      vertex   8.939443e+01 5.250000e+01 1.566292e+02
      vertex   9.251000e+01 5.250000e+01 1.625100e+02
      vertex   8.810246e+01 5.250000e+01 1.581025e+02
    endloop
  endfacet
  facet normal 0.000000e+00 -1.000000e+00 0.000000e+00
    outer loop
      vertex   8.810246e+01 5.250000e+01 1.581025e+02
      vertex   9.251000e+01 5.250000e+01 1.625100e+02
      vertex   8.662925e+01 5.250000e+01 1.593944e+02
    endloop
  endfacet
  facet normal 0.000000e+00 -1.000000e+00 0.000000e+00
    outer loop
      vertex   8.662925e+01 5.250000e+01 1.593944e+02
      vertex   9.251000e+01 5.250000e+01 1.625100e+02
      vertex   8.500000e+01 5.250000e+01 1.604831e+02
    endloop
  endfacet
  facet normal 0.000000e+00 -1.000000e+00 0.000000e+00
    outer loop
      vertex   8.500000e+01 5.250000e+01 1.604831e+02
      vertex   9.251000e+01 5.250000e+01 1.625100e+02
      vertex   8.324260e+01 5.250000e+01 1.613497e+02
    endloop
  endfacet
  facet normal 0.000000e+00 -1.000000e+00 0.000000e+00
    outer loop
      vertex   8.324260e+01 5.250000e+01 1.613497e+02
      vertex   9.251000e+01 5.250000e+01 1.625100e+02
      vertex   8.138711e+01 5.250000e+01 1.619796e+02
    endloop
  endfacet
  facet normal 0.000000e+00 -1.000000e+00 0.000000e+00
    outer loop
      vertex   8.138711e+01 5.250000e+01 1.619796e+02
      vertex   9.251000e+01 5.250000e+01 1.625100e+02
      vertex   7.946528e+01 5.250000e+01 1.623618e+02
    endloop
  endfacet
  facet normal 0.000000e+00 -1.000000e+00 0.000000e+00
    outer loop
      vertex   7.946528e+01 5.250000e+01 1.623618e+02
      vertex   9.251000e+01 5.250000e+01 1.625100e+02
      vertex   7.751000e+01 5.250000e+01 1.624900e+02
    endloop
  endfacet
  facet normal 0.000000e+00 -1.000000e+00 0.000000e+00
    outer loop
      vertex   7.751000e+01 5.250000e+01 1.624900e+02
      vertex   9.251000e+01 5.250000e+01 1.625100e+02
      vertex   7.490000e+00 5.250000e+01 1.625100e+02
    endloop
  endfacet
  facet normal 0.000000e+00 -1.000000e+00 0.000000e+00
    outer loop
      vertex   7.751000e+01 5.250000e+01 1.624900e+02
      vertex   7.490000e+00 5.250000e+01 1.625100e+02
      vertex   2.249000e+01 5.250000e+01 1.624900e+02
    endloop
  endfacet
  facet normal -0.000000e+00 -1.000000e+00 0.000000e+00
    outer loop
      vertex   2.249000e+01 5.250000e+01 1.624900e+02
      vertex   7.490000e+00 5.250000e+01 1.625100e+02
      vertex   2.053472e+01 5.250000e+01 1.623618e+02
    endloop
  endfacet
  facet normal -0.000000e+00 -1.000000e+00 0.000000e+00
    outer loop
      vertex   2.053472e+01 5.250000e+01 1.623618e+02
      vertex   7.490000e+00 5.250000e+01 1.625100e+02
      vertex   1.861289e+01 5.250000e+01 1.619796e+02
    endloop
  endfacet
  facet normal -0.000000e+00 -1.000000e+00 0.000000e+00
    outer loop
      vertex   1.861289e+01 5.250000e+01 1.619796e+02
      vertex   7.490000e+00 5.250000e+01 1.625100e+02
      vertex   1.675740e+01 5.250000e+01 1.613497e+02
    endloop
  endfacet
  facet normal -0.000000e+00 -1.000000e+00 0.000000e+00
    outer loop
      vertex   1.675740e+01 5.250000e+01 1.613497e+02
      vertex   7.490000e+00 5.250000e+01 1.625100e+02
      vertex   1.500000e+01 5.250000e+01 1.604831e+02
    endloop
  endfacet
  facet normal -0.000000e+00 -1.000000e+00 0.000000e+00
    outer loop
      vertex   1.500000e+01 5.250000e+01 1.604831e+02
      vertex   7.490000e+00 5.250000e+01 1.625100e+02
      vertex   1.337075e+01 5.250000e+01 1.593944e+02
    endloop
  endfacet
  facet normal -0.000000e+00 -1.000000e+00 0.000000e+00
    outer loop
      vertex   1.337075e+01 5.250000e+01 1.593944e+02
      vertex   7.490000e+00 5.250000e+01 1.625100e+02
      vertex   1.189754e+01 5.250000e+01 1.581025e+02
    endloop
  endfacet
  facet normal -0.000000e+00 -1.000000e+00 0.000000e+00
    outer loop
      vertex   1.189754e+01 5.250000e+01 1.581025e+02
      vertex   7.490000e+00 5.250000e+01 1.625100e+02
      vertex   1.060557e+01 5.250000e+01 1.566292e+02
    endloop
  endfacet
  facet normal -0.000000e+00 -1.000000e+00 0.000000e+00
    outer loop
      vertex   1.060557e+01 5.250000e+01 1.566292e+02
      vertex   7.490000e+00 5.250000e+01 1.625100e+02
      vertex   9.516939e+00 5.250000e+01 1.550000e+02
    endloop
  endfacet
  facet normal -0.000000e+00 -1.000000e+00 0.000000e+00
    outer loop
      vertex   9.516939e+00 5.250000e+01 1.550000e+02
      vertex   7.490000e+00 5.250000e+01 1.625100e+02
      vertex   8.650285e+00 5.250000e+01 1.532426e+02
    endloop
  endfacet
  facet normal -0.000000e+00 -1.000000e+00 0.000000e+00
    outer loop
      vertex   8.650285e+00 5.250000e+01 1.532426e+02
      vertex   7.490000e+00 5.250000e+01 1.625100e+02
      vertex   8.020431e+00 5.250000e+01 1.513871e+02
    endloop
  endfacet
  facet normal -0.000000e+00 -1.000000e+00 0.000000e+00
    outer loop
      vertex   8.020431e+00 5.250000e+01 1.513871e+02
      vertex   7.490000e+00 5.250000e+01 1.625100e+02
      vertex   7.638156e+00 5.250000e+01 1.494653e+02
    endloop
  endfacet
  facet normal -0.000000e+00 -1.000000e+00 0.000000e+00
    outer loop
      vertex   7.638156e+00 5.250000e+01 1.494653e+02
      vertex   7.490000e+00 5.250000e+01 1.625100e+02
      vertex   7.510000e+00 5.250000e+01 1.475100e+02
    endloop
  endfacet
  facet normal -5.740669e-14 -1.000000e+00 -7.654225e-17
    outer loop
      vertex   7.510000e+00 5.250000e+01 1.475100e+02
      vertex   7.490000e+00 5.250000e+01 1.625100e+02
      vertex   7.490000e+00 5.250000e+01 6.967987e+01
    endloop
  endfacet
  facet normal -1.066051e-12 -1.000000e+00 1.826490e-16
    outer loop
      vertex   7.510000e+00 5.250000e+01 1.475100e+02
      vertex   7.490000e+00 5.250000e+01 6.967987e+01
      vertex   7.496665e+00 5.250000e+01 6.968160e+01
    endloop
  endfacet
  facet normal 0.000000e+00 -1.000000e+00 0.000000e+00
    outer loop
      vertex   7.496665e+00 5.250000e+01 6.968160e+01
      vertex   7.503332e+00 5.250000e+01 6.968332e+01
      vertex   7.510000e+00 5.250000e+01 1.475100e+02
    endloop
  endfacet
  facet normal 0.000000e+00 -1.000000e+00 -0.000000e+00
    outer loop
      vertex   7.510000e+00 5.250000e+01 1.475100e+02
      vertex   7.503332e+00 5.250000e+01 6.968332e+01
      vertex   7.510000e+00 5.250000e+01 6.968503e+01
    endloop
  endfacet
  facet normal 0.000000e+00 -1.000000e+00 0.000000e+00
    outer loop
      vertex   9.249000e+01 5.250000e+01 6.968503e+01
      vertex   9.249667e+01 5.250000e+01 6.968332e+01
      vertex   9.249000e+01 5.250000e+01 1.475100e+02
    endloop
  endfacet
  facet normal 0.000000e+00 -1.000000e+00 0.000000e+00
    outer loop
      vertex   9.249000e+01 5.250000e+01 1.475100e+02
      vertex   9.249667e+01 5.250000e+01 6.968332e+01
      vertex   9.250333e+01 5.250000e+01 6.968160e+01
    endloop
  endfacet
  facet normal 0.000000e+00 0.000000e+00 1.000000e+00
    outer loop
      vertex   9.251000e+01 6.001000e+01 1.700000e+02
      vertex   7.490000e+00 6.001000e+01 1.700000e+02
      vertex   9.251000e+01 5.999000e+01 1.700000e+02
    endloop
  endfacet
  facet normal 0.000000e+00 0.000000e+00 1.000000e+00
    outer loop
      vertex   9.251000e+01 5.999000e+01 1.700000e+02
      vertex   7.490000e+00 6.001000e+01 1.700000e+02
      vertex   7.490000e+00 5.999000e+01 1.700000e+02
    endloop
  endfacet
  facet normal -5.580130e-02 -9.786442e-02 -9.936341e-01
    outer loop
      vertex   7.751000e+01 5.852877e+01 1.551439e+02
      vertex   7.751000e+01 5.999000e+01 1.550000e+02
      vertex   7.836473e+01 5.852877e+01 1.550959e+02
    endloop
  endfacet
  facet normal -9.728800e-02 -1.217474e-01 -9.877817e-01
    outer loop
      vertex   7.836473e+01 5.852877e+01 1.550959e+02
      vertex   7.751000e+01 5.999000e+01 1.550000e+02
      vertex   7.897123e+01 5.999000e+01 1.548561e+02
    endloop
  endfacet
  facet normal -1.667974e-01 -9.189841e-02 -9.816992e-01
    outer loop
      vertex   7.836473e+01 5.852877e+01 1.550959e+02
      vertex   7.897123e+01 5.999000e+01 1.548561e+02
      vertex   7.920871e+01 5.852877e+01 1.549525e+02
    endloop
  endfacet
  facet normal -2.885338e-01 -1.096682e-01 -9.511683e-01
    outer loop
      vertex   7.920871e+01 5.852877e+01 1.549525e+02
      vertex   7.897123e+01 5.999000e+01 1.548561e+02
      vertex   8.037630e+01 5.999000e+01 1.544299e+02
    endloop
  endfacet
  facet normal -2.747814e-01 -1.215938e-01 -9.537873e-01
    outer loop
      vertex   7.920871e+01 5.852877e+01 1.549525e+02
      vertex   8.037630e+01 5.999000e+01 1.544299e+02
      vertex   8.003132e+01 5.852877e+01 1.547155e+02
    endloop
  endfacet
  facet normal -3.811336e-01 -8.990699e-02 -9.201380e-01
    outer loop
      vertex   8.003132e+01 5.852877e+01 1.547155e+02
      vertex   8.037630e+01 5.999000e+01 1.544299e+02
      vertex   8.082223e+01 5.852877e+01 1.543879e+02
    endloop
  endfacet
  facet normal -3.662537e-01 -2.898664e-01 -8.842147e-01
    outer loop
      vertex   8.003132e+01 5.852877e+01 1.547155e+02
      vertex   8.082223e+01 5.852877e+01 1.543879e+02
      vertex   8.100716e+01 5.712370e+01 1.547719e+02
    endloop
  endfacet
  facet normal -4.629514e-01 -2.898664e-01 -8.376476e-01
    outer loop
      vertex   8.100716e+01 5.712370e+01 1.547719e+02
      vertex   8.082223e+01 5.852877e+01 1.543879e+02
      vertex   8.179825e+01 5.712370e+01 1.543347e+02
    endloop
  endfacet
  facet normal -4.267511e-01 -4.708196e-01 -7.721479e-01
    outer loop
      vertex   8.100716e+01 5.712370e+01 1.547719e+02
      vertex   8.179825e+01 5.712370e+01 1.543347e+02
      vertex   8.216650e+01 5.582878e+01 1.549208e+02
    endloop
  endfacet
  facet normal -5.105209e-01 -4.708196e-01 -7.195118e-01
    outer loop
      vertex   8.216650e+01 5.582878e+01 1.549208e+02
      vertex   8.179825e+01 5.712370e+01 1.543347e+02
      vertex   8.296697e+01 5.582878e+01 1.543528e+02
    endloop
  endfacet
  facet normal -4.476022e-01 -6.337964e-01 -6.308363e-01
    outer loop
      vertex   8.216650e+01 5.582878e+01 1.549208e+02
      vertex   8.296697e+01 5.582878e+01 1.543528e+02
      vertex   8.354773e+01 5.469377e+01 1.550811e+02
    endloop
  endfacet
  facet normal -5.154190e-01 -6.337964e-01 -5.767542e-01
    outer loop
      vertex   8.354773e+01 5.469377e+01 1.550811e+02
      vertex   8.296697e+01 5.582878e+01 1.543528e+02
      vertex   8.435746e+01 5.469377e+01 1.543575e+02
    endloop
  endfacet
  facet normal -4.231234e-01 -7.725203e-01 -4.734753e-01
    outer loop
      vertex   8.354773e+01 5.469377e+01 1.550811e+02
      vertex   8.435746e+01 5.469377e+01 1.543575e+02
      vertex   8.516003e+01 5.376229e+01 1.551600e+02
    endloop
  endfacet
  facet normal -4.734753e-01 -7.725203e-01 -4.231234e-01
    outer loop
      vertex   8.516003e+01 5.376229e+01 1.551600e+02
      vertex   8.435746e+01 5.469377e+01 1.543575e+02
      vertex   8.596846e+01 5.376229e+01 1.542554e+02
    endloop
  endfacet
  facet normal -3.519238e-01 -8.816124e-01 -3.144984e-01
    outer loop
      vertex   8.516003e+01 5.376229e+01 1.551600e+02
      vertex   8.596846e+01 5.376229e+01 1.542554e+02
      vertex   8.698087e+01 5.307014e+01 1.550628e+02
    endloop
  endfacet
  facet normal -3.849236e-01 -8.816124e-01 -2.731179e-01
    outer loop
      vertex   8.698087e+01 5.307014e+01 1.550628e+02
      vertex   8.596846e+01 5.376229e+01 1.542554e+02
      vertex   8.776696e+01 5.307014e+01 1.539549e+02
    endloop
  endfacet
  facet normal -2.370864e-01 -9.568132e-01 -1.682217e-01
    outer loop
      vertex   8.698087e+01 5.307014e+01 1.550628e+02
      vertex   8.776696e+01 5.307014e+01 1.539549e+02
      vertex   8.895667e+01 5.264392e+01 1.547024e+02
    endloop
  endfacet
  facet normal -2.544305e-01 -9.568132e-01 -1.406187e-01
    outer loop
      vertex   8.895667e+01 5.264392e+01 1.547024e+02
      vertex   8.776696e+01 5.307014e+01 1.539549e+02
      vertex   8.968999e+01 5.264392e+01 1.533756e+02
    endloop
  endfacet
  facet normal -8.471606e-02 -9.953045e-01 -4.682091e-02
    outer loop
      vertex   8.895667e+01 5.264392e+01 1.547024e+02
      vertex   8.968999e+01 5.264392e+01 1.533756e+02
      vertex   9.048306e+01 5.250000e+01 1.550000e+02
    endloop
  endfacet
  facet normal -8.982541e-02 -9.949719e-01 -4.429699e-02
    outer loop
      vertex   9.048306e+01 5.250000e+01 1.550000e+02
      vertex   8.968999e+01 5.264392e+01 1.533756e+02
      vertex   9.134972e+01 5.250000e+01 1.532426e+02
    endloop
  endfacet
  facet normal -8.926915e-02 -9.953209e-01 -3.697649e-02
    outer loop
      vertex   9.134972e+01 5.250000e+01 1.532426e+02
      vertex   8.968999e+01 5.264392e+01 1.533756e+02
      vertex   9.027014e+01 5.264392e+01 1.519750e+02
    endloop
  endfacet
  facet normal -9.483886e-02 -9.949719e-01 -3.219346e-02
    outer loop
      vertex   9.134972e+01 5.250000e+01 1.532426e+02
      vertex   9.027014e+01 5.264392e+01 1.519750e+02
      vertex   9.197957e+01 5.250000e+01 1.513871e+02
    endloop
  endfacet
  facet normal -9.301068e-02 -9.953045e-01 -2.679592e-02
    outer loop
      vertex   9.197957e+01 5.250000e+01 1.513871e+02
      vertex   9.027014e+01 5.264392e+01 1.519750e+02
      vertex   9.068983e+01 5.264392e+01 1.505182e+02
    endloop
  endfacet
  facet normal -9.790913e-02 -9.950048e-01 -1.947534e-02
    outer loop
      vertex   9.197957e+01 5.250000e+01 1.513871e+02
      vertex   9.068983e+01 5.264392e+01 1.505182e+02
      vertex   9.236184e+01 5.250000e+01 1.494653e+02
    endloop
  endfacet
  facet normal -9.593053e-02 -9.952546e-01 -1.629925e-02
    outer loop
      vertex   9.236184e+01 5.250000e+01 1.494653e+02
      vertex   9.068983e+01 5.264392e+01 1.505182e+02
      vertex   9.094377e+01 5.264392e+01 1.490236e+02
    endloop
  endfacet
  facet normal -9.896787e-02 -9.950695e-01 -6.486697e-03
    outer loop
      vertex   9.236184e+01 5.250000e+01 1.494653e+02
      vertex   9.094377e+01 5.264392e+01 1.490236e+02
      vertex   9.249000e+01 5.250000e+01 1.475100e+02
    endloop
  endfacet
  facet normal -9.801566e-02 -9.951697e-01 -5.504441e-03
    outer loop
      vertex   9.249000e+01 5.250000e+01 1.475100e+02
      vertex   9.094377e+01 5.264392e+01 1.490236e+02
      vertex   9.102877e+01 5.264392e+01 1.475100e+02
    endloop
  endfacet
  facet normal -2.902461e-01 -9.568132e-01 -1.629987e-02
    outer loop
      vertex   9.102877e+01 5.264392e+01 1.475100e+02
      vertex   9.094377e+01 5.264392e+01 1.490236e+02
      vertex   8.954753e+01 5.307014e+01 1.488663e+02
    endloop
  endfacet
  facet normal -2.902461e-01 -9.568132e-01 -1.629987e-02
    outer loop
      vertex   9.102877e+01 5.264392e+01 1.475100e+02
      vertex   8.954753e+01 5.307014e+01 1.488663e+02
      vertex   8.962370e+01 5.307014e+01 1.475100e+02
    endloop
  endfacet
  facet normal -4.712316e-01 -8.816124e-01 -2.646380e-02
    outer loop
      vertex   8.962370e+01 5.307014e+01 1.475100e+02
      vertex   8.954753e+01 5.307014e+01 1.488663e+02
      vertex   8.826075e+01 5.376229e+01 1.487213e+02
    endloop
  endfacet
  facet normal -4.712316e-01 -8.816124e-01 -2.646380e-02
    outer loop
      vertex   8.962370e+01 5.307014e+01 1.475100e+02
      vertex   8.826075e+01 5.376229e+01 1.487213e+02
      vertex   8.832878e+01 5.376229e+01 1.475100e+02
    endloop
  endfacet
  facet normal -6.339911e-01 -7.725203e-01 -3.560417e-02
    outer loop
      vertex   8.832878e+01 5.376229e+01 1.475100e+02
      vertex   8.826075e+01 5.376229e+01 1.487213e+02
      vertex   8.713288e+01 5.469377e+01 1.485942e+02
    endloop
  endfacet
  facet normal -6.339911e-01 -7.725203e-01 -3.560417e-02
    outer loop
      vertex   8.832878e+01 5.376229e+01 1.475100e+02
      vertex   8.713288e+01 5.469377e+01 1.485942e+02
      vertex   8.719377e+01 5.469377e+01 1.475100e+02
    endloop
  endfacet
  facet normal -7.722831e-01 -6.337964e-01 -4.337049e-02
    outer loop
      vertex   8.719377e+01 5.469377e+01 1.475100e+02
      vertex   8.713288e+01 5.469377e+01 1.485942e+02
      vertex   8.620726e+01 5.582878e+01 1.484899e+02
    endloop
  endfacet
  facet normal -7.722831e-01 -6.337964e-01 -4.337049e-02
    outer loop
      vertex   8.719377e+01 5.469377e+01 1.475100e+02
      vertex   8.620726e+01 5.582878e+01 1.484899e+02
      vertex   8.626229e+01 5.582878e+01 1.475100e+02
    endloop
  endfacet
  facet normal -8.808416e-01 -4.708196e-01 -4.946700e-02
    outer loop
      vertex   8.626229e+01 5.582878e+01 1.475100e+02
      vertex   8.620726e+01 5.582878e+01 1.484899e+02
      vertex   8.551946e+01 5.712370e+01 1.484124e+02
    endloop
  endfacet
  facet normal -8.808416e-01 -4.708196e-01 -4.946700e-02
    outer loop
      vertex   8.626229e+01 5.582878e+01 1.475100e+02
      vertex   8.551946e+01 5.712370e+01 1.484124e+02
      vertex   8.557014e+01 5.712370e+01 1.475100e+02
    endloop
  endfacet
  facet normal -9.555615e-01 -2.898664e-01 -5.366318e-02
    outer loop
      vertex   8.557014e+01 5.712370e+01 1.475100e+02
      vertex   8.551946e+01 5.712370e+01 1.484124e+02
      vertex   8.509592e+01 5.852877e+01 1.483647e+02
    endloop
  endfacet
  facet normal -9.555615e-01 -2.898664e-01 -5.366318e-02
    outer loop
      vertex   8.557014e+01 5.712370e+01 1.475100e+02
      vertex   8.509592e+01 5.852877e+01 1.483647e+02
      vertex   8.514392e+01 5.852877e+01 1.475100e+02
    endloop
  endfacet
  facet normal -9.936341e-01 -9.786442e-02 -5.580130e-02
    outer loop
      vertex   8.514392e+01 5.852877e+01 1.475100e+02
      vertex   8.509592e+01 5.852877e+01 1.483647e+02
      vertex   8.500000e+01 5.999000e+01 1.475100e+02
    endloop
  endfacet
  facet normal -9.877817e-01 -1.217474e-01 -9.728800e-02
    outer loop
      vertex   8.500000e+01 5.999000e+01 1.475100e+02
      vertex   8.509592e+01 5.852877e+01 1.483647e+02
      vertex   8.485608e+01 5.999000e+01 1.489712e+02
    endloop
  endfacet
  facet normal -9.816992e-01 -9.189841e-02 -1.667974e-01
    outer loop
      vertex   8.485608e+01 5.999000e+01 1.489712e+02
      vertex   8.509592e+01 5.852877e+01 1.483647e+02
      vertex   8.495252e+01 5.852877e+01 1.492087e+02
    endloop
  endfacet
  facet normal -9.553199e-01 -1.077789e-01 -2.752229e-01
    outer loop
      vertex   8.485608e+01 5.999000e+01 1.489712e+02
      vertex   8.495252e+01 5.852877e+01 1.492087e+02
      vertex   8.471553e+01 5.852877e+01 1.500313e+02
    endloop
  endfacet
  facet normal -9.196624e-01 -2.898664e-01 -2.649502e-01
    outer loop
      vertex   8.471553e+01 5.852877e+01 1.500313e+02
      vertex   8.495252e+01 5.852877e+01 1.492087e+02
      vertex   8.536806e+01 5.712370e+01 1.493036e+02
    endloop
  endfacet
  facet normal -9.196624e-01 -2.898664e-01 -2.649502e-01
    outer loop
      vertex   8.471553e+01 5.852877e+01 1.500313e+02
      vertex   8.536806e+01 5.712370e+01 1.493036e+02
      vertex   8.511783e+01 5.712370e+01 1.501721e+02
    endloop
  endfacet
  facet normal -8.477496e-01 -4.708196e-01 -2.442325e-01
    outer loop
      vertex   8.511783e+01 5.712370e+01 1.501721e+02
      vertex   8.536806e+01 5.712370e+01 1.493036e+02
      vertex   8.604285e+01 5.582878e+01 1.494576e+02
    endloop
  endfacet
  facet normal -8.477496e-01 -4.708196e-01 -2.442325e-01
    outer loop
      vertex   8.511783e+01 5.712370e+01 1.501721e+02
      vertex   8.604285e+01 5.582878e+01 1.494576e+02
      vertex   8.577114e+01 5.582878e+01 1.504007e+02
    endloop
  endfacet
  facet normal -7.432695e-01 -6.337964e-01 -2.141323e-01
    outer loop
      vertex   8.577114e+01 5.582878e+01 1.504007e+02
      vertex   8.604285e+01 5.582878e+01 1.494576e+02
      vertex   8.695098e+01 5.469377e+01 1.496648e+02
    endloop
  endfacet
  facet normal -7.432695e-01 -6.337964e-01 -2.141323e-01
    outer loop
      vertex   8.577114e+01 5.582878e+01 1.504007e+02
      vertex   8.695098e+01 5.469377e+01 1.496648e+02
      vertex   8.665035e+01 5.469377e+01 1.507083e+02
    endloop
  endfacet
  facet normal -6.101729e-01 -7.725203e-01 -1.757878e-01
    outer loop
      vertex   8.665035e+01 5.469377e+01 1.507083e+02
      vertex   8.695098e+01 5.469377e+01 1.496648e+02
      vertex   8.805753e+01 5.376229e+01 1.499174e+02
    endloop
  endfacet
  facet normal -6.101729e-01 -7.725203e-01 -1.757878e-01
    outer loop
      vertex   8.665035e+01 5.469377e+01 1.507083e+02
      vertex   8.805753e+01 5.376229e+01 1.499174e+02
      vertex   8.772167e+01 5.376229e+01 1.510832e+02
    endloop
  endfacet
  facet normal -4.535281e-01 -8.816124e-01 -1.306592e-01
    outer loop
      vertex   8.772167e+01 5.376229e+01 1.510832e+02
      vertex   8.805753e+01 5.376229e+01 1.499174e+02
      vertex   8.931999e+01 5.307014e+01 1.502056e+02
    endloop
  endfacet
  facet normal -4.535281e-01 -8.816124e-01 -1.306592e-01
    outer loop
      vertex   8.772167e+01 5.376229e+01 1.510832e+02
      vertex   8.931999e+01 5.307014e+01 1.502056e+02
      vertex   8.894392e+01 5.307014e+01 1.515109e+02
    endloop
  endfacet
  facet normal -2.793420e-01 -9.568132e-01 -8.047704e-02
    outer loop
      vertex   8.894392e+01 5.307014e+01 1.515109e+02
      vertex   8.931999e+01 5.307014e+01 1.502056e+02
      vertex   9.068983e+01 5.264392e+01 1.505182e+02
    endloop
  endfacet
  facet normal -2.793420e-01 -9.568132e-01 -8.047704e-02
    outer loop
      vertex   8.894392e+01 5.307014e+01 1.515109e+02
      vertex   9.068983e+01 5.264392e+01 1.505182e+02
      vertex   9.027014e+01 5.264392e+01 1.519750e+02
    endloop
  endfacet
  facet normal -4.681187e-01 -1.177257e-01 -8.757885e-01
    outer loop
      vertex   8.037630e+01 5.999000e+01 1.544299e+02
      vertex   8.167122e+01 5.999000e+01 1.537377e+02
      vertex   8.082223e+01 5.852877e+01 1.543879e+02
    endloop
  endfacet
  facet normal -4.809012e-01 -1.077789e-01 -8.701252e-01
    outer loop
      vertex   8.082223e+01 5.852877e+01 1.543879e+02
      vertex   8.167122e+01 5.999000e+01 1.537377e+02
      vertex   8.157149e+01 5.852877e+01 1.539738e+02
    endloop
  endfacet
  facet normal -4.629514e-01 -2.898664e-01 -8.376476e-01
    outer loop
      vertex   8.082223e+01 5.852877e+01 1.543879e+02
      vertex   8.157149e+01 5.852877e+01 1.539738e+02
      vertex   8.179825e+01 5.712370e+01 1.543347e+02
    endloop
  endfacet
  facet normal -5.538273e-01 -2.898664e-01 -7.805465e-01
    outer loop
      vertex   8.179825e+01 5.712370e+01 1.543347e+02
      vertex   8.157149e+01 5.852877e+01 1.539738e+02
      vertex   8.253542e+01 5.712370e+01 1.538117e+02
    endloop
  endfacet
  facet normal -5.105209e-01 -4.708196e-01 -7.195118e-01
    outer loop
      vertex   8.179825e+01 5.712370e+01 1.543347e+02
      vertex   8.253542e+01 5.712370e+01 1.538117e+02
      vertex   8.296697e+01 5.582878e+01 1.543528e+02
    endloop
  endfacet
  facet normal -5.878706e-01 -4.708196e-01 -6.578275e-01
    outer loop
      vertex   8.296697e+01 5.582878e+01 1.543528e+02
      vertex   8.253542e+01 5.712370e+01 1.538117e+02
      vertex   8.369881e+01 5.582878e+01 1.536988e+02
    endloop
  endfacet
  facet normal -5.154190e-01 -6.337964e-01 -5.767542e-01
    outer loop
      vertex   8.296697e+01 5.582878e+01 1.543528e+02
      vertex   8.369881e+01 5.582878e+01 1.536988e+02
      vertex   8.435746e+01 5.469377e+01 1.543575e+02
    endloop
  endfacet
  facet normal -5.767542e-01 -6.337964e-01 -5.154190e-01
    outer loop
      vertex   8.435746e+01 5.469377e+01 1.543575e+02
      vertex   8.369881e+01 5.582878e+01 1.536988e+02
      vertex   8.508108e+01 5.469377e+01 1.535477e+02
    endloop
  endfacet
  facet normal -4.734753e-01 -7.725203e-01 -4.231234e-01
    outer loop
      vertex   8.435746e+01 5.469377e+01 1.543575e+02
      vertex   8.508108e+01 5.469377e+01 1.535477e+02
      vertex   8.596846e+01 5.376229e+01 1.542554e+02
    endloop
  endfacet
  facet normal -5.178730e-01 -7.725203e-01 -3.674505e-01
    outer loop
      vertex   8.596846e+01 5.376229e+01 1.542554e+02
      vertex   8.508108e+01 5.469377e+01 1.535477e+02
      vertex   8.667052e+01 5.376229e+01 1.532659e+02
    endloop
  endfacet
  facet normal -3.849236e-01 -8.816124e-01 -2.731179e-01
    outer loop
      vertex   8.596846e+01 5.376229e+01 1.542554e+02
      vertex   8.667052e+01 5.376229e+01 1.532659e+02
      vertex   8.776696e+01 5.307014e+01 1.539549e+02
    endloop
  endfacet
  facet normal -4.130828e-01 -8.816124e-01 -2.283028e-01
    outer loop
      vertex   8.776696e+01 5.307014e+01 1.539549e+02
      vertex   8.667052e+01 5.376229e+01 1.532659e+02
      vertex   8.842407e+01 5.307014e+01 1.527659e+02
    endloop
  endfacet
  facet normal -2.544305e-01 -9.568132e-01 -1.406187e-01
    outer loop
      vertex   8.776696e+01 5.307014e+01 1.539549e+02
      vertex   8.842407e+01 5.307014e+01 1.527659e+02
      vertex   8.968999e+01 5.264392e+01 1.533756e+02
    endloop
  endfacet
  facet normal -2.685750e-01 -9.568132e-01 -1.112474e-01
    outer loop
      vertex   8.968999e+01 5.264392e+01 1.533756e+02
      vertex   8.842407e+01 5.307014e+01 1.527659e+02
      vertex   9.027014e+01 5.264392e+01 1.519750e+02
    endloop
  endfacet
  facet normal -5.762226e-01 -9.189841e-02 -8.121097e-01
    outer loop
      vertex   8.157149e+01 5.852877e+01 1.539738e+02
      vertex   8.167122e+01 5.999000e+01 1.537377e+02
      vertex   8.226967e+01 5.852877e+01 1.534784e+02
    endloop
  endfacet
  facet normal -6.296741e-01 -1.217474e-01 -7.672601e-01
    outer loop
      vertex   8.226967e+01 5.852877e+01 1.534784e+02
      vertex   8.167122e+01 5.999000e+01 1.537377e+02
      vertex   8.280623e+01 5.999000e+01 1.528062e+02
    endloop
  endfacet
  facet normal -6.631480e-01 -9.786442e-02 -7.420629e-01
    outer loop
      vertex   8.226967e+01 5.852877e+01 1.534784e+02
      vertex   8.280623e+01 5.999000e+01 1.528062e+02
      vertex   8.290800e+01 5.852877e+01 1.529080e+02
    endloop
  endfacet
  facet normal -7.420629e-01 -9.786442e-02 -6.631480e-01
    outer loop
      vertex   8.290800e+01 5.852877e+01 1.529080e+02
      vertex   8.280623e+01 5.999000e+01 1.528062e+02
      vertex   8.347844e+01 5.852877e+01 1.522697e+02
    endloop
  endfacet
  facet normal -7.136296e-01 -2.898664e-01 -6.377384e-01
    outer loop
      vertex   8.290800e+01 5.852877e+01 1.529080e+02
      vertex   8.347844e+01 5.852877e+01 1.522697e+02
      vertex   8.381167e+01 5.712370e+01 1.525354e+02
    endloop
  endfacet
  facet normal -7.805465e-01 -2.898664e-01 -5.538273e-01
    outer loop
      vertex   8.381167e+01 5.712370e+01 1.525354e+02
      vertex   8.347844e+01 5.852877e+01 1.522697e+02
      vertex   8.433472e+01 5.712370e+01 1.517983e+02
    endloop
  endfacet
  facet normal -7.195118e-01 -4.708196e-01 -5.105209e-01
    outer loop
      vertex   8.381167e+01 5.712370e+01 1.525354e+02
      vertex   8.433472e+01 5.712370e+01 1.517983e+02
      vertex   8.492078e+01 5.582878e+01 1.521665e+02
    endloop
  endfacet
  facet normal -7.721479e-01 -4.708196e-01 -4.267511e-01
    outer loop
      vertex   8.492078e+01 5.582878e+01 1.521665e+02
      vertex   8.433472e+01 5.712370e+01 1.517983e+02
      vertex   8.539554e+01 5.582878e+01 1.513075e+02
    endloop
  endfacet
  facet normal -6.769853e-01 -6.337964e-01 -3.741565e-01
    outer loop
      vertex   8.492078e+01 5.582878e+01 1.521665e+02
      vertex   8.539554e+01 5.582878e+01 1.513075e+02
      vertex   8.623478e+01 5.469377e+01 1.517116e+02
    endloop
  endfacet
  facet normal -7.146208e-01 -6.337964e-01 -2.960056e-01
    outer loop
      vertex   8.623478e+01 5.469377e+01 1.517116e+02
      vertex   8.539554e+01 5.582878e+01 1.513075e+02
      vertex   8.665035e+01 5.469377e+01 1.507083e+02
    endloop
  endfacet
  facet normal -5.866543e-01 -7.725203e-01 -2.430002e-01
    outer loop
      vertex   8.623478e+01 5.469377e+01 1.517116e+02
      vertex   8.665035e+01 5.469377e+01 1.507083e+02
      vertex   8.772167e+01 5.376229e+01 1.510832e+02
    endloop
  endfacet
  facet normal -7.672601e-01 -1.217474e-01 -6.296741e-01
    outer loop
      vertex   8.280623e+01 5.999000e+01 1.528062e+02
      vertex   8.373771e+01 5.999000e+01 1.516712e+02
      vertex   8.347844e+01 5.852877e+01 1.522697e+02
    endloop
  endfacet
  facet normal -8.121097e-01 -9.189841e-02 -5.762226e-01
    outer loop
      vertex   8.347844e+01 5.852877e+01 1.522697e+02
      vertex   8.373771e+01 5.999000e+01 1.516712e+02
      vertex   8.397382e+01 5.852877e+01 1.515715e+02
    endloop
  endfacet
  facet normal -7.805465e-01 -2.898664e-01 -5.538273e-01
    outer loop
      vertex   8.347844e+01 5.852877e+01 1.522697e+02
      vertex   8.397382e+01 5.852877e+01 1.515715e+02
      vertex   8.433472e+01 5.712370e+01 1.517983e+02
    endloop
  endfacet
  facet normal -8.376476e-01 -2.898664e-01 -4.629514e-01
    outer loop
      vertex   8.433472e+01 5.712370e+01 1.517983e+02
      vertex   8.397382e+01 5.852877e+01 1.515715e+02
      vertex   8.477194e+01 5.712370e+01 1.510072e+02
    endloop
  endfacet
  facet normal -7.721479e-01 -4.708196e-01 -4.267511e-01
    outer loop
      vertex   8.433472e+01 5.712370e+01 1.517983e+02
      vertex   8.477194e+01 5.712370e+01 1.510072e+02
      vertex   8.539554e+01 5.582878e+01 1.513075e+02
    endloop
  endfacet
  facet normal -8.150738e-01 -4.708196e-01 -3.376146e-01
    outer loop
      vertex   8.539554e+01 5.582878e+01 1.513075e+02
      vertex   8.477194e+01 5.712370e+01 1.510072e+02
      vertex   8.577114e+01 5.582878e+01 1.504007e+02
    endloop
  endfacet
  facet normal -7.146208e-01 -6.337964e-01 -2.960056e-01
    outer loop
      vertex   8.539554e+01 5.582878e+01 1.513075e+02
      vertex   8.577114e+01 5.582878e+01 1.504007e+02
      vertex   8.665035e+01 5.469377e+01 1.507083e+02
    endloop
  endfacet
  facet normal -8.766017e-01 -1.096682e-01 -4.685534e-01
    outer loop
      vertex   8.373771e+01 5.999000e+01 1.516712e+02
      vertex   8.442986e+01 5.999000e+01 1.503763e+02
      vertex   8.397382e+01 5.852877e+01 1.515715e+02
    endloop
  endfacet
  facet normal -8.687292e-01 -1.215938e-01 -4.801297e-01
    outer loop
      vertex   8.397382e+01 5.852877e+01 1.515715e+02
      vertex   8.442986e+01 5.999000e+01 1.503763e+02
      vertex   8.438792e+01 5.852877e+01 1.508222e+02
    endloop
  endfacet
  facet normal -8.376476e-01 -2.898664e-01 -4.629514e-01
    outer loop
      vertex   8.397382e+01 5.852877e+01 1.515715e+02
      vertex   8.438792e+01 5.852877e+01 1.508222e+02
      vertex   8.477194e+01 5.712370e+01 1.510072e+02
    endloop
  endfacet
  facet normal -8.842147e-01 -2.898664e-01 -3.662537e-01
    outer loop
      vertex   8.477194e+01 5.712370e+01 1.510072e+02
      vertex   8.438792e+01 5.852877e+01 1.508222e+02
      vertex   8.511783e+01 5.712370e+01 1.501721e+02
    endloop
  endfacet
  facet normal -8.150738e-01 -4.708196e-01 -3.376146e-01
    outer loop
      vertex   8.477194e+01 5.712370e+01 1.510072e+02
      vertex   8.511783e+01 5.712370e+01 1.501721e+02
      vertex   8.577114e+01 5.582878e+01 1.504007e+02
    endloop
  endfacet
  facet normal -9.201380e-01 -8.990699e-02 -3.811336e-01
    outer loop
      vertex   8.438792e+01 5.852877e+01 1.508222e+02
      vertex   8.442986e+01 5.999000e+01 1.503763e+02
      vertex   8.471553e+01 5.852877e+01 1.500313e+02
    endloop
  endfacet
  facet normal -9.502859e-01 -1.177257e-01 -2.882661e-01
    outer loop
      vertex   8.471553e+01 5.852877e+01 1.500313e+02
      vertex   8.442986e+01 5.999000e+01 1.503763e+02
      vertex   8.485608e+01 5.999000e+01 1.489712e+02
    endloop
  endfacet
  facet normal -8.300335e-02 -9.950048e-01 -5.546106e-02
    outer loop
      vertex   9.048306e+01 5.250000e+01 1.550000e+02
      vertex   8.939443e+01 5.250000e+01 1.566292e+02
      vertex   8.895667e+01 5.264392e+01 1.547024e+02
    endloop
  endfacet
  facet normal -7.935844e-02 -9.952546e-01 -5.630782e-02
    outer loop
      vertex   8.895667e+01 5.264392e+01 1.547024e+02
      vertex   8.939443e+01 5.250000e+01 1.566292e+02
      vertex   8.807940e+01 5.264392e+01 1.559388e+02
    endloop
  endfacet
  facet normal -2.370864e-01 -9.568132e-01 -1.682217e-01
    outer loop
      vertex   8.895667e+01 5.264392e+01 1.547024e+02
      vertex   8.807940e+01 5.264392e+01 1.559388e+02
      vertex   8.698087e+01 5.307014e+01 1.550628e+02
    endloop
  endfacet
  facet normal -2.167607e-01 -9.568132e-01 -1.937092e-01
    outer loop
      vertex   8.698087e+01 5.307014e+01 1.550628e+02
      vertex   8.807940e+01 5.264392e+01 1.559388e+02
      vertex   8.607568e+01 5.307014e+01 1.560757e+02
    endloop
  endfacet
  facet normal -3.519238e-01 -8.816124e-01 -3.144984e-01
    outer loop
      vertex   8.698087e+01 5.307014e+01 1.550628e+02
      vertex   8.607568e+01 5.307014e+01 1.560757e+02
      vertex   8.516003e+01 5.376229e+01 1.551600e+02
    endloop
  endfacet
  facet normal -3.144984e-01 -8.816124e-01 -3.519238e-01
    outer loop
      vertex   8.516003e+01 5.376229e+01 1.551600e+02
      vertex   8.607568e+01 5.307014e+01 1.560757e+02
      vertex   8.425540e+01 5.376229e+01 1.559685e+02
    endloop
  endfacet
  facet normal -4.231234e-01 -7.725203e-01 -4.734753e-01
    outer loop
      vertex   8.516003e+01 5.376229e+01 1.551600e+02
      vertex   8.425540e+01 5.376229e+01 1.559685e+02
      vertex   8.354773e+01 5.469377e+01 1.550811e+02
    endloop
  endfacet
  facet normal -3.674505e-01 -7.725203e-01 -5.178730e-01
    outer loop
      vertex   8.354773e+01 5.469377e+01 1.550811e+02
      vertex   8.425540e+01 5.376229e+01 1.559685e+02
      vertex   8.266208e+01 5.469377e+01 1.557095e+02
    endloop
  endfacet
  facet normal -4.476022e-01 -6.337964e-01 -6.308363e-01
    outer loop
      vertex   8.354773e+01 5.469377e+01 1.550811e+02
      vertex   8.266208e+01 5.469377e+01 1.557095e+02
      vertex   8.216650e+01 5.582878e+01 1.549208e+02
    endloop
  endfacet
  facet normal -3.741565e-01 -6.337964e-01 -6.769853e-01
    outer loop
      vertex   8.216650e+01 5.582878e+01 1.549208e+02
      vertex   8.266208e+01 5.469377e+01 1.557095e+02
      vertex   8.130748e+01 5.582878e+01 1.553955e+02
    endloop
  endfacet
  facet normal -4.267511e-01 -4.708196e-01 -7.721479e-01
    outer loop
      vertex   8.216650e+01 5.582878e+01 1.549208e+02
      vertex   8.130748e+01 5.582878e+01 1.553955e+02
      vertex   8.100716e+01 5.712370e+01 1.547719e+02
    endloop
  endfacet
  facet normal -3.376146e-01 -4.708196e-01 -8.150738e-01
    outer loop
      vertex   8.100716e+01 5.712370e+01 1.547719e+02
      vertex   8.130748e+01 5.582878e+01 1.553955e+02
      vertex   8.017210e+01 5.712370e+01 1.551178e+02
    endloop
  endfacet
  facet normal -3.662537e-01 -2.898664e-01 -8.842147e-01
    outer loop
      vertex   8.100716e+01 5.712370e+01 1.547719e+02
      vertex   8.017210e+01 5.712370e+01 1.551178e+02
      vertex   8.003132e+01 5.852877e+01 1.547155e+02
    endloop
  endfacet
  facet normal -2.649502e-01 -2.898664e-01 -9.196624e-01
    outer loop
      vertex   8.003132e+01 5.852877e+01 1.547155e+02
      vertex   8.017210e+01 5.712370e+01 1.551178e+02
      vertex   7.920871e+01 5.852877e+01 1.549525e+02
    endloop
  endfacet
  facet normal -7.456764e-02 -9.950695e-01 -6.539407e-02
    outer loop
      vertex   8.939443e+01 5.250000e+01 1.566292e+02
      vertex   8.810246e+01 5.250000e+01 1.581025e+02
      vertex   8.807940e+01 5.264392e+01 1.559388e+02
    endloop
  endfacet
  facet normal -7.319976e-02 -9.951697e-01 -6.541531e-02
    outer loop
      vertex   8.807940e+01 5.264392e+01 1.559388e+02
      vertex   8.810246e+01 5.250000e+01 1.581025e+02
      vertex   8.706922e+01 5.264392e+01 1.570692e+02
    endloop
  endfacet
  facet normal -2.167607e-01 -9.568132e-01 -1.937092e-01
    outer loop
      vertex   8.807940e+01 5.264392e+01 1.559388e+02
      vertex   8.706922e+01 5.264392e+01 1.570692e+02
      vertex   8.607568e+01 5.307014e+01 1.560757e+02
    endloop
  endfacet
  facet normal -1.937092e-01 -9.568132e-01 -2.167607e-01
    outer loop
      vertex   8.607568e+01 5.307014e+01 1.560757e+02
      vertex   8.706922e+01 5.264392e+01 1.570692e+02
      vertex   8.506277e+01 5.307014e+01 1.569809e+02
    endloop
  endfacet
  facet normal -3.144984e-01 -8.816124e-01 -3.519238e-01
    outer loop
      vertex   8.607568e+01 5.307014e+01 1.560757e+02
      vertex   8.506277e+01 5.307014e+01 1.569809e+02
      vertex   8.425540e+01 5.376229e+01 1.559685e+02
    endloop
  endfacet
  facet normal -2.731179e-01 -8.816124e-01 -3.849236e-01
    outer loop
      vertex   8.425540e+01 5.376229e+01 1.559685e+02
      vertex   8.506277e+01 5.307014e+01 1.569809e+02
      vertex   8.326594e+01 5.376229e+01 1.566705e+02
    endloop
  endfacet
  facet normal -3.674505e-01 -7.725203e-01 -5.178730e-01
    outer loop
      vertex   8.425540e+01 5.376229e+01 1.559685e+02
      vertex   8.326594e+01 5.376229e+01 1.566705e+02
      vertex   8.266208e+01 5.469377e+01 1.557095e+02
    endloop
  endfacet
  facet normal -3.071567e-01 -7.725203e-01 -5.557581e-01
    outer loop
      vertex   8.266208e+01 5.469377e+01 1.557095e+02
      vertex   8.326594e+01 5.376229e+01 1.566705e+02
      vertex   8.171163e+01 5.469377e+01 1.562348e+02
    endloop
  endfacet
  facet normal -3.741565e-01 -6.337964e-01 -6.769853e-01
    outer loop
      vertex   8.266208e+01 5.469377e+01 1.557095e+02
      vertex   8.171163e+01 5.469377e+01 1.562348e+02
      vertex   8.130748e+01 5.582878e+01 1.553955e+02
    endloop
  endfacet
  facet normal -2.960056e-01 -6.337964e-01 -7.146208e-01
    outer loop
      vertex   8.130748e+01 5.582878e+01 1.553955e+02
      vertex   8.171163e+01 5.469377e+01 1.562348e+02
      vertex   8.040070e+01 5.582878e+01 1.557711e+02
    endloop
  endfacet
  facet normal -3.376146e-01 -4.708196e-01 -8.150738e-01
    outer loop
      vertex   8.130748e+01 5.582878e+01 1.553955e+02
      vertex   8.040070e+01 5.582878e+01 1.557711e+02
      vertex   8.017210e+01 5.712370e+01 1.551178e+02
    endloop
  endfacet
  facet normal -2.442325e-01 -4.708196e-01 -8.477496e-01
    outer loop
      vertex   8.017210e+01 5.712370e+01 1.551178e+02
      vertex   8.040070e+01 5.582878e+01 1.557711e+02
      vertex   7.930355e+01 5.712370e+01 1.553681e+02
    endloop
  endfacet
  facet normal -2.649502e-01 -2.898664e-01 -9.196624e-01
    outer loop
      vertex   8.017210e+01 5.712370e+01 1.551178e+02
      vertex   7.930355e+01 5.712370e+01 1.553681e+02
      vertex   7.920871e+01 5.852877e+01 1.549525e+02
    endloop
  endfacet
  facet normal -1.603147e-01 -2.898664e-01 -9.435447e-01
    outer loop
      vertex   7.920871e+01 5.852877e+01 1.549525e+02
      vertex   7.930355e+01 5.712370e+01 1.553681e+02
      vertex   7.836473e+01 5.852877e+01 1.550959e+02
    endloop
  endfacet
  facet normal -6.541531e-02 -9.951697e-01 -7.319976e-02
    outer loop
      vertex   8.706922e+01 5.264392e+01 1.570692e+02
      vertex   8.810246e+01 5.250000e+01 1.581025e+02
      vertex   8.593882e+01 5.264392e+01 1.580794e+02
    endloop
  endfacet
  facet normal -6.539407e-02 -9.950695e-01 -7.456764e-02
    outer loop
      vertex   8.593882e+01 5.264392e+01 1.580794e+02
      vertex   8.810246e+01 5.250000e+01 1.581025e+02
      vertex   8.662925e+01 5.250000e+01 1.593944e+02
    endloop
  endfacet
  facet normal -5.630782e-02 -9.952546e-01 -7.935844e-02
    outer loop
      vertex   8.593882e+01 5.264392e+01 1.580794e+02
      vertex   8.662925e+01 5.250000e+01 1.593944e+02
      vertex   8.470242e+01 5.264392e+01 1.589567e+02
    endloop
  endfacet
  facet normal -5.546106e-02 -9.950048e-01 -8.300335e-02
    outer loop
      vertex   8.470242e+01 5.264392e+01 1.589567e+02
      vertex   8.662925e+01 5.250000e+01 1.593944e+02
      vertex   8.500000e+01 5.250000e+01 1.604831e+02
    endloop
  endfacet
  facet normal -4.682091e-02 -9.953045e-01 -8.471606e-02
    outer loop
      vertex   8.470242e+01 5.264392e+01 1.589567e+02
      vertex   8.500000e+01 5.250000e+01 1.604831e+02
      vertex   8.337558e+01 5.264392e+01 1.596900e+02
    endloop
  endfacet
  facet normal -4.429699e-02 -9.949719e-01 -8.982541e-02
    outer loop
      vertex   8.337558e+01 5.264392e+01 1.596900e+02
      vertex   8.500000e+01 5.250000e+01 1.604831e+02
      vertex   8.324260e+01 5.250000e+01 1.613497e+02
    endloop
  endfacet
  facet normal -3.697649e-02 -9.953209e-01 -8.926915e-02
    outer loop
      vertex   8.337558e+01 5.264392e+01 1.596900e+02
      vertex   8.324260e+01 5.250000e+01 1.613497e+02
      vertex   8.197497e+01 5.264392e+01 1.602701e+02
    endloop
  endfacet
  facet normal -3.219346e-02 -9.949719e-01 -9.483886e-02
    outer loop
      vertex   8.197497e+01 5.264392e+01 1.602701e+02
      vertex   8.324260e+01 5.250000e+01 1.613497e+02
      vertex   8.138711e+01 5.250000e+01 1.619796e+02
    endloop
  endfacet
  facet normal -2.679592e-02 -9.953045e-01 -9.301068e-02
    outer loop
      vertex   8.197497e+01 5.264392e+01 1.602701e+02
      vertex   8.138711e+01 5.250000e+01 1.619796e+02
      vertex   8.051821e+01 5.264392e+01 1.606898e+02
    endloop
  endfacet
  facet normal -1.947534e-02 -9.950048e-01 -9.790913e-02
    outer loop
      vertex   8.051821e+01 5.264392e+01 1.606898e+02
      vertex   8.138711e+01 5.250000e+01 1.619796e+02
      vertex   7.946528e+01 5.250000e+01 1.623618e+02
    endloop
  endfacet
  facet normal -1.629925e-02 -9.952546e-01 -9.593053e-02
    outer loop
      vertex   8.051821e+01 5.264392e+01 1.606898e+02
      vertex   7.946528e+01 5.250000e+01 1.623618e+02
      vertex   7.902362e+01 5.264392e+01 1.609438e+02
    endloop
  endfacet
  facet normal -6.486697e-03 -9.950695e-01 -9.896787e-02
    outer loop
      vertex   7.902362e+01 5.264392e+01 1.609438e+02
      vertex   7.946528e+01 5.250000e+01 1.623618e+02
      vertex   7.751000e+01 5.250000e+01 1.624900e+02
    endloop
  endfacet
  facet normal -5.504441e-03 -9.951697e-01 -9.801566e-02
    outer loop
      vertex   7.902362e+01 5.264392e+01 1.609438e+02
      vertex   7.751000e+01 5.250000e+01 1.624900e+02
      vertex   7.751000e+01 5.264392e+01 1.610288e+02
    endloop
  endfacet
  facet normal -1.629987e-02 -9.568132e-01 -2.902461e-01
    outer loop
      vertex   7.751000e+01 5.264392e+01 1.610288e+02
      vertex   7.751000e+01 5.307014e+01 1.596237e+02
      vertex   7.902362e+01 5.264392e+01 1.609438e+02
    endloop
  endfacet
  facet normal -1.629987e-02 -9.568132e-01 -2.902461e-01
    outer loop
      vertex   7.902362e+01 5.264392e+01 1.609438e+02
      vertex   7.751000e+01 5.307014e+01 1.596237e+02
      vertex   7.886630e+01 5.307014e+01 1.595475e+02
    endloop
  endfacet
  facet normal -4.869464e-02 -9.568132e-01 -2.865961e-01
    outer loop
      vertex   7.902362e+01 5.264392e+01 1.609438e+02
      vertex   7.886630e+01 5.307014e+01 1.595475e+02
      vertex   8.051821e+01 5.264392e+01 1.606898e+02
    endloop
  endfacet
  facet normal -4.869464e-02 -9.568132e-01 -2.865961e-01
    outer loop
      vertex   8.051821e+01 5.264392e+01 1.606898e+02
      vertex   7.886630e+01 5.307014e+01 1.595475e+02
      vertex   8.020555e+01 5.307014e+01 1.593200e+02
    endloop
  endfacet
  facet normal -8.047704e-02 -9.568132e-01 -2.793420e-01
    outer loop
      vertex   8.051821e+01 5.264392e+01 1.606898e+02
      vertex   8.020555e+01 5.307014e+01 1.593200e+02
      vertex   8.197497e+01 5.264392e+01 1.602701e+02
    endloop
  endfacet
  facet normal -8.047704e-02 -9.568132e-01 -2.793420e-01
    outer loop
      vertex   8.197497e+01 5.264392e+01 1.602701e+02
      vertex   8.020555e+01 5.307014e+01 1.593200e+02
      vertex   8.151090e+01 5.307014e+01 1.589439e+02
    endloop
  endfacet
  facet normal -1.112474e-01 -9.568132e-01 -2.685750e-01
    outer loop
      vertex   8.197497e+01 5.264392e+01 1.602701e+02
      vertex   8.151090e+01 5.307014e+01 1.589439e+02
      vertex   8.337558e+01 5.264392e+01 1.596900e+02
    endloop
  endfacet
  facet normal -1.112474e-01 -9.568132e-01 -2.685750e-01
    outer loop
      vertex   8.337558e+01 5.264392e+01 1.596900e+02
      vertex   8.151090e+01 5.307014e+01 1.589439e+02
      vertex   8.276594e+01 5.307014e+01 1.584241e+02
    endloop
  endfacet
  facet normal -1.406187e-01 -9.568132e-01 -2.544305e-01
    outer loop
      vertex   8.337558e+01 5.264392e+01 1.596900e+02
      vertex   8.276594e+01 5.307014e+01 1.584241e+02
      vertex   8.470242e+01 5.264392e+01 1.589567e+02
    endloop
  endfacet
  facet normal -1.406187e-01 -9.568132e-01 -2.544305e-01
    outer loop
      vertex   8.470242e+01 5.264392e+01 1.589567e+02
      vertex   8.276594e+01 5.307014e+01 1.584241e+02
      vertex   8.395488e+01 5.307014e+01 1.577670e+02
    endloop
  endfacet
  facet normal -1.682217e-01 -9.568132e-01 -2.370864e-01
    outer loop
      vertex   8.470242e+01 5.264392e+01 1.589567e+02
      vertex   8.395488e+01 5.307014e+01 1.577670e+02
      vertex   8.593882e+01 5.264392e+01 1.580794e+02
    endloop
  endfacet
  facet normal -1.682217e-01 -9.568132e-01 -2.370864e-01
    outer loop
      vertex   8.593882e+01 5.264392e+01 1.580794e+02
      vertex   8.395488e+01 5.307014e+01 1.577670e+02
      vertex   8.506277e+01 5.307014e+01 1.569809e+02
    endloop
  endfacet
  facet normal -1.937092e-01 -9.568132e-01 -2.167607e-01
    outer loop
      vertex   8.593882e+01 5.264392e+01 1.580794e+02
      vertex   8.506277e+01 5.307014e+01 1.569809e+02
      vertex   8.706922e+01 5.264392e+01 1.570692e+02
    endloop
  endfacet
  facet normal -2.646380e-02 -8.816124e-01 -4.712316e-01
    outer loop
      vertex   7.751000e+01 5.307014e+01 1.596237e+02
      vertex   7.751000e+01 5.376229e+01 1.583288e+02
      vertex   7.886630e+01 5.307014e+01 1.595475e+02
    endloop
  endfacet
  facet normal -2.646380e-02 -8.816124e-01 -4.712316e-01
    outer loop
      vertex   7.886630e+01 5.307014e+01 1.595475e+02
      vertex   7.751000e+01 5.376229e+01 1.583288e+02
      vertex   7.872132e+01 5.376229e+01 1.582608e+02
    endloop
  endfacet
  facet normal -7.905861e-02 -8.816124e-01 -4.653056e-01
    outer loop
      vertex   7.886630e+01 5.307014e+01 1.595475e+02
      vertex   7.872132e+01 5.376229e+01 1.582608e+02
      vertex   8.020555e+01 5.307014e+01 1.593200e+02
    endloop
  endfacet
  facet normal -7.905861e-02 -8.816124e-01 -4.653056e-01
    outer loop
      vertex   8.020555e+01 5.307014e+01 1.593200e+02
      vertex   7.872132e+01 5.376229e+01 1.582608e+02
      vertex   7.991740e+01 5.376229e+01 1.580575e+02
    endloop
  endfacet
  facet normal -1.306592e-01 -8.816124e-01 -4.535281e-01
    outer loop
      vertex   8.020555e+01 5.307014e+01 1.593200e+02
      vertex   7.991740e+01 5.376229e+01 1.580575e+02
      vertex   8.151090e+01 5.307014e+01 1.589439e+02
    endloop
  endfacet
  facet normal -1.306592e-01 -8.816124e-01 -4.535281e-01
    outer loop
      vertex   8.151090e+01 5.307014e+01 1.589439e+02
      vertex   7.991740e+01 5.376229e+01 1.580575e+02
      vertex   8.108322e+01 5.376229e+01 1.577217e+02
    endloop
  endfacet
  facet normal -1.806167e-01 -8.816124e-01 -4.360473e-01
    outer loop
      vertex   8.151090e+01 5.307014e+01 1.589439e+02
      vertex   8.108322e+01 5.376229e+01 1.577217e+02
      vertex   8.276594e+01 5.307014e+01 1.584241e+02
    endloop
  endfacet
  facet normal -1.806167e-01 -8.816124e-01 -4.360473e-01
    outer loop
      vertex   8.276594e+01 5.307014e+01 1.584241e+02
      vertex   8.108322e+01 5.376229e+01 1.577217e+02
      vertex   8.220409e+01 5.376229e+01 1.572574e+02
    endloop
  endfacet
  facet normal -2.283028e-01 -8.816124e-01 -4.130828e-01
    outer loop
      vertex   8.276594e+01 5.307014e+01 1.584241e+02
      vertex   8.220409e+01 5.376229e+01 1.572574e+02
      vertex   8.395488e+01 5.307014e+01 1.577670e+02
    endloop
  endfacet
  facet normal -2.283028e-01 -8.816124e-01 -4.130828e-01
    outer loop
      vertex   8.395488e+01 5.307014e+01 1.577670e+02
      vertex   8.220409e+01 5.376229e+01 1.572574e+02
      vertex   8.326594e+01 5.376229e+01 1.566705e+02
    endloop
  endfacet
  facet normal -2.731179e-01 -8.816124e-01 -3.849236e-01
    outer loop
      vertex   8.395488e+01 5.307014e+01 1.577670e+02
      vertex   8.326594e+01 5.376229e+01 1.566705e+02
      vertex   8.506277e+01 5.307014e+01 1.569809e+02
    endloop
  endfacet
  facet normal -3.560417e-02 -7.725203e-01 -6.339911e-01
    outer loop
      vertex   7.751000e+01 5.376229e+01 1.583288e+02
      vertex   7.751000e+01 5.469377e+01 1.571938e+02
      vertex   7.872132e+01 5.376229e+01 1.582608e+02
    endloop
  endfacet
  facet normal -3.560417e-02 -7.725203e-01 -6.339911e-01
    outer loop
      vertex   7.872132e+01 5.376229e+01 1.582608e+02
      vertex   7.751000e+01 5.469377e+01 1.571938e+02
      vertex   7.859424e+01 5.469377e+01 1.571329e+02
    endloop
  endfacet
  facet normal -1.063648e-01 -7.725203e-01 -6.260183e-01
    outer loop
      vertex   7.872132e+01 5.376229e+01 1.582608e+02
      vertex   7.859424e+01 5.469377e+01 1.571329e+02
      vertex   7.991740e+01 5.376229e+01 1.580575e+02
    endloop
  endfacet
  facet normal -1.063648e-01 -7.725203e-01 -6.260183e-01
    outer loop
      vertex   7.991740e+01 5.376229e+01 1.580575e+02
      vertex   7.859424e+01 5.469377e+01 1.571329e+02
      vertex   7.966484e+01 5.469377e+01 1.569510e+02
    endloop
  endfacet
  facet normal -1.757878e-01 -7.725203e-01 -6.101729e-01
    outer loop
      vertex   7.991740e+01 5.376229e+01 1.580575e+02
      vertex   7.966484e+01 5.469377e+01 1.569510e+02
      vertex   8.108322e+01 5.376229e+01 1.577217e+02
    endloop
  endfacet
  facet normal -1.757878e-01 -7.725203e-01 -6.101729e-01
    outer loop
      vertex   8.108322e+01 5.376229e+01 1.577217e+02
      vertex   7.966484e+01 5.469377e+01 1.569510e+02
      vertex   8.070835e+01 5.469377e+01 1.566503e+02
    endloop
  endfacet
  facet normal -2.430002e-01 -7.725203e-01 -5.866543e-01
    outer loop
      vertex   8.108322e+01 5.376229e+01 1.577217e+02
      vertex   8.070835e+01 5.469377e+01 1.566503e+02
      vertex   8.220409e+01 5.376229e+01 1.572574e+02
    endloop
  endfacet
  facet normal -2.430002e-01 -7.725203e-01 -5.866543e-01
    outer loop
      vertex   8.220409e+01 5.376229e+01 1.572574e+02
      vertex   8.070835e+01 5.469377e+01 1.566503e+02
      vertex   8.171163e+01 5.469377e+01 1.562348e+02
    endloop
  endfacet
  facet normal -3.071567e-01 -7.725203e-01 -5.557581e-01
    outer loop
      vertex   8.220409e+01 5.376229e+01 1.572574e+02
      vertex   8.171163e+01 5.469377e+01 1.562348e+02
      vertex   8.326594e+01 5.376229e+01 1.566705e+02
    endloop
  endfacet
  facet normal -4.337049e-02 -6.337964e-01 -7.722831e-01
    outer loop
      vertex   7.751000e+01 5.469377e+01 1.571938e+02
      vertex   7.751000e+01 5.582878e+01 1.562623e+02
      vertex   7.859424e+01 5.469377e+01 1.571329e+02
    endloop
  endfacet
  facet normal -4.337049e-02 -6.337964e-01 -7.722831e-01
    outer loop
      vertex   7.859424e+01 5.469377e+01 1.571329e+02
      vertex   7.751000e+01 5.582878e+01 1.562623e+02
      vertex   7.848995e+01 5.582878e+01 1.562073e+02
    endloop
  endfacet
  facet normal -1.295661e-01 -6.337964e-01 -7.625712e-01
    outer loop
      vertex   7.859424e+01 5.469377e+01 1.571329e+02
      vertex   7.848995e+01 5.582878e+01 1.562073e+02
      vertex   7.966484e+01 5.469377e+01 1.569510e+02
    endloop
  endfacet
  facet normal -1.295661e-01 -6.337964e-01 -7.625712e-01
    outer loop
      vertex   7.966484e+01 5.469377e+01 1.569510e+02
      vertex   7.848995e+01 5.582878e+01 1.562073e+02
      vertex   7.945757e+01 5.582878e+01 1.560429e+02
    endloop
  endfacet
  facet normal -2.141323e-01 -6.337964e-01 -7.432695e-01
    outer loop
      vertex   7.966484e+01 5.469377e+01 1.569510e+02
      vertex   7.945757e+01 5.582878e+01 1.560429e+02
      vertex   8.070835e+01 5.469377e+01 1.566503e+02
    endloop
  endfacet
  facet normal -2.141323e-01 -6.337964e-01 -7.432695e-01
    outer loop
      vertex   8.070835e+01 5.469377e+01 1.566503e+02
      vertex   7.945757e+01 5.582878e+01 1.560429e+02
      vertex   8.040070e+01 5.582878e+01 1.557711e+02
    endloop
  endfacet
  facet normal -2.960056e-01 -6.337964e-01 -7.146208e-01
    outer loop
      vertex   8.070835e+01 5.469377e+01 1.566503e+02
      vertex   8.040070e+01 5.582878e+01 1.557711e+02
      vertex   8.171163e+01 5.469377e+01 1.562348e+02
    endloop
  endfacet
  facet normal -4.946700e-02 -4.708196e-01 -8.808416e-01
    outer loop
      vertex   7.751000e+01 5.582878e+01 1.562623e+02
      vertex   7.751000e+01 5.712370e+01 1.555701e+02
      vertex   7.848995e+01 5.582878e+01 1.562073e+02
    endloop
  endfacet
  facet normal -4.946700e-02 -4.708196e-01 -8.808416e-01
    outer loop
      vertex   7.848995e+01 5.582878e+01 1.562073e+02
      vertex   7.751000e+01 5.712370e+01 1.555701e+02
      vertex   7.841245e+01 5.712370e+01 1.555195e+02
    endloop
  endfacet
  facet normal -1.477789e-01 -4.708196e-01 -8.697645e-01
    outer loop
      vertex   7.848995e+01 5.582878e+01 1.562073e+02
      vertex   7.841245e+01 5.712370e+01 1.555195e+02
      vertex   7.945757e+01 5.582878e+01 1.560429e+02
    endloop
  endfacet
  facet normal -1.477789e-01 -4.708196e-01 -8.697645e-01
    outer loop
      vertex   7.945757e+01 5.582878e+01 1.560429e+02
      vertex   7.841245e+01 5.712370e+01 1.555195e+02
      vertex   7.930355e+01 5.712370e+01 1.553681e+02
    endloop
  endfacet
  facet normal -2.442325e-01 -4.708196e-01 -8.477496e-01
    outer loop
      vertex   7.945757e+01 5.582878e+01 1.560429e+02
      vertex   7.930355e+01 5.712370e+01 1.553681e+02
      vertex   8.040070e+01 5.582878e+01 1.557711e+02
    endloop
  endfacet
  facet normal -5.366318e-02 -2.898664e-01 -9.555615e-01
    outer loop
      vertex   7.751000e+01 5.712370e+01 1.555701e+02
      vertex   7.751000e+01 5.852877e+01 1.551439e+02
      vertex   7.841245e+01 5.712370e+01 1.555195e+02
    endloop
  endfacet
  facet normal -5.366318e-02 -2.898664e-01 -9.555615e-01
    outer loop
      vertex   7.841245e+01 5.712370e+01 1.555195e+02
      vertex   7.751000e+01 5.852877e+01 1.551439e+02
      vertex   7.836473e+01 5.852877e+01 1.550959e+02
    endloop
  endfacet
  facet normal -1.603147e-01 -2.898664e-01 -9.435447e-01
    outer loop
      vertex   7.841245e+01 5.712370e+01 1.555195e+02
      vertex   7.836473e+01 5.852877e+01 1.550959e+02
      vertex   7.930355e+01 5.712370e+01 1.553681e+02
    endloop
  endfacet
  facet normal -5.538273e-01 -2.898664e-01 -7.805465e-01
    outer loop
      vertex   8.157149e+01 5.852877e+01 1.539738e+02
      vertex   8.226967e+01 5.852877e+01 1.534784e+02
      vertex   8.253542e+01 5.712370e+01 1.538117e+02
    endloop
  endfacet
  facet normal -6.377384e-01 -2.898664e-01 -7.136296e-01
    outer loop
      vertex   8.253542e+01 5.712370e+01 1.538117e+02
      vertex   8.226967e+01 5.852877e+01 1.534784e+02
      vertex   8.320938e+01 5.712370e+01 1.532094e+02
    endloop
  endfacet
  facet normal -5.878706e-01 -4.708196e-01 -6.578275e-01
    outer loop
      vertex   8.253542e+01 5.712370e+01 1.538117e+02
      vertex   8.320938e+01 5.712370e+01 1.532094e+02
      vertex   8.369881e+01 5.582878e+01 1.536988e+02
    endloop
  endfacet
  facet normal -6.578275e-01 -4.708196e-01 -5.878706e-01
    outer loop
      vertex   8.369881e+01 5.582878e+01 1.536988e+02
      vertex   8.320938e+01 5.712370e+01 1.532094e+02
      vertex   8.435282e+01 5.582878e+01 1.529670e+02
    endloop
  endfacet
  facet normal -5.767542e-01 -6.337964e-01 -5.154190e-01
    outer loop
      vertex   8.369881e+01 5.582878e+01 1.536988e+02
      vertex   8.435282e+01 5.582878e+01 1.529670e+02
      vertex   8.508108e+01 5.469377e+01 1.535477e+02
    endloop
  endfacet
  facet normal -6.308363e-01 -6.337964e-01 -4.476022e-01
    outer loop
      vertex   8.508108e+01 5.469377e+01 1.535477e+02
      vertex   8.435282e+01 5.582878e+01 1.529670e+02
      vertex   8.570948e+01 5.469377e+01 1.526621e+02
    endloop
  endfacet
  facet normal -5.178730e-01 -7.725203e-01 -3.674505e-01
    outer loop
      vertex   8.508108e+01 5.469377e+01 1.535477e+02
      vertex   8.570948e+01 5.469377e+01 1.526621e+02
      vertex   8.667052e+01 5.376229e+01 1.532659e+02
    endloop
  endfacet
  facet normal -5.557581e-01 -7.725203e-01 -3.071567e-01
    outer loop
      vertex   8.667052e+01 5.376229e+01 1.532659e+02
      vertex   8.570948e+01 5.469377e+01 1.526621e+02
      vertex   8.725738e+01 5.376229e+01 1.522041e+02
    endloop
  endfacet
  facet normal -4.130828e-01 -8.816124e-01 -2.283028e-01
    outer loop
      vertex   8.667052e+01 5.376229e+01 1.532659e+02
      vertex   8.725738e+01 5.376229e+01 1.522041e+02
      vertex   8.842407e+01 5.307014e+01 1.527659e+02
    endloop
  endfacet
  facet normal -4.360473e-01 -8.816124e-01 -1.806167e-01
    outer loop
      vertex   8.842407e+01 5.307014e+01 1.527659e+02
      vertex   8.725738e+01 5.376229e+01 1.522041e+02
      vertex   8.894392e+01 5.307014e+01 1.515109e+02
    endloop
  endfacet
  facet normal -2.685750e-01 -9.568132e-01 -1.112474e-01
    outer loop
      vertex   8.842407e+01 5.307014e+01 1.527659e+02
      vertex   8.894392e+01 5.307014e+01 1.515109e+02
      vertex   9.027014e+01 5.264392e+01 1.519750e+02
    endloop
  endfacet
  facet normal -7.136296e-01 -2.898664e-01 -6.377384e-01
    outer loop
      vertex   8.290800e+01 5.852877e+01 1.529080e+02
      vertex   8.381167e+01 5.712370e+01 1.525354e+02
      vertex   8.320938e+01 5.712370e+01 1.532094e+02
    endloop
  endfacet
  facet normal -6.578275e-01 -4.708196e-01 -5.878706e-01
    outer loop
      vertex   8.320938e+01 5.712370e+01 1.532094e+02
      vertex   8.381167e+01 5.712370e+01 1.525354e+02
      vertex   8.435282e+01 5.582878e+01 1.529670e+02
    endloop
  endfacet
  facet normal -6.308363e-01 -6.337964e-01 -4.476022e-01
    outer loop
      vertex   8.570948e+01 5.469377e+01 1.526621e+02
      vertex   8.435282e+01 5.582878e+01 1.529670e+02
      vertex   8.492078e+01 5.582878e+01 1.521665e+02
    endloop
  endfacet
  facet normal -7.195118e-01 -4.708196e-01 -5.105209e-01
    outer loop
      vertex   8.492078e+01 5.582878e+01 1.521665e+02
      vertex   8.435282e+01 5.582878e+01 1.529670e+02
      vertex   8.381167e+01 5.712370e+01 1.525354e+02
    endloop
  endfacet
  facet normal -6.377384e-01 -2.898664e-01 -7.136296e-01
    outer loop
      vertex   8.226967e+01 5.852877e+01 1.534784e+02
      vertex   8.290800e+01 5.852877e+01 1.529080e+02
      vertex   8.320938e+01 5.712370e+01 1.532094e+02
    endloop
  endfacet
  facet normal -5.557581e-01 -7.725203e-01 -3.071567e-01
    outer loop
      vertex   8.725738e+01 5.376229e+01 1.522041e+02
      vertex   8.570948e+01 5.469377e+01 1.526621e+02
      vertex   8.623478e+01 5.469377e+01 1.517116e+02
    endloop
  endfacet
  facet normal -6.769853e-01 -6.337964e-01 -3.741565e-01
    outer loop
      vertex   8.623478e+01 5.469377e+01 1.517116e+02
      vertex   8.570948e+01 5.469377e+01 1.526621e+02
      vertex   8.492078e+01 5.582878e+01 1.521665e+02
    endloop
  endfacet
  facet normal -8.842147e-01 -2.898664e-01 -3.662537e-01
    outer loop
      vertex   8.471553e+01 5.852877e+01 1.500313e+02
      vertex   8.511783e+01 5.712370e+01 1.501721e+02
      vertex   8.438792e+01 5.852877e+01 1.508222e+02
    endloop
  endfacet
  facet normal -5.866543e-01 -7.725203e-01 -2.430002e-01
    outer loop
      vertex   8.725738e+01 5.376229e+01 1.522041e+02
      vertex   8.623478e+01 5.469377e+01 1.517116e+02
      vertex   8.772167e+01 5.376229e+01 1.510832e+02
    endloop
  endfacet
  facet normal -4.360473e-01 -8.816124e-01 -1.806167e-01
    outer loop
      vertex   8.772167e+01 5.376229e+01 1.510832e+02
      vertex   8.894392e+01 5.307014e+01 1.515109e+02
      vertex   8.725738e+01 5.376229e+01 1.522041e+02
    endloop
  endfacet
  facet normal -9.435447e-01 -2.898664e-01 -1.603147e-01
    outer loop
      vertex   8.536806e+01 5.712370e+01 1.493036e+02
      vertex   8.495252e+01 5.852877e+01 1.492087e+02
      vertex   8.551946e+01 5.712370e+01 1.484124e+02
    endloop
  endfacet
  facet normal -9.435447e-01 -2.898664e-01 -1.603147e-01
    outer loop
      vertex   8.551946e+01 5.712370e+01 1.484124e+02
      vertex   8.495252e+01 5.852877e+01 1.492087e+02
      vertex   8.509592e+01 5.852877e+01 1.483647e+02
    endloop
  endfacet
  facet normal -8.697645e-01 -4.708196e-01 -1.477789e-01
    outer loop
      vertex   8.604285e+01 5.582878e+01 1.494576e+02
      vertex   8.536806e+01 5.712370e+01 1.493036e+02
      vertex   8.620726e+01 5.582878e+01 1.484899e+02
    endloop
  endfacet
  facet normal -8.697645e-01 -4.708196e-01 -1.477789e-01
    outer loop
      vertex   8.620726e+01 5.582878e+01 1.484899e+02
      vertex   8.536806e+01 5.712370e+01 1.493036e+02
      vertex   8.551946e+01 5.712370e+01 1.484124e+02
    endloop
  endfacet
  facet normal -7.625712e-01 -6.337964e-01 -1.295661e-01
    outer loop
      vertex   8.695098e+01 5.469377e+01 1.496648e+02
      vertex   8.604285e+01 5.582878e+01 1.494576e+02
      vertex   8.713288e+01 5.469377e+01 1.485942e+02
    endloop
  endfacet
  facet normal -7.625712e-01 -6.337964e-01 -1.295661e-01
    outer loop
      vertex   8.713288e+01 5.469377e+01 1.485942e+02
      vertex   8.604285e+01 5.582878e+01 1.494576e+02
      vertex   8.620726e+01 5.582878e+01 1.484899e+02
    endloop
  endfacet
  facet normal -6.260183e-01 -7.725203e-01 -1.063648e-01
    outer loop
      vertex   8.805753e+01 5.376229e+01 1.499174e+02
      vertex   8.695098e+01 5.469377e+01 1.496648e+02
      vertex   8.826075e+01 5.376229e+01 1.487213e+02
    endloop
  endfacet
  facet normal -6.260183e-01 -7.725203e-01 -1.063648e-01
    outer loop
      vertex   8.826075e+01 5.376229e+01 1.487213e+02
      vertex   8.695098e+01 5.469377e+01 1.496648e+02
      vertex   8.713288e+01 5.469377e+01 1.485942e+02
    endloop
  endfacet
  facet normal -4.653056e-01 -8.816124e-01 -7.905861e-02
    outer loop
      vertex   8.931999e+01 5.307014e+01 1.502056e+02
      vertex   8.805753e+01 5.376229e+01 1.499174e+02
      vertex   8.954753e+01 5.307014e+01 1.488663e+02
    endloop
  endfacet
  facet normal -4.653056e-01 -8.816124e-01 -7.905861e-02
    outer loop
      vertex   8.954753e+01 5.307014e+01 1.488663e+02
      vertex   8.805753e+01 5.376229e+01 1.499174e+02
      vertex   8.826075e+01 5.376229e+01 1.487213e+02
    endloop
  endfacet
  facet normal -2.865961e-01 -9.568132e-01 -4.869464e-02
    outer loop
      vertex   9.068983e+01 5.264392e+01 1.505182e+02
      vertex   8.931999e+01 5.307014e+01 1.502056e+02
      vertex   9.094377e+01 5.264392e+01 1.490236e+02
    endloop
  endfacet
  facet normal -2.865961e-01 -9.568132e-01 -4.869464e-02
    outer loop
      vertex   9.094377e+01 5.264392e+01 1.490236e+02
      vertex   8.931999e+01 5.307014e+01 1.502056e+02
      vertex   8.954753e+01 5.307014e+01 1.488663e+02
    endloop
  endfacet
  facet normal -9.961309e-01 -8.787957e-02 5.833551e-04
    outer loop
      vertex   8.511569e+01 5.867866e+01 7.000000e+01
      vertex   8.514392e+01 5.852877e+01 9.562669e+01
      vertex   8.500000e+01 5.999000e+01 7.000000e+01
    endloop
  endfacet
  facet normal -9.951847e-01 -9.801714e-02 -2.623259e-17
    outer loop
      vertex   8.500000e+01 5.999000e+01 7.000000e+01
      vertex   8.514392e+01 5.852877e+01 9.562669e+01
      vertex   8.514392e+01 5.852877e+01 1.215683e+02
    endloop
  endfacet
  facet normal -9.951847e-01 -9.801714e-02 0.000000e+00
    outer loop
      vertex   8.500000e+01 5.999000e+01 7.000000e+01
      vertex   8.514392e+01 5.852877e+01 1.215683e+02
      vertex   8.500000e+01 5.999000e+01 1.475100e+02
    endloop
  endfacet
  facet normal -9.951847e-01 -9.801714e-02 0.000000e+00
    outer loop
      vertex   8.500000e+01 5.999000e+01 1.475100e+02
      vertex   8.514392e+01 5.852877e+01 1.215683e+02
      vertex   8.514392e+01 5.852877e+01 1.475100e+02
    endloop
  endfacet
  facet normal -9.569403e-01 -2.902847e-01 -0.000000e+00
    outer loop
      vertex   8.514392e+01 5.852877e+01 1.475100e+02
      vertex   8.514392e+01 5.852877e+01 1.215683e+02
      vertex   8.557014e+01 5.712370e+01 1.475100e+02
    endloop
  endfacet
  facet normal -9.569403e-01 -2.902847e-01 -0.000000e+00
    outer loop
      vertex   8.557014e+01 5.712370e+01 1.475100e+02
      vertex   8.514392e+01 5.852877e+01 1.215683e+02
      vertex   8.557014e+01 5.712370e+01 1.215683e+02
    endloop
  endfacet
  facet normal -8.819213e-01 -4.713967e-01 -0.000000e+00
    outer loop
      vertex   8.557014e+01 5.712370e+01 1.475100e+02
      vertex   8.557014e+01 5.712370e+01 1.215683e+02
      vertex   8.626229e+01 5.582878e+01 1.475100e+02
    endloop
  endfacet
  facet normal -8.819213e-01 -4.713967e-01 -0.000000e+00
    outer loop
      vertex   8.626229e+01 5.582878e+01 1.475100e+02
      vertex   8.557014e+01 5.712370e+01 1.215683e+02
      vertex   8.626229e+01 5.582878e+01 1.215683e+02
    endloop
  endfacet
  facet normal -7.730105e-01 -6.343933e-01 -0.000000e+00
    outer loop
      vertex   8.626229e+01 5.582878e+01 1.475100e+02
      vertex   8.626229e+01 5.582878e+01 1.215683e+02
      vertex   8.719377e+01 5.469377e+01 1.475100e+02
    endloop
  endfacet
  facet normal -7.730105e-01 -6.343933e-01 -1.737605e-16
    outer loop
      vertex   8.719377e+01 5.469377e+01 1.475100e+02
      vertex   8.626229e+01 5.582878e+01 1.215683e+02
      vertex   8.719377e+01 5.469377e+01 1.215683e+02
    endloop
  endfacet
  facet normal -6.343933e-01 -7.730105e-01 -2.117278e-16
    outer loop
      vertex   8.719377e+01 5.469377e+01 1.475100e+02
      vertex   8.719377e+01 5.469377e+01 1.215683e+02
      vertex   8.832878e+01 5.376229e+01 1.475100e+02
    endloop
  endfacet
  facet normal -6.343933e-01 -7.730105e-01 -2.117278e-16
    outer loop
      vertex   8.832878e+01 5.376229e+01 1.475100e+02
      vertex   8.719377e+01 5.469377e+01 1.215683e+02
      vertex   8.832878e+01 5.376229e+01 1.215683e+02
    endloop
  endfacet
  facet normal -4.713967e-01 -8.819213e-01 -2.415585e-16
    outer loop
      vertex   8.832878e+01 5.376229e+01 1.475100e+02
      vertex   8.832878e+01 5.376229e+01 1.215683e+02
      vertex   8.962370e+01 5.307014e+01 1.475100e+02
    endloop
  endfacet
  facet normal -4.713967e-01 -8.819213e-01 -2.415585e-16
    outer loop
      vertex   8.962370e+01 5.307014e+01 1.475100e+02
      vertex   8.832878e+01 5.376229e+01 1.215683e+02
      vertex   8.962370e+01 5.307014e+01 1.215683e+02
    endloop
  endfacet
  facet normal -2.902847e-01 -9.569403e-01 -2.621063e-16
    outer loop
      vertex   8.962370e+01 5.307014e+01 1.475100e+02
      vertex   8.962370e+01 5.307014e+01 1.215683e+02
      vertex   9.102877e+01 5.264392e+01 1.475100e+02
    endloop
  endfacet
  facet normal -2.902847e-01 -9.569403e-01 -0.000000e+00
    outer loop
      vertex   9.102877e+01 5.264392e+01 1.475100e+02
      vertex   8.962370e+01 5.307014e+01 1.215683e+02
      vertex   9.102877e+01 5.264392e+01 1.215683e+02
    endloop
  endfacet
  facet normal -9.801714e-02 -9.951847e-01 -0.000000e+00
    outer loop
      vertex   9.102877e+01 5.264392e+01 1.475100e+02
      vertex   9.102877e+01 5.264392e+01 1.215683e+02
      vertex   9.249000e+01 5.250000e+01 1.475100e+02
    endloop
  endfacet
  facet normal -9.801714e-02 -9.951847e-01 0.000000e+00
    outer loop
      vertex   9.249000e+01 5.250000e+01 1.475100e+02
      vertex   9.102877e+01 5.264392e+01 1.215683e+02
      vertex   9.102877e+01 5.264392e+01 9.562669e+01
    endloop
  endfacet
  facet normal -1.160890e-01 -9.932387e-01 5.143698e-04
    outer loop
      vertex   9.249000e+01 5.250000e+01 1.475100e+02
      vertex   9.102877e+01 5.264392e+01 9.562669e+01
      vertex   9.125132e+01 5.260459e+01 6.991996e+01
    endloop
  endfacet
  facet normal -2.488235e-01 -9.685486e-01 -6.724804e-04
    outer loop
      vertex   9.125132e+01 5.260459e+01 6.991996e+01
      vertex   9.102877e+01 5.264392e+01 9.562669e+01
      vertex   9.000000e+01 5.292601e+01 7.000000e+01
    endloop
  endfacet
  facet normal -2.902845e-01 -9.569397e-01 1.119741e-03
    outer loop
      vertex   9.000000e+01 5.292601e+01 7.000000e+01
      vertex   9.102877e+01 5.264392e+01 9.562669e+01
      vertex   8.962370e+01 5.307014e+01 9.562669e+01
    endloop
  endfacet
  facet normal -4.140382e-01 -9.102590e-01 -9.599938e-04
    outer loop
      vertex   9.000000e+01 5.292601e+01 7.000000e+01
      vertex   8.962370e+01 5.307014e+01 9.562669e+01
      vertex   8.880170e+01 5.347106e+01 7.000000e+01
    endloop
  endfacet
  facet normal -4.713963e-01 -8.819205e-01 1.323167e-03
    outer loop
      vertex   8.880170e+01 5.347106e+01 7.000000e+01
      vertex   8.962370e+01 5.307014e+01 9.562669e+01
      vertex   8.832878e+01 5.376229e+01 9.562669e+01
    endloop
  endfacet
  facet normal -5.670104e-01 -8.237099e-01 -1.102849e-03
    outer loop
      vertex   8.880170e+01 5.347106e+01 7.000000e+01
      vertex   8.832878e+01 5.376229e+01 9.562669e+01
      vertex   8.771734e+01 5.421750e+01 7.000000e+01
    endloop
  endfacet
  facet normal -6.343927e-01 -7.730097e-01 1.405437e-03
    outer loop
      vertex   8.771734e+01 5.421750e+01 7.000000e+01
      vertex   8.832878e+01 5.376229e+01 9.562669e+01
      vertex   8.719377e+01 5.469377e+01 9.562669e+01
    endloop
  endfacet
  facet normal -7.024670e-01 -7.117154e-01 -1.124525e-03
    outer loop
      vertex   8.771734e+01 5.421750e+01 7.000000e+01
      vertex   8.719377e+01 5.469377e+01 9.562669e+01
      vertex   8.678041e+01 5.514225e+01 7.000000e+01
    endloop
  endfacet
  facet normal -7.730097e-01 -6.343927e-01 1.366516e-03
    outer loop
      vertex   8.678041e+01 5.514225e+01 7.000000e+01
      vertex   8.719377e+01 5.469377e+01 9.562669e+01
      vertex   8.626229e+01 5.582878e+01 9.562669e+01
    endloop
  endfacet
  facet normal -8.162236e-01 -5.777353e-01 -1.025011e-03
    outer loop
      vertex   8.678041e+01 5.514225e+01 7.000000e+01
      vertex   8.626229e+01 5.582878e+01 9.562669e+01
      vertex   8.601986e+01 5.621676e+01 7.000000e+01
    endloop
  endfacet
  facet normal -8.819206e-01 -4.713964e-01 1.206420e-03
    outer loop
      vertex   8.601986e+01 5.621676e+01 7.000000e+01
      vertex   8.626229e+01 5.582878e+01 9.562669e+01
      vertex   8.557014e+01 5.712370e+01 9.562669e+01
    endloop
  endfacet
  facet normal -9.047661e-01 -4.259081e-01 -8.043499e-04
    outer loop
      vertex   8.601986e+01 5.621676e+01 7.000000e+01
      vertex   8.557014e+01 5.712370e+01 9.562669e+01
      vertex   8.545918e+01 5.740782e+01 7.000000e+01
    endloop
  endfacet
  facet normal -9.569399e-01 -2.902846e-01 9.252165e-04
    outer loop
      vertex   8.545918e+01 5.740782e+01 7.000000e+01
      vertex   8.557014e+01 5.712370e+01 9.562669e+01
      vertex   8.514392e+01 5.852877e+01 9.562669e+01
    endloop
  endfacet
  facet normal -9.653592e-01 -2.609240e-01 -4.626324e-04
    outer loop
      vertex   8.545918e+01 5.740782e+01 7.000000e+01
      vertex   8.514392e+01 5.852877e+01 9.562669e+01
      vertex   8.511569e+01 5.867866e+01 7.000000e+01
    endloop
  endfacet
  facet normal -8.414086e-02 -9.964539e-01 3.069813e-17
    outer loop
      vertex   9.125132e+01 5.260459e+01 6.991996e+01
      vertex   9.249000e+01 5.250000e+01 6.968503e+01
      vertex   9.249000e+01 5.250000e+01 1.475100e+02
    endloop
  endfacet
  facet normal -9.569403e-01 -2.902847e-01 -8.161251e-17
    outer loop
      vertex   8.557014e+01 5.712370e+01 1.215683e+02
      vertex   8.514392e+01 5.852877e+01 1.215683e+02
      vertex   8.514392e+01 5.852877e+01 9.562669e+01
    endloop
  endfacet
  facet normal -8.819213e-01 -4.713967e-01 0.000000e+00
    outer loop
      vertex   8.626229e+01 5.582878e+01 1.215683e+02
      vertex   8.557014e+01 5.712370e+01 1.215683e+02
      vertex   8.557014e+01 5.712370e+01 9.562669e+01
    endloop
  endfacet
  facet normal -9.569403e-01 -2.902847e-01 0.000000e+00
    outer loop
      vertex   8.557014e+01 5.712370e+01 9.562669e+01
      vertex   8.557014e+01 5.712370e+01 1.215683e+02
      vertex   8.514392e+01 5.852877e+01 9.562669e+01
    endloop
  endfacet
  facet normal -7.730105e-01 -6.343933e-01 0.000000e+00
    outer loop
      vertex   8.719377e+01 5.469377e+01 1.215683e+02
      vertex   8.626229e+01 5.582878e+01 1.215683e+02
      vertex   8.626229e+01 5.582878e+01 9.562669e+01
    endloop
  endfacet
  facet normal -8.819213e-01 -4.713967e-01 0.000000e+00
    outer loop
      vertex   8.626229e+01 5.582878e+01 9.562669e+01
      vertex   8.626229e+01 5.582878e+01 1.215683e+02
      vertex   8.557014e+01 5.712370e+01 9.562669e+01
    endloop
  endfacet
  facet normal -6.343933e-01 -7.730105e-01 0.000000e+00
    outer loop
      vertex   8.832878e+01 5.376229e+01 1.215683e+02
      vertex   8.719377e+01 5.469377e+01 1.215683e+02
      vertex   8.719377e+01 5.469377e+01 9.562669e+01
    endloop
  endfacet
  facet normal -7.730105e-01 -6.343933e-01 0.000000e+00
    outer loop
      vertex   8.719377e+01 5.469377e+01 9.562669e+01
      vertex   8.719377e+01 5.469377e+01 1.215683e+02
      vertex   8.626229e+01 5.582878e+01 9.562669e+01
    endloop
  endfacet
  facet normal -4.713967e-01 -8.819213e-01 0.000000e+00
    outer loop
      vertex   8.962370e+01 5.307014e+01 1.215683e+02
      vertex   8.832878e+01 5.376229e+01 1.215683e+02
      vertex   8.832878e+01 5.376229e+01 9.562669e+01
    endloop
  endfacet
  facet normal -6.343933e-01 -7.730105e-01 0.000000e+00
    outer loop
      vertex   8.832878e+01 5.376229e+01 9.562669e+01
      vertex   8.832878e+01 5.376229e+01 1.215683e+02
      vertex   8.719377e+01 5.469377e+01 9.562669e+01
    endloop
  endfacet
  facet normal -2.902847e-01 -9.569403e-01 0.000000e+00
    outer loop
      vertex   9.102877e+01 5.264392e+01 1.215683e+02
      vertex   8.962370e+01 5.307014e+01 1.215683e+02
      vertex   8.962370e+01 5.307014e+01 9.562669e+01
    endloop
  endfacet
  facet normal -4.713967e-01 -8.819213e-01 0.000000e+00
    outer loop
      vertex   8.962370e+01 5.307014e+01 9.562669e+01
      vertex   8.962370e+01 5.307014e+01 1.215683e+02
      vertex   8.832878e+01 5.376229e+01 9.562669e+01
    endloop
  endfacet
  facet normal -2.902847e-01 -9.569403e-01 0.000000e+00
    outer loop
      vertex   9.102877e+01 5.264392e+01 9.562669e+01
      vertex   9.102877e+01 5.264392e+01 1.215683e+02
      vertex   8.962370e+01 5.307014e+01 9.562669e+01
    endloop
  endfacet
  facet normal 9.936341e-01 -9.786442e-02 -5.580130e-02
    outer loop
      vertex   1.485608e+01 5.852877e+01 1.475100e+02
      vertex   1.500000e+01 5.999000e+01 1.475100e+02
      vertex   1.490408e+01 5.852877e+01 1.483647e+02
    endloop
  endfacet
  facet normal 9.877817e-01 -1.217474e-01 -9.728800e-02
    outer loop
      vertex   1.490408e+01 5.852877e+01 1.483647e+02
      vertex   1.500000e+01 5.999000e+01 1.475100e+02
      vertex   1.514392e+01 5.999000e+01 1.489712e+02
    endloop
  endfacet
  facet normal 9.816992e-01 -9.189841e-02 -1.667974e-01
    outer loop
      vertex   1.490408e+01 5.852877e+01 1.483647e+02
      vertex   1.514392e+01 5.999000e+01 1.489712e+02
      vertex   1.504748e+01 5.852877e+01 1.492087e+02
    endloop
  endfacet
  facet normal 9.511683e-01 -1.096682e-01 -2.885338e-01
    outer loop
      vertex   1.504748e+01 5.852877e+01 1.492087e+02
      vertex   1.514392e+01 5.999000e+01 1.489712e+02
      vertex   1.557014e+01 5.999000e+01 1.503763e+02
    endloop
  endfacet
  facet normal 9.537873e-01 -1.215938e-01 -2.747814e-01
    outer loop
      vertex   1.504748e+01 5.852877e+01 1.492087e+02
      vertex   1.557014e+01 5.999000e+01 1.503763e+02
      vertex   1.528447e+01 5.852877e+01 1.500313e+02
    endloop
  endfacet
  facet normal 9.201380e-01 -8.990699e-02 -3.811336e-01
    outer loop
      vertex   1.528447e+01 5.852877e+01 1.500313e+02
      vertex   1.557014e+01 5.999000e+01 1.503763e+02
      vertex   1.561208e+01 5.852877e+01 1.508222e+02
    endloop
  endfacet
  facet normal 8.842147e-01 -2.898664e-01 -3.662537e-01
    outer loop
      vertex   1.528447e+01 5.852877e+01 1.500313e+02
      vertex   1.561208e+01 5.852877e+01 1.508222e+02
      vertex   1.522806e+01 5.712370e+01 1.510072e+02
    endloop
  endfacet
  facet normal 8.376476e-01 -2.898664e-01 -4.629514e-01
    outer loop
      vertex   1.522806e+01 5.712370e+01 1.510072e+02
      vertex   1.561208e+01 5.852877e+01 1.508222e+02
      vertex   1.566528e+01 5.712370e+01 1.517983e+02
    endloop
  endfacet
  facet normal 7.721479e-01 -4.708196e-01 -4.267511e-01
    outer loop
      vertex   1.522806e+01 5.712370e+01 1.510072e+02
      vertex   1.566528e+01 5.712370e+01 1.517983e+02
      vertex   1.507922e+01 5.582878e+01 1.521665e+02
    endloop
  endfacet
  facet normal 7.195118e-01 -4.708196e-01 -5.105209e-01
    outer loop
      vertex   1.507922e+01 5.582878e+01 1.521665e+02
      vertex   1.566528e+01 5.712370e+01 1.517983e+02
      vertex   1.564718e+01 5.582878e+01 1.529670e+02
    endloop
  endfacet
  facet normal 6.308363e-01 -6.337964e-01 -4.476022e-01
    outer loop
      vertex   1.507922e+01 5.582878e+01 1.521665e+02
      vertex   1.564718e+01 5.582878e+01 1.529670e+02
      vertex   1.491892e+01 5.469377e+01 1.535477e+02
    endloop
  endfacet
  facet normal 5.767542e-01 -6.337964e-01 -5.154190e-01
    outer loop
      vertex   1.491892e+01 5.469377e+01 1.535477e+02
      vertex   1.564718e+01 5.582878e+01 1.529670e+02
      vertex   1.564254e+01 5.469377e+01 1.543575e+02
    endloop
  endfacet
  facet normal 4.734753e-01 -7.725203e-01 -4.231234e-01
    outer loop
      vertex   1.491892e+01 5.469377e+01 1.535477e+02
      vertex   1.564254e+01 5.469377e+01 1.543575e+02
      vertex   1.483997e+01 5.376229e+01 1.551600e+02
    endloop
  endfacet
  facet normal 4.231234e-01 -7.725203e-01 -4.734753e-01
    outer loop
      vertex   1.483997e+01 5.376229e+01 1.551600e+02
      vertex   1.564254e+01 5.469377e+01 1.543575e+02
      vertex   1.574460e+01 5.376229e+01 1.559685e+02
    endloop
  endfacet
  facet normal 3.144984e-01 -8.816124e-01 -3.519238e-01
    outer loop
      vertex   1.483997e+01 5.376229e+01 1.551600e+02
      vertex   1.574460e+01 5.376229e+01 1.559685e+02
      vertex   1.493723e+01 5.307014e+01 1.569809e+02
    endloop
  endfacet
  facet normal 2.731179e-01 -8.816124e-01 -3.849236e-01
    outer loop
      vertex   1.493723e+01 5.307014e+01 1.569809e+02
      vertex   1.574460e+01 5.376229e+01 1.559685e+02
      vertex   1.604512e+01 5.307014e+01 1.577670e+02
    endloop
  endfacet
  facet normal 1.682217e-01 -9.568132e-01 -2.370864e-01
    outer loop
      vertex   1.493723e+01 5.307014e+01 1.569809e+02
      vertex   1.604512e+01 5.307014e+01 1.577670e+02
      vertex   1.529758e+01 5.264392e+01 1.589567e+02
    endloop
  endfacet
  facet normal 1.406187e-01 -9.568132e-01 -2.544305e-01
    outer loop
      vertex   1.529758e+01 5.264392e+01 1.589567e+02
      vertex   1.604512e+01 5.307014e+01 1.577670e+02
      vertex   1.662442e+01 5.264392e+01 1.596900e+02
    endloop
  endfacet
  facet normal 4.682091e-02 -9.953045e-01 -8.471606e-02
    outer loop
      vertex   1.529758e+01 5.264392e+01 1.589567e+02
      vertex   1.662442e+01 5.264392e+01 1.596900e+02
      vertex   1.500000e+01 5.250000e+01 1.604831e+02
    endloop
  endfacet
  facet normal 4.429699e-02 -9.949719e-01 -8.982541e-02
    outer loop
      vertex   1.500000e+01 5.250000e+01 1.604831e+02
      vertex   1.662442e+01 5.264392e+01 1.596900e+02
      vertex   1.675740e+01 5.250000e+01 1.613497e+02
    endloop
  endfacet
  facet normal 3.697649e-02 -9.953209e-01 -8.926915e-02
    outer loop
      vertex   1.675740e+01 5.250000e+01 1.613497e+02
      vertex   1.662442e+01 5.264392e+01 1.596900e+02
      vertex   1.802503e+01 5.264392e+01 1.602701e+02
    endloop
  endfacet
  facet normal 3.219346e-02 -9.949719e-01 -9.483886e-02
    outer loop
      vertex   1.675740e+01 5.250000e+01 1.613497e+02
      vertex   1.802503e+01 5.264392e+01 1.602701e+02
      vertex   1.861289e+01 5.250000e+01 1.619796e+02
    endloop
  endfacet
  facet normal 2.679592e-02 -9.953045e-01 -9.301068e-02
    outer loop
      vertex   1.861289e+01 5.250000e+01 1.619796e+02
      vertex   1.802503e+01 5.264392e+01 1.602701e+02
      vertex   1.948179e+01 5.264392e+01 1.606898e+02
    endloop
  endfacet
  facet normal 1.947534e-02 -9.950048e-01 -9.790913e-02
    outer loop
      vertex   1.861289e+01 5.250000e+01 1.619796e+02
      vertex   1.948179e+01 5.264392e+01 1.606898e+02
      vertex   2.053472e+01 5.250000e+01 1.623618e+02
    endloop
  endfacet
  facet normal 1.629925e-02 -9.952546e-01 -9.593053e-02
    outer loop
      vertex   2.053472e+01 5.250000e+01 1.623618e+02
      vertex   1.948179e+01 5.264392e+01 1.606898e+02
      vertex   2.097638e+01 5.264392e+01 1.609438e+02
    endloop
  endfacet
  facet normal 6.486697e-03 -9.950695e-01 -9.896787e-02
    outer loop
      vertex   2.053472e+01 5.250000e+01 1.623618e+02
      vertex   2.097638e+01 5.264392e+01 1.609438e+02
      vertex   2.249000e+01 5.250000e+01 1.624900e+02
    endloop
  endfacet
  facet normal 5.504441e-03 -9.951697e-01 -9.801566e-02
    outer loop
      vertex   2.249000e+01 5.250000e+01 1.624900e+02
      vertex   2.097638e+01 5.264392e+01 1.609438e+02
      vertex   2.249000e+01 5.264392e+01 1.610288e+02
    endloop
  endfacet
  facet normal 1.629987e-02 -9.568132e-01 -2.902461e-01
    outer loop
      vertex   2.249000e+01 5.264392e+01 1.610288e+02
      vertex   2.097638e+01 5.264392e+01 1.609438e+02
      vertex   2.113370e+01 5.307014e+01 1.595475e+02
    endloop
  endfacet
  facet normal 1.629987e-02 -9.568132e-01 -2.902461e-01
    outer loop
      vertex   2.249000e+01 5.264392e+01 1.610288e+02
      vertex   2.113370e+01 5.307014e+01 1.595475e+02
      vertex   2.249000e+01 5.307014e+01 1.596237e+02
    endloop
  endfacet
  facet normal 2.646380e-02 -8.816124e-01 -4.712316e-01
    outer loop
      vertex   2.249000e+01 5.307014e+01 1.596237e+02
      vertex   2.113370e+01 5.307014e+01 1.595475e+02
      vertex   2.127868e+01 5.376229e+01 1.582608e+02
    endloop
  endfacet
  facet normal 2.646380e-02 -8.816124e-01 -4.712316e-01
    outer loop
      vertex   2.249000e+01 5.307014e+01 1.596237e+02
      vertex   2.127868e+01 5.376229e+01 1.582608e+02
      vertex   2.249000e+01 5.376229e+01 1.583288e+02
    endloop
  endfacet
  facet normal 3.560417e-02 -7.725203e-01 -6.339911e-01
    outer loop
      vertex   2.249000e+01 5.376229e+01 1.583288e+02
      vertex   2.127868e+01 5.376229e+01 1.582608e+02
      vertex   2.140576e+01 5.469377e+01 1.571329e+02
    endloop
  endfacet
  facet normal 3.560417e-02 -7.725203e-01 -6.339911e-01
    outer loop
      vertex   2.249000e+01 5.376229e+01 1.583288e+02
      vertex   2.140576e+01 5.469377e+01 1.571329e+02
      vertex   2.249000e+01 5.469377e+01 1.571938e+02
    endloop
  endfacet
  facet normal 4.337049e-02 -6.337964e-01 -7.722831e-01
    outer loop
      vertex   2.249000e+01 5.469377e+01 1.571938e+02
      vertex   2.140576e+01 5.469377e+01 1.571329e+02
      vertex   2.151005e+01 5.582878e+01 1.562073e+02
    endloop
  endfacet
  facet normal 4.337049e-02 -6.337964e-01 -7.722831e-01
    outer loop
      vertex   2.249000e+01 5.469377e+01 1.571938e+02
      vertex   2.151005e+01 5.582878e+01 1.562073e+02
      vertex   2.249000e+01 5.582878e+01 1.562623e+02
    endloop
  endfacet
  facet normal 4.946700e-02 -4.708196e-01 -8.808416e-01
    outer loop
      vertex   2.249000e+01 5.582878e+01 1.562623e+02
      vertex   2.151005e+01 5.582878e+01 1.562073e+02
      vertex   2.158755e+01 5.712370e+01 1.555195e+02
    endloop
  endfacet
  facet normal 4.946700e-02 -4.708196e-01 -8.808416e-01
    outer loop
      vertex   2.249000e+01 5.582878e+01 1.562623e+02
      vertex   2.158755e+01 5.712370e+01 1.555195e+02
      vertex   2.249000e+01 5.712370e+01 1.555701e+02
    endloop
  endfacet
  facet normal 5.366318e-02 -2.898664e-01 -9.555615e-01
    outer loop
      vertex   2.249000e+01 5.712370e+01 1.555701e+02
      vertex   2.158755e+01 5.712370e+01 1.555195e+02
      vertex   2.163527e+01 5.852877e+01 1.550959e+02
    endloop
  endfacet
  facet normal 5.366318e-02 -2.898664e-01 -9.555615e-01
    outer loop
      vertex   2.249000e+01 5.712370e+01 1.555701e+02
      vertex   2.163527e+01 5.852877e+01 1.550959e+02
      vertex   2.249000e+01 5.852877e+01 1.551439e+02
    endloop
  endfacet
  facet normal 5.580130e-02 -9.786442e-02 -9.936341e-01
    outer loop
      vertex   2.249000e+01 5.852877e+01 1.551439e+02
      vertex   2.163527e+01 5.852877e+01 1.550959e+02
      vertex   2.249000e+01 5.999000e+01 1.550000e+02
    endloop
  endfacet
  facet normal 9.728800e-02 -1.217474e-01 -9.877817e-01
    outer loop
      vertex   2.249000e+01 5.999000e+01 1.550000e+02
      vertex   2.163527e+01 5.852877e+01 1.550959e+02
      vertex   2.102877e+01 5.999000e+01 1.548561e+02
    endloop
  endfacet
  facet normal 1.667974e-01 -9.189841e-02 -9.816992e-01
    outer loop
      vertex   2.102877e+01 5.999000e+01 1.548561e+02
      vertex   2.163527e+01 5.852877e+01 1.550959e+02
      vertex   2.079129e+01 5.852877e+01 1.549525e+02
    endloop
  endfacet
  facet normal 2.752229e-01 -1.077789e-01 -9.553199e-01
    outer loop
      vertex   2.102877e+01 5.999000e+01 1.548561e+02
      vertex   2.079129e+01 5.852877e+01 1.549525e+02
      vertex   1.996868e+01 5.852877e+01 1.547155e+02
    endloop
  endfacet
  facet normal 2.649502e-01 -2.898664e-01 -9.196624e-01
    outer loop
      vertex   1.996868e+01 5.852877e+01 1.547155e+02
      vertex   2.079129e+01 5.852877e+01 1.549525e+02
      vertex   2.069645e+01 5.712370e+01 1.553681e+02
    endloop
  endfacet
  facet normal 2.649502e-01 -2.898664e-01 -9.196624e-01
    outer loop
      vertex   1.996868e+01 5.852877e+01 1.547155e+02
      vertex   2.069645e+01 5.712370e+01 1.553681e+02
      vertex   1.982790e+01 5.712370e+01 1.551178e+02
    endloop
  endfacet
  facet normal 2.442325e-01 -4.708196e-01 -8.477496e-01
    outer loop
      vertex   1.982790e+01 5.712370e+01 1.551178e+02
      vertex   2.069645e+01 5.712370e+01 1.553681e+02
      vertex   2.054243e+01 5.582878e+01 1.560429e+02
    endloop
  endfacet
  facet normal 2.442325e-01 -4.708196e-01 -8.477496e-01
    outer loop
      vertex   1.982790e+01 5.712370e+01 1.551178e+02
      vertex   2.054243e+01 5.582878e+01 1.560429e+02
      vertex   1.959930e+01 5.582878e+01 1.557711e+02
    endloop
  endfacet
  facet normal 2.141323e-01 -6.337964e-01 -7.432695e-01
    outer loop
      vertex   1.959930e+01 5.582878e+01 1.557711e+02
      vertex   2.054243e+01 5.582878e+01 1.560429e+02
      vertex   2.033516e+01 5.469377e+01 1.569510e+02
    endloop
  endfacet
  facet normal 2.141323e-01 -6.337964e-01 -7.432695e-01
    outer loop
      vertex   1.959930e+01 5.582878e+01 1.557711e+02
      vertex   2.033516e+01 5.469377e+01 1.569510e+02
      vertex   1.929165e+01 5.469377e+01 1.566503e+02
    endloop
  endfacet
  facet normal 1.757878e-01 -7.725203e-01 -6.101729e-01
    outer loop
      vertex   1.929165e+01 5.469377e+01 1.566503e+02
      vertex   2.033516e+01 5.469377e+01 1.569510e+02
      vertex   2.008260e+01 5.376229e+01 1.580575e+02
    endloop
  endfacet
  facet normal 1.757878e-01 -7.725203e-01 -6.101729e-01
    outer loop
      vertex   1.929165e+01 5.469377e+01 1.566503e+02
      vertex   2.008260e+01 5.376229e+01 1.580575e+02
      vertex   1.891678e+01 5.376229e+01 1.577217e+02
    endloop
  endfacet
  facet normal 1.306592e-01 -8.816124e-01 -4.535281e-01
    outer loop
      vertex   1.891678e+01 5.376229e+01 1.577217e+02
      vertex   2.008260e+01 5.376229e+01 1.580575e+02
      vertex   1.979445e+01 5.307014e+01 1.593200e+02
    endloop
  endfacet
  facet normal 1.306592e-01 -8.816124e-01 -4.535281e-01
    outer loop
      vertex   1.891678e+01 5.376229e+01 1.577217e+02
      vertex   1.979445e+01 5.307014e+01 1.593200e+02
      vertex   1.848910e+01 5.307014e+01 1.589439e+02
    endloop
  endfacet
  facet normal 8.047704e-02 -9.568132e-01 -2.793420e-01
    outer loop
      vertex   1.848910e+01 5.307014e+01 1.589439e+02
      vertex   1.979445e+01 5.307014e+01 1.593200e+02
      vertex   1.948179e+01 5.264392e+01 1.606898e+02
    endloop
  endfacet
  facet normal 8.047704e-02 -9.568132e-01 -2.793420e-01
    outer loop
      vertex   1.848910e+01 5.307014e+01 1.589439e+02
      vertex   1.948179e+01 5.264392e+01 1.606898e+02
      vertex   1.802503e+01 5.264392e+01 1.602701e+02
    endloop
  endfacet
  facet normal 8.757885e-01 -1.177257e-01 -4.681187e-01
    outer loop
      vertex   1.557014e+01 5.999000e+01 1.503763e+02
      vertex   1.626229e+01 5.999000e+01 1.516712e+02
      vertex   1.561208e+01 5.852877e+01 1.508222e+02
    endloop
  endfacet
  facet normal 8.701252e-01 -1.077789e-01 -4.809012e-01
    outer loop
      vertex   1.561208e+01 5.852877e+01 1.508222e+02
      vertex   1.626229e+01 5.999000e+01 1.516712e+02
      vertex   1.602618e+01 5.852877e+01 1.515715e+02
    endloop
  endfacet
  facet normal 8.376476e-01 -2.898664e-01 -4.629514e-01
    outer loop
      vertex   1.561208e+01 5.852877e+01 1.508222e+02
      vertex   1.602618e+01 5.852877e+01 1.515715e+02
      vertex   1.566528e+01 5.712370e+01 1.517983e+02
    endloop
  endfacet
  facet normal 7.805465e-01 -2.898664e-01 -5.538273e-01
    outer loop
      vertex   1.566528e+01 5.712370e+01 1.517983e+02
      vertex   1.602618e+01 5.852877e+01 1.515715e+02
      vertex   1.618833e+01 5.712370e+01 1.525354e+02
    endloop
  endfacet
  facet normal 7.195118e-01 -4.708196e-01 -5.105209e-01
    outer loop
      vertex   1.566528e+01 5.712370e+01 1.517983e+02
      vertex   1.618833e+01 5.712370e+01 1.525354e+02
      vertex   1.564718e+01 5.582878e+01 1.529670e+02
    endloop
  endfacet
  facet normal 6.578275e-01 -4.708196e-01 -5.878706e-01
    outer loop
      vertex   1.564718e+01 5.582878e+01 1.529670e+02
      vertex   1.618833e+01 5.712370e+01 1.525354e+02
      vertex   1.630119e+01 5.582878e+01 1.536988e+02
    endloop
  endfacet
  facet normal 5.767542e-01 -6.337964e-01 -5.154190e-01
    outer loop
      vertex   1.564718e+01 5.582878e+01 1.529670e+02
      vertex   1.630119e+01 5.582878e+01 1.536988e+02
      vertex   1.564254e+01 5.469377e+01 1.543575e+02
    endloop
  endfacet
  facet normal 5.154190e-01 -6.337964e-01 -5.767542e-01
    outer loop
      vertex   1.564254e+01 5.469377e+01 1.543575e+02
      vertex   1.630119e+01 5.582878e+01 1.536988e+02
      vertex   1.645227e+01 5.469377e+01 1.550811e+02
    endloop
  endfacet
  facet normal 4.231234e-01 -7.725203e-01 -4.734753e-01
    outer loop
      vertex   1.564254e+01 5.469377e+01 1.543575e+02
      vertex   1.645227e+01 5.469377e+01 1.550811e+02
      vertex   1.574460e+01 5.376229e+01 1.559685e+02
    endloop
  endfacet
  facet normal 3.674505e-01 -7.725203e-01 -5.178730e-01
    outer loop
      vertex   1.574460e+01 5.376229e+01 1.559685e+02
      vertex   1.645227e+01 5.469377e+01 1.550811e+02
      vertex   1.673406e+01 5.376229e+01 1.566705e+02
    endloop
  endfacet
  facet normal 2.731179e-01 -8.816124e-01 -3.849236e-01
    outer loop
      vertex   1.574460e+01 5.376229e+01 1.559685e+02
      vertex   1.673406e+01 5.376229e+01 1.566705e+02
      vertex   1.604512e+01 5.307014e+01 1.577670e+02
    endloop
  endfacet
  facet normal 2.283028e-01 -8.816124e-01 -4.130828e-01
    outer loop
      vertex   1.604512e+01 5.307014e+01 1.577670e+02
      vertex   1.673406e+01 5.376229e+01 1.566705e+02
      vertex   1.723406e+01 5.307014e+01 1.584241e+02
    endloop
  endfacet
  facet normal 1.406187e-01 -9.568132e-01 -2.544305e-01
    outer loop
      vertex   1.604512e+01 5.307014e+01 1.577670e+02
      vertex   1.723406e+01 5.307014e+01 1.584241e+02
      vertex   1.662442e+01 5.264392e+01 1.596900e+02
    endloop
  endfacet
  facet normal 1.112474e-01 -9.568132e-01 -2.685750e-01
    outer loop
      vertex   1.662442e+01 5.264392e+01 1.596900e+02
      vertex   1.723406e+01 5.307014e+01 1.584241e+02
      vertex   1.802503e+01 5.264392e+01 1.602701e+02
    endloop
  endfacet
  facet normal 8.121097e-01 -9.189841e-02 -5.762226e-01
    outer loop
      vertex   1.602618e+01 5.852877e+01 1.515715e+02
      vertex   1.626229e+01 5.999000e+01 1.516712e+02
      vertex   1.652156e+01 5.852877e+01 1.522697e+02
    endloop
  endfacet
  facet normal 7.672601e-01 -1.217474e-01 -6.296741e-01
    outer loop
      vertex   1.652156e+01 5.852877e+01 1.522697e+02
      vertex   1.626229e+01 5.999000e+01 1.516712e+02
      vertex   1.719377e+01 5.999000e+01 1.528062e+02
    endloop
  endfacet
  facet normal 7.420629e-01 -9.786442e-02 -6.631480e-01
    outer loop
      vertex   1.652156e+01 5.852877e+01 1.522697e+02
      vertex   1.719377e+01 5.999000e+01 1.528062e+02
      vertex   1.709200e+01 5.852877e+01 1.529080e+02
    endloop
  endfacet
  facet normal 6.631480e-01 -9.786442e-02 -7.420629e-01
    outer loop
      vertex   1.709200e+01 5.852877e+01 1.529080e+02
      vertex   1.719377e+01 5.999000e+01 1.528062e+02
      vertex   1.773033e+01 5.852877e+01 1.534784e+02
    endloop
  endfacet
  facet normal 6.377384e-01 -2.898664e-01 -7.136296e-01
    outer loop
      vertex   1.709200e+01 5.852877e+01 1.529080e+02
      vertex   1.773033e+01 5.852877e+01 1.534784e+02
      vertex   1.746458e+01 5.712370e+01 1.538117e+02
    endloop
  endfacet
  facet normal 5.538273e-01 -2.898664e-01 -7.805465e-01
    outer loop
      vertex   1.746458e+01 5.712370e+01 1.538117e+02
      vertex   1.773033e+01 5.852877e+01 1.534784e+02
      vertex   1.820175e+01 5.712370e+01 1.543347e+02
    endloop
  endfacet
  facet normal 5.105209e-01 -4.708196e-01 -7.195118e-01
    outer loop
      vertex   1.746458e+01 5.712370e+01 1.538117e+02
      vertex   1.820175e+01 5.712370e+01 1.543347e+02
      vertex   1.783350e+01 5.582878e+01 1.549208e+02
    endloop
  endfacet
  facet normal 4.267511e-01 -4.708196e-01 -7.721479e-01
    outer loop
      vertex   1.783350e+01 5.582878e+01 1.549208e+02
      vertex   1.820175e+01 5.712370e+01 1.543347e+02
      vertex   1.869252e+01 5.582878e+01 1.553955e+02
    endloop
  endfacet
  facet normal 3.741565e-01 -6.337964e-01 -6.769853e-01
    outer loop
      vertex   1.783350e+01 5.582878e+01 1.549208e+02
      vertex   1.869252e+01 5.582878e+01 1.553955e+02
      vertex   1.828837e+01 5.469377e+01 1.562348e+02
    endloop
  endfacet
  facet normal 2.960056e-01 -6.337964e-01 -7.146208e-01
    outer loop
      vertex   1.828837e+01 5.469377e+01 1.562348e+02
      vertex   1.869252e+01 5.582878e+01 1.553955e+02
      vertex   1.929165e+01 5.469377e+01 1.566503e+02
    endloop
  endfacet
  facet normal 2.430002e-01 -7.725203e-01 -5.866543e-01
    outer loop
      vertex   1.828837e+01 5.469377e+01 1.562348e+02
      vertex   1.929165e+01 5.469377e+01 1.566503e+02
      vertex   1.891678e+01 5.376229e+01 1.577217e+02
    endloop
  endfacet
  facet normal 6.296741e-01 -1.217474e-01 -7.672601e-01
    outer loop
      vertex   1.719377e+01 5.999000e+01 1.528062e+02
      vertex   1.832878e+01 5.999000e+01 1.537377e+02
      vertex   1.773033e+01 5.852877e+01 1.534784e+02
    endloop
  endfacet
  facet normal 5.762226e-01 -9.189841e-02 -8.121097e-01
    outer loop
      vertex   1.773033e+01 5.852877e+01 1.534784e+02
      vertex   1.832878e+01 5.999000e+01 1.537377e+02
      vertex   1.842851e+01 5.852877e+01 1.539738e+02
    endloop
  endfacet
  facet normal 5.538273e-01 -2.898664e-01 -7.805465e-01
    outer loop
      vertex   1.773033e+01 5.852877e+01 1.534784e+02
      vertex   1.842851e+01 5.852877e+01 1.539738e+02
      vertex   1.820175e+01 5.712370e+01 1.543347e+02
    endloop
  endfacet
  facet normal 4.629514e-01 -2.898664e-01 -8.376476e-01
    outer loop
      vertex   1.820175e+01 5.712370e+01 1.543347e+02
      vertex   1.842851e+01 5.852877e+01 1.539738e+02
      vertex   1.899284e+01 5.712370e+01 1.547719e+02
    endloop
  endfacet
  facet normal 4.267511e-01 -4.708196e-01 -7.721479e-01
    outer loop
      vertex   1.820175e+01 5.712370e+01 1.543347e+02
      vertex   1.899284e+01 5.712370e+01 1.547719e+02
      vertex   1.869252e+01 5.582878e+01 1.553955e+02
    endloop
  endfacet
  facet normal 3.376146e-01 -4.708196e-01 -8.150738e-01
    outer loop
      vertex   1.869252e+01 5.582878e+01 1.553955e+02
      vertex   1.899284e+01 5.712370e+01 1.547719e+02
      vertex   1.959930e+01 5.582878e+01 1.557711e+02
    endloop
  endfacet
  facet normal 2.960056e-01 -6.337964e-01 -7.146208e-01
    outer loop
      vertex   1.869252e+01 5.582878e+01 1.553955e+02
      vertex   1.959930e+01 5.582878e+01 1.557711e+02
      vertex   1.929165e+01 5.469377e+01 1.566503e+02
    endloop
  endfacet
  facet normal 4.685534e-01 -1.096682e-01 -8.766017e-01
    outer loop
      vertex   1.832878e+01 5.999000e+01 1.537377e+02
      vertex   1.962370e+01 5.999000e+01 1.544299e+02
      vertex   1.842851e+01 5.852877e+01 1.539738e+02
    endloop
  endfacet
  facet normal 4.801297e-01 -1.215938e-01 -8.687292e-01
    outer loop
      vertex   1.842851e+01 5.852877e+01 1.539738e+02
      vertex   1.962370e+01 5.999000e+01 1.544299e+02
      vertex   1.917777e+01 5.852877e+01 1.543879e+02
    endloop
  endfacet
  facet normal 4.629514e-01 -2.898664e-01 -8.376476e-01
    outer loop
      vertex   1.842851e+01 5.852877e+01 1.539738e+02
      vertex   1.917777e+01 5.852877e+01 1.543879e+02
      vertex   1.899284e+01 5.712370e+01 1.547719e+02
    endloop
  endfacet
  facet normal 3.662537e-01 -2.898664e-01 -8.842147e-01
    outer loop
      vertex   1.899284e+01 5.712370e+01 1.547719e+02
      vertex   1.917777e+01 5.852877e+01 1.543879e+02
      vertex   1.982790e+01 5.712370e+01 1.551178e+02
    endloop
  endfacet
  facet normal 3.376146e-01 -4.708196e-01 -8.150738e-01
    outer loop
      vertex   1.899284e+01 5.712370e+01 1.547719e+02
      vertex   1.982790e+01 5.712370e+01 1.551178e+02
      vertex   1.959930e+01 5.582878e+01 1.557711e+02
    endloop
  endfacet
  facet normal 3.811336e-01 -8.990699e-02 -9.201380e-01
    outer loop
      vertex   1.917777e+01 5.852877e+01 1.543879e+02
      vertex   1.962370e+01 5.999000e+01 1.544299e+02
      vertex   1.996868e+01 5.852877e+01 1.547155e+02
    endloop
  endfacet
  facet normal 2.882661e-01 -1.177257e-01 -9.502859e-01
    outer loop
      vertex   1.996868e+01 5.852877e+01 1.547155e+02
      vertex   1.962370e+01 5.999000e+01 1.544299e+02
      vertex   2.102877e+01 5.999000e+01 1.548561e+02
    endloop
  endfacet
  facet normal 5.546106e-02 -9.950048e-01 -8.300335e-02
    outer loop
      vertex   1.500000e+01 5.250000e+01 1.604831e+02
      vertex   1.337075e+01 5.250000e+01 1.593944e+02
      vertex   1.529758e+01 5.264392e+01 1.589567e+02
    endloop
  endfacet
  facet normal 5.630782e-02 -9.952546e-01 -7.935844e-02
    outer loop
      vertex   1.529758e+01 5.264392e+01 1.589567e+02
      vertex   1.337075e+01 5.250000e+01 1.593944e+02
      vertex   1.406118e+01 5.264392e+01 1.580794e+02
    endloop
  endfacet
  facet normal 1.682217e-01 -9.568132e-01 -2.370864e-01
    outer loop
      vertex   1.529758e+01 5.264392e+01 1.589567e+02
      vertex   1.406118e+01 5.264392e+01 1.580794e+02
      vertex   1.493723e+01 5.307014e+01 1.569809e+02
    endloop
  endfacet
  facet normal 1.937092e-01 -9.568132e-01 -2.167607e-01
    outer loop
      vertex   1.493723e+01 5.307014e+01 1.569809e+02
      vertex   1.406118e+01 5.264392e+01 1.580794e+02
      vertex   1.392432e+01 5.307014e+01 1.560757e+02
    endloop
  endfacet
  facet normal 3.144984e-01 -8.816124e-01 -3.519238e-01
    outer loop
      vertex   1.493723e+01 5.307014e+01 1.569809e+02
      vertex   1.392432e+01 5.307014e+01 1.560757e+02
      vertex   1.483997e+01 5.376229e+01 1.551600e+02
    endloop
  endfacet
  facet normal 3.519238e-01 -8.816124e-01 -3.144984e-01
    outer loop
      vertex   1.483997e+01 5.376229e+01 1.551600e+02
      vertex   1.392432e+01 5.307014e+01 1.560757e+02
      vertex   1.403154e+01 5.376229e+01 1.542554e+02
    endloop
  endfacet
  facet normal 4.734753e-01 -7.725203e-01 -4.231234e-01
    outer loop
      vertex   1.483997e+01 5.376229e+01 1.551600e+02
      vertex   1.403154e+01 5.376229e+01 1.542554e+02
      vertex   1.491892e+01 5.469377e+01 1.535477e+02
    endloop
  endfacet
  facet normal 5.178730e-01 -7.725203e-01 -3.674505e-01
    outer loop
      vertex   1.491892e+01 5.469377e+01 1.535477e+02
      vertex   1.403154e+01 5.376229e+01 1.542554e+02
      vertex   1.429052e+01 5.469377e+01 1.526621e+02
    endloop
  endfacet
  facet normal 6.308363e-01 -6.337964e-01 -4.476022e-01
    outer loop
      vertex   1.491892e+01 5.469377e+01 1.535477e+02
      vertex   1.429052e+01 5.469377e+01 1.526621e+02
      vertex   1.507922e+01 5.582878e+01 1.521665e+02
    endloop
  endfacet
  facet normal 6.769853e-01 -6.337964e-01 -3.741565e-01
    outer loop
      vertex   1.507922e+01 5.582878e+01 1.521665e+02
      vertex   1.429052e+01 5.469377e+01 1.526621e+02
      vertex   1.460446e+01 5.582878e+01 1.513075e+02
    endloop
  endfacet
  facet normal 7.721479e-01 -4.708196e-01 -4.267511e-01
    outer loop
      vertex   1.507922e+01 5.582878e+01 1.521665e+02
      vertex   1.460446e+01 5.582878e+01 1.513075e+02
      vertex   1.522806e+01 5.712370e+01 1.510072e+02
    endloop
  endfacet
  facet normal 8.150738e-01 -4.708196e-01 -3.376146e-01
    outer loop
      vertex   1.522806e+01 5.712370e+01 1.510072e+02
      vertex   1.460446e+01 5.582878e+01 1.513075e+02
      vertex   1.488217e+01 5.712370e+01 1.501721e+02
    endloop
  endfacet
  facet normal 8.842147e-01 -2.898664e-01 -3.662537e-01
    outer loop
      vertex   1.522806e+01 5.712370e+01 1.510072e+02
      vertex   1.488217e+01 5.712370e+01 1.501721e+02
      vertex   1.528447e+01 5.852877e+01 1.500313e+02
    endloop
  endfacet
  facet normal 9.196624e-01 -2.898664e-01 -2.649502e-01
    outer loop
      vertex   1.528447e+01 5.852877e+01 1.500313e+02
      vertex   1.488217e+01 5.712370e+01 1.501721e+02
      vertex   1.504748e+01 5.852877e+01 1.492087e+02
    endloop
  endfacet
  facet normal 6.539407e-02 -9.950695e-01 -7.456764e-02
    outer loop
      vertex   1.337075e+01 5.250000e+01 1.593944e+02
      vertex   1.189754e+01 5.250000e+01 1.581025e+02
      vertex   1.406118e+01 5.264392e+01 1.580794e+02
    endloop
  endfacet
  facet normal 6.541531e-02 -9.951697e-01 -7.319976e-02
    outer loop
      vertex   1.406118e+01 5.264392e+01 1.580794e+02
      vertex   1.189754e+01 5.250000e+01 1.581025e+02
      vertex   1.293078e+01 5.264392e+01 1.570692e+02
    endloop
  endfacet
  facet normal 1.937092e-01 -9.568132e-01 -2.167607e-01
    outer loop
      vertex   1.406118e+01 5.264392e+01 1.580794e+02
      vertex   1.293078e+01 5.264392e+01 1.570692e+02
      vertex   1.392432e+01 5.307014e+01 1.560757e+02
    endloop
  endfacet
  facet normal 2.167607e-01 -9.568132e-01 -1.937092e-01
    outer loop
      vertex   1.392432e+01 5.307014e+01 1.560757e+02
      vertex   1.293078e+01 5.264392e+01 1.570692e+02
      vertex   1.301913e+01 5.307014e+01 1.550628e+02
    endloop
  endfacet
  facet normal 3.519238e-01 -8.816124e-01 -3.144984e-01
    outer loop
      vertex   1.392432e+01 5.307014e+01 1.560757e+02
      vertex   1.301913e+01 5.307014e+01 1.550628e+02
      vertex   1.403154e+01 5.376229e+01 1.542554e+02
    endloop
  endfacet
  facet normal 3.849236e-01 -8.816124e-01 -2.731179e-01
    outer loop
      vertex   1.403154e+01 5.376229e+01 1.542554e+02
      vertex   1.301913e+01 5.307014e+01 1.550628e+02
      vertex   1.332948e+01 5.376229e+01 1.532659e+02
    endloop
  endfacet
  facet normal 5.178730e-01 -7.725203e-01 -3.674505e-01
    outer loop
      vertex   1.403154e+01 5.376229e+01 1.542554e+02
      vertex   1.332948e+01 5.376229e+01 1.532659e+02
      vertex   1.429052e+01 5.469377e+01 1.526621e+02
    endloop
  endfacet
  facet normal 5.557581e-01 -7.725203e-01 -3.071567e-01
    outer loop
      vertex   1.429052e+01 5.469377e+01 1.526621e+02
      vertex   1.332948e+01 5.376229e+01 1.532659e+02
      vertex   1.376522e+01 5.469377e+01 1.517116e+02
    endloop
  endfacet
  facet normal 6.769853e-01 -6.337964e-01 -3.741565e-01
    outer loop
      vertex   1.429052e+01 5.469377e+01 1.526621e+02
      vertex   1.376522e+01 5.469377e+01 1.517116e+02
      vertex   1.460446e+01 5.582878e+01 1.513075e+02
    endloop
  endfacet
  facet normal 7.146208e-01 -6.337964e-01 -2.960056e-01
    outer loop
      vertex   1.460446e+01 5.582878e+01 1.513075e+02
      vertex   1.376522e+01 5.469377e+01 1.517116e+02
      vertex   1.422886e+01 5.582878e+01 1.504007e+02
    endloop
  endfacet
  facet normal 8.150738e-01 -4.708196e-01 -3.376146e-01
    outer loop
      vertex   1.460446e+01 5.582878e+01 1.513075e+02
      vertex   1.422886e+01 5.582878e+01 1.504007e+02
      vertex   1.488217e+01 5.712370e+01 1.501721e+02
    endloop
  endfacet
  facet normal 8.477496e-01 -4.708196e-01 -2.442325e-01
    outer loop
      vertex   1.488217e+01 5.712370e+01 1.501721e+02
      vertex   1.422886e+01 5.582878e+01 1.504007e+02
      vertex   1.463194e+01 5.712370e+01 1.493036e+02
    endloop
  endfacet
  facet normal 9.196624e-01 -2.898664e-01 -2.649502e-01
    outer loop
      vertex   1.488217e+01 5.712370e+01 1.501721e+02
      vertex   1.463194e+01 5.712370e+01 1.493036e+02
      vertex   1.504748e+01 5.852877e+01 1.492087e+02
    endloop
  endfacet
  facet normal 9.435447e-01 -2.898664e-01 -1.603147e-01
    outer loop
      vertex   1.504748e+01 5.852877e+01 1.492087e+02
      vertex   1.463194e+01 5.712370e+01 1.493036e+02
      vertex   1.490408e+01 5.852877e+01 1.483647e+02
    endloop
  endfacet
  facet normal 7.319976e-02 -9.951697e-01 -6.541531e-02
    outer loop
      vertex   1.293078e+01 5.264392e+01 1.570692e+02
      vertex   1.189754e+01 5.250000e+01 1.581025e+02
      vertex   1.192060e+01 5.264392e+01 1.559388e+02
    endloop
  endfacet
  facet normal 7.456764e-02 -9.950695e-01 -6.539407e-02
    outer loop
      vertex   1.192060e+01 5.264392e+01 1.559388e+02
      vertex   1.189754e+01 5.250000e+01 1.581025e+02
      vertex   1.060557e+01 5.250000e+01 1.566292e+02
    endloop
  endfacet
  facet normal 7.935844e-02 -9.952546e-01 -5.630782e-02
    outer loop
      vertex   1.192060e+01 5.264392e+01 1.559388e+02
      vertex   1.060557e+01 5.250000e+01 1.566292e+02
      vertex   1.104333e+01 5.264392e+01 1.547024e+02
    endloop
  endfacet
  facet normal 8.300335e-02 -9.950048e-01 -5.546106e-02
    outer loop
      vertex   1.104333e+01 5.264392e+01 1.547024e+02
      vertex   1.060557e+01 5.250000e+01 1.566292e+02
      vertex   9.516939e+00 5.250000e+01 1.550000e+02
    endloop
  endfacet
  facet normal 8.471606e-02 -9.953045e-01 -4.682091e-02
    outer loop
      vertex   1.104333e+01 5.264392e+01 1.547024e+02
      vertex   9.516939e+00 5.250000e+01 1.550000e+02
      vertex   1.031001e+01 5.264392e+01 1.533756e+02
    endloop
  endfacet
  facet normal 8.982541e-02 -9.949719e-01 -4.429699e-02
    outer loop
      vertex   1.031001e+01 5.264392e+01 1.533756e+02
      vertex   9.516939e+00 5.250000e+01 1.550000e+02
      vertex   8.650285e+00 5.250000e+01 1.532426e+02
    endloop
  endfacet
  facet normal 8.926915e-02 -9.953209e-01 -3.697649e-02
    outer loop
      vertex   1.031001e+01 5.264392e+01 1.533756e+02
      vertex   8.650285e+00 5.250000e+01 1.532426e+02
      vertex   9.729855e+00 5.264392e+01 1.519750e+02
    endloop
  endfacet
  facet normal 9.483886e-02 -9.949719e-01 -3.219346e-02
    outer loop
      vertex   9.729855e+00 5.264392e+01 1.519750e+02
      vertex   8.650285e+00 5.250000e+01 1.532426e+02
      vertex   8.020431e+00 5.250000e+01 1.513871e+02
    endloop
  endfacet
  facet normal 9.301068e-02 -9.953045e-01 -2.679592e-02
    outer loop
      vertex   9.729855e+00 5.264392e+01 1.519750e+02
      vertex   8.020431e+00 5.250000e+01 1.513871e+02
      vertex   9.310170e+00 5.264392e+01 1.505182e+02
    endloop
  endfacet
  facet normal 9.790913e-02 -9.950048e-01 -1.947534e-02
    outer loop
      vertex   9.310170e+00 5.264392e+01 1.505182e+02
      vertex   8.020431e+00 5.250000e+01 1.513871e+02
      vertex   7.638156e+00 5.250000e+01 1.494653e+02
    endloop
  endfacet
  facet normal 9.593053e-02 -9.952546e-01 -1.629925e-02
    outer loop
      vertex   9.310170e+00 5.264392e+01 1.505182e+02
      vertex   7.638156e+00 5.250000e+01 1.494653e+02
      vertex   9.056230e+00 5.264392e+01 1.490236e+02
    endloop
  endfacet
  facet normal 9.896787e-02 -9.950695e-01 -6.486697e-03
    outer loop
      vertex   9.056230e+00 5.264392e+01 1.490236e+02
      vertex   7.638156e+00 5.250000e+01 1.494653e+02
      vertex   7.510000e+00 5.250000e+01 1.475100e+02
    endloop
  endfacet
  facet normal 9.801566e-02 -9.951697e-01 -5.504441e-03
    outer loop
      vertex   9.056230e+00 5.264392e+01 1.490236e+02
      vertex   7.510000e+00 5.250000e+01 1.475100e+02
      vertex   8.971227e+00 5.264392e+01 1.475100e+02
    endloop
  endfacet
  facet normal 2.902461e-01 -9.568132e-01 -1.629987e-02
    outer loop
      vertex   8.971227e+00 5.264392e+01 1.475100e+02
      vertex   1.037630e+01 5.307014e+01 1.475100e+02
      vertex   9.056230e+00 5.264392e+01 1.490236e+02
    endloop
  endfacet
  facet normal 2.902461e-01 -9.568132e-01 -1.629987e-02
    outer loop
      vertex   9.056230e+00 5.264392e+01 1.490236e+02
      vertex   1.037630e+01 5.307014e+01 1.475100e+02
      vertex   1.045247e+01 5.307014e+01 1.488663e+02
    endloop
  endfacet
  facet normal 2.865961e-01 -9.568132e-01 -4.869464e-02
    outer loop
      vertex   9.056230e+00 5.264392e+01 1.490236e+02
      vertex   1.045247e+01 5.307014e+01 1.488663e+02
      vertex   9.310170e+00 5.264392e+01 1.505182e+02
    endloop
  endfacet
  facet normal 2.865961e-01 -9.568132e-01 -4.869464e-02
    outer loop
      vertex   9.310170e+00 5.264392e+01 1.505182e+02
      vertex   1.045247e+01 5.307014e+01 1.488663e+02
      vertex   1.068001e+01 5.307014e+01 1.502056e+02
    endloop
  endfacet
  facet normal 2.793420e-01 -9.568132e-01 -8.047704e-02
    outer loop
      vertex   9.310170e+00 5.264392e+01 1.505182e+02
      vertex   1.068001e+01 5.307014e+01 1.502056e+02
      vertex   9.729855e+00 5.264392e+01 1.519750e+02
    endloop
  endfacet
  facet normal 2.793420e-01 -9.568132e-01 -8.047704e-02
    outer loop
      vertex   9.729855e+00 5.264392e+01 1.519750e+02
      vertex   1.068001e+01 5.307014e+01 1.502056e+02
      vertex   1.105608e+01 5.307014e+01 1.515109e+02
    endloop
  endfacet
  facet normal 2.685750e-01 -9.568132e-01 -1.112474e-01
    outer loop
      vertex   9.729855e+00 5.264392e+01 1.519750e+02
      vertex   1.105608e+01 5.307014e+01 1.515109e+02
      vertex   1.031001e+01 5.264392e+01 1.533756e+02
    endloop
  endfacet
  facet normal 2.685750e-01 -9.568132e-01 -1.112474e-01
    outer loop
      vertex   1.031001e+01 5.264392e+01 1.533756e+02
      vertex   1.105608e+01 5.307014e+01 1.515109e+02
      vertex   1.157593e+01 5.307014e+01 1.527659e+02
    endloop
  endfacet
  facet normal 2.544305e-01 -9.568132e-01 -1.406187e-01
    outer loop
      vertex   1.031001e+01 5.264392e+01 1.533756e+02
      vertex   1.157593e+01 5.307014e+01 1.527659e+02
      vertex   1.104333e+01 5.264392e+01 1.547024e+02
    endloop
  endfacet
  facet normal 2.544305e-01 -9.568132e-01 -1.406187e-01
    outer loop
      vertex   1.104333e+01 5.264392e+01 1.547024e+02
      vertex   1.157593e+01 5.307014e+01 1.527659e+02
      vertex   1.223304e+01 5.307014e+01 1.539549e+02
    endloop
  endfacet
  facet normal 2.370864e-01 -9.568132e-01 -1.682217e-01
    outer loop
      vertex   1.104333e+01 5.264392e+01 1.547024e+02
      vertex   1.223304e+01 5.307014e+01 1.539549e+02
      vertex   1.192060e+01 5.264392e+01 1.559388e+02
    endloop
  endfacet
  facet normal 2.370864e-01 -9.568132e-01 -1.682217e-01
    outer loop
      vertex   1.192060e+01 5.264392e+01 1.559388e+02
      vertex   1.223304e+01 5.307014e+01 1.539549e+02
      vertex   1.301913e+01 5.307014e+01 1.550628e+02
    endloop
  endfacet
  facet normal 2.167607e-01 -9.568132e-01 -1.937092e-01
    outer loop
      vertex   1.192060e+01 5.264392e+01 1.559388e+02
      vertex   1.301913e+01 5.307014e+01 1.550628e+02
      vertex   1.293078e+01 5.264392e+01 1.570692e+02
    endloop
  endfacet
  facet normal 4.712316e-01 -8.816124e-01 -2.646380e-02
    outer loop
      vertex   1.037630e+01 5.307014e+01 1.475100e+02
      vertex   1.167122e+01 5.376229e+01 1.475100e+02
      vertex   1.045247e+01 5.307014e+01 1.488663e+02
    endloop
  endfacet
  facet normal 4.712316e-01 -8.816124e-01 -2.646380e-02
    outer loop
      vertex   1.045247e+01 5.307014e+01 1.488663e+02
      vertex   1.167122e+01 5.376229e+01 1.475100e+02
      vertex   1.173925e+01 5.376229e+01 1.487213e+02
    endloop
  endfacet
  facet normal 4.653056e-01 -8.816124e-01 -7.905861e-02
    outer loop
      vertex   1.045247e+01 5.307014e+01 1.488663e+02
      vertex   1.173925e+01 5.376229e+01 1.487213e+02
      vertex   1.068001e+01 5.307014e+01 1.502056e+02
    endloop
  endfacet
  facet normal 4.653056e-01 -8.816124e-01 -7.905861e-02
    outer loop
      vertex   1.068001e+01 5.307014e+01 1.502056e+02
      vertex   1.173925e+01 5.376229e+01 1.487213e+02
      vertex   1.194247e+01 5.376229e+01 1.499174e+02
    endloop
  endfacet
  facet normal 4.535281e-01 -8.816124e-01 -1.306592e-01
    outer loop
      vertex   1.068001e+01 5.307014e+01 1.502056e+02
      vertex   1.194247e+01 5.376229e+01 1.499174e+02
      vertex   1.105608e+01 5.307014e+01 1.515109e+02
    endloop
  endfacet
  facet normal 4.535281e-01 -8.816124e-01 -1.306592e-01
    outer loop
      vertex   1.105608e+01 5.307014e+01 1.515109e+02
      vertex   1.194247e+01 5.376229e+01 1.499174e+02
      vertex   1.227833e+01 5.376229e+01 1.510832e+02
    endloop
  endfacet
  facet normal 4.360473e-01 -8.816124e-01 -1.806167e-01
    outer loop
      vertex   1.105608e+01 5.307014e+01 1.515109e+02
      vertex   1.227833e+01 5.376229e+01 1.510832e+02
      vertex   1.157593e+01 5.307014e+01 1.527659e+02
    endloop
  endfacet
  facet normal 4.360473e-01 -8.816124e-01 -1.806167e-01
    outer loop
      vertex   1.157593e+01 5.307014e+01 1.527659e+02
      vertex   1.227833e+01 5.376229e+01 1.510832e+02
      vertex   1.274262e+01 5.376229e+01 1.522041e+02
    endloop
  endfacet
  facet normal 4.130828e-01 -8.816124e-01 -2.283028e-01
    outer loop
      vertex   1.157593e+01 5.307014e+01 1.527659e+02
      vertex   1.274262e+01 5.376229e+01 1.522041e+02
      vertex   1.223304e+01 5.307014e+01 1.539549e+02
    endloop
  endfacet
  facet normal 4.130828e-01 -8.816124e-01 -2.283028e-01
    outer loop
      vertex   1.223304e+01 5.307014e+01 1.539549e+02
      vertex   1.274262e+01 5.376229e+01 1.522041e+02
      vertex   1.332948e+01 5.376229e+01 1.532659e+02
    endloop
  endfacet
  facet normal 3.849236e-01 -8.816124e-01 -2.731179e-01
    outer loop
      vertex   1.223304e+01 5.307014e+01 1.539549e+02
      vertex   1.332948e+01 5.376229e+01 1.532659e+02
      vertex   1.301913e+01 5.307014e+01 1.550628e+02
    endloop
  endfacet
  facet normal 6.339911e-01 -7.725203e-01 -3.560417e-02
    outer loop
      vertex   1.167122e+01 5.376229e+01 1.475100e+02
      vertex   1.280623e+01 5.469377e+01 1.475100e+02
      vertex   1.173925e+01 5.376229e+01 1.487213e+02
    endloop
  endfacet
  facet normal 6.339911e-01 -7.725203e-01 -3.560417e-02
    outer loop
      vertex   1.173925e+01 5.376229e+01 1.487213e+02
      vertex   1.280623e+01 5.469377e+01 1.475100e+02
      vertex   1.286712e+01 5.469377e+01 1.485942e+02
    endloop
  endfacet
  facet normal 6.260183e-01 -7.725203e-01 -1.063648e-01
    outer loop
      vertex   1.173925e+01 5.376229e+01 1.487213e+02
      vertex   1.286712e+01 5.469377e+01 1.485942e+02
      vertex   1.194247e+01 5.376229e+01 1.499174e+02
    endloop
  endfacet
  facet normal 6.260183e-01 -7.725203e-01 -1.063648e-01
    outer loop
      vertex   1.194247e+01 5.376229e+01 1.499174e+02
      vertex   1.286712e+01 5.469377e+01 1.485942e+02
      vertex   1.304902e+01 5.469377e+01 1.496648e+02
    endloop
  endfacet
  facet normal 6.101729e-01 -7.725203e-01 -1.757878e-01
    outer loop
      vertex   1.194247e+01 5.376229e+01 1.499174e+02
      vertex   1.304902e+01 5.469377e+01 1.496648e+02
      vertex   1.227833e+01 5.376229e+01 1.510832e+02
    endloop
  endfacet
  facet normal 6.101729e-01 -7.725203e-01 -1.757878e-01
    outer loop
      vertex   1.227833e+01 5.376229e+01 1.510832e+02
      vertex   1.304902e+01 5.469377e+01 1.496648e+02
      vertex   1.334965e+01 5.469377e+01 1.507083e+02
    endloop
  endfacet
  facet normal 5.866543e-01 -7.725203e-01 -2.430002e-01
    outer loop
      vertex   1.227833e+01 5.376229e+01 1.510832e+02
      vertex   1.334965e+01 5.469377e+01 1.507083e+02
      vertex   1.274262e+01 5.376229e+01 1.522041e+02
    endloop
  endfacet
  facet normal 5.866543e-01 -7.725203e-01 -2.430002e-01
    outer loop
      vertex   1.274262e+01 5.376229e+01 1.522041e+02
      vertex   1.334965e+01 5.469377e+01 1.507083e+02
      vertex   1.376522e+01 5.469377e+01 1.517116e+02
    endloop
  endfacet
  facet normal 5.557581e-01 -7.725203e-01 -3.071567e-01
    outer loop
      vertex   1.274262e+01 5.376229e+01 1.522041e+02
      vertex   1.376522e+01 5.469377e+01 1.517116e+02
      vertex   1.332948e+01 5.376229e+01 1.532659e+02
    endloop
  endfacet
  facet normal 7.722831e-01 -6.337964e-01 -4.337049e-02
    outer loop
      vertex   1.280623e+01 5.469377e+01 1.475100e+02
      vertex   1.373771e+01 5.582878e+01 1.475100e+02
      vertex   1.286712e+01 5.469377e+01 1.485942e+02
    endloop
  endfacet
  facet normal 7.722831e-01 -6.337964e-01 -4.337049e-02
    outer loop
      vertex   1.286712e+01 5.469377e+01 1.485942e+02
      vertex   1.373771e+01 5.582878e+01 1.475100e+02
      vertex   1.379274e+01 5.582878e+01 1.484899e+02
    endloop
  endfacet
  facet normal 7.625712e-01 -6.337964e-01 -1.295661e-01
    outer loop
      vertex   1.286712e+01 5.469377e+01 1.485942e+02
      vertex   1.379274e+01 5.582878e+01 1.484899e+02
      vertex   1.304902e+01 5.469377e+01 1.496648e+02
    endloop
  endfacet
  facet normal 7.625712e-01 -6.337964e-01 -1.295661e-01
    outer loop
      vertex   1.304902e+01 5.469377e+01 1.496648e+02
      vertex   1.379274e+01 5.582878e+01 1.484899e+02
      vertex   1.395715e+01 5.582878e+01 1.494576e+02
    endloop
  endfacet
  facet normal 7.432695e-01 -6.337964e-01 -2.141323e-01
    outer loop
      vertex   1.304902e+01 5.469377e+01 1.496648e+02
      vertex   1.395715e+01 5.582878e+01 1.494576e+02
      vertex   1.334965e+01 5.469377e+01 1.507083e+02
    endloop
  endfacet
  facet normal 7.432695e-01 -6.337964e-01 -2.141323e-01
    outer loop
      vertex   1.334965e+01 5.469377e+01 1.507083e+02
      vertex   1.395715e+01 5.582878e+01 1.494576e+02
      vertex   1.422886e+01 5.582878e+01 1.504007e+02
    endloop
  endfacet
  facet normal 7.146208e-01 -6.337964e-01 -2.960056e-01
    outer loop
      vertex   1.334965e+01 5.469377e+01 1.507083e+02
      vertex   1.422886e+01 5.582878e+01 1.504007e+02
      vertex   1.376522e+01 5.469377e+01 1.517116e+02
    endloop
  endfacet
  facet normal 8.808416e-01 -4.708196e-01 -4.946700e-02
    outer loop
      vertex   1.373771e+01 5.582878e+01 1.475100e+02
      vertex   1.442986e+01 5.712370e+01 1.475100e+02
      vertex   1.379274e+01 5.582878e+01 1.484899e+02
    endloop
  endfacet
  facet normal 8.808416e-01 -4.708196e-01 -4.946700e-02
    outer loop
      vertex   1.379274e+01 5.582878e+01 1.484899e+02
      vertex   1.442986e+01 5.712370e+01 1.475100e+02
      vertex   1.448054e+01 5.712370e+01 1.484124e+02
    endloop
  endfacet
  facet normal 8.697645e-01 -4.708196e-01 -1.477789e-01
    outer loop
      vertex   1.379274e+01 5.582878e+01 1.484899e+02
      vertex   1.448054e+01 5.712370e+01 1.484124e+02
      vertex   1.395715e+01 5.582878e+01 1.494576e+02
    endloop
  endfacet
  facet normal 8.697645e-01 -4.708196e-01 -1.477789e-01
    outer loop
      vertex   1.395715e+01 5.582878e+01 1.494576e+02
      vertex   1.448054e+01 5.712370e+01 1.484124e+02
      vertex   1.463194e+01 5.712370e+01 1.493036e+02
    endloop
  endfacet
  facet normal 8.477496e-01 -4.708196e-01 -2.442325e-01
    outer loop
      vertex   1.395715e+01 5.582878e+01 1.494576e+02
      vertex   1.463194e+01 5.712370e+01 1.493036e+02
      vertex   1.422886e+01 5.582878e+01 1.504007e+02
    endloop
  endfacet
  facet normal 9.555615e-01 -2.898664e-01 -5.366318e-02
    outer loop
      vertex   1.442986e+01 5.712370e+01 1.475100e+02
      vertex   1.485608e+01 5.852877e+01 1.475100e+02
      vertex   1.448054e+01 5.712370e+01 1.484124e+02
    endloop
  endfacet
  facet normal 9.555615e-01 -2.898664e-01 -5.366318e-02
    outer loop
      vertex   1.448054e+01 5.712370e+01 1.484124e+02
      vertex   1.485608e+01 5.852877e+01 1.475100e+02
      vertex   1.490408e+01 5.852877e+01 1.483647e+02
    endloop
  endfacet
  facet normal 9.435447e-01 -2.898664e-01 -1.603147e-01
    outer loop
      vertex   1.448054e+01 5.712370e+01 1.484124e+02
      vertex   1.490408e+01 5.852877e+01 1.483647e+02
      vertex   1.463194e+01 5.712370e+01 1.493036e+02
    endloop
  endfacet
  facet normal 7.805465e-01 -2.898664e-01 -5.538273e-01
    outer loop
      vertex   1.602618e+01 5.852877e+01 1.515715e+02
      vertex   1.652156e+01 5.852877e+01 1.522697e+02
      vertex   1.618833e+01 5.712370e+01 1.525354e+02
    endloop
  endfacet
  facet normal 7.136296e-01 -2.898664e-01 -6.377384e-01
    outer loop
      vertex   1.618833e+01 5.712370e+01 1.525354e+02
      vertex   1.652156e+01 5.852877e+01 1.522697e+02
      vertex   1.679062e+01 5.712370e+01 1.532094e+02
    endloop
  endfacet
  facet normal 6.578275e-01 -4.708196e-01 -5.878706e-01
    outer loop
      vertex   1.618833e+01 5.712370e+01 1.525354e+02
      vertex   1.679062e+01 5.712370e+01 1.532094e+02
      vertex   1.630119e+01 5.582878e+01 1.536988e+02
    endloop
  endfacet
  facet normal 5.878706e-01 -4.708196e-01 -6.578275e-01
    outer loop
      vertex   1.630119e+01 5.582878e+01 1.536988e+02
      vertex   1.679062e+01 5.712370e+01 1.532094e+02
      vertex   1.703303e+01 5.582878e+01 1.543528e+02
    endloop
  endfacet
  facet normal 5.154190e-01 -6.337964e-01 -5.767542e-01
    outer loop
      vertex   1.630119e+01 5.582878e+01 1.536988e+02
      vertex   1.703303e+01 5.582878e+01 1.543528e+02
      vertex   1.645227e+01 5.469377e+01 1.550811e+02
    endloop
  endfacet
  facet normal 4.476022e-01 -6.337964e-01 -6.308363e-01
    outer loop
      vertex   1.645227e+01 5.469377e+01 1.550811e+02
      vertex   1.703303e+01 5.582878e+01 1.543528e+02
      vertex   1.733792e+01 5.469377e+01 1.557095e+02
    endloop
  endfacet
  facet normal 3.674505e-01 -7.725203e-01 -5.178730e-01
    outer loop
      vertex   1.645227e+01 5.469377e+01 1.550811e+02
      vertex   1.733792e+01 5.469377e+01 1.557095e+02
      vertex   1.673406e+01 5.376229e+01 1.566705e+02
    endloop
  endfacet
  facet normal 3.071567e-01 -7.725203e-01 -5.557581e-01
    outer loop
      vertex   1.673406e+01 5.376229e+01 1.566705e+02
      vertex   1.733792e+01 5.469377e+01 1.557095e+02
      vertex   1.779591e+01 5.376229e+01 1.572574e+02
    endloop
  endfacet
  facet normal 2.283028e-01 -8.816124e-01 -4.130828e-01
    outer loop
      vertex   1.673406e+01 5.376229e+01 1.566705e+02
      vertex   1.779591e+01 5.376229e+01 1.572574e+02
      vertex   1.723406e+01 5.307014e+01 1.584241e+02
    endloop
  endfacet
  facet normal 1.806167e-01 -8.816124e-01 -4.360473e-01
    outer loop
      vertex   1.723406e+01 5.307014e+01 1.584241e+02
      vertex   1.779591e+01 5.376229e+01 1.572574e+02
      vertex   1.848910e+01 5.307014e+01 1.589439e+02
    endloop
  endfacet
  facet normal 1.112474e-01 -9.568132e-01 -2.685750e-01
    outer loop
      vertex   1.723406e+01 5.307014e+01 1.584241e+02
      vertex   1.848910e+01 5.307014e+01 1.589439e+02
      vertex   1.802503e+01 5.264392e+01 1.602701e+02
    endloop
  endfacet
  facet normal 6.377384e-01 -2.898664e-01 -7.136296e-01
    outer loop
      vertex   1.709200e+01 5.852877e+01 1.529080e+02
      vertex   1.746458e+01 5.712370e+01 1.538117e+02
      vertex   1.679062e+01 5.712370e+01 1.532094e+02
    endloop
  endfacet
  facet normal 5.878706e-01 -4.708196e-01 -6.578275e-01
    outer loop
      vertex   1.679062e+01 5.712370e+01 1.532094e+02
      vertex   1.746458e+01 5.712370e+01 1.538117e+02
      vertex   1.703303e+01 5.582878e+01 1.543528e+02
    endloop
  endfacet
  facet normal 4.476022e-01 -6.337964e-01 -6.308363e-01
    outer loop
      vertex   1.733792e+01 5.469377e+01 1.557095e+02
      vertex   1.703303e+01 5.582878e+01 1.543528e+02
      vertex   1.783350e+01 5.582878e+01 1.549208e+02
    endloop
  endfacet
  facet normal 5.105209e-01 -4.708196e-01 -7.195118e-01
    outer loop
      vertex   1.783350e+01 5.582878e+01 1.549208e+02
      vertex   1.703303e+01 5.582878e+01 1.543528e+02
      vertex   1.746458e+01 5.712370e+01 1.538117e+02
    endloop
  endfacet
  facet normal 7.136296e-01 -2.898664e-01 -6.377384e-01
    outer loop
      vertex   1.652156e+01 5.852877e+01 1.522697e+02
      vertex   1.709200e+01 5.852877e+01 1.529080e+02
      vertex   1.679062e+01 5.712370e+01 1.532094e+02
    endloop
  endfacet
  facet normal 3.071567e-01 -7.725203e-01 -5.557581e-01
    outer loop
      vertex   1.779591e+01 5.376229e+01 1.572574e+02
      vertex   1.733792e+01 5.469377e+01 1.557095e+02
      vertex   1.828837e+01 5.469377e+01 1.562348e+02
    endloop
  endfacet
  facet normal 3.741565e-01 -6.337964e-01 -6.769853e-01
    outer loop
      vertex   1.828837e+01 5.469377e+01 1.562348e+02
      vertex   1.733792e+01 5.469377e+01 1.557095e+02
      vertex   1.783350e+01 5.582878e+01 1.549208e+02
    endloop
  endfacet
  facet normal 3.662537e-01 -2.898664e-01 -8.842147e-01
    outer loop
      vertex   1.996868e+01 5.852877e+01 1.547155e+02
      vertex   1.982790e+01 5.712370e+01 1.551178e+02
      vertex   1.917777e+01 5.852877e+01 1.543879e+02
    endloop
  endfacet
  facet normal 2.430002e-01 -7.725203e-01 -5.866543e-01
    outer loop
      vertex   1.779591e+01 5.376229e+01 1.572574e+02
      vertex   1.828837e+01 5.469377e+01 1.562348e+02
      vertex   1.891678e+01 5.376229e+01 1.577217e+02
    endloop
  endfacet
  facet normal 1.806167e-01 -8.816124e-01 -4.360473e-01
    outer loop
      vertex   1.891678e+01 5.376229e+01 1.577217e+02
      vertex   1.848910e+01 5.307014e+01 1.589439e+02
      vertex   1.779591e+01 5.376229e+01 1.572574e+02
    endloop
  endfacet
  facet normal 1.603147e-01 -2.898664e-01 -9.435447e-01
    outer loop
      vertex   2.069645e+01 5.712370e+01 1.553681e+02
      vertex   2.079129e+01 5.852877e+01 1.549525e+02
      vertex   2.158755e+01 5.712370e+01 1.555195e+02
    endloop
  endfacet
  facet normal 1.603147e-01 -2.898664e-01 -9.435447e-01
    outer loop
      vertex   2.158755e+01 5.712370e+01 1.555195e+02
      vertex   2.079129e+01 5.852877e+01 1.549525e+02
      vertex   2.163527e+01 5.852877e+01 1.550959e+02
    endloop
  endfacet
  facet normal 1.477789e-01 -4.708196e-01 -8.697645e-01
    outer loop
      vertex   2.054243e+01 5.582878e+01 1.560429e+02
      vertex   2.069645e+01 5.712370e+01 1.553681e+02
      vertex   2.151005e+01 5.582878e+01 1.562073e+02
    endloop
  endfacet
  facet normal 1.477789e-01 -4.708196e-01 -8.697645e-01
    outer loop
      vertex   2.151005e+01 5.582878e+01 1.562073e+02
      vertex   2.069645e+01 5.712370e+01 1.553681e+02
      vertex   2.158755e+01 5.712370e+01 1.555195e+02
    endloop
  endfacet
  facet normal 1.295661e-01 -6.337964e-01 -7.625712e-01
    outer loop
      vertex   2.033516e+01 5.469377e+01 1.569510e+02
      vertex   2.054243e+01 5.582878e+01 1.560429e+02
      vertex   2.140576e+01 5.469377e+01 1.571329e+02
    endloop
  endfacet
  facet normal 1.295661e-01 -6.337964e-01 -7.625712e-01
    outer loop
      vertex   2.140576e+01 5.469377e+01 1.571329e+02
      vertex   2.054243e+01 5.582878e+01 1.560429e+02
      vertex   2.151005e+01 5.582878e+01 1.562073e+02
    endloop
  endfacet
  facet normal 1.063648e-01 -7.725203e-01 -6.260183e-01
    outer loop
      vertex   2.008260e+01 5.376229e+01 1.580575e+02
      vertex   2.033516e+01 5.469377e+01 1.569510e+02
      vertex   2.127868e+01 5.376229e+01 1.582608e+02
    endloop
  endfacet
  facet normal 1.063648e-01 -7.725203e-01 -6.260183e-01
    outer loop
      vertex   2.127868e+01 5.376229e+01 1.582608e+02
      vertex   2.033516e+01 5.469377e+01 1.569510e+02
      vertex   2.140576e+01 5.469377e+01 1.571329e+02
    endloop
  endfacet
  facet normal 7.905861e-02 -8.816124e-01 -4.653056e-01
    outer loop
      vertex   1.979445e+01 5.307014e+01 1.593200e+02
      vertex   2.008260e+01 5.376229e+01 1.580575e+02
      vertex   2.113370e+01 5.307014e+01 1.595475e+02
    endloop
  endfacet
  facet normal 7.905861e-02 -8.816124e-01 -4.653056e-01
    outer loop
      vertex   2.113370e+01 5.307014e+01 1.595475e+02
      vertex   2.008260e+01 5.376229e+01 1.580575e+02
      vertex   2.127868e+01 5.376229e+01 1.582608e+02
    endloop
  endfacet
  facet normal 4.869464e-02 -9.568132e-01 -2.865961e-01
    outer loop
      vertex   1.948179e+01 5.264392e+01 1.606898e+02
      vertex   1.979445e+01 5.307014e+01 1.593200e+02
      vertex   2.097638e+01 5.264392e+01 1.609438e+02
    endloop
  endfacet
  facet normal 4.869464e-02 -9.568132e-01 -2.865961e-01
    outer loop
      vertex   2.097638e+01 5.264392e+01 1.609438e+02
      vertex   1.979445e+01 5.307014e+01 1.593200e+02
      vertex   2.113370e+01 5.307014e+01 1.595475e+02
    endloop
  endfacet
  facet normal 0.000000e+00 -9.801714e-02 -9.951847e-01
    outer loop
      vertex   2.249000e+01 5.999000e+01 1.550000e+02
      vertex   7.751000e+01 5.999000e+01 1.550000e+02
      vertex   5.000000e+01 5.852877e+01 1.551439e+02
    endloop
  endfacet
  facet normal 2.531638e-17 -9.801714e-02 -9.951847e-01
    outer loop
      vertex   5.000000e+01 5.852877e+01 1.551439e+02
      vertex   7.751000e+01 5.999000e+01 1.550000e+02
      vertex   7.751000e+01 5.852877e+01 1.551439e+02
    endloop
  endfacet
  facet normal 7.497625e-17 -2.902847e-01 -9.569403e-01
    outer loop
      vertex   5.000000e+01 5.852877e+01 1.551439e+02
      vertex   7.751000e+01 5.852877e+01 1.551439e+02
      vertex   5.000000e+01 5.712370e+01 1.555701e+02
    endloop
  endfacet
  facet normal 1.063631e-15 -2.902847e-01 -9.569403e-01
    outer loop
      vertex   5.000000e+01 5.712370e+01 1.555701e+02
      vertex   7.751000e+01 5.852877e+01 1.551439e+02
      vertex   7.751000e+01 5.712370e+01 1.555701e+02
    endloop
  endfacet
  facet normal 1.032904e-15 -4.713967e-01 -8.819213e-01
    outer loop
      vertex   5.000000e+01 5.712370e+01 1.555701e+02
      vertex   7.751000e+01 5.712370e+01 1.555701e+02
      vertex   5.000000e+01 5.582878e+01 1.562623e+02
    endloop
  endfacet
  facet normal 1.032904e-15 -4.713967e-01 -8.819213e-01
    outer loop
      vertex   5.000000e+01 5.582878e+01 1.562623e+02
      vertex   7.751000e+01 5.712370e+01 1.555701e+02
      vertex   7.751000e+01 5.582878e+01 1.562623e+02
    endloop
  endfacet
  facet normal 9.624832e-16 -6.343933e-01 -7.730105e-01
    outer loop
      vertex   5.000000e+01 5.582878e+01 1.562623e+02
      vertex   7.751000e+01 5.582878e+01 1.562623e+02
      vertex   5.000000e+01 5.469377e+01 1.571938e+02
    endloop
  endfacet
  facet normal 4.915633e-16 -6.343933e-01 -7.730105e-01
    outer loop
      vertex   5.000000e+01 5.469377e+01 1.571938e+02
      vertex   7.751000e+01 5.582878e+01 1.562623e+02
      vertex   7.751000e+01 5.469377e+01 1.571938e+02
    endloop
  endfacet
  facet normal 5.989716e-16 -7.730105e-01 -6.343933e-01
    outer loop
      vertex   5.000000e+01 5.469377e+01 1.571938e+02
      vertex   7.751000e+01 5.469377e+01 1.571938e+02
      vertex   5.000000e+01 5.376229e+01 1.583288e+02
    endloop
  endfacet
  facet normal 3.993144e-16 -7.730105e-01 -6.343933e-01
    outer loop
      vertex   5.000000e+01 5.376229e+01 1.583288e+02
      vertex   7.751000e+01 5.469377e+01 1.571938e+02
      vertex   7.751000e+01 5.376229e+01 1.583288e+02
    endloop
  endfacet
  facet normal 4.555745e-16 -8.819213e-01 -4.713967e-01
    outer loop
      vertex   5.000000e+01 5.376229e+01 1.583288e+02
      vertex   7.751000e+01 5.376229e+01 1.583288e+02
      vertex   5.000000e+01 5.307014e+01 1.596237e+02
    endloop
  endfacet
  facet normal 2.277873e-16 -8.819213e-01 -4.713967e-01
    outer loop
      vertex   5.000000e+01 5.307014e+01 1.596237e+02
      vertex   7.751000e+01 5.376229e+01 1.583288e+02
      vertex   7.751000e+01 5.307014e+01 1.596237e+02
    endloop
  endfacet
  facet normal 2.471636e-16 -9.569403e-01 -2.902847e-01
    outer loop
      vertex   5.000000e+01 5.307014e+01 1.596237e+02
      vertex   7.751000e+01 5.307014e+01 1.596237e+02
      vertex   5.000000e+01 5.264392e+01 1.610288e+02
    endloop
  endfacet
  facet normal 7.414907e-16 -9.569403e-01 -2.902847e-01
    outer loop
      vertex   5.000000e+01 5.264392e+01 1.610288e+02
      vertex   7.751000e+01 5.307014e+01 1.596237e+02
      vertex   7.751000e+01 5.264392e+01 1.610288e+02
    endloop
  endfacet
  facet normal 7.711246e-16 -9.951847e-01 -9.801714e-02
    outer loop
      vertex   5.000000e+01 5.264392e+01 1.610288e+02
      vertex   7.751000e+01 5.264392e+01 1.610288e+02
      vertex   7.751000e+01 5.250000e+01 1.624900e+02
    endloop
  endfacet
  facet normal -0.000000e+00 -9.951847e-01 -9.801714e-02
    outer loop
      vertex   7.751000e+01 5.250000e+01 1.624900e+02
      vertex   2.249000e+01 5.250000e+01 1.624900e+02
      vertex   5.000000e+01 5.264392e+01 1.610288e+02
    endloop
  endfacet
  facet normal -0.000000e+00 -9.951847e-01 -9.801714e-02
    outer loop
      vertex   5.000000e+01 5.264392e+01 1.610288e+02
      vertex   2.249000e+01 5.250000e+01 1.624900e+02
      vertex   2.249000e+01 5.264392e+01 1.610288e+02
    endloop
  endfacet
  facet normal -0.000000e+00 -9.569403e-01 -2.902847e-01
    outer loop
      vertex   5.000000e+01 5.264392e+01 1.610288e+02
      vertex   2.249000e+01 5.264392e+01 1.610288e+02
      vertex   5.000000e+01 5.307014e+01 1.596237e+02
    endloop
  endfacet
  facet normal 2.471636e-16 -9.569403e-01 -2.902847e-01
    outer loop
      vertex   5.000000e+01 5.307014e+01 1.596237e+02
      vertex   2.249000e+01 5.264392e+01 1.610288e+02
      vertex   2.249000e+01 5.307014e+01 1.596237e+02
    endloop
  endfacet
  facet normal 2.277873e-16 -8.819213e-01 -4.713967e-01
    outer loop
      vertex   5.000000e+01 5.307014e+01 1.596237e+02
      vertex   2.249000e+01 5.307014e+01 1.596237e+02
      vertex   5.000000e+01 5.376229e+01 1.583288e+02
    endloop
  endfacet
  facet normal -0.000000e+00 -8.819213e-01 -4.713967e-01
    outer loop
      vertex   5.000000e+01 5.376229e+01 1.583288e+02
      vertex   2.249000e+01 5.307014e+01 1.596237e+02
      vertex   2.249000e+01 5.376229e+01 1.583288e+02
    endloop
  endfacet
  facet normal -0.000000e+00 -7.730105e-01 -6.343933e-01
    outer loop
      vertex   5.000000e+01 5.376229e+01 1.583288e+02
      vertex   2.249000e+01 5.376229e+01 1.583288e+02
      vertex   5.000000e+01 5.469377e+01 1.571938e+02
    endloop
  endfacet
  facet normal -0.000000e+00 -7.730105e-01 -6.343933e-01
    outer loop
      vertex   5.000000e+01 5.469377e+01 1.571938e+02
      vertex   2.249000e+01 5.376229e+01 1.583288e+02
      vertex   2.249000e+01 5.469377e+01 1.571938e+02
    endloop
  endfacet
  facet normal -0.000000e+00 -6.343933e-01 -7.730105e-01
    outer loop
      vertex   5.000000e+01 5.469377e+01 1.571938e+02
      vertex   2.249000e+01 5.469377e+01 1.571938e+02
      vertex   5.000000e+01 5.582878e+01 1.562623e+02
    endloop
  endfacet
  facet normal -0.000000e+00 -6.343933e-01 -7.730105e-01
    outer loop
      vertex   5.000000e+01 5.582878e+01 1.562623e+02
      vertex   2.249000e+01 5.469377e+01 1.571938e+02
      vertex   2.249000e+01 5.582878e+01 1.562623e+02
    endloop
  endfacet
  facet normal -0.000000e+00 -4.713967e-01 -8.819213e-01
    outer loop
      vertex   5.000000e+01 5.582878e+01 1.562623e+02
      vertex   2.249000e+01 5.582878e+01 1.562623e+02
      vertex   5.000000e+01 5.712370e+01 1.555701e+02
    endloop
  endfacet
  facet normal -0.000000e+00 -4.713967e-01 -8.819213e-01
    outer loop
      vertex   5.000000e+01 5.712370e+01 1.555701e+02
      vertex   2.249000e+01 5.582878e+01 1.562623e+02
      vertex   2.249000e+01 5.712370e+01 1.555701e+02
    endloop
  endfacet
  facet normal -0.000000e+00 -2.902847e-01 -9.569403e-01
    outer loop
      vertex   5.000000e+01 5.712370e+01 1.555701e+02
      vertex   2.249000e+01 5.712370e+01 1.555701e+02
      vertex   5.000000e+01 5.852877e+01 1.551439e+02
    endloop
  endfacet
  facet normal -0.000000e+00 -2.902847e-01 -9.569403e-01
    outer loop
      vertex   5.000000e+01 5.852877e+01 1.551439e+02
      vertex   2.249000e+01 5.712370e+01 1.555701e+02
      vertex   2.249000e+01 5.852877e+01 1.551439e+02
    endloop
  endfacet
  facet normal -0.000000e+00 -9.801714e-02 -9.951847e-01
    outer loop
      vertex   5.000000e+01 5.852877e+01 1.551439e+02
      vertex   2.249000e+01 5.852877e+01 1.551439e+02
      vertex   2.249000e+01 5.999000e+01 1.550000e+02
    endloop
  endfacet
  facet normal 4.140382e-01 -9.102590e-01 -9.599938e-04
    outer loop
      vertex   1.119830e+01 5.347106e+01 7.000000e+01
      vertex   1.037630e+01 5.307014e+01 9.562669e+01
      vertex   1.000000e+01 5.292601e+01 7.000000e+01
    endloop
  endfacet
  facet normal 2.902845e-01 -9.569397e-01 1.119741e-03
    outer loop
      vertex   1.000000e+01 5.292601e+01 7.000000e+01
      vertex   1.037630e+01 5.307014e+01 9.562669e+01
      vertex   8.971227e+00 5.264392e+01 9.562669e+01
    endloop
  endfacet
  facet normal 2.488235e-01 -9.685486e-01 -6.724804e-04
    outer loop
      vertex   1.000000e+01 5.292601e+01 7.000000e+01
      vertex   8.971227e+00 5.264392e+01 9.562669e+01
      vertex   8.748683e+00 5.260459e+01 6.991996e+01
    endloop
  endfacet
  facet normal 8.399071e-02 -9.964662e-01 7.971822e-04
    outer loop
      vertex   8.748683e+00 5.260459e+01 6.991996e+01
      vertex   8.971227e+00 5.264392e+01 9.562669e+01
      vertex   7.510000e+00 5.250000e+01 6.968503e+01
    endloop
  endfacet
  facet normal 9.801714e-02 -9.951847e-01 0.000000e+00
    outer loop
      vertex   7.510000e+00 5.250000e+01 6.968503e+01
      vertex   8.971227e+00 5.264392e+01 9.562669e+01
      vertex   8.971227e+00 5.264392e+01 1.215683e+02
    endloop
  endfacet
  facet normal 9.801714e-02 -9.951847e-01 8.948975e-18
    outer loop
      vertex   7.510000e+00 5.250000e+01 6.968503e+01
      vertex   8.971227e+00 5.264392e+01 1.215683e+02
      vertex   7.510000e+00 5.250000e+01 1.475100e+02
    endloop
  endfacet
  facet normal 9.801714e-02 -9.951847e-01 0.000000e+00
    outer loop
      vertex   7.510000e+00 5.250000e+01 1.475100e+02
      vertex   8.971227e+00 5.264392e+01 1.215683e+02
      vertex   8.971227e+00 5.264392e+01 1.475100e+02
    endloop
  endfacet
  facet normal 2.902847e-01 -9.569403e-01 0.000000e+00
    outer loop
      vertex   8.971227e+00 5.264392e+01 1.475100e+02
      vertex   8.971227e+00 5.264392e+01 1.215683e+02
      vertex   1.037630e+01 5.307014e+01 1.475100e+02
    endloop
  endfacet
  facet normal 2.902847e-01 -9.569403e-01 0.000000e+00
    outer loop
      vertex   1.037630e+01 5.307014e+01 1.475100e+02
      vertex   8.971227e+00 5.264392e+01 1.215683e+02
      vertex   1.037630e+01 5.307014e+01 1.215683e+02
    endloop
  endfacet
  facet normal 4.713967e-01 -8.819213e-01 0.000000e+00
    outer loop
      vertex   1.037630e+01 5.307014e+01 1.475100e+02
      vertex   1.037630e+01 5.307014e+01 1.215683e+02
      vertex   1.167122e+01 5.376229e+01 1.475100e+02
    endloop
  endfacet
  facet normal 4.713967e-01 -8.819213e-01 -3.061164e-16
    outer loop
      vertex   1.167122e+01 5.376229e+01 1.475100e+02
      vertex   1.037630e+01 5.307014e+01 1.215683e+02
      vertex   1.167122e+01 5.376229e+01 1.215683e+02
    endloop
  endfacet
  facet normal 6.343933e-01 -7.730105e-01 -2.986081e-16
    outer loop
      vertex   1.167122e+01 5.376229e+01 1.475100e+02
      vertex   1.167122e+01 5.376229e+01 1.215683e+02
      vertex   1.280623e+01 5.469377e+01 1.475100e+02
    endloop
  endfacet
  facet normal 6.343933e-01 -7.730105e-01 -8.688026e-17
    outer loop
      vertex   1.280623e+01 5.469377e+01 1.475100e+02
      vertex   1.167122e+01 5.376229e+01 1.215683e+02
      vertex   1.280623e+01 5.469377e+01 1.215683e+02
    endloop
  endfacet
  facet normal 7.730105e-01 -6.343933e-01 -1.058639e-16
    outer loop
      vertex   1.280623e+01 5.469377e+01 1.475100e+02
      vertex   1.280623e+01 5.469377e+01 1.215683e+02
      vertex   1.373771e+01 5.582878e+01 1.475100e+02
    endloop
  endfacet
  facet normal 7.730105e-01 -6.343933e-01 -5.293195e-17
    outer loop
      vertex   1.373771e+01 5.582878e+01 1.475100e+02
      vertex   1.280623e+01 5.469377e+01 1.215683e+02
      vertex   1.373771e+01 5.582878e+01 1.215683e+02
    endloop
  endfacet
  facet normal 8.819213e-01 -4.713967e-01 -6.038963e-17
    outer loop
      vertex   1.373771e+01 5.582878e+01 1.475100e+02
      vertex   1.373771e+01 5.582878e+01 1.215683e+02
      vertex   1.442986e+01 5.712370e+01 1.475100e+02
    endloop
  endfacet
  facet normal 8.819213e-01 -4.713967e-01 0.000000e+00
    outer loop
      vertex   1.442986e+01 5.712370e+01 1.475100e+02
      vertex   1.373771e+01 5.582878e+01 1.215683e+02
      vertex   1.442986e+01 5.712370e+01 1.215683e+02
    endloop
  endfacet
  facet normal 9.569403e-01 -2.902847e-01 0.000000e+00
    outer loop
      vertex   1.442986e+01 5.712370e+01 1.475100e+02
      vertex   1.442986e+01 5.712370e+01 1.215683e+02
      vertex   1.485608e+01 5.852877e+01 1.475100e+02
    endloop
  endfacet
  facet normal 9.569403e-01 -2.902847e-01 -6.552656e-17
    outer loop
      vertex   1.485608e+01 5.852877e+01 1.475100e+02
      vertex   1.442986e+01 5.712370e+01 1.215683e+02
      vertex   1.485608e+01 5.852877e+01 1.215683e+02
    endloop
  endfacet
  facet normal 9.951847e-01 -9.801714e-02 -6.814535e-17
    outer loop
      vertex   1.485608e+01 5.852877e+01 1.475100e+02
      vertex   1.485608e+01 5.852877e+01 1.215683e+02
      vertex   1.500000e+01 5.999000e+01 1.475100e+02
    endloop
  endfacet
  facet normal 9.951847e-01 -9.801714e-02 0.000000e+00
    outer loop
      vertex   1.500000e+01 5.999000e+01 1.475100e+02
      vertex   1.485608e+01 5.852877e+01 1.215683e+02
      vertex   1.485608e+01 5.852877e+01 9.562669e+01
    endloop
  endfacet
  facet normal 9.935709e-01 -1.132106e-01 4.323808e-04
    outer loop
      vertex   1.500000e+01 5.999000e+01 1.475100e+02
      vertex   1.485608e+01 5.852877e+01 9.562669e+01
      vertex   1.488431e+01 5.867866e+01 7.000000e+01
    endloop
  endfacet
  facet normal 9.653592e-01 -2.609240e-01 -4.626324e-04
    outer loop
      vertex   1.488431e+01 5.867866e+01 7.000000e+01
      vertex   1.485608e+01 5.852877e+01 9.562669e+01
      vertex   1.454082e+01 5.740782e+01 7.000000e+01
    endloop
  endfacet
  facet normal 9.569399e-01 -2.902846e-01 9.252165e-04
    outer loop
      vertex   1.454082e+01 5.740782e+01 7.000000e+01
      vertex   1.485608e+01 5.852877e+01 9.562669e+01
      vertex   1.442986e+01 5.712370e+01 9.562669e+01
    endloop
  endfacet
  facet normal 9.047661e-01 -4.259081e-01 -8.043499e-04
    outer loop
      vertex   1.454082e+01 5.740782e+01 7.000000e+01
      vertex   1.442986e+01 5.712370e+01 9.562669e+01
      vertex   1.398014e+01 5.621676e+01 7.000000e+01
    endloop
  endfacet
  facet normal 8.819206e-01 -4.713964e-01 1.206420e-03
    outer loop
      vertex   1.398014e+01 5.621676e+01 7.000000e+01
      vertex   1.442986e+01 5.712370e+01 9.562669e+01
      vertex   1.373771e+01 5.582878e+01 9.562669e+01
    endloop
  endfacet
  facet normal 8.162236e-01 -5.777353e-01 -1.025011e-03
    outer loop
      vertex   1.398014e+01 5.621676e+01 7.000000e+01
      vertex   1.373771e+01 5.582878e+01 9.562669e+01
      vertex   1.321959e+01 5.514225e+01 7.000000e+01
    endloop
  endfacet
  facet normal 7.730097e-01 -6.343927e-01 1.366516e-03
    outer loop
      vertex   1.321959e+01 5.514225e+01 7.000000e+01
      vertex   1.373771e+01 5.582878e+01 9.562669e+01
      vertex   1.280623e+01 5.469377e+01 9.562669e+01
    endloop
  endfacet
  facet normal 7.024670e-01 -7.117154e-01 -1.124525e-03
    outer loop
      vertex   1.321959e+01 5.514225e+01 7.000000e+01
      vertex   1.280623e+01 5.469377e+01 9.562669e+01
      vertex   1.228266e+01 5.421750e+01 7.000000e+01
    endloop
  endfacet
  facet normal 6.343927e-01 -7.730097e-01 1.405437e-03
    outer loop
      vertex   1.228266e+01 5.421750e+01 7.000000e+01
      vertex   1.280623e+01 5.469377e+01 9.562669e+01
      vertex   1.167122e+01 5.376229e+01 9.562669e+01
    endloop
  endfacet
  facet normal 5.670104e-01 -8.237099e-01 -1.102849e-03
    outer loop
      vertex   1.228266e+01 5.421750e+01 7.000000e+01
      vertex   1.167122e+01 5.376229e+01 9.562669e+01
      vertex   1.119830e+01 5.347106e+01 7.000000e+01
    endloop
  endfacet
  facet normal 4.713963e-01 -8.819205e-01 1.323167e-03
    outer loop
      vertex   1.119830e+01 5.347106e+01 7.000000e+01
      vertex   1.167122e+01 5.376229e+01 9.562669e+01
      vertex   1.037630e+01 5.307014e+01 9.562669e+01
    endloop
  endfacet
  facet normal 9.961311e-01 -8.787959e-02 2.284925e-17
    outer loop
      vertex   1.488431e+01 5.867866e+01 7.000000e+01
      vertex   1.500000e+01 5.999000e+01 7.000000e+01
      vertex   1.500000e+01 5.999000e+01 1.475100e+02
    endloop
  endfacet
  facet normal 2.902847e-01 -9.569403e-01 0.000000e+00
    outer loop
      vertex   8.971227e+00 5.264392e+01 1.215683e+02
      vertex   8.971227e+00 5.264392e+01 9.562669e+01
      vertex   1.037630e+01 5.307014e+01 1.215683e+02
    endloop
  endfacet
  facet normal 2.902847e-01 -9.569403e-01 0.000000e+00
    outer loop
      vertex   1.037630e+01 5.307014e+01 1.215683e+02
      vertex   8.971227e+00 5.264392e+01 9.562669e+01
      vertex   1.037630e+01 5.307014e+01 9.562669e+01
    endloop
  endfacet
  facet normal 4.713967e-01 -8.819213e-01 0.000000e+00
    outer loop
      vertex   1.037630e+01 5.307014e+01 1.215683e+02
      vertex   1.037630e+01 5.307014e+01 9.562669e+01
      vertex   1.167122e+01 5.376229e+01 1.215683e+02
    endloop
  endfacet
  facet normal 4.713967e-01 -8.819213e-01 3.227893e-17
    outer loop
      vertex   1.167122e+01 5.376229e+01 1.215683e+02
      vertex   1.037630e+01 5.307014e+01 9.562669e+01
      vertex   1.167122e+01 5.376229e+01 9.562669e+01
    endloop
  endfacet
  facet normal 6.343933e-01 -7.730105e-01 4.344013e-17
    outer loop
      vertex   1.167122e+01 5.376229e+01 1.215683e+02
      vertex   1.167122e+01 5.376229e+01 9.562669e+01
      vertex   1.280623e+01 5.469377e+01 1.215683e+02
    endloop
  endfacet
  facet normal 6.343933e-01 -7.730105e-01 0.000000e+00
    outer loop
      vertex   1.280623e+01 5.469377e+01 1.215683e+02
      vertex   1.167122e+01 5.376229e+01 9.562669e+01
      vertex   1.280623e+01 5.469377e+01 9.562669e+01
    endloop
  endfacet
  facet normal 7.730105e-01 -6.343933e-01 0.000000e+00
    outer loop
      vertex   1.280623e+01 5.469377e+01 1.215683e+02
      vertex   1.280623e+01 5.469377e+01 9.562669e+01
      vertex   1.373771e+01 5.582878e+01 1.215683e+02
    endloop
  endfacet
  facet normal 7.730105e-01 -6.343933e-01 0.000000e+00
    outer loop
      vertex   1.373771e+01 5.582878e+01 1.215683e+02
      vertex   1.280623e+01 5.469377e+01 9.562669e+01
      vertex   1.373771e+01 5.582878e+01 9.562669e+01
    endloop
  endfacet
  facet normal 8.819213e-01 -4.713967e-01 0.000000e+00
    outer loop
      vertex   1.373771e+01 5.582878e+01 1.215683e+02
      vertex   1.373771e+01 5.582878e+01 9.562669e+01
      vertex   1.442986e+01 5.712370e+01 1.215683e+02
    endloop
  endfacet
  facet normal 8.819213e-01 -4.713967e-01 0.000000e+00
    outer loop
      vertex   1.442986e+01 5.712370e+01 1.215683e+02
      vertex   1.373771e+01 5.582878e+01 9.562669e+01
      vertex   1.442986e+01 5.712370e+01 9.562669e+01
    endloop
  endfacet
  facet normal 9.569403e-01 -2.902847e-01 0.000000e+00
    outer loop
      vertex   1.442986e+01 5.712370e+01 1.215683e+02
      vertex   1.442986e+01 5.712370e+01 9.562669e+01
      vertex   1.485608e+01 5.852877e+01 1.215683e+02
    endloop
  endfacet
  facet normal 9.569403e-01 -2.902847e-01 0.000000e+00
    outer loop
      vertex   1.485608e+01 5.852877e+01 1.215683e+02
      vertex   1.442986e+01 5.712370e+01 9.562669e+01
      vertex   1.485608e+01 5.852877e+01 9.562669e+01
    endloop
  endfacet
  facet normal -9.936341e-01 9.786442e-02 -5.580130e-02
    outer loop
      vertex   8.514392e+01 6.147123e+01 1.475100e+02
      vertex   8.500000e+01 6.001000e+01 1.475100e+02
      vertex   8.509592e+01 6.147123e+01 1.483647e+02
    endloop
  endfacet
  facet normal -9.877817e-01 1.217474e-01 -9.728800e-02
    outer loop
      vertex   8.509592e+01 6.147123e+01 1.483647e+02
      vertex   8.500000e+01 6.001000e+01 1.475100e+02
      vertex   8.485608e+01 6.001000e+01 1.489712e+02
    endloop
  endfacet
  facet normal -9.816992e-01 9.189841e-02 -1.667974e-01
    outer loop
      vertex   8.509592e+01 6.147123e+01 1.483647e+02
      vertex   8.485608e+01 6.001000e+01 1.489712e+02
      vertex   8.495252e+01 6.147123e+01 1.492087e+02
    endloop
  endfacet
  facet normal -9.511683e-01 1.096682e-01 -2.885338e-01
    outer loop
      vertex   8.495252e+01 6.147123e+01 1.492087e+02
      vertex   8.485608e+01 6.001000e+01 1.489712e+02
      vertex   8.442986e+01 6.001000e+01 1.503763e+02
    endloop
  endfacet
  facet normal -9.537873e-01 1.215938e-01 -2.747814e-01
    outer loop
      vertex   8.495252e+01 6.147123e+01 1.492087e+02
      vertex   8.442986e+01 6.001000e+01 1.503763e+02
      vertex   8.471553e+01 6.147123e+01 1.500313e+02
    endloop
  endfacet
  facet normal -9.201380e-01 8.990699e-02 -3.811336e-01
    outer loop
      vertex   8.471553e+01 6.147123e+01 1.500313e+02
      vertex   8.442986e+01 6.001000e+01 1.503763e+02
      vertex   8.438792e+01 6.147123e+01 1.508222e+02
    endloop
  endfacet
  facet normal -8.842147e-01 2.898664e-01 -3.662537e-01
    outer loop
      vertex   8.471553e+01 6.147123e+01 1.500313e+02
      vertex   8.438792e+01 6.147123e+01 1.508222e+02
      vertex   8.477194e+01 6.287630e+01 1.510072e+02
    endloop
  endfacet
  facet normal -8.376476e-01 2.898664e-01 -4.629514e-01
    outer loop
      vertex   8.477194e+01 6.287630e+01 1.510072e+02
      vertex   8.438792e+01 6.147123e+01 1.508222e+02
      vertex   8.433472e+01 6.287630e+01 1.517983e+02
    endloop
  endfacet
  facet normal -7.721479e-01 4.708196e-01 -4.267511e-01
    outer loop
      vertex   8.477194e+01 6.287630e+01 1.510072e+02
      vertex   8.433472e+01 6.287630e+01 1.517983e+02
      vertex   8.492078e+01 6.417122e+01 1.521665e+02
    endloop
  endfacet
  facet normal -7.195118e-01 4.708196e-01 -5.105209e-01
    outer loop
      vertex   8.492078e+01 6.417122e+01 1.521665e+02
      vertex   8.433472e+01 6.287630e+01 1.517983e+02
      vertex   8.435282e+01 6.417122e+01 1.529670e+02
    endloop
  endfacet
  facet normal -6.308363e-01 6.337964e-01 -4.476022e-01
    outer loop
      vertex   8.492078e+01 6.417122e+01 1.521665e+02
      vertex   8.435282e+01 6.417122e+01 1.529670e+02
      vertex   8.508108e+01 6.530623e+01 1.535477e+02
    endloop
  endfacet
  facet normal -5.767542e-01 6.337964e-01 -5.154190e-01
    outer loop
      vertex   8.508108e+01 6.530623e+01 1.535477e+02
      vertex   8.435282e+01 6.417122e+01 1.529670e+02
      vertex   8.435746e+01 6.530623e+01 1.543575e+02
    endloop
  endfacet
  facet normal -4.734753e-01 7.725203e-01 -4.231234e-01
    outer loop
      vertex   8.508108e+01 6.530623e+01 1.535477e+02
      vertex   8.435746e+01 6.530623e+01 1.543575e+02
      vertex   8.516003e+01 6.623771e+01 1.551600e+02
    endloop
  endfacet
  facet normal -4.231234e-01 7.725203e-01 -4.734753e-01
    outer loop
      vertex   8.516003e+01 6.623771e+01 1.551600e+02
      vertex   8.435746e+01 6.530623e+01 1.543575e+02
      vertex   8.425540e+01 6.623771e+01 1.559685e+02
    endloop
  endfacet
  facet normal -3.144984e-01 8.816124e-01 -3.519238e-01
    outer loop
      vertex   8.516003e+01 6.623771e+01 1.551600e+02
      vertex   8.425540e+01 6.623771e+01 1.559685e+02
      vertex   8.506277e+01 6.692986e+01 1.569809e+02
    endloop
  endfacet
  facet normal -2.731179e-01 8.816124e-01 -3.849236e-01
    outer loop
      vertex   8.506277e+01 6.692986e+01 1.569809e+02
      vertex   8.425540e+01 6.623771e+01 1.559685e+02
      vertex   8.395488e+01 6.692986e+01 1.577670e+02
    endloop
  endfacet
  facet normal -1.682217e-01 9.568132e-01 -2.370864e-01
    outer loop
      vertex   8.506277e+01 6.692986e+01 1.569809e+02
      vertex   8.395488e+01 6.692986e+01 1.577670e+02
      vertex   8.470242e+01 6.735608e+01 1.589567e+02
    endloop
  endfacet
  facet normal -1.406187e-01 9.568132e-01 -2.544305e-01
    outer loop
      vertex   8.470242e+01 6.735608e+01 1.589567e+02
      vertex   8.395488e+01 6.692986e+01 1.577670e+02
      vertex   8.337558e+01 6.735608e+01 1.596900e+02
    endloop
  endfacet
  facet normal -4.682091e-02 9.953045e-01 -8.471606e-02
    outer loop
      vertex   8.470242e+01 6.735608e+01 1.589567e+02
      vertex   8.337558e+01 6.735608e+01 1.596900e+02
      vertex   8.500000e+01 6.750000e+01 1.604831e+02
    endloop
  endfacet
  facet normal -4.429699e-02 9.949719e-01 -8.982541e-02
    outer loop
      vertex   8.500000e+01 6.750000e+01 1.604831e+02
      vertex   8.337558e+01 6.735608e+01 1.596900e+02
      vertex   8.324260e+01 6.750000e+01 1.613497e+02
    endloop
  endfacet
  facet normal -3.697649e-02 9.953209e-01 -8.926915e-02
    outer loop
      vertex   8.324260e+01 6.750000e+01 1.613497e+02
      vertex   8.337558e+01 6.735608e+01 1.596900e+02
      vertex   8.197497e+01 6.735608e+01 1.602701e+02
    endloop
  endfacet
  facet normal -3.219346e-02 9.949719e-01 -9.483886e-02
    outer loop
      vertex   8.324260e+01 6.750000e+01 1.613497e+02
      vertex   8.197497e+01 6.735608e+01 1.602701e+02
      vertex   8.138711e+01 6.750000e+01 1.619796e+02
    endloop
  endfacet
  facet normal -2.679592e-02 9.953045e-01 -9.301068e-02
    outer loop
      vertex   8.138711e+01 6.750000e+01 1.619796e+02
      vertex   8.197497e+01 6.735608e+01 1.602701e+02
      vertex   8.051821e+01 6.735608e+01 1.606898e+02
    endloop
  endfacet
  facet normal -1.947534e-02 9.950048e-01 -9.790913e-02
    outer loop
      vertex   8.138711e+01 6.750000e+01 1.619796e+02
      vertex   8.051821e+01 6.735608e+01 1.606898e+02
      vertex   7.946528e+01 6.750000e+01 1.623618e+02
    endloop
  endfacet
  facet normal -1.629925e-02 9.952546e-01 -9.593053e-02
    outer loop
      vertex   7.946528e+01 6.750000e+01 1.623618e+02
      vertex   8.051821e+01 6.735608e+01 1.606898e+02
      vertex   7.902362e+01 6.735608e+01 1.609438e+02
    endloop
  endfacet
  facet normal -6.486697e-03 9.950695e-01 -9.896787e-02
    outer loop
      vertex   7.946528e+01 6.750000e+01 1.623618e+02
      vertex   7.902362e+01 6.735608e+01 1.609438e+02
      vertex   7.751000e+01 6.750000e+01 1.624900e+02
    endloop
  endfacet
  facet normal -5.504441e-03 9.951697e-01 -9.801566e-02
    outer loop
      vertex   7.751000e+01 6.750000e+01 1.624900e+02
      vertex   7.902362e+01 6.735608e+01 1.609438e+02
      vertex   7.751000e+01 6.735608e+01 1.610288e+02
    endloop
  endfacet
  facet normal -1.629987e-02 9.568132e-01 -2.902461e-01
    outer loop
      vertex   7.751000e+01 6.735608e+01 1.610288e+02
      vertex   7.902362e+01 6.735608e+01 1.609438e+02
      vertex   7.886630e+01 6.692986e+01 1.595475e+02
    endloop
  endfacet
  facet normal -1.629987e-02 9.568132e-01 -2.902461e-01
    outer loop
      vertex   7.751000e+01 6.735608e+01 1.610288e+02
      vertex   7.886630e+01 6.692986e+01 1.595475e+02
      vertex   7.751000e+01 6.692986e+01 1.596237e+02
    endloop
  endfacet
  facet normal -2.646380e-02 8.816124e-01 -4.712316e-01
    outer loop
      vertex   7.751000e+01 6.692986e+01 1.596237e+02
      vertex   7.886630e+01 6.692986e+01 1.595475e+02
      vertex   7.872132e+01 6.623771e+01 1.582608e+02
    endloop
  endfacet
  facet normal -2.646380e-02 8.816124e-01 -4.712316e-01
    outer loop
      vertex   7.751000e+01 6.692986e+01 1.596237e+02
      vertex   7.872132e+01 6.623771e+01 1.582608e+02
      vertex   7.751000e+01 6.623771e+01 1.583288e+02
    endloop
  endfacet
  facet normal -3.560417e-02 7.725203e-01 -6.339911e-01
    outer loop
      vertex   7.751000e+01 6.623771e+01 1.583288e+02
      vertex   7.872132e+01 6.623771e+01 1.582608e+02
      vertex   7.859424e+01 6.530623e+01 1.571329e+02
    endloop
  endfacet
  facet normal -3.560417e-02 7.725203e-01 -6.339911e-01
    outer loop
      vertex   7.751000e+01 6.623771e+01 1.583288e+02
      vertex   7.859424e+01 6.530623e+01 1.571329e+02
      vertex   7.751000e+01 6.530623e+01 1.571938e+02
    endloop
  endfacet
  facet normal -4.337049e-02 6.337964e-01 -7.722831e-01
    outer loop
      vertex   7.751000e+01 6.530623e+01 1.571938e+02
      vertex   7.859424e+01 6.530623e+01 1.571329e+02
      vertex   7.848995e+01 6.417122e+01 1.562073e+02
    endloop
  endfacet
  facet normal -4.337049e-02 6.337964e-01 -7.722831e-01
    outer loop
      vertex   7.751000e+01 6.530623e+01 1.571938e+02
      vertex   7.848995e+01 6.417122e+01 1.562073e+02
      vertex   7.751000e+01 6.417122e+01 1.562623e+02
    endloop
  endfacet
  facet normal -4.946700e-02 4.708196e-01 -8.808416e-01
    outer loop
      vertex   7.751000e+01 6.417122e+01 1.562623e+02
      vertex   7.848995e+01 6.417122e+01 1.562073e+02
      vertex   7.841245e+01 6.287630e+01 1.555195e+02
    endloop
  endfacet
  facet normal -4.946700e-02 4.708196e-01 -8.808416e-01
    outer loop
      vertex   7.751000e+01 6.417122e+01 1.562623e+02
      vertex   7.841245e+01 6.287630e+01 1.555195e+02
      vertex   7.751000e+01 6.287630e+01 1.555701e+02
    endloop
  endfacet
  facet normal -5.366318e-02 2.898664e-01 -9.555615e-01
    outer loop
      vertex   7.751000e+01 6.287630e+01 1.555701e+02
      vertex   7.841245e+01 6.287630e+01 1.555195e+02
      vertex   7.836473e+01 6.147123e+01 1.550959e+02
    endloop
  endfacet
  facet normal -5.366318e-02 2.898664e-01 -9.555615e-01
    outer loop
      vertex   7.751000e+01 6.287630e+01 1.555701e+02
      vertex   7.836473e+01 6.147123e+01 1.550959e+02
      vertex   7.751000e+01 6.147123e+01 1.551439e+02
    endloop
  endfacet
  facet normal -5.580130e-02 9.786442e-02 -9.936341e-01
    outer loop
      vertex   7.751000e+01 6.147123e+01 1.551439e+02
      vertex   7.836473e+01 6.147123e+01 1.550959e+02
      vertex   7.751000e+01 6.001000e+01 1.550000e+02
    endloop
  endfacet
  facet normal -9.728800e-02 1.217474e-01 -9.877817e-01
    outer loop
      vertex   7.751000e+01 6.001000e+01 1.550000e+02
      vertex   7.836473e+01 6.147123e+01 1.550959e+02
      vertex   7.897123e+01 6.001000e+01 1.548561e+02
    endloop
  endfacet
  facet normal -1.667974e-01 9.189841e-02 -9.816992e-01
    outer loop
      vertex   7.897123e+01 6.001000e+01 1.548561e+02
      vertex   7.836473e+01 6.147123e+01 1.550959e+02
      vertex   7.920871e+01 6.147123e+01 1.549525e+02
    endloop
  endfacet
  facet normal -2.752229e-01 1.077789e-01 -9.553199e-01
    outer loop
      vertex   7.897123e+01 6.001000e+01 1.548561e+02
      vertex   7.920871e+01 6.147123e+01 1.549525e+02
      vertex   8.003132e+01 6.147123e+01 1.547155e+02
    endloop
  endfacet
  facet normal -2.649502e-01 2.898664e-01 -9.196624e-01
    outer loop
      vertex   8.003132e+01 6.147123e+01 1.547155e+02
      vertex   7.920871e+01 6.147123e+01 1.549525e+02
      vertex   7.930355e+01 6.287630e+01 1.553681e+02
    endloop
  endfacet
  facet normal -2.649502e-01 2.898664e-01 -9.196624e-01
    outer loop
      vertex   8.003132e+01 6.147123e+01 1.547155e+02
      vertex   7.930355e+01 6.287630e+01 1.553681e+02
      vertex   8.017210e+01 6.287630e+01 1.551178e+02
    endloop
  endfacet
  facet normal -2.442325e-01 4.708196e-01 -8.477496e-01
    outer loop
      vertex   8.017210e+01 6.287630e+01 1.551178e+02
      vertex   7.930355e+01 6.287630e+01 1.553681e+02
      vertex   7.945757e+01 6.417122e+01 1.560429e+02
    endloop
  endfacet
  facet normal -2.442325e-01 4.708196e-01 -8.477496e-01
    outer loop
      vertex   8.017210e+01 6.287630e+01 1.551178e+02
      vertex   7.945757e+01 6.417122e+01 1.560429e+02
      vertex   8.040070e+01 6.417122e+01 1.557711e+02
    endloop
  endfacet
  facet normal -2.141323e-01 6.337964e-01 -7.432695e-01
    outer loop
      vertex   8.040070e+01 6.417122e+01 1.557711e+02
      vertex   7.945757e+01 6.417122e+01 1.560429e+02
      vertex   7.966484e+01 6.530623e+01 1.569510e+02
    endloop
  endfacet
  facet normal -2.141323e-01 6.337964e-01 -7.432695e-01
    outer loop
      vertex   8.040070e+01 6.417122e+01 1.557711e+02
      vertex   7.966484e+01 6.530623e+01 1.569510e+02
      vertex   8.070835e+01 6.530623e+01 1.566503e+02
    endloop
  endfacet
  facet normal -1.757878e-01 7.725203e-01 -6.101729e-01
    outer loop
      vertex   8.070835e+01 6.530623e+01 1.566503e+02
      vertex   7.966484e+01 6.530623e+01 1.569510e+02
      vertex   7.991740e+01 6.623771e+01 1.580575e+02
    endloop
  endfacet
  facet normal -1.757878e-01 7.725203e-01 -6.101729e-01
    outer loop
      vertex   8.070835e+01 6.530623e+01 1.566503e+02
      vertex   7.991740e+01 6.623771e+01 1.580575e+02
      vertex   8.108322e+01 6.623771e+01 1.577217e+02
    endloop
  endfacet
  facet normal -1.306592e-01 8.816124e-01 -4.535281e-01
    outer loop
      vertex   8.108322e+01 6.623771e+01 1.577217e+02
      vertex   7.991740e+01 6.623771e+01 1.580575e+02
      vertex   8.020555e+01 6.692986e+01 1.593200e+02
    endloop
  endfacet
  facet normal -1.306592e-01 8.816124e-01 -4.535281e-01
    outer loop
      vertex   8.108322e+01 6.623771e+01 1.577217e+02
      vertex   8.020555e+01 6.692986e+01 1.593200e+02
      vertex   8.151090e+01 6.692986e+01 1.589439e+02
    endloop
  endfacet
  facet normal -8.047704e-02 9.568132e-01 -2.793420e-01
    outer loop
      vertex   8.151090e+01 6.692986e+01 1.589439e+02
      vertex   8.020555e+01 6.692986e+01 1.593200e+02
      vertex   8.051821e+01 6.735608e+01 1.606898e+02
    endloop
  endfacet
  facet normal -8.047704e-02 9.568132e-01 -2.793420e-01
    outer loop
      vertex   8.151090e+01 6.692986e+01 1.589439e+02
      vertex   8.051821e+01 6.735608e+01 1.606898e+02
      vertex   8.197497e+01 6.735608e+01 1.602701e+02
    endloop
  endfacet
  facet normal -8.757885e-01 1.177257e-01 -4.681187e-01
    outer loop
      vertex   8.442986e+01 6.001000e+01 1.503763e+02
      vertex   8.373771e+01 6.001000e+01 1.516712e+02
      vertex   8.438792e+01 6.147123e+01 1.508222e+02
    endloop
  endfacet
  facet normal -8.701252e-01 1.077789e-01 -4.809012e-01
    outer loop
      vertex   8.438792e+01 6.147123e+01 1.508222e+02
      vertex   8.373771e+01 6.001000e+01 1.516712e+02
      vertex   8.397382e+01 6.147123e+01 1.515715e+02
    endloop
  endfacet
  facet normal -8.376476e-01 2.898664e-01 -4.629514e-01
    outer loop
      vertex   8.438792e+01 6.147123e+01 1.508222e+02
      vertex   8.397382e+01 6.147123e+01 1.515715e+02
      vertex   8.433472e+01 6.287630e+01 1.517983e+02
    endloop
  endfacet
  facet normal -7.805465e-01 2.898664e-01 -5.538273e-01
    outer loop
      vertex   8.433472e+01 6.287630e+01 1.517983e+02
      vertex   8.397382e+01 6.147123e+01 1.515715e+02
      vertex   8.381167e+01 6.287630e+01 1.525354e+02
    endloop
  endfacet
  facet normal -7.195118e-01 4.708196e-01 -5.105209e-01
    outer loop
      vertex   8.433472e+01 6.287630e+01 1.517983e+02
      vertex   8.381167e+01 6.287630e+01 1.525354e+02
      vertex   8.435282e+01 6.417122e+01 1.529670e+02
    endloop
  endfacet
  facet normal -6.578275e-01 4.708196e-01 -5.878706e-01
    outer loop
      vertex   8.435282e+01 6.417122e+01 1.529670e+02
      vertex   8.381167e+01 6.287630e+01 1.525354e+02
      vertex   8.369881e+01 6.417122e+01 1.536988e+02
    endloop
  endfacet
  facet normal -5.767542e-01 6.337964e-01 -5.154190e-01
    outer loop
      vertex   8.435282e+01 6.417122e+01 1.529670e+02
      vertex   8.369881e+01 6.417122e+01 1.536988e+02
      vertex   8.435746e+01 6.530623e+01 1.543575e+02
    endloop
  endfacet
  facet normal -5.154190e-01 6.337964e-01 -5.767542e-01
    outer loop
      vertex   8.435746e+01 6.530623e+01 1.543575e+02
      vertex   8.369881e+01 6.417122e+01 1.536988e+02
      vertex   8.354773e+01 6.530623e+01 1.550811e+02
    endloop
  endfacet
  facet normal -4.231234e-01 7.725203e-01 -4.734753e-01
    outer loop
      vertex   8.435746e+01 6.530623e+01 1.543575e+02
      vertex   8.354773e+01 6.530623e+01 1.550811e+02
      vertex   8.425540e+01 6.623771e+01 1.559685e+02
    endloop
  endfacet
  facet normal -3.674505e-01 7.725203e-01 -5.178730e-01
    outer loop
      vertex   8.425540e+01 6.623771e+01 1.559685e+02
      vertex   8.354773e+01 6.530623e+01 1.550811e+02
      vertex   8.326594e+01 6.623771e+01 1.566705e+02
    endloop
  endfacet
  facet normal -2.731179e-01 8.816124e-01 -3.849236e-01
    outer loop
      vertex   8.425540e+01 6.623771e+01 1.559685e+02
      vertex   8.326594e+01 6.623771e+01 1.566705e+02
      vertex   8.395488e+01 6.692986e+01 1.577670e+02
    endloop
  endfacet
  facet normal -2.283028e-01 8.816124e-01 -4.130828e-01
    outer loop
      vertex   8.395488e+01 6.692986e+01 1.577670e+02
      vertex   8.326594e+01 6.623771e+01 1.566705e+02
      vertex   8.276594e+01 6.692986e+01 1.584241e+02
    endloop
  endfacet
  facet normal -1.406187e-01 9.568132e-01 -2.544305e-01
    outer loop
      vertex   8.395488e+01 6.692986e+01 1.577670e+02
      vertex   8.276594e+01 6.692986e+01 1.584241e+02
      vertex   8.337558e+01 6.735608e+01 1.596900e+02
    endloop
  endfacet
  facet normal -1.112474e-01 9.568132e-01 -2.685750e-01
    outer loop
      vertex   8.337558e+01 6.735608e+01 1.596900e+02
      vertex   8.276594e+01 6.692986e+01 1.584241e+02
      vertex   8.197497e+01 6.735608e+01 1.602701e+02
    endloop
  endfacet
  facet normal -8.121097e-01 9.189841e-02 -5.762226e-01
    outer loop
      vertex   8.397382e+01 6.147123e+01 1.515715e+02
      vertex   8.373771e+01 6.001000e+01 1.516712e+02
      vertex   8.347844e+01 6.147123e+01 1.522697e+02
    endloop
  endfacet
  facet normal -7.672601e-01 1.217474e-01 -6.296741e-01
    outer loop
      vertex   8.347844e+01 6.147123e+01 1.522697e+02
      vertex   8.373771e+01 6.001000e+01 1.516712e+02
      vertex   8.280623e+01 6.001000e+01 1.528062e+02
    endloop
  endfacet
  facet normal -7.420629e-01 9.786442e-02 -6.631480e-01
    outer loop
      vertex   8.347844e+01 6.147123e+01 1.522697e+02
      vertex   8.280623e+01 6.001000e+01 1.528062e+02
      vertex   8.290800e+01 6.147123e+01 1.529080e+02
    endloop
  endfacet
  facet normal -6.631480e-01 9.786442e-02 -7.420629e-01
    outer loop
      vertex   8.290800e+01 6.147123e+01 1.529080e+02
      vertex   8.280623e+01 6.001000e+01 1.528062e+02
      vertex   8.226967e+01 6.147123e+01 1.534784e+02
    endloop
  endfacet
  facet normal -6.377384e-01 2.898664e-01 -7.136296e-01
    outer loop
      vertex   8.290800e+01 6.147123e+01 1.529080e+02
      vertex   8.226967e+01 6.147123e+01 1.534784e+02
      vertex   8.253542e+01 6.287630e+01 1.538117e+02
    endloop
  endfacet
  facet normal -5.538273e-01 2.898664e-01 -7.805465e-01
    outer loop
      vertex   8.253542e+01 6.287630e+01 1.538117e+02
      vertex   8.226967e+01 6.147123e+01 1.534784e+02
      vertex   8.179825e+01 6.287630e+01 1.543347e+02
    endloop
  endfacet
  facet normal -5.105209e-01 4.708196e-01 -7.195118e-01
    outer loop
      vertex   8.253542e+01 6.287630e+01 1.538117e+02
      vertex   8.179825e+01 6.287630e+01 1.543347e+02
      vertex   8.216650e+01 6.417122e+01 1.549208e+02
    endloop
  endfacet
  facet normal -4.267511e-01 4.708196e-01 -7.721479e-01
    outer loop
      vertex   8.216650e+01 6.417122e+01 1.549208e+02
      vertex   8.179825e+01 6.287630e+01 1.543347e+02
      vertex   8.130748e+01 6.417122e+01 1.553955e+02
    endloop
  endfacet
  facet normal -3.741565e-01 6.337964e-01 -6.769853e-01
    outer loop
      vertex   8.216650e+01 6.417122e+01 1.549208e+02
      vertex   8.130748e+01 6.417122e+01 1.553955e+02
      vertex   8.171163e+01 6.530623e+01 1.562348e+02
    endloop
  endfacet
  facet normal -2.960056e-01 6.337964e-01 -7.146208e-01
    outer loop
      vertex   8.171163e+01 6.530623e+01 1.562348e+02
      vertex   8.130748e+01 6.417122e+01 1.553955e+02
      vertex   8.070835e+01 6.530623e+01 1.566503e+02
    endloop
  endfacet
  facet normal -2.430002e-01 7.725203e-01 -5.866543e-01
    outer loop
      vertex   8.171163e+01 6.530623e+01 1.562348e+02
      vertex   8.070835e+01 6.530623e+01 1.566503e+02
      vertex   8.108322e+01 6.623771e+01 1.577217e+02
    endloop
  endfacet
  facet normal -6.296741e-01 1.217474e-01 -7.672601e-01
    outer loop
      vertex   8.280623e+01 6.001000e+01 1.528062e+02
      vertex   8.167122e+01 6.001000e+01 1.537377e+02
      vertex   8.226967e+01 6.147123e+01 1.534784e+02
    endloop
  endfacet
  facet normal -5.762226e-01 9.189841e-02 -8.121097e-01
    outer loop
      vertex   8.226967e+01 6.147123e+01 1.534784e+02
      vertex   8.167122e+01 6.001000e+01 1.537377e+02
      vertex   8.157149e+01 6.147123e+01 1.539738e+02
    endloop
  endfacet
  facet normal -5.538273e-01 2.898664e-01 -7.805465e-01
    outer loop
      vertex   8.226967e+01 6.147123e+01 1.534784e+02
      vertex   8.157149e+01 6.147123e+01 1.539738e+02
      vertex   8.179825e+01 6.287630e+01 1.543347e+02
    endloop
  endfacet
  facet normal -4.629514e-01 2.898664e-01 -8.376476e-01
    outer loop
      vertex   8.179825e+01 6.287630e+01 1.543347e+02
      vertex   8.157149e+01 6.147123e+01 1.539738e+02
      vertex   8.100716e+01 6.287630e+01 1.547719e+02
    endloop
  endfacet
  facet normal -4.267511e-01 4.708196e-01 -7.721479e-01
    outer loop
      vertex   8.179825e+01 6.287630e+01 1.543347e+02
      vertex   8.100716e+01 6.287630e+01 1.547719e+02
      vertex   8.130748e+01 6.417122e+01 1.553955e+02
    endloop
  endfacet
  facet normal -3.376146e-01 4.708196e-01 -8.150738e-01
    outer loop
      vertex   8.130748e+01 6.417122e+01 1.553955e+02
      vertex   8.100716e+01 6.287630e+01 1.547719e+02
      vertex   8.040070e+01 6.417122e+01 1.557711e+02
    endloop
  endfacet
  facet normal -2.960056e-01 6.337964e-01 -7.146208e-01
    outer loop
      vertex   8.130748e+01 6.417122e+01 1.553955e+02
      vertex   8.040070e+01 6.417122e+01 1.557711e+02
      vertex   8.070835e+01 6.530623e+01 1.566503e+02
    endloop
  endfacet
  facet normal -4.685534e-01 1.096682e-01 -8.766017e-01
    outer loop
      vertex   8.167122e+01 6.001000e+01 1.537377e+02
      vertex   8.037630e+01 6.001000e+01 1.544299e+02
      vertex   8.157149e+01 6.147123e+01 1.539738e+02
    endloop
  endfacet
  facet normal -4.801297e-01 1.215938e-01 -8.687292e-01
    outer loop
      vertex   8.157149e+01 6.147123e+01 1.539738e+02
      vertex   8.037630e+01 6.001000e+01 1.544299e+02
      vertex   8.082223e+01 6.147123e+01 1.543879e+02
    endloop
  endfacet
  facet normal -4.629514e-01 2.898664e-01 -8.376476e-01
    outer loop
      vertex   8.157149e+01 6.147123e+01 1.539738e+02
      vertex   8.082223e+01 6.147123e+01 1.543879e+02
      vertex   8.100716e+01 6.287630e+01 1.547719e+02
    endloop
  endfacet
  facet normal -3.662537e-01 2.898664e-01 -8.842147e-01
    outer loop
      vertex   8.100716e+01 6.287630e+01 1.547719e+02
      vertex   8.082223e+01 6.147123e+01 1.543879e+02
      vertex   8.017210e+01 6.287630e+01 1.551178e+02
    endloop
  endfacet
  facet normal -3.376146e-01 4.708196e-01 -8.150738e-01
    outer loop
      vertex   8.100716e+01 6.287630e+01 1.547719e+02
      vertex   8.017210e+01 6.287630e+01 1.551178e+02
      vertex   8.040070e+01 6.417122e+01 1.557711e+02
    endloop
  endfacet
  facet normal -3.811336e-01 8.990699e-02 -9.201380e-01
    outer loop
      vertex   8.082223e+01 6.147123e+01 1.543879e+02
      vertex   8.037630e+01 6.001000e+01 1.544299e+02
      vertex   8.003132e+01 6.147123e+01 1.547155e+02
    endloop
  endfacet
  facet normal -2.882661e-01 1.177257e-01 -9.502859e-01
    outer loop
      vertex   8.003132e+01 6.147123e+01 1.547155e+02
      vertex   8.037630e+01 6.001000e+01 1.544299e+02
      vertex   7.897123e+01 6.001000e+01 1.548561e+02
    endloop
  endfacet
  facet normal -5.546106e-02 9.950048e-01 -8.300335e-02
    outer loop
      vertex   8.500000e+01 6.750000e+01 1.604831e+02
      vertex   8.662925e+01 6.750000e+01 1.593944e+02
      vertex   8.470242e+01 6.735608e+01 1.589567e+02
    endloop
  endfacet
  facet normal -5.630782e-02 9.952546e-01 -7.935844e-02
    outer loop
      vertex   8.470242e+01 6.735608e+01 1.589567e+02
      vertex   8.662925e+01 6.750000e+01 1.593944e+02
      vertex   8.593882e+01 6.735608e+01 1.580794e+02
    endloop
  endfacet
  facet normal -1.682217e-01 9.568132e-01 -2.370864e-01
    outer loop
      vertex   8.470242e+01 6.735608e+01 1.589567e+02
      vertex   8.593882e+01 6.735608e+01 1.580794e+02
      vertex   8.506277e+01 6.692986e+01 1.569809e+02
    endloop
  endfacet
  facet normal -1.937092e-01 9.568132e-01 -2.167607e-01
    outer loop
      vertex   8.506277e+01 6.692986e+01 1.569809e+02
      vertex   8.593882e+01 6.735608e+01 1.580794e+02
      vertex   8.607568e+01 6.692986e+01 1.560757e+02
    endloop
  endfacet
  facet normal -3.144984e-01 8.816124e-01 -3.519238e-01
    outer loop
      vertex   8.506277e+01 6.692986e+01 1.569809e+02
      vertex   8.607568e+01 6.692986e+01 1.560757e+02
      vertex   8.516003e+01 6.623771e+01 1.551600e+02
    endloop
  endfacet
  facet normal -3.519238e-01 8.816124e-01 -3.144984e-01
    outer loop
      vertex   8.516003e+01 6.623771e+01 1.551600e+02
      vertex   8.607568e+01 6.692986e+01 1.560757e+02
      vertex   8.596846e+01 6.623771e+01 1.542554e+02
    endloop
  endfacet
  facet normal -4.734753e-01 7.725203e-01 -4.231234e-01
    outer loop
      vertex   8.516003e+01 6.623771e+01 1.551600e+02
      vertex   8.596846e+01 6.623771e+01 1.542554e+02
      vertex   8.508108e+01 6.530623e+01 1.535477e+02
    endloop
  endfacet
  facet normal -5.178730e-01 7.725203e-01 -3.674505e-01
    outer loop
      vertex   8.508108e+01 6.530623e+01 1.535477e+02
      vertex   8.596846e+01 6.623771e+01 1.542554e+02
      vertex   8.570948e+01 6.530623e+01 1.526621e+02
    endloop
  endfacet
  facet normal -6.308363e-01 6.337964e-01 -4.476022e-01
    outer loop
      vertex   8.508108e+01 6.530623e+01 1.535477e+02
      vertex   8.570948e+01 6.530623e+01 1.526621e+02
      vertex   8.492078e+01 6.417122e+01 1.521665e+02
    endloop
  endfacet
  facet normal -6.769853e-01 6.337964e-01 -3.741565e-01
    outer loop
      vertex   8.492078e+01 6.417122e+01 1.521665e+02
      vertex   8.570948e+01 6.530623e+01 1.526621e+02
      vertex   8.539554e+01 6.417122e+01 1.513075e+02
    endloop
  endfacet
  facet normal -7.721479e-01 4.708196e-01 -4.267511e-01
    outer loop
      vertex   8.492078e+01 6.417122e+01 1.521665e+02
      vertex   8.539554e+01 6.417122e+01 1.513075e+02
      vertex   8.477194e+01 6.287630e+01 1.510072e+02
    endloop
  endfacet
  facet normal -8.150738e-01 4.708196e-01 -3.376146e-01
    outer loop
      vertex   8.477194e+01 6.287630e+01 1.510072e+02
      vertex   8.539554e+01 6.417122e+01 1.513075e+02
      vertex   8.511783e+01 6.287630e+01 1.501721e+02
    endloop
  endfacet
  facet normal -8.842147e-01 2.898664e-01 -3.662537e-01
    outer loop
      vertex   8.477194e+01 6.287630e+01 1.510072e+02
      vertex   8.511783e+01 6.287630e+01 1.501721e+02
      vertex   8.471553e+01 6.147123e+01 1.500313e+02
    endloop
  endfacet
  facet normal -9.196624e-01 2.898664e-01 -2.649502e-01
    outer loop
      vertex   8.471553e+01 6.147123e+01 1.500313e+02
      vertex   8.511783e+01 6.287630e+01 1.501721e+02
      vertex   8.495252e+01 6.147123e+01 1.492087e+02
    endloop
  endfacet
  facet normal -6.539407e-02 9.950695e-01 -7.456764e-02
    outer loop
      vertex   8.662925e+01 6.750000e+01 1.593944e+02
      vertex   8.810246e+01 6.750000e+01 1.581025e+02
      vertex   8.593882e+01 6.735608e+01 1.580794e+02
    endloop
  endfacet
  facet normal -6.541531e-02 9.951697e-01 -7.319976e-02
    outer loop
      vertex   8.593882e+01 6.735608e+01 1.580794e+02
      vertex   8.810246e+01 6.750000e+01 1.581025e+02
      vertex   8.706922e+01 6.735608e+01 1.570692e+02
    endloop
  endfacet
  facet normal -1.937092e-01 9.568132e-01 -2.167607e-01
    outer loop
      vertex   8.593882e+01 6.735608e+01 1.580794e+02
      vertex   8.706922e+01 6.735608e+01 1.570692e+02
      vertex   8.607568e+01 6.692986e+01 1.560757e+02
    endloop
  endfacet
  facet normal -2.167607e-01 9.568132e-01 -1.937092e-01
    outer loop
      vertex   8.607568e+01 6.692986e+01 1.560757e+02
      vertex   8.706922e+01 6.735608e+01 1.570692e+02
      vertex   8.698087e+01 6.692986e+01 1.550628e+02
    endloop
  endfacet
  facet normal -3.519238e-01 8.816124e-01 -3.144984e-01
    outer loop
      vertex   8.607568e+01 6.692986e+01 1.560757e+02
      vertex   8.698087e+01 6.692986e+01 1.550628e+02
      vertex   8.596846e+01 6.623771e+01 1.542554e+02
    endloop
  endfacet
  facet normal -3.849236e-01 8.816124e-01 -2.731179e-01
    outer loop
      vertex   8.596846e+01 6.623771e+01 1.542554e+02
      vertex   8.698087e+01 6.692986e+01 1.550628e+02
      vertex   8.667052e+01 6.623771e+01 1.532659e+02
    endloop
  endfacet
  facet normal -5.178730e-01 7.725203e-01 -3.674505e-01
    outer loop
      vertex   8.596846e+01 6.623771e+01 1.542554e+02
      vertex   8.667052e+01 6.623771e+01 1.532659e+02
      vertex   8.570948e+01 6.530623e+01 1.526621e+02
    endloop
  endfacet
  facet normal -5.557581e-01 7.725203e-01 -3.071567e-01
    outer loop
      vertex   8.570948e+01 6.530623e+01 1.526621e+02
      vertex   8.667052e+01 6.623771e+01 1.532659e+02
      vertex   8.623478e+01 6.530623e+01 1.517116e+02
    endloop
  endfacet
  facet normal -6.769853e-01 6.337964e-01 -3.741565e-01
    outer loop
      vertex   8.570948e+01 6.530623e+01 1.526621e+02
      vertex   8.623478e+01 6.530623e+01 1.517116e+02
      vertex   8.539554e+01 6.417122e+01 1.513075e+02
    endloop
  endfacet
  facet normal -7.146208e-01 6.337964e-01 -2.960056e-01
    outer loop
      vertex   8.539554e+01 6.417122e+01 1.513075e+02
      vertex   8.623478e+01 6.530623e+01 1.517116e+02
      vertex   8.577114e+01 6.417122e+01 1.504007e+02
    endloop
  endfacet
  facet normal -8.150738e-01 4.708196e-01 -3.376146e-01
    outer loop
      vertex   8.539554e+01 6.417122e+01 1.513075e+02
      vertex   8.577114e+01 6.417122e+01 1.504007e+02
      vertex   8.511783e+01 6.287630e+01 1.501721e+02
    endloop
  endfacet
  facet normal -8.477496e-01 4.708196e-01 -2.442325e-01
    outer loop
      vertex   8.511783e+01 6.287630e+01 1.501721e+02
      vertex   8.577114e+01 6.417122e+01 1.504007e+02
      vertex   8.536806e+01 6.287630e+01 1.493036e+02
    endloop
  endfacet
  facet normal -9.196624e-01 2.898664e-01 -2.649502e-01
    outer loop
      vertex   8.511783e+01 6.287630e+01 1.501721e+02
      vertex   8.536806e+01 6.287630e+01 1.493036e+02
      vertex   8.495252e+01 6.147123e+01 1.492087e+02
    endloop
  endfacet
  facet normal -9.435447e-01 2.898664e-01 -1.603147e-01
    outer loop
      vertex   8.495252e+01 6.147123e+01 1.492087e+02
      vertex   8.536806e+01 6.287630e+01 1.493036e+02
      vertex   8.509592e+01 6.147123e+01 1.483647e+02
    endloop
  endfacet
  facet normal -7.319976e-02 9.951697e-01 -6.541531e-02
    outer loop
      vertex   8.706922e+01 6.735608e+01 1.570692e+02
      vertex   8.810246e+01 6.750000e+01 1.581025e+02
      vertex   8.807940e+01 6.735608e+01 1.559388e+02
    endloop
  endfacet
  facet normal -7.456764e-02 9.950695e-01 -6.539407e-02
    outer loop
      vertex   8.807940e+01 6.735608e+01 1.559388e+02
      vertex   8.810246e+01 6.750000e+01 1.581025e+02
      vertex   8.939443e+01 6.750000e+01 1.566292e+02
    endloop
  endfacet
  facet normal -7.935844e-02 9.952546e-01 -5.630782e-02
    outer loop
      vertex   8.807940e+01 6.735608e+01 1.559388e+02
      vertex   8.939443e+01 6.750000e+01 1.566292e+02
      vertex   8.895667e+01 6.735608e+01 1.547024e+02
    endloop
  endfacet
  facet normal -8.300335e-02 9.950048e-01 -5.546106e-02
    outer loop
      vertex   8.895667e+01 6.735608e+01 1.547024e+02
      vertex   8.939443e+01 6.750000e+01 1.566292e+02
      vertex   9.048306e+01 6.750000e+01 1.550000e+02
    endloop
  endfacet
  facet normal -8.471606e-02 9.953045e-01 -4.682091e-02
    outer loop
      vertex   8.895667e+01 6.735608e+01 1.547024e+02
      vertex   9.048306e+01 6.750000e+01 1.550000e+02
      vertex   8.968999e+01 6.735608e+01 1.533756e+02
    endloop
  endfacet
  facet normal -8.982541e-02 9.949719e-01 -4.429699e-02
    outer loop
      vertex   8.968999e+01 6.735608e+01 1.533756e+02
      vertex   9.048306e+01 6.750000e+01 1.550000e+02
      vertex   9.134972e+01 6.750000e+01 1.532426e+02
    endloop
  endfacet
  facet normal -8.926915e-02 9.953209e-01 -3.697649e-02
    outer loop
      vertex   8.968999e+01 6.735608e+01 1.533756e+02
      vertex   9.134972e+01 6.750000e+01 1.532426e+02
      vertex   9.027014e+01 6.735608e+01 1.519750e+02
    endloop
  endfacet
  facet normal -9.483886e-02 9.949719e-01 -3.219346e-02
    outer loop
      vertex   9.027014e+01 6.735608e+01 1.519750e+02
      vertex   9.134972e+01 6.750000e+01 1.532426e+02
      vertex   9.197957e+01 6.750000e+01 1.513871e+02
    endloop
  endfacet
  facet normal -9.301068e-02 9.953045e-01 -2.679592e-02
    outer loop
      vertex   9.027014e+01 6.735608e+01 1.519750e+02
      vertex   9.197957e+01 6.750000e+01 1.513871e+02
      vertex   9.068983e+01 6.735608e+01 1.505182e+02
    endloop
  endfacet
  facet normal -9.790913e-02 9.950048e-01 -1.947534e-02
    outer loop
      vertex   9.068983e+01 6.735608e+01 1.505182e+02
      vertex   9.197957e+01 6.750000e+01 1.513871e+02
      vertex   9.236184e+01 6.750000e+01 1.494653e+02
    endloop
  endfacet
  facet normal -9.593053e-02 9.952546e-01 -1.629925e-02
    outer loop
      vertex   9.068983e+01 6.735608e+01 1.505182e+02
      vertex   9.236184e+01 6.750000e+01 1.494653e+02
      vertex   9.094377e+01 6.735608e+01 1.490236e+02
    endloop
  endfacet
  facet normal -9.896787e-02 9.950695e-01 -6.486697e-03
    outer loop
      vertex   9.094377e+01 6.735608e+01 1.490236e+02
      vertex   9.236184e+01 6.750000e+01 1.494653e+02
      vertex   9.249000e+01 6.750000e+01 1.475100e+02
    endloop
  endfacet
  facet normal -9.801566e-02 9.951697e-01 -5.504441e-03
    outer loop
      vertex   9.094377e+01 6.735608e+01 1.490236e+02
      vertex   9.249000e+01 6.750000e+01 1.475100e+02
      vertex   9.102877e+01 6.735608e+01 1.475100e+02
    endloop
  endfacet
  facet normal -2.902461e-01 9.568132e-01 -1.629987e-02
    outer loop
      vertex   9.102877e+01 6.735608e+01 1.475100e+02
      vertex   8.962370e+01 6.692986e+01 1.475100e+02
      vertex   9.094377e+01 6.735608e+01 1.490236e+02
    endloop
  endfacet
  facet normal -2.902461e-01 9.568132e-01 -1.629987e-02
    outer loop
      vertex   9.094377e+01 6.735608e+01 1.490236e+02
      vertex   8.962370e+01 6.692986e+01 1.475100e+02
      vertex   8.954753e+01 6.692986e+01 1.488663e+02
    endloop
  endfacet
  facet normal -2.865961e-01 9.568132e-01 -4.869464e-02
    outer loop
      vertex   9.094377e+01 6.735608e+01 1.490236e+02
      vertex   8.954753e+01 6.692986e+01 1.488663e+02
      vertex   9.068983e+01 6.735608e+01 1.505182e+02
    endloop
  endfacet
  facet normal -2.865961e-01 9.568132e-01 -4.869464e-02
    outer loop
      vertex   9.068983e+01 6.735608e+01 1.505182e+02
      vertex   8.954753e+01 6.692986e+01 1.488663e+02
      vertex   8.931999e+01 6.692986e+01 1.502056e+02
    endloop
  endfacet
  facet normal -2.793420e-01 9.568132e-01 -8.047704e-02
    outer loop
      vertex   9.068983e+01 6.735608e+01 1.505182e+02
      vertex   8.931999e+01 6.692986e+01 1.502056e+02
      vertex   9.027014e+01 6.735608e+01 1.519750e+02
    endloop
  endfacet
  facet normal -2.793420e-01 9.568132e-01 -8.047704e-02
    outer loop
      vertex   9.027014e+01 6.735608e+01 1.519750e+02
      vertex   8.931999e+01 6.692986e+01 1.502056e+02
      vertex   8.894392e+01 6.692986e+01 1.515109e+02
    endloop
  endfacet
  facet normal -2.685750e-01 9.568132e-01 -1.112474e-01
    outer loop
      vertex   9.027014e+01 6.735608e+01 1.519750e+02
      vertex   8.894392e+01 6.692986e+01 1.515109e+02
      vertex   8.968999e+01 6.735608e+01 1.533756e+02
    endloop
  endfacet
  facet normal -2.685750e-01 9.568132e-01 -1.112474e-01
    outer loop
      vertex   8.968999e+01 6.735608e+01 1.533756e+02
      vertex   8.894392e+01 6.692986e+01 1.515109e+02
      vertex   8.842407e+01 6.692986e+01 1.527659e+02
    endloop
  endfacet
  facet normal -2.544305e-01 9.568132e-01 -1.406187e-01
    outer loop
      vertex   8.968999e+01 6.735608e+01 1.533756e+02
      vertex   8.842407e+01 6.692986e+01 1.527659e+02
      vertex   8.895667e+01 6.735608e+01 1.547024e+02
    endloop
  endfacet
  facet normal -2.544305e-01 9.568132e-01 -1.406187e-01
    outer loop
      vertex   8.895667e+01 6.735608e+01 1.547024e+02
      vertex   8.842407e+01 6.692986e+01 1.527659e+02
      vertex   8.776696e+01 6.692986e+01 1.539549e+02
    endloop
  endfacet
  facet normal -2.370864e-01 9.568132e-01 -1.682217e-01
    outer loop
      vertex   8.895667e+01 6.735608e+01 1.547024e+02
      vertex   8.776696e+01 6.692986e+01 1.539549e+02
      vertex   8.807940e+01 6.735608e+01 1.559388e+02
    endloop
  endfacet
  facet normal -2.370864e-01 9.568132e-01 -1.682217e-01
    outer loop
      vertex   8.807940e+01 6.735608e+01 1.559388e+02
      vertex   8.776696e+01 6.692986e+01 1.539549e+02
      vertex   8.698087e+01 6.692986e+01 1.550628e+02
    endloop
  endfacet
  facet normal -2.167607e-01 9.568132e-01 -1.937092e-01
    outer loop
      vertex   8.807940e+01 6.735608e+01 1.559388e+02
      vertex   8.698087e+01 6.692986e+01 1.550628e+02
      vertex   8.706922e+01 6.735608e+01 1.570692e+02
    endloop
  endfacet
  facet normal -4.712316e-01 8.816124e-01 -2.646380e-02
    outer loop
      vertex   8.962370e+01 6.692986e+01 1.475100e+02
      vertex   8.832878e+01 6.623771e+01 1.475100e+02
      vertex   8.954753e+01 6.692986e+01 1.488663e+02
    endloop
  endfacet
  facet normal -4.712316e-01 8.816124e-01 -2.646380e-02
    outer loop
      vertex   8.954753e+01 6.692986e+01 1.488663e+02
      vertex   8.832878e+01 6.623771e+01 1.475100e+02
      vertex   8.826075e+01 6.623771e+01 1.487213e+02
    endloop
  endfacet
  facet normal -4.653056e-01 8.816124e-01 -7.905861e-02
    outer loop
      vertex   8.954753e+01 6.692986e+01 1.488663e+02
      vertex   8.826075e+01 6.623771e+01 1.487213e+02
      vertex   8.931999e+01 6.692986e+01 1.502056e+02
    endloop
  endfacet
  facet normal -4.653056e-01 8.816124e-01 -7.905861e-02
    outer loop
      vertex   8.931999e+01 6.692986e+01 1.502056e+02
      vertex   8.826075e+01 6.623771e+01 1.487213e+02
      vertex   8.805753e+01 6.623771e+01 1.499174e+02
    endloop
  endfacet
  facet normal -4.535281e-01 8.816124e-01 -1.306592e-01
    outer loop
      vertex   8.931999e+01 6.692986e+01 1.502056e+02
      vertex   8.805753e+01 6.623771e+01 1.499174e+02
      vertex   8.894392e+01 6.692986e+01 1.515109e+02
    endloop
  endfacet
  facet normal -4.535281e-01 8.816124e-01 -1.306592e-01
    outer loop
      vertex   8.894392e+01 6.692986e+01 1.515109e+02
      vertex   8.805753e+01 6.623771e+01 1.499174e+02
      vertex   8.772167e+01 6.623771e+01 1.510832e+02
    endloop
  endfacet
  facet normal -4.360473e-01 8.816124e-01 -1.806167e-01
    outer loop
      vertex   8.894392e+01 6.692986e+01 1.515109e+02
      vertex   8.772167e+01 6.623771e+01 1.510832e+02
      vertex   8.842407e+01 6.692986e+01 1.527659e+02
    endloop
  endfacet
  facet normal -4.360473e-01 8.816124e-01 -1.806167e-01
    outer loop
      vertex   8.842407e+01 6.692986e+01 1.527659e+02
      vertex   8.772167e+01 6.623771e+01 1.510832e+02
      vertex   8.725738e+01 6.623771e+01 1.522041e+02
    endloop
  endfacet
  facet normal -4.130828e-01 8.816124e-01 -2.283028e-01
    outer loop
      vertex   8.842407e+01 6.692986e+01 1.527659e+02
      vertex   8.725738e+01 6.623771e+01 1.522041e+02
      vertex   8.776696e+01 6.692986e+01 1.539549e+02
    endloop
  endfacet
  facet normal -4.130828e-01 8.816124e-01 -2.283028e-01
    outer loop
      vertex   8.776696e+01 6.692986e+01 1.539549e+02
      vertex   8.725738e+01 6.623771e+01 1.522041e+02
      vertex   8.667052e+01 6.623771e+01 1.532659e+02
    endloop
  endfacet
  facet normal -3.849236e-01 8.816124e-01 -2.731179e-01
    outer loop
      vertex   8.776696e+01 6.692986e+01 1.539549e+02
      vertex   8.667052e+01 6.623771e+01 1.532659e+02
      vertex   8.698087e+01 6.692986e+01 1.550628e+02
    endloop
  endfacet
  facet normal -6.339911e-01 7.725203e-01 -3.560417e-02
    outer loop
      vertex   8.832878e+01 6.623771e+01 1.475100e+02
      vertex   8.719377e+01 6.530623e+01 1.475100e+02
      vertex   8.826075e+01 6.623771e+01 1.487213e+02
    endloop
  endfacet
  facet normal -6.339911e-01 7.725203e-01 -3.560417e-02
    outer loop
      vertex   8.826075e+01 6.623771e+01 1.487213e+02
      vertex   8.719377e+01 6.530623e+01 1.475100e+02
      vertex   8.713288e+01 6.530623e+01 1.485942e+02
    endloop
  endfacet
  facet normal -6.260183e-01 7.725203e-01 -1.063648e-01
    outer loop
      vertex   8.826075e+01 6.623771e+01 1.487213e+02
      vertex   8.713288e+01 6.530623e+01 1.485942e+02
      vertex   8.805753e+01 6.623771e+01 1.499174e+02
    endloop
  endfacet
  facet normal -6.260183e-01 7.725203e-01 -1.063648e-01
    outer loop
      vertex   8.805753e+01 6.623771e+01 1.499174e+02
      vertex   8.713288e+01 6.530623e+01 1.485942e+02
      vertex   8.695098e+01 6.530623e+01 1.496648e+02
    endloop
  endfacet
  facet normal -6.101729e-01 7.725203e-01 -1.757878e-01
    outer loop
      vertex   8.805753e+01 6.623771e+01 1.499174e+02
      vertex   8.695098e+01 6.530623e+01 1.496648e+02
      vertex   8.772167e+01 6.623771e+01 1.510832e+02
    endloop
  endfacet
  facet normal -6.101729e-01 7.725203e-01 -1.757878e-01
    outer loop
      vertex   8.772167e+01 6.623771e+01 1.510832e+02
      vertex   8.695098e+01 6.530623e+01 1.496648e+02
      vertex   8.665035e+01 6.530623e+01 1.507083e+02
    endloop
  endfacet
  facet normal -5.866543e-01 7.725203e-01 -2.430002e-01
    outer loop
      vertex   8.772167e+01 6.623771e+01 1.510832e+02
      vertex   8.665035e+01 6.530623e+01 1.507083e+02
      vertex   8.725738e+01 6.623771e+01 1.522041e+02
    endloop
  endfacet
  facet normal -5.866543e-01 7.725203e-01 -2.430002e-01
    outer loop
      vertex   8.725738e+01 6.623771e+01 1.522041e+02
      vertex   8.665035e+01 6.530623e+01 1.507083e+02
      vertex   8.623478e+01 6.530623e+01 1.517116e+02
    endloop
  endfacet
  facet normal -5.557581e-01 7.725203e-01 -3.071567e-01
    outer loop
      vertex   8.725738e+01 6.623771e+01 1.522041e+02
      vertex   8.623478e+01 6.530623e+01 1.517116e+02
      vertex   8.667052e+01 6.623771e+01 1.532659e+02
    endloop
  endfacet
  facet normal -7.722831e-01 6.337964e-01 -4.337049e-02
    outer loop
      vertex   8.719377e+01 6.530623e+01 1.475100e+02
      vertex   8.626229e+01 6.417122e+01 1.475100e+02
      vertex   8.713288e+01 6.530623e+01 1.485942e+02
    endloop
  endfacet
  facet normal -7.722831e-01 6.337964e-01 -4.337049e-02
    outer loop
      vertex   8.713288e+01 6.530623e+01 1.485942e+02
      vertex   8.626229e+01 6.417122e+01 1.475100e+02
      vertex   8.620726e+01 6.417122e+01 1.484899e+02
    endloop
  endfacet
  facet normal -7.625712e-01 6.337964e-01 -1.295661e-01
    outer loop
      vertex   8.713288e+01 6.530623e+01 1.485942e+02
      vertex   8.620726e+01 6.417122e+01 1.484899e+02
      vertex   8.695098e+01 6.530623e+01 1.496648e+02
    endloop
  endfacet
  facet normal -7.625712e-01 6.337964e-01 -1.295661e-01
    outer loop
      vertex   8.695098e+01 6.530623e+01 1.496648e+02
      vertex   8.620726e+01 6.417122e+01 1.484899e+02
      vertex   8.604285e+01 6.417122e+01 1.494576e+02
    endloop
  endfacet
  facet normal -7.432695e-01 6.337964e-01 -2.141323e-01
    outer loop
      vertex   8.695098e+01 6.530623e+01 1.496648e+02
      vertex   8.604285e+01 6.417122e+01 1.494576e+02
      vertex   8.665035e+01 6.530623e+01 1.507083e+02
    endloop
  endfacet
  facet normal -7.432695e-01 6.337964e-01 -2.141323e-01
    outer loop
      vertex   8.665035e+01 6.530623e+01 1.507083e+02
      vertex   8.604285e+01 6.417122e+01 1.494576e+02
      vertex   8.577114e+01 6.417122e+01 1.504007e+02
    endloop
  endfacet
  facet normal -7.146208e-01 6.337964e-01 -2.960056e-01
    outer loop
      vertex   8.665035e+01 6.530623e+01 1.507083e+02
      vertex   8.577114e+01 6.417122e+01 1.504007e+02
      vertex   8.623478e+01 6.530623e+01 1.517116e+02
    endloop
  endfacet
  facet normal -8.808416e-01 4.708196e-01 -4.946700e-02
    outer loop
      vertex   8.626229e+01 6.417122e+01 1.475100e+02
      vertex   8.557014e+01 6.287630e+01 1.475100e+02
      vertex   8.620726e+01 6.417122e+01 1.484899e+02
    endloop
  endfacet
  facet normal -8.808416e-01 4.708196e-01 -4.946700e-02
    outer loop
      vertex   8.620726e+01 6.417122e+01 1.484899e+02
      vertex   8.557014e+01 6.287630e+01 1.475100e+02
      vertex   8.551946e+01 6.287630e+01 1.484124e+02
    endloop
  endfacet
  facet normal -8.697645e-01 4.708196e-01 -1.477789e-01
    outer loop
      vertex   8.620726e+01 6.417122e+01 1.484899e+02
      vertex   8.551946e+01 6.287630e+01 1.484124e+02
      vertex   8.604285e+01 6.417122e+01 1.494576e+02
    endloop
  endfacet
  facet normal -8.697645e-01 4.708196e-01 -1.477789e-01
    outer loop
      vertex   8.604285e+01 6.417122e+01 1.494576e+02
      vertex   8.551946e+01 6.287630e+01 1.484124e+02
      vertex   8.536806e+01 6.287630e+01 1.493036e+02
    endloop
  endfacet
  facet normal -8.477496e-01 4.708196e-01 -2.442325e-01
    outer loop
      vertex   8.604285e+01 6.417122e+01 1.494576e+02
      vertex   8.536806e+01 6.287630e+01 1.493036e+02
      vertex   8.577114e+01 6.417122e+01 1.504007e+02
    endloop
  endfacet
  facet normal -9.555615e-01 2.898664e-01 -5.366318e-02
    outer loop
      vertex   8.557014e+01 6.287630e+01 1.475100e+02
      vertex   8.514392e+01 6.147123e+01 1.475100e+02
      vertex   8.551946e+01 6.287630e+01 1.484124e+02
    endloop
  endfacet
  facet normal -9.555615e-01 2.898664e-01 -5.366318e-02
    outer loop
      vertex   8.551946e+01 6.287630e+01 1.484124e+02
      vertex   8.514392e+01 6.147123e+01 1.475100e+02
      vertex   8.509592e+01 6.147123e+01 1.483647e+02
    endloop
  endfacet
  facet normal -9.435447e-01 2.898664e-01 -1.603147e-01
    outer loop
      vertex   8.551946e+01 6.287630e+01 1.484124e+02
      vertex   8.509592e+01 6.147123e+01 1.483647e+02
      vertex   8.536806e+01 6.287630e+01 1.493036e+02
    endloop
  endfacet
  facet normal -7.805465e-01 2.898664e-01 -5.538273e-01
    outer loop
      vertex   8.397382e+01 6.147123e+01 1.515715e+02
      vertex   8.347844e+01 6.147123e+01 1.522697e+02
      vertex   8.381167e+01 6.287630e+01 1.525354e+02
    endloop
  endfacet
  facet normal -7.136296e-01 2.898664e-01 -6.377384e-01
    outer loop
      vertex   8.381167e+01 6.287630e+01 1.525354e+02
      vertex   8.347844e+01 6.147123e+01 1.522697e+02
      vertex   8.320938e+01 6.287630e+01 1.532094e+02
    endloop
  endfacet
  facet normal -6.578275e-01 4.708196e-01 -5.878706e-01
    outer loop
      vertex   8.381167e+01 6.287630e+01 1.525354e+02
      vertex   8.320938e+01 6.287630e+01 1.532094e+02
      vertex   8.369881e+01 6.417122e+01 1.536988e+02
    endloop
  endfacet
  facet normal -5.878706e-01 4.708196e-01 -6.578275e-01
    outer loop
      vertex   8.369881e+01 6.417122e+01 1.536988e+02
      vertex   8.320938e+01 6.287630e+01 1.532094e+02
      vertex   8.296697e+01 6.417122e+01 1.543528e+02
    endloop
  endfacet
  facet normal -5.154190e-01 6.337964e-01 -5.767542e-01
    outer loop
      vertex   8.369881e+01 6.417122e+01 1.536988e+02
      vertex   8.296697e+01 6.417122e+01 1.543528e+02
      vertex   8.354773e+01 6.530623e+01 1.550811e+02
    endloop
  endfacet
  facet normal -4.476022e-01 6.337964e-01 -6.308363e-01
    outer loop
      vertex   8.354773e+01 6.530623e+01 1.550811e+02
      vertex   8.296697e+01 6.417122e+01 1.543528e+02
      vertex   8.266208e+01 6.530623e+01 1.557095e+02
    endloop
  endfacet
  facet normal -3.674505e-01 7.725203e-01 -5.178730e-01
    outer loop
      vertex   8.354773e+01 6.530623e+01 1.550811e+02
      vertex   8.266208e+01 6.530623e+01 1.557095e+02
      vertex   8.326594e+01 6.623771e+01 1.566705e+02
    endloop
  endfacet
  facet normal -3.071567e-01 7.725203e-01 -5.557581e-01
    outer loop
      vertex   8.326594e+01 6.623771e+01 1.566705e+02
      vertex   8.266208e+01 6.530623e+01 1.557095e+02
      vertex   8.220409e+01 6.623771e+01 1.572574e+02
    endloop
  endfacet
  facet normal -2.283028e-01 8.816124e-01 -4.130828e-01
    outer loop
      vertex   8.326594e+01 6.623771e+01 1.566705e+02
      vertex   8.220409e+01 6.623771e+01 1.572574e+02
      vertex   8.276594e+01 6.692986e+01 1.584241e+02
    endloop
  endfacet
  facet normal -1.806167e-01 8.816124e-01 -4.360473e-01
    outer loop
      vertex   8.276594e+01 6.692986e+01 1.584241e+02
      vertex   8.220409e+01 6.623771e+01 1.572574e+02
      vertex   8.151090e+01 6.692986e+01 1.589439e+02
    endloop
  endfacet
  facet normal -1.112474e-01 9.568132e-01 -2.685750e-01
    outer loop
      vertex   8.276594e+01 6.692986e+01 1.584241e+02
      vertex   8.151090e+01 6.692986e+01 1.589439e+02
      vertex   8.197497e+01 6.735608e+01 1.602701e+02
    endloop
  endfacet
  facet normal -6.377384e-01 2.898664e-01 -7.136296e-01
    outer loop
      vertex   8.290800e+01 6.147123e+01 1.529080e+02
      vertex   8.253542e+01 6.287630e+01 1.538117e+02
      vertex   8.320938e+01 6.287630e+01 1.532094e+02
    endloop
  endfacet
  facet normal -5.878706e-01 4.708196e-01 -6.578275e-01
    outer loop
      vertex   8.320938e+01 6.287630e+01 1.532094e+02
      vertex   8.253542e+01 6.287630e+01 1.538117e+02
      vertex   8.296697e+01 6.417122e+01 1.543528e+02
    endloop
  endfacet
  facet normal -4.476022e-01 6.337964e-01 -6.308363e-01
    outer loop
      vertex   8.266208e+01 6.530623e+01 1.557095e+02
      vertex   8.296697e+01 6.417122e+01 1.543528e+02
      vertex   8.216650e+01 6.417122e+01 1.549208e+02
    endloop
  endfacet
  facet normal -5.105209e-01 4.708196e-01 -7.195118e-01
    outer loop
      vertex   8.216650e+01 6.417122e+01 1.549208e+02
      vertex   8.296697e+01 6.417122e+01 1.543528e+02
      vertex   8.253542e+01 6.287630e+01 1.538117e+02
    endloop
  endfacet
  facet normal -7.136296e-01 2.898664e-01 -6.377384e-01
    outer loop
      vertex   8.347844e+01 6.147123e+01 1.522697e+02
      vertex   8.290800e+01 6.147123e+01 1.529080e+02
      vertex   8.320938e+01 6.287630e+01 1.532094e+02
    endloop
  endfacet
  facet normal -3.071567e-01 7.725203e-01 -5.557581e-01
    outer loop
      vertex   8.220409e+01 6.623771e+01 1.572574e+02
      vertex   8.266208e+01 6.530623e+01 1.557095e+02
      vertex   8.171163e+01 6.530623e+01 1.562348e+02
    endloop
  endfacet
  facet normal -3.741565e-01 6.337964e-01 -6.769853e-01
    outer loop
      vertex   8.171163e+01 6.530623e+01 1.562348e+02
      vertex   8.266208e+01 6.530623e+01 1.557095e+02
      vertex   8.216650e+01 6.417122e+01 1.549208e+02
    endloop
  endfacet
  facet normal -3.662537e-01 2.898664e-01 -8.842147e-01
    outer loop
      vertex   8.003132e+01 6.147123e+01 1.547155e+02
      vertex   8.017210e+01 6.287630e+01 1.551178e+02
      vertex   8.082223e+01 6.147123e+01 1.543879e+02
    endloop
  endfacet
  facet normal -2.430002e-01 7.725203e-01 -5.866543e-01
    outer loop
      vertex   8.220409e+01 6.623771e+01 1.572574e+02
      vertex   8.171163e+01 6.530623e+01 1.562348e+02
      vertex   8.108322e+01 6.623771e+01 1.577217e+02
    endloop
  endfacet
  facet normal -1.806167e-01 8.816124e-01 -4.360473e-01
    outer loop
      vertex   8.108322e+01 6.623771e+01 1.577217e+02
      vertex   8.151090e+01 6.692986e+01 1.589439e+02
      vertex   8.220409e+01 6.623771e+01 1.572574e+02
    endloop
  endfacet
  facet normal -1.603147e-01 2.898664e-01 -9.435447e-01
    outer loop
      vertex   7.930355e+01 6.287630e+01 1.553681e+02
      vertex   7.920871e+01 6.147123e+01 1.549525e+02
      vertex   7.841245e+01 6.287630e+01 1.555195e+02
    endloop
  endfacet
  facet normal -1.603147e-01 2.898664e-01 -9.435447e-01
    outer loop
      vertex   7.841245e+01 6.287630e+01 1.555195e+02
      vertex   7.920871e+01 6.147123e+01 1.549525e+02
      vertex   7.836473e+01 6.147123e+01 1.550959e+02
    endloop
  endfacet
  facet normal -1.477789e-01 4.708196e-01 -8.697645e-01
    outer loop
      vertex   7.945757e+01 6.417122e+01 1.560429e+02
      vertex   7.930355e+01 6.287630e+01 1.553681e+02
      vertex   7.848995e+01 6.417122e+01 1.562073e+02
    endloop
  endfacet
  facet normal -1.477789e-01 4.708196e-01 -8.697645e-01
    outer loop
      vertex   7.848995e+01 6.417122e+01 1.562073e+02
      vertex   7.930355e+01 6.287630e+01 1.553681e+02
      vertex   7.841245e+01 6.287630e+01 1.555195e+02
    endloop
  endfacet
  facet normal -1.295661e-01 6.337964e-01 -7.625712e-01
    outer loop
      vertex   7.966484e+01 6.530623e+01 1.569510e+02
      vertex   7.945757e+01 6.417122e+01 1.560429e+02
      vertex   7.859424e+01 6.530623e+01 1.571329e+02
    endloop
  endfacet
  facet normal -1.295661e-01 6.337964e-01 -7.625712e-01
    outer loop
      vertex   7.859424e+01 6.530623e+01 1.571329e+02
      vertex   7.945757e+01 6.417122e+01 1.560429e+02
      vertex   7.848995e+01 6.417122e+01 1.562073e+02
    endloop
  endfacet
  facet normal -1.063648e-01 7.725203e-01 -6.260183e-01
    outer loop
      vertex   7.991740e+01 6.623771e+01 1.580575e+02
      vertex   7.966484e+01 6.530623e+01 1.569510e+02
      vertex   7.872132e+01 6.623771e+01 1.582608e+02
    endloop
  endfacet
  facet normal -1.063648e-01 7.725203e-01 -6.260183e-01
    outer loop
      vertex   7.872132e+01 6.623771e+01 1.582608e+02
      vertex   7.966484e+01 6.530623e+01 1.569510e+02
      vertex   7.859424e+01 6.530623e+01 1.571329e+02
    endloop
  endfacet
  facet normal -7.905861e-02 8.816124e-01 -4.653056e-01
    outer loop
      vertex   8.020555e+01 6.692986e+01 1.593200e+02
      vertex   7.991740e+01 6.623771e+01 1.580575e+02
      vertex   7.886630e+01 6.692986e+01 1.595475e+02
    endloop
  endfacet
  facet normal -7.905861e-02 8.816124e-01 -4.653056e-01
    outer loop
      vertex   7.886630e+01 6.692986e+01 1.595475e+02
      vertex   7.991740e+01 6.623771e+01 1.580575e+02
      vertex   7.872132e+01 6.623771e+01 1.582608e+02
    endloop
  endfacet
  facet normal -4.869464e-02 9.568132e-01 -2.865961e-01
    outer loop
      vertex   8.051821e+01 6.735608e+01 1.606898e+02
      vertex   8.020555e+01 6.692986e+01 1.593200e+02
      vertex   7.902362e+01 6.735608e+01 1.609438e+02
    endloop
  endfacet
  facet normal -4.869464e-02 9.568132e-01 -2.865961e-01
    outer loop
      vertex   7.902362e+01 6.735608e+01 1.609438e+02
      vertex   8.020555e+01 6.692986e+01 1.593200e+02
      vertex   7.886630e+01 6.692986e+01 1.595475e+02
    endloop
  endfacet
  facet normal 5.580130e-02 9.786442e-02 -9.936341e-01
    outer loop
      vertex   2.249000e+01 6.147123e+01 1.551439e+02
      vertex   2.249000e+01 6.001000e+01 1.550000e+02
      vertex   2.163527e+01 6.147123e+01 1.550959e+02
    endloop
  endfacet
  facet normal 9.728800e-02 1.217474e-01 -9.877817e-01
    outer loop
      vertex   2.163527e+01 6.147123e+01 1.550959e+02
      vertex   2.249000e+01 6.001000e+01 1.550000e+02
      vertex   2.102877e+01 6.001000e+01 1.548561e+02
    endloop
  endfacet
  facet normal 1.667974e-01 9.189841e-02 -9.816992e-01
    outer loop
      vertex   2.163527e+01 6.147123e+01 1.550959e+02
      vertex   2.102877e+01 6.001000e+01 1.548561e+02
      vertex   2.079129e+01 6.147123e+01 1.549525e+02
    endloop
  endfacet
  facet normal 2.885338e-01 1.096682e-01 -9.511683e-01
    outer loop
      vertex   2.079129e+01 6.147123e+01 1.549525e+02
      vertex   2.102877e+01 6.001000e+01 1.548561e+02
      vertex   1.962370e+01 6.001000e+01 1.544299e+02
    endloop
  endfacet
  facet normal 2.747814e-01 1.215938e-01 -9.537873e-01
    outer loop
      vertex   2.079129e+01 6.147123e+01 1.549525e+02
      vertex   1.962370e+01 6.001000e+01 1.544299e+02
      vertex   1.996868e+01 6.147123e+01 1.547155e+02
    endloop
  endfacet
  facet normal 3.811336e-01 8.990699e-02 -9.201380e-01
    outer loop
      vertex   1.996868e+01 6.147123e+01 1.547155e+02
      vertex   1.962370e+01 6.001000e+01 1.544299e+02
      vertex   1.917777e+01 6.147123e+01 1.543879e+02
    endloop
  endfacet
  facet normal 3.662537e-01 2.898664e-01 -8.842147e-01
    outer loop
      vertex   1.996868e+01 6.147123e+01 1.547155e+02
      vertex   1.917777e+01 6.147123e+01 1.543879e+02
      vertex   1.899284e+01 6.287630e+01 1.547719e+02
    endloop
  endfacet
  facet normal 4.629514e-01 2.898664e-01 -8.376476e-01
    outer loop
      vertex   1.899284e+01 6.287630e+01 1.547719e+02
      vertex   1.917777e+01 6.147123e+01 1.543879e+02
      vertex   1.820175e+01 6.287630e+01 1.543347e+02
    endloop
  endfacet
  facet normal 4.267511e-01 4.708196e-01 -7.721479e-01
    outer loop
      vertex   1.899284e+01 6.287630e+01 1.547719e+02
      vertex   1.820175e+01 6.287630e+01 1.543347e+02
      vertex   1.783350e+01 6.417122e+01 1.549208e+02
    endloop
  endfacet
  facet normal 5.105209e-01 4.708196e-01 -7.195118e-01
    outer loop
      vertex   1.783350e+01 6.417122e+01 1.549208e+02
      vertex   1.820175e+01 6.287630e+01 1.543347e+02
      vertex   1.703303e+01 6.417122e+01 1.543528e+02
    endloop
  endfacet
  facet normal 4.476022e-01 6.337964e-01 -6.308363e-01
    outer loop
      vertex   1.783350e+01 6.417122e+01 1.549208e+02
      vertex   1.703303e+01 6.417122e+01 1.543528e+02
      vertex   1.645227e+01 6.530623e+01 1.550811e+02
    endloop
  endfacet
  facet normal 5.154190e-01 6.337964e-01 -5.767542e-01
    outer loop
      vertex   1.645227e+01 6.530623e+01 1.550811e+02
      vertex   1.703303e+01 6.417122e+01 1.543528e+02
      vertex   1.564254e+01 6.530623e+01 1.543575e+02
    endloop
  endfacet
  facet normal 4.231234e-01 7.725203e-01 -4.734753e-01
    outer loop
      vertex   1.645227e+01 6.530623e+01 1.550811e+02
      vertex   1.564254e+01 6.530623e+01 1.543575e+02
      vertex   1.483997e+01 6.623771e+01 1.551600e+02
    endloop
  endfacet
  facet normal 4.734753e-01 7.725203e-01 -4.231234e-01
    outer loop
      vertex   1.483997e+01 6.623771e+01 1.551600e+02
      vertex   1.564254e+01 6.530623e+01 1.543575e+02
      vertex   1.403154e+01 6.623771e+01 1.542554e+02
    endloop
  endfacet
  facet normal 3.519238e-01 8.816124e-01 -3.144984e-01
    outer loop
      vertex   1.483997e+01 6.623771e+01 1.551600e+02
      vertex   1.403154e+01 6.623771e+01 1.542554e+02
      vertex   1.301913e+01 6.692986e+01 1.550628e+02
    endloop
  endfacet
  facet normal 3.849236e-01 8.816124e-01 -2.731179e-01
    outer loop
      vertex   1.301913e+01 6.692986e+01 1.550628e+02
      vertex   1.403154e+01 6.623771e+01 1.542554e+02
      vertex   1.223304e+01 6.692986e+01 1.539549e+02
    endloop
  endfacet
  facet normal 2.370864e-01 9.568132e-01 -1.682217e-01
    outer loop
      vertex   1.301913e+01 6.692986e+01 1.550628e+02
      vertex   1.223304e+01 6.692986e+01 1.539549e+02
      vertex   1.104333e+01 6.735608e+01 1.547024e+02
    endloop
  endfacet
  facet normal 2.544305e-01 9.568132e-01 -1.406187e-01
    outer loop
      vertex   1.104333e+01 6.735608e+01 1.547024e+02
      vertex   1.223304e+01 6.692986e+01 1.539549e+02
      vertex   1.031001e+01 6.735608e+01 1.533756e+02
    endloop
  endfacet
  facet normal 8.471606e-02 9.953045e-01 -4.682091e-02
    outer loop
      vertex   1.104333e+01 6.735608e+01 1.547024e+02
      vertex   1.031001e+01 6.735608e+01 1.533756e+02
      vertex   9.516939e+00 6.750000e+01 1.550000e+02
    endloop
  endfacet
  facet normal 8.982541e-02 9.949719e-01 -4.429699e-02
    outer loop
      vertex   9.516939e+00 6.750000e+01 1.550000e+02
      vertex   1.031001e+01 6.735608e+01 1.533756e+02
      vertex   8.650285e+00 6.750000e+01 1.532426e+02
    endloop
  endfacet
  facet normal 8.926915e-02 9.953209e-01 -3.697649e-02
    outer loop
      vertex   8.650285e+00 6.750000e+01 1.532426e+02
      vertex   1.031001e+01 6.735608e+01 1.533756e+02
      vertex   9.729855e+00 6.735608e+01 1.519750e+02
    endloop
  endfacet
  facet normal 9.483886e-02 9.949719e-01 -3.219346e-02
    outer loop
      vertex   8.650285e+00 6.750000e+01 1.532426e+02
      vertex   9.729855e+00 6.735608e+01 1.519750e+02
      vertex   8.020431e+00 6.750000e+01 1.513871e+02
    endloop
  endfacet
  facet normal 9.301068e-02 9.953045e-01 -2.679592e-02
    outer loop
      vertex   8.020431e+00 6.750000e+01 1.513871e+02
      vertex   9.729855e+00 6.735608e+01 1.519750e+02
      vertex   9.310170e+00 6.735608e+01 1.505182e+02
    endloop
  endfacet
  facet normal 9.790913e-02 9.950048e-01 -1.947534e-02
    outer loop
      vertex   8.020431e+00 6.750000e+01 1.513871e+02
      vertex   9.310170e+00 6.735608e+01 1.505182e+02
      vertex   7.638156e+00 6.750000e+01 1.494653e+02
    endloop
  endfacet
  facet normal 9.593053e-02 9.952546e-01 -1.629925e-02
    outer loop
      vertex   7.638156e+00 6.750000e+01 1.494653e+02
      vertex   9.310170e+00 6.735608e+01 1.505182e+02
      vertex   9.056230e+00 6.735608e+01 1.490236e+02
    endloop
  endfacet
  facet normal 9.896787e-02 9.950695e-01 -6.486697e-03
    outer loop
      vertex   7.638156e+00 6.750000e+01 1.494653e+02
      vertex   9.056230e+00 6.735608e+01 1.490236e+02
      vertex   7.510000e+00 6.750000e+01 1.475100e+02
    endloop
  endfacet
  facet normal 9.801566e-02 9.951697e-01 -5.504441e-03
    outer loop
      vertex   7.510000e+00 6.750000e+01 1.475100e+02
      vertex   9.056230e+00 6.735608e+01 1.490236e+02
      vertex   8.971227e+00 6.735608e+01 1.475100e+02
    endloop
  endfacet
  facet normal 2.902461e-01 9.568132e-01 -1.629987e-02
    outer loop
      vertex   8.971227e+00 6.735608e+01 1.475100e+02
      vertex   9.056230e+00 6.735608e+01 1.490236e+02
      vertex   1.045247e+01 6.692986e+01 1.488663e+02
    endloop
  endfacet
  facet normal 2.902461e-01 9.568132e-01 -1.629987e-02
    outer loop
      vertex   8.971227e+00 6.735608e+01 1.475100e+02
      vertex   1.045247e+01 6.692986e+01 1.488663e+02
      vertex   1.037630e+01 6.692986e+01 1.475100e+02
    endloop
  endfacet
  facet normal 4.712316e-01 8.816124e-01 -2.646380e-02
    outer loop
      vertex   1.037630e+01 6.692986e+01 1.475100e+02
      vertex   1.045247e+01 6.692986e+01 1.488663e+02
      vertex   1.173925e+01 6.623771e+01 1.487213e+02
    endloop
  endfacet
  facet normal 4.712316e-01 8.816124e-01 -2.646380e-02
    outer loop
      vertex   1.037630e+01 6.692986e+01 1.475100e+02
      vertex   1.173925e+01 6.623771e+01 1.487213e+02
      vertex   1.167122e+01 6.623771e+01 1.475100e+02
    endloop
  endfacet
  facet normal 6.339911e-01 7.725203e-01 -3.560417e-02
    outer loop
      vertex   1.167122e+01 6.623771e+01 1.475100e+02
      vertex   1.173925e+01 6.623771e+01 1.487213e+02
      vertex   1.286712e+01 6.530623e+01 1.485942e+02
    endloop
  endfacet
  facet normal 6.339911e-01 7.725203e-01 -3.560417e-02
    outer loop
      vertex   1.167122e+01 6.623771e+01 1.475100e+02
      vertex   1.286712e+01 6.530623e+01 1.485942e+02
      vertex   1.280623e+01 6.530623e+01 1.475100e+02
    endloop
  endfacet
  facet normal 7.722831e-01 6.337964e-01 -4.337049e-02
    outer loop
      vertex   1.280623e+01 6.530623e+01 1.475100e+02
      vertex   1.286712e+01 6.530623e+01 1.485942e+02
      vertex   1.379274e+01 6.417122e+01 1.484899e+02
    endloop
  endfacet
  facet normal 7.722831e-01 6.337964e-01 -4.337049e-02
    outer loop
      vertex   1.280623e+01 6.530623e+01 1.475100e+02
      vertex   1.379274e+01 6.417122e+01 1.484899e+02
      vertex   1.373771e+01 6.417122e+01 1.475100e+02
    endloop
  endfacet
  facet normal 8.808416e-01 4.708196e-01 -4.946700e-02
    outer loop
      vertex   1.373771e+01 6.417122e+01 1.475100e+02
      vertex   1.379274e+01 6.417122e+01 1.484899e+02
      vertex   1.448054e+01 6.287630e+01 1.484124e+02
    endloop
  endfacet
  facet normal 8.808416e-01 4.708196e-01 -4.946700e-02
    outer loop
      vertex   1.373771e+01 6.417122e+01 1.475100e+02
      vertex   1.448054e+01 6.287630e+01 1.484124e+02
      vertex   1.442986e+01 6.287630e+01 1.475100e+02
    endloop
  endfacet
  facet normal 9.555615e-01 2.898664e-01 -5.366318e-02
    outer loop
      vertex   1.442986e+01 6.287630e+01 1.475100e+02
      vertex   1.448054e+01 6.287630e+01 1.484124e+02
      vertex   1.490408e+01 6.147123e+01 1.483647e+02
    endloop
  endfacet
  facet normal 9.555615e-01 2.898664e-01 -5.366318e-02
    outer loop
      vertex   1.442986e+01 6.287630e+01 1.475100e+02
      vertex   1.490408e+01 6.147123e+01 1.483647e+02
      vertex   1.485608e+01 6.147123e+01 1.475100e+02
    endloop
  endfacet
  facet normal 9.936341e-01 9.786442e-02 -5.580130e-02
    outer loop
      vertex   1.485608e+01 6.147123e+01 1.475100e+02
      vertex   1.490408e+01 6.147123e+01 1.483647e+02
      vertex   1.500000e+01 6.001000e+01 1.475100e+02
    endloop
  endfacet
  facet normal 9.877817e-01 1.217474e-01 -9.728800e-02
    outer loop
      vertex   1.500000e+01 6.001000e+01 1.475100e+02
      vertex   1.490408e+01 6.147123e+01 1.483647e+02
      vertex   1.514392e+01 6.001000e+01 1.489712e+02
    endloop
  endfacet
  facet normal 9.816992e-01 9.189841e-02 -1.667974e-01
    outer loop
      vertex   1.514392e+01 6.001000e+01 1.489712e+02
      vertex   1.490408e+01 6.147123e+01 1.483647e+02
      vertex   1.504748e+01 6.147123e+01 1.492087e+02
    endloop
  endfacet
  facet normal 9.553199e-01 1.077789e-01 -2.752229e-01
    outer loop
      vertex   1.514392e+01 6.001000e+01 1.489712e+02
      vertex   1.504748e+01 6.147123e+01 1.492087e+02
      vertex   1.528447e+01 6.147123e+01 1.500313e+02
    endloop
  endfacet
  facet normal 9.196624e-01 2.898664e-01 -2.649502e-01
    outer loop
      vertex   1.528447e+01 6.147123e+01 1.500313e+02
      vertex   1.504748e+01 6.147123e+01 1.492087e+02
      vertex   1.463194e+01 6.287630e+01 1.493036e+02
    endloop
  endfacet
  facet normal 9.196624e-01 2.898664e-01 -2.649502e-01
    outer loop
      vertex   1.528447e+01 6.147123e+01 1.500313e+02
      vertex   1.463194e+01 6.287630e+01 1.493036e+02
      vertex   1.488217e+01 6.287630e+01 1.501721e+02
    endloop
  endfacet
  facet normal 8.477496e-01 4.708196e-01 -2.442325e-01
    outer loop
      vertex   1.488217e+01 6.287630e+01 1.501721e+02
      vertex   1.463194e+01 6.287630e+01 1.493036e+02
      vertex   1.395715e+01 6.417122e+01 1.494576e+02
    endloop
  endfacet
  facet normal 8.477496e-01 4.708196e-01 -2.442325e-01
    outer loop
      vertex   1.488217e+01 6.287630e+01 1.501721e+02
      vertex   1.395715e+01 6.417122e+01 1.494576e+02
      vertex   1.422886e+01 6.417122e+01 1.504007e+02
    endloop
  endfacet
  facet normal 7.432695e-01 6.337964e-01 -2.141323e-01
    outer loop
      vertex   1.422886e+01 6.417122e+01 1.504007e+02
      vertex   1.395715e+01 6.417122e+01 1.494576e+02
      vertex   1.304902e+01 6.530623e+01 1.496648e+02
    endloop
  endfacet
  facet normal 7.432695e-01 6.337964e-01 -2.141323e-01
    outer loop
      vertex   1.422886e+01 6.417122e+01 1.504007e+02
      vertex   1.304902e+01 6.530623e+01 1.496648e+02
      vertex   1.334965e+01 6.530623e+01 1.507083e+02
    endloop
  endfacet
  facet normal 6.101729e-01 7.725203e-01 -1.757878e-01
    outer loop
      vertex   1.334965e+01 6.530623e+01 1.507083e+02
      vertex   1.304902e+01 6.530623e+01 1.496648e+02
      vertex   1.194247e+01 6.623771e+01 1.499174e+02
    endloop
  endfacet
  facet normal 6.101729e-01 7.725203e-01 -1.757878e-01
    outer loop
      vertex   1.334965e+01 6.530623e+01 1.507083e+02
      vertex   1.194247e+01 6.623771e+01 1.499174e+02
      vertex   1.227833e+01 6.623771e+01 1.510832e+02
    endloop
  endfacet
  facet normal 4.535281e-01 8.816124e-01 -1.306592e-01
    outer loop
      vertex   1.227833e+01 6.623771e+01 1.510832e+02
      vertex   1.194247e+01 6.623771e+01 1.499174e+02
      vertex   1.068001e+01 6.692986e+01 1.502056e+02
    endloop
  endfacet
  facet normal 4.535281e-01 8.816124e-01 -1.306592e-01
    outer loop
      vertex   1.227833e+01 6.623771e+01 1.510832e+02
      vertex   1.068001e+01 6.692986e+01 1.502056e+02
      vertex   1.105608e+01 6.692986e+01 1.515109e+02
    endloop
  endfacet
  facet normal 2.793420e-01 9.568132e-01 -8.047704e-02
    outer loop
      vertex   1.105608e+01 6.692986e+01 1.515109e+02
      vertex   1.068001e+01 6.692986e+01 1.502056e+02
      vertex   9.310170e+00 6.735608e+01 1.505182e+02
    endloop
  endfacet
  facet normal 2.793420e-01 9.568132e-01 -8.047704e-02
    outer loop
      vertex   1.105608e+01 6.692986e+01 1.515109e+02
      vertex   9.310170e+00 6.735608e+01 1.505182e+02
      vertex   9.729855e+00 6.735608e+01 1.519750e+02
    endloop
  endfacet
  facet normal 4.681187e-01 1.177257e-01 -8.757885e-01
    outer loop
      vertex   1.962370e+01 6.001000e+01 1.544299e+02
      vertex   1.832878e+01 6.001000e+01 1.537377e+02
      vertex   1.917777e+01 6.147123e+01 1.543879e+02
    endloop
  endfacet
  facet normal 4.809012e-01 1.077789e-01 -8.701252e-01
    outer loop
      vertex   1.917777e+01 6.147123e+01 1.543879e+02
      vertex   1.832878e+01 6.001000e+01 1.537377e+02
      vertex   1.842851e+01 6.147123e+01 1.539738e+02
    endloop
  endfacet
  facet normal 4.629514e-01 2.898664e-01 -8.376476e-01
    outer loop
      vertex   1.917777e+01 6.147123e+01 1.543879e+02
      vertex   1.842851e+01 6.147123e+01 1.539738e+02
      vertex   1.820175e+01 6.287630e+01 1.543347e+02
    endloop
  endfacet
  facet normal 5.538273e-01 2.898664e-01 -7.805465e-01
    outer loop
      vertex   1.820175e+01 6.287630e+01 1.543347e+02
      vertex   1.842851e+01 6.147123e+01 1.539738e+02
      vertex   1.746458e+01 6.287630e+01 1.538117e+02
    endloop
  endfacet
  facet normal 5.105209e-01 4.708196e-01 -7.195118e-01
    outer loop
      vertex   1.820175e+01 6.287630e+01 1.543347e+02
      vertex   1.746458e+01 6.287630e+01 1.538117e+02
      vertex   1.703303e+01 6.417122e+01 1.543528e+02
    endloop
  endfacet
  facet normal 5.878706e-01 4.708196e-01 -6.578275e-01
    outer loop
      vertex   1.703303e+01 6.417122e+01 1.543528e+02
      vertex   1.746458e+01 6.287630e+01 1.538117e+02
      vertex   1.630119e+01 6.417122e+01 1.536988e+02
    endloop
  endfacet
  facet normal 5.154190e-01 6.337964e-01 -5.767542e-01
    outer loop
      vertex   1.703303e+01 6.417122e+01 1.543528e+02
      vertex   1.630119e+01 6.417122e+01 1.536988e+02
      vertex   1.564254e+01 6.530623e+01 1.543575e+02
    endloop
  endfacet
  facet normal 5.767542e-01 6.337964e-01 -5.154190e-01
    outer loop
      vertex   1.564254e+01 6.530623e+01 1.543575e+02
      vertex   1.630119e+01 6.417122e+01 1.536988e+02
      vertex   1.491892e+01 6.530623e+01 1.535477e+02
    endloop
  endfacet
  facet normal 4.734753e-01 7.725203e-01 -4.231234e-01
    outer loop
      vertex   1.564254e+01 6.530623e+01 1.543575e+02
      vertex   1.491892e+01 6.530623e+01 1.535477e+02
      vertex   1.403154e+01 6.623771e+01 1.542554e+02
    endloop
  endfacet
  facet normal 5.178730e-01 7.725203e-01 -3.674505e-01
    outer loop
      vertex   1.403154e+01 6.623771e+01 1.542554e+02
      vertex   1.491892e+01 6.530623e+01 1.535477e+02
      vertex   1.332948e+01 6.623771e+01 1.532659e+02
    endloop
  endfacet
  facet normal 3.849236e-01 8.816124e-01 -2.731179e-01
    outer loop
      vertex   1.403154e+01 6.623771e+01 1.542554e+02
      vertex   1.332948e+01 6.623771e+01 1.532659e+02
      vertex   1.223304e+01 6.692986e+01 1.539549e+02
    endloop
  endfacet
  facet normal 4.130828e-01 8.816124e-01 -2.283028e-01
    outer loop
      vertex   1.223304e+01 6.692986e+01 1.539549e+02
      vertex   1.332948e+01 6.623771e+01 1.532659e+02
      vertex   1.157593e+01 6.692986e+01 1.527659e+02
    endloop
  endfacet
  facet normal 2.544305e-01 9.568132e-01 -1.406187e-01
    outer loop
      vertex   1.223304e+01 6.692986e+01 1.539549e+02
      vertex   1.157593e+01 6.692986e+01 1.527659e+02
      vertex   1.031001e+01 6.735608e+01 1.533756e+02
    endloop
  endfacet
  facet normal 2.685750e-01 9.568132e-01 -1.112474e-01
    outer loop
      vertex   1.031001e+01 6.735608e+01 1.533756e+02
      vertex   1.157593e+01 6.692986e+01 1.527659e+02
      vertex   9.729855e+00 6.735608e+01 1.519750e+02
    endloop
  endfacet
  facet normal 5.762226e-01 9.189841e-02 -8.121097e-01
    outer loop
      vertex   1.842851e+01 6.147123e+01 1.539738e+02
      vertex   1.832878e+01 6.001000e+01 1.537377e+02
      vertex   1.773033e+01 6.147123e+01 1.534784e+02
    endloop
  endfacet
  facet normal 6.296741e-01 1.217474e-01 -7.672601e-01
    outer loop
      vertex   1.773033e+01 6.147123e+01 1.534784e+02
      vertex   1.832878e+01 6.001000e+01 1.537377e+02
      vertex   1.719377e+01 6.001000e+01 1.528062e+02
    endloop
  endfacet
  facet normal 6.631480e-01 9.786442e-02 -7.420629e-01
    outer loop
      vertex   1.773033e+01 6.147123e+01 1.534784e+02
      vertex   1.719377e+01 6.001000e+01 1.528062e+02
      vertex   1.709200e+01 6.147123e+01 1.529080e+02
    endloop
  endfacet
  facet normal 7.420629e-01 9.786442e-02 -6.631480e-01
    outer loop
      vertex   1.709200e+01 6.147123e+01 1.529080e+02
      vertex   1.719377e+01 6.001000e+01 1.528062e+02
      vertex   1.652156e+01 6.147123e+01 1.522697e+02
    endloop
  endfacet
  facet normal 7.136296e-01 2.898664e-01 -6.377384e-01
    outer loop
      vertex   1.709200e+01 6.147123e+01 1.529080e+02
      vertex   1.652156e+01 6.147123e+01 1.522697e+02
      vertex   1.618833e+01 6.287630e+01 1.525354e+02
    endloop
  endfacet
  facet normal 7.805465e-01 2.898664e-01 -5.538273e-01
    outer loop
      vertex   1.618833e+01 6.287630e+01 1.525354e+02
      vertex   1.652156e+01 6.147123e+01 1.522697e+02
      vertex   1.566528e+01 6.287630e+01 1.517983e+02
    endloop
  endfacet
  facet normal 7.195118e-01 4.708196e-01 -5.105209e-01
    outer loop
      vertex   1.618833e+01 6.287630e+01 1.525354e+02
      vertex   1.566528e+01 6.287630e+01 1.517983e+02
      vertex   1.507922e+01 6.417122e+01 1.521665e+02
    endloop
  endfacet
  facet normal 7.721479e-01 4.708196e-01 -4.267511e-01
    outer loop
      vertex   1.507922e+01 6.417122e+01 1.521665e+02
      vertex   1.566528e+01 6.287630e+01 1.517983e+02
      vertex   1.460446e+01 6.417122e+01 1.513075e+02
    endloop
  endfacet
  facet normal 6.769853e-01 6.337964e-01 -3.741565e-01
    outer loop
      vertex   1.507922e+01 6.417122e+01 1.521665e+02
      vertex   1.460446e+01 6.417122e+01 1.513075e+02
      vertex   1.376522e+01 6.530623e+01 1.517116e+02
    endloop
  endfacet
  facet normal 7.146208e-01 6.337964e-01 -2.960056e-01
    outer loop
      vertex   1.376522e+01 6.530623e+01 1.517116e+02
      vertex   1.460446e+01 6.417122e+01 1.513075e+02
      vertex   1.334965e+01 6.530623e+01 1.507083e+02
    endloop
  endfacet
  facet normal 5.866543e-01 7.725203e-01 -2.430002e-01
    outer loop
      vertex   1.376522e+01 6.530623e+01 1.517116e+02
      vertex   1.334965e+01 6.530623e+01 1.507083e+02
      vertex   1.227833e+01 6.623771e+01 1.510832e+02
    endloop
  endfacet
  facet normal 7.672601e-01 1.217474e-01 -6.296741e-01
    outer loop
      vertex   1.719377e+01 6.001000e+01 1.528062e+02
      vertex   1.626229e+01 6.001000e+01 1.516712e+02
      vertex   1.652156e+01 6.147123e+01 1.522697e+02
    endloop
  endfacet
  facet normal 8.121097e-01 9.189841e-02 -5.762226e-01
    outer loop
      vertex   1.652156e+01 6.147123e+01 1.522697e+02
      vertex   1.626229e+01 6.001000e+01 1.516712e+02
      vertex   1.602618e+01 6.147123e+01 1.515715e+02
    endloop
  endfacet
  facet normal 7.805465e-01 2.898664e-01 -5.538273e-01
    outer loop
      vertex   1.652156e+01 6.147123e+01 1.522697e+02
      vertex   1.602618e+01 6.147123e+01 1.515715e+02
      vertex   1.566528e+01 6.287630e+01 1.517983e+02
    endloop
  endfacet
  facet normal 8.376476e-01 2.898664e-01 -4.629514e-01
    outer loop
      vertex   1.566528e+01 6.287630e+01 1.517983e+02
      vertex   1.602618e+01 6.147123e+01 1.515715e+02
      vertex   1.522806e+01 6.287630e+01 1.510072e+02
    endloop
  endfacet
  facet normal 7.721479e-01 4.708196e-01 -4.267511e-01
    outer loop
      vertex   1.566528e+01 6.287630e+01 1.517983e+02
      vertex   1.522806e+01 6.287630e+01 1.510072e+02
      vertex   1.460446e+01 6.417122e+01 1.513075e+02
    endloop
  endfacet
  facet normal 8.150738e-01 4.708196e-01 -3.376146e-01
    outer loop
      vertex   1.460446e+01 6.417122e+01 1.513075e+02
      vertex   1.522806e+01 6.287630e+01 1.510072e+02
      vertex   1.422886e+01 6.417122e+01 1.504007e+02
    endloop
  endfacet
  facet normal 7.146208e-01 6.337964e-01 -2.960056e-01
    outer loop
      vertex   1.460446e+01 6.417122e+01 1.513075e+02
      vertex   1.422886e+01 6.417122e+01 1.504007e+02
      vertex   1.334965e+01 6.530623e+01 1.507083e+02
    endloop
  endfacet
  facet normal 8.766017e-01 1.096682e-01 -4.685534e-01
    outer loop
      vertex   1.626229e+01 6.001000e+01 1.516712e+02
      vertex   1.557014e+01 6.001000e+01 1.503763e+02
      vertex   1.602618e+01 6.147123e+01 1.515715e+02
    endloop
  endfacet
  facet normal 8.687292e-01 1.215938e-01 -4.801297e-01
    outer loop
      vertex   1.602618e+01 6.147123e+01 1.515715e+02
      vertex   1.557014e+01 6.001000e+01 1.503763e+02
      vertex   1.561208e+01 6.147123e+01 1.508222e+02
    endloop
  endfacet
  facet normal 8.376476e-01 2.898664e-01 -4.629514e-01
    outer loop
      vertex   1.602618e+01 6.147123e+01 1.515715e+02
      vertex   1.561208e+01 6.147123e+01 1.508222e+02
      vertex   1.522806e+01 6.287630e+01 1.510072e+02
    endloop
  endfacet
  facet normal 8.842147e-01 2.898664e-01 -3.662537e-01
    outer loop
      vertex   1.522806e+01 6.287630e+01 1.510072e+02
      vertex   1.561208e+01 6.147123e+01 1.508222e+02
      vertex   1.488217e+01 6.287630e+01 1.501721e+02
    endloop
  endfacet
  facet normal 8.150738e-01 4.708196e-01 -3.376146e-01
    outer loop
      vertex   1.522806e+01 6.287630e+01 1.510072e+02
      vertex   1.488217e+01 6.287630e+01 1.501721e+02
      vertex   1.422886e+01 6.417122e+01 1.504007e+02
    endloop
  endfacet
  facet normal 9.201380e-01 8.990699e-02 -3.811336e-01
    outer loop
      vertex   1.561208e+01 6.147123e+01 1.508222e+02
      vertex   1.557014e+01 6.001000e+01 1.503763e+02
      vertex   1.528447e+01 6.147123e+01 1.500313e+02
    endloop
  endfacet
  facet normal 9.502859e-01 1.177257e-01 -2.882661e-01
    outer loop
      vertex   1.528447e+01 6.147123e+01 1.500313e+02
      vertex   1.557014e+01 6.001000e+01 1.503763e+02
      vertex   1.514392e+01 6.001000e+01 1.489712e+02
    endloop
  endfacet
  facet normal 8.300335e-02 9.950048e-01 -5.546106e-02
    outer loop
      vertex   9.516939e+00 6.750000e+01 1.550000e+02
      vertex   1.060557e+01 6.750000e+01 1.566292e+02
      vertex   1.104333e+01 6.735608e+01 1.547024e+02
    endloop
  endfacet
  facet normal 7.935844e-02 9.952546e-01 -5.630782e-02
    outer loop
      vertex   1.104333e+01 6.735608e+01 1.547024e+02
      vertex   1.060557e+01 6.750000e+01 1.566292e+02
      vertex   1.192060e+01 6.735608e+01 1.559388e+02
    endloop
  endfacet
  facet normal 2.370864e-01 9.568132e-01 -1.682217e-01
    outer loop
      vertex   1.104333e+01 6.735608e+01 1.547024e+02
      vertex   1.192060e+01 6.735608e+01 1.559388e+02
      vertex   1.301913e+01 6.692986e+01 1.550628e+02
    endloop
  endfacet
  facet normal 2.167607e-01 9.568132e-01 -1.937092e-01
    outer loop
      vertex   1.301913e+01 6.692986e+01 1.550628e+02
      vertex   1.192060e+01 6.735608e+01 1.559388e+02
      vertex   1.392432e+01 6.692986e+01 1.560757e+02
    endloop
  endfacet
  facet normal 3.519238e-01 8.816124e-01 -3.144984e-01
    outer loop
      vertex   1.301913e+01 6.692986e+01 1.550628e+02
      vertex   1.392432e+01 6.692986e+01 1.560757e+02
      vertex   1.483997e+01 6.623771e+01 1.551600e+02
    endloop
  endfacet
  facet normal 3.144984e-01 8.816124e-01 -3.519238e-01
    outer loop
      vertex   1.483997e+01 6.623771e+01 1.551600e+02
      vertex   1.392432e+01 6.692986e+01 1.560757e+02
      vertex   1.574460e+01 6.623771e+01 1.559685e+02
    endloop
  endfacet
  facet normal 4.231234e-01 7.725203e-01 -4.734753e-01
    outer loop
      vertex   1.483997e+01 6.623771e+01 1.551600e+02
      vertex   1.574460e+01 6.623771e+01 1.559685e+02
      vertex   1.645227e+01 6.530623e+01 1.550811e+02
    endloop
  endfacet
  facet normal 3.674505e-01 7.725203e-01 -5.178730e-01
    outer loop
      vertex   1.645227e+01 6.530623e+01 1.550811e+02
      vertex   1.574460e+01 6.623771e+01 1.559685e+02
      vertex   1.733792e+01 6.530623e+01 1.557095e+02
    endloop
  endfacet
  facet normal 4.476022e-01 6.337964e-01 -6.308363e-01
    outer loop
      vertex   1.645227e+01 6.530623e+01 1.550811e+02
      vertex   1.733792e+01 6.530623e+01 1.557095e+02
      vertex   1.783350e+01 6.417122e+01 1.549208e+02
    endloop
  endfacet
  facet normal 3.741565e-01 6.337964e-01 -6.769853e-01
    outer loop
      vertex   1.783350e+01 6.417122e+01 1.549208e+02
      vertex   1.733792e+01 6.530623e+01 1.557095e+02
      vertex   1.869252e+01 6.417122e+01 1.553955e+02
    endloop
  endfacet
  facet normal 4.267511e-01 4.708196e-01 -7.721479e-01
    outer loop
      vertex   1.783350e+01 6.417122e+01 1.549208e+02
      vertex   1.869252e+01 6.417122e+01 1.553955e+02
      vertex   1.899284e+01 6.287630e+01 1.547719e+02
    endloop
  endfacet
  facet normal 3.376146e-01 4.708196e-01 -8.150738e-01
    outer loop
      vertex   1.899284e+01 6.287630e+01 1.547719e+02
      vertex   1.869252e+01 6.417122e+01 1.553955e+02
      vertex   1.982790e+01 6.287630e+01 1.551178e+02
    endloop
  endfacet
  facet normal 3.662537e-01 2.898664e-01 -8.842147e-01
    outer loop
      vertex   1.899284e+01 6.287630e+01 1.547719e+02
      vertex   1.982790e+01 6.287630e+01 1.551178e+02
      vertex   1.996868e+01 6.147123e+01 1.547155e+02
    endloop
  endfacet
  facet normal 2.649502e-01 2.898664e-01 -9.196624e-01
    outer loop
      vertex   1.996868e+01 6.147123e+01 1.547155e+02
      vertex   1.982790e+01 6.287630e+01 1.551178e+02
      vertex   2.079129e+01 6.147123e+01 1.549525e+02
    endloop
  endfacet
  facet normal 7.456764e-02 9.950695e-01 -6.539407e-02
    outer loop
      vertex   1.060557e+01 6.750000e+01 1.566292e+02
      vertex   1.189754e+01 6.750000e+01 1.581025e+02
      vertex   1.192060e+01 6.735608e+01 1.559388e+02
    endloop
  endfacet
  facet normal 7.319976e-02 9.951697e-01 -6.541531e-02
    outer loop
      vertex   1.192060e+01 6.735608e+01 1.559388e+02
      vertex   1.189754e+01 6.750000e+01 1.581025e+02
      vertex   1.293078e+01 6.735608e+01 1.570692e+02
    endloop
  endfacet
  facet normal 2.167607e-01 9.568132e-01 -1.937092e-01
    outer loop
      vertex   1.192060e+01 6.735608e+01 1.559388e+02
      vertex   1.293078e+01 6.735608e+01 1.570692e+02
      vertex   1.392432e+01 6.692986e+01 1.560757e+02
    endloop
  endfacet
  facet normal 1.937092e-01 9.568132e-01 -2.167607e-01
    outer loop
      vertex   1.392432e+01 6.692986e+01 1.560757e+02
      vertex   1.293078e+01 6.735608e+01 1.570692e+02
      vertex   1.493723e+01 6.692986e+01 1.569809e+02
    endloop
  endfacet
  facet normal 3.144984e-01 8.816124e-01 -3.519238e-01
    outer loop
      vertex   1.392432e+01 6.692986e+01 1.560757e+02
      vertex   1.493723e+01 6.692986e+01 1.569809e+02
      vertex   1.574460e+01 6.623771e+01 1.559685e+02
    endloop
  endfacet
  facet normal 2.731179e-01 8.816124e-01 -3.849236e-01
    outer loop
      vertex   1.574460e+01 6.623771e+01 1.559685e+02
      vertex   1.493723e+01 6.692986e+01 1.569809e+02
      vertex   1.673406e+01 6.623771e+01 1.566705e+02
    endloop
  endfacet
  facet normal 3.674505e-01 7.725203e-01 -5.178730e-01
    outer loop
      vertex   1.574460e+01 6.623771e+01 1.559685e+02
      vertex   1.673406e+01 6.623771e+01 1.566705e+02
      vertex   1.733792e+01 6.530623e+01 1.557095e+02
    endloop
  endfacet
  facet normal 3.071567e-01 7.725203e-01 -5.557581e-01
    outer loop
      vertex   1.733792e+01 6.530623e+01 1.557095e+02
      vertex   1.673406e+01 6.623771e+01 1.566705e+02
      vertex   1.828837e+01 6.530623e+01 1.562348e+02
    endloop
  endfacet
  facet normal 3.741565e-01 6.337964e-01 -6.769853e-01
    outer loop
      vertex   1.733792e+01 6.530623e+01 1.557095e+02
      vertex   1.828837e+01 6.530623e+01 1.562348e+02
      vertex   1.869252e+01 6.417122e+01 1.553955e+02
    endloop
  endfacet
  facet normal 2.960056e-01 6.337964e-01 -7.146208e-01
    outer loop
      vertex   1.869252e+01 6.417122e+01 1.553955e+02
      vertex   1.828837e+01 6.530623e+01 1.562348e+02
      vertex   1.959930e+01 6.417122e+01 1.557711e+02
    endloop
  endfacet
  facet normal 3.376146e-01 4.708196e-01 -8.150738e-01
    outer loop
      vertex   1.869252e+01 6.417122e+01 1.553955e+02
      vertex   1.959930e+01 6.417122e+01 1.557711e+02
      vertex   1.982790e+01 6.287630e+01 1.551178e+02
    endloop
  endfacet
  facet normal 2.442325e-01 4.708196e-01 -8.477496e-01
    outer loop
      vertex   1.982790e+01 6.287630e+01 1.551178e+02
      vertex   1.959930e+01 6.417122e+01 1.557711e+02
      vertex   2.069645e+01 6.287630e+01 1.553681e+02
    endloop
  endfacet
  facet normal 2.649502e-01 2.898664e-01 -9.196624e-01
    outer loop
      vertex   1.982790e+01 6.287630e+01 1.551178e+02
      vertex   2.069645e+01 6.287630e+01 1.553681e+02
      vertex   2.079129e+01 6.147123e+01 1.549525e+02
    endloop
  endfacet
  facet normal 1.603147e-01 2.898664e-01 -9.435447e-01
    outer loop
      vertex   2.079129e+01 6.147123e+01 1.549525e+02
      vertex   2.069645e+01 6.287630e+01 1.553681e+02
      vertex   2.163527e+01 6.147123e+01 1.550959e+02
    endloop
  endfacet
  facet normal 6.541531e-02 9.951697e-01 -7.319976e-02
    outer loop
      vertex   1.293078e+01 6.735608e+01 1.570692e+02
      vertex   1.189754e+01 6.750000e+01 1.581025e+02
      vertex   1.406118e+01 6.735608e+01 1.580794e+02
    endloop
  endfacet
  facet normal 6.539407e-02 9.950695e-01 -7.456764e-02
    outer loop
      vertex   1.406118e+01 6.735608e+01 1.580794e+02
      vertex   1.189754e+01 6.750000e+01 1.581025e+02
      vertex   1.337075e+01 6.750000e+01 1.593944e+02
    endloop
  endfacet
  facet normal 5.630782e-02 9.952546e-01 -7.935844e-02
    outer loop
      vertex   1.406118e+01 6.735608e+01 1.580794e+02
      vertex   1.337075e+01 6.750000e+01 1.593944e+02
      vertex   1.529758e+01 6.735608e+01 1.589567e+02
    endloop
  endfacet
  facet normal 5.546106e-02 9.950048e-01 -8.300335e-02
    outer loop
      vertex   1.529758e+01 6.735608e+01 1.589567e+02
      vertex   1.337075e+01 6.750000e+01 1.593944e+02
      vertex   1.500000e+01 6.750000e+01 1.604831e+02
    endloop
  endfacet
  facet normal 4.682091e-02 9.953045e-01 -8.471606e-02
    outer loop
      vertex   1.529758e+01 6.735608e+01 1.589567e+02
      vertex   1.500000e+01 6.750000e+01 1.604831e+02
      vertex   1.662442e+01 6.735608e+01 1.596900e+02
    endloop
  endfacet
  facet normal 4.429699e-02 9.949719e-01 -8.982541e-02
    outer loop
      vertex   1.662442e+01 6.735608e+01 1.596900e+02
      vertex   1.500000e+01 6.750000e+01 1.604831e+02
      vertex   1.675740e+01 6.750000e+01 1.613497e+02
    endloop
  endfacet
  facet normal 3.697649e-02 9.953209e-01 -8.926915e-02
    outer loop
      vertex   1.662442e+01 6.735608e+01 1.596900e+02
      vertex   1.675740e+01 6.750000e+01 1.613497e+02
      vertex   1.802503e+01 6.735608e+01 1.602701e+02
    endloop
  endfacet
  facet normal 3.219346e-02 9.949719e-01 -9.483886e-02
    outer loop
      vertex   1.802503e+01 6.735608e+01 1.602701e+02
      vertex   1.675740e+01 6.750000e+01 1.613497e+02
      vertex   1.861289e+01 6.750000e+01 1.619796e+02
    endloop
  endfacet
  facet normal 2.679592e-02 9.953045e-01 -9.301068e-02
    outer loop
      vertex   1.802503e+01 6.735608e+01 1.602701e+02
      vertex   1.861289e+01 6.750000e+01 1.619796e+02
      vertex   1.948179e+01 6.735608e+01 1.606898e+02
    endloop
  endfacet
  facet normal 1.947534e-02 9.950048e-01 -9.790913e-02
    outer loop
      vertex   1.948179e+01 6.735608e+01 1.606898e+02
      vertex   1.861289e+01 6.750000e+01 1.619796e+02
      vertex   2.053472e+01 6.750000e+01 1.623618e+02
    endloop
  endfacet
  facet normal 1.629925e-02 9.952546e-01 -9.593053e-02
    outer loop
      vertex   1.948179e+01 6.735608e+01 1.606898e+02
      vertex   2.053472e+01 6.750000e+01 1.623618e+02
      vertex   2.097638e+01 6.735608e+01 1.609438e+02
    endloop
  endfacet
  facet normal 6.486697e-03 9.950695e-01 -9.896787e-02
    outer loop
      vertex   2.097638e+01 6.735608e+01 1.609438e+02
      vertex   2.053472e+01 6.750000e+01 1.623618e+02
      vertex   2.249000e+01 6.750000e+01 1.624900e+02
    endloop
  endfacet
  facet normal 5.504441e-03 9.951697e-01 -9.801566e-02
    outer loop
      vertex   2.097638e+01 6.735608e+01 1.609438e+02
      vertex   2.249000e+01 6.750000e+01 1.624900e+02
      vertex   2.249000e+01 6.735608e+01 1.610288e+02
    endloop
  endfacet
  facet normal 1.629987e-02 9.568132e-01 -2.902461e-01
    outer loop
      vertex   2.249000e+01 6.735608e+01 1.610288e+02
      vertex   2.249000e+01 6.692986e+01 1.596237e+02
      vertex   2.097638e+01 6.735608e+01 1.609438e+02
    endloop
  endfacet
  facet normal 1.629987e-02 9.568132e-01 -2.902461e-01
    outer loop
      vertex   2.097638e+01 6.735608e+01 1.609438e+02
      vertex   2.249000e+01 6.692986e+01 1.596237e+02
      vertex   2.113370e+01 6.692986e+01 1.595475e+02
    endloop
  endfacet
  facet normal 4.869464e-02 9.568132e-01 -2.865961e-01
    outer loop
      vertex   2.097638e+01 6.735608e+01 1.609438e+02
      vertex   2.113370e+01 6.692986e+01 1.595475e+02
      vertex   1.948179e+01 6.735608e+01 1.606898e+02
    endloop
  endfacet
  facet normal 4.869464e-02 9.568132e-01 -2.865961e-01
    outer loop
      vertex   1.948179e+01 6.735608e+01 1.606898e+02
      vertex   2.113370e+01 6.692986e+01 1.595475e+02
      vertex   1.979445e+01 6.692986e+01 1.593200e+02
    endloop
  endfacet
  facet normal 8.047704e-02 9.568132e-01 -2.793420e-01
    outer loop
      vertex   1.948179e+01 6.735608e+01 1.606898e+02
      vertex   1.979445e+01 6.692986e+01 1.593200e+02
      vertex   1.802503e+01 6.735608e+01 1.602701e+02
    endloop
  endfacet
  facet normal 8.047704e-02 9.568132e-01 -2.793420e-01
    outer loop
      vertex   1.802503e+01 6.735608e+01 1.602701e+02
      vertex   1.979445e+01 6.692986e+01 1.593200e+02
      vertex   1.848910e+01 6.692986e+01 1.589439e+02
    endloop
  endfacet
  facet normal 1.112474e-01 9.568132e-01 -2.685750e-01
    outer loop
      vertex   1.802503e+01 6.735608e+01 1.602701e+02
      vertex   1.848910e+01 6.692986e+01 1.589439e+02
      vertex   1.662442e+01 6.735608e+01 1.596900e+02
    endloop
  endfacet
  facet normal 1.112474e-01 9.568132e-01 -2.685750e-01
    outer loop
      vertex   1.662442e+01 6.735608e+01 1.596900e+02
      vertex   1.848910e+01 6.692986e+01 1.589439e+02
      vertex   1.723406e+01 6.692986e+01 1.584241e+02
    endloop
  endfacet
  facet normal 1.406187e-01 9.568132e-01 -2.544305e-01
    outer loop
      vertex   1.662442e+01 6.735608e+01 1.596900e+02
      vertex   1.723406e+01 6.692986e+01 1.584241e+02
      vertex   1.529758e+01 6.735608e+01 1.589567e+02
    endloop
  endfacet
  facet normal 1.406187e-01 9.568132e-01 -2.544305e-01
    outer loop
      vertex   1.529758e+01 6.735608e+01 1.589567e+02
      vertex   1.723406e+01 6.692986e+01 1.584241e+02
      vertex   1.604512e+01 6.692986e+01 1.577670e+02
    endloop
  endfacet
  facet normal 1.682217e-01 9.568132e-01 -2.370864e-01
    outer loop
      vertex   1.529758e+01 6.735608e+01 1.589567e+02
      vertex   1.604512e+01 6.692986e+01 1.577670e+02
      vertex   1.406118e+01 6.735608e+01 1.580794e+02
    endloop
  endfacet
  facet normal 1.682217e-01 9.568132e-01 -2.370864e-01
    outer loop
      vertex   1.406118e+01 6.735608e+01 1.580794e+02
      vertex   1.604512e+01 6.692986e+01 1.577670e+02
      vertex   1.493723e+01 6.692986e+01 1.569809e+02
    endloop
  endfacet
  facet normal 1.937092e-01 9.568132e-01 -2.167607e-01
    outer loop
      vertex   1.406118e+01 6.735608e+01 1.580794e+02
      vertex   1.493723e+01 6.692986e+01 1.569809e+02
      vertex   1.293078e+01 6.735608e+01 1.570692e+02
    endloop
  endfacet
  facet normal 2.646380e-02 8.816124e-01 -4.712316e-01
    outer loop
      vertex   2.249000e+01 6.692986e+01 1.596237e+02
      vertex   2.249000e+01 6.623771e+01 1.583288e+02
      vertex   2.113370e+01 6.692986e+01 1.595475e+02
    endloop
  endfacet
  facet normal 2.646380e-02 8.816124e-01 -4.712316e-01
    outer loop
      vertex   2.113370e+01 6.692986e+01 1.595475e+02
      vertex   2.249000e+01 6.623771e+01 1.583288e+02
      vertex   2.127868e+01 6.623771e+01 1.582608e+02
    endloop
  endfacet
  facet normal 7.905861e-02 8.816124e-01 -4.653056e-01
    outer loop
      vertex   2.113370e+01 6.692986e+01 1.595475e+02
      vertex   2.127868e+01 6.623771e+01 1.582608e+02
      vertex   1.979445e+01 6.692986e+01 1.593200e+02
    endloop
  endfacet
  facet normal 7.905861e-02 8.816124e-01 -4.653056e-01
    outer loop
      vertex   1.979445e+01 6.692986e+01 1.593200e+02
      vertex   2.127868e+01 6.623771e+01 1.582608e+02
      vertex   2.008260e+01 6.623771e+01 1.580575e+02
    endloop
  endfacet
  facet normal 1.306592e-01 8.816124e-01 -4.535281e-01
    outer loop
      vertex   1.979445e+01 6.692986e+01 1.593200e+02
      vertex   2.008260e+01 6.623771e+01 1.580575e+02
      vertex   1.848910e+01 6.692986e+01 1.589439e+02
    endloop
  endfacet
  facet normal 1.306592e-01 8.816124e-01 -4.535281e-01
    outer loop
      vertex   1.848910e+01 6.692986e+01 1.589439e+02
      vertex   2.008260e+01 6.623771e+01 1.580575e+02
      vertex   1.891678e+01 6.623771e+01 1.577217e+02
    endloop
  endfacet
  facet normal 1.806167e-01 8.816124e-01 -4.360473e-01
    outer loop
      vertex   1.848910e+01 6.692986e+01 1.589439e+02
      vertex   1.891678e+01 6.623771e+01 1.577217e+02
      vertex   1.723406e+01 6.692986e+01 1.584241e+02
    endloop
  endfacet
  facet normal 1.806167e-01 8.816124e-01 -4.360473e-01
    outer loop
      vertex   1.723406e+01 6.692986e+01 1.584241e+02
      vertex   1.891678e+01 6.623771e+01 1.577217e+02
      vertex   1.779591e+01 6.623771e+01 1.572574e+02
    endloop
  endfacet
  facet normal 2.283028e-01 8.816124e-01 -4.130828e-01
    outer loop
      vertex   1.723406e+01 6.692986e+01 1.584241e+02
      vertex   1.779591e+01 6.623771e+01 1.572574e+02
      vertex   1.604512e+01 6.692986e+01 1.577670e+02
    endloop
  endfacet
  facet normal 2.283028e-01 8.816124e-01 -4.130828e-01
    outer loop
      vertex   1.604512e+01 6.692986e+01 1.577670e+02
      vertex   1.779591e+01 6.623771e+01 1.572574e+02
      vertex   1.673406e+01 6.623771e+01 1.566705e+02
    endloop
  endfacet
  facet normal 2.731179e-01 8.816124e-01 -3.849236e-01
    outer loop
      vertex   1.604512e+01 6.692986e+01 1.577670e+02
      vertex   1.673406e+01 6.623771e+01 1.566705e+02
      vertex   1.493723e+01 6.692986e+01 1.569809e+02
    endloop
  endfacet
  facet normal 3.560417e-02 7.725203e-01 -6.339911e-01
    outer loop
      vertex   2.249000e+01 6.623771e+01 1.583288e+02
      vertex   2.249000e+01 6.530623e+01 1.571938e+02
      vertex   2.127868e+01 6.623771e+01 1.582608e+02
    endloop
  endfacet
  facet normal 3.560417e-02 7.725203e-01 -6.339911e-01
    outer loop
      vertex   2.127868e+01 6.623771e+01 1.582608e+02
      vertex   2.249000e+01 6.530623e+01 1.571938e+02
      vertex   2.140576e+01 6.530623e+01 1.571329e+02
    endloop
  endfacet
  facet normal 1.063648e-01 7.725203e-01 -6.260183e-01
    outer loop
      vertex   2.127868e+01 6.623771e+01 1.582608e+02
      vertex   2.140576e+01 6.530623e+01 1.571329e+02
      vertex   2.008260e+01 6.623771e+01 1.580575e+02
    endloop
  endfacet
  facet normal 1.063648e-01 7.725203e-01 -6.260183e-01
    outer loop
      vertex   2.008260e+01 6.623771e+01 1.580575e+02
      vertex   2.140576e+01 6.530623e+01 1.571329e+02
      vertex   2.033516e+01 6.530623e+01 1.569510e+02
    endloop
  endfacet
  facet normal 1.757878e-01 7.725203e-01 -6.101729e-01
    outer loop
      vertex   2.008260e+01 6.623771e+01 1.580575e+02
      vertex   2.033516e+01 6.530623e+01 1.569510e+02
      vertex   1.891678e+01 6.623771e+01 1.577217e+02
    endloop
  endfacet
  facet normal 1.757878e-01 7.725203e-01 -6.101729e-01
    outer loop
      vertex   1.891678e+01 6.623771e+01 1.577217e+02
      vertex   2.033516e+01 6.530623e+01 1.569510e+02
      vertex   1.929165e+01 6.530623e+01 1.566503e+02
    endloop
  endfacet
  facet normal 2.430002e-01 7.725203e-01 -5.866543e-01
    outer loop
      vertex   1.891678e+01 6.623771e+01 1.577217e+02
      vertex   1.929165e+01 6.530623e+01 1.566503e+02
      vertex   1.779591e+01 6.623771e+01 1.572574e+02
    endloop
  endfacet
  facet normal 2.430002e-01 7.725203e-01 -5.866543e-01
    outer loop
      vertex   1.779591e+01 6.623771e+01 1.572574e+02
      vertex   1.929165e+01 6.530623e+01 1.566503e+02
      vertex   1.828837e+01 6.530623e+01 1.562348e+02
    endloop
  endfacet
  facet normal 3.071567e-01 7.725203e-01 -5.557581e-01
    outer loop
      vertex   1.779591e+01 6.623771e+01 1.572574e+02
      vertex   1.828837e+01 6.530623e+01 1.562348e+02
      vertex   1.673406e+01 6.623771e+01 1.566705e+02
    endloop
  endfacet
  facet normal 4.337049e-02 6.337964e-01 -7.722831e-01
    outer loop
      vertex   2.249000e+01 6.530623e+01 1.571938e+02
      vertex   2.249000e+01 6.417122e+01 1.562623e+02
      vertex   2.140576e+01 6.530623e+01 1.571329e+02
    endloop
  endfacet
  facet normal 4.337049e-02 6.337964e-01 -7.722831e-01
    outer loop
      vertex   2.140576e+01 6.530623e+01 1.571329e+02
      vertex   2.249000e+01 6.417122e+01 1.562623e+02
      vertex   2.151005e+01 6.417122e+01 1.562073e+02
    endloop
  endfacet
  facet normal 1.295661e-01 6.337964e-01 -7.625712e-01
    outer loop
      vertex   2.140576e+01 6.530623e+01 1.571329e+02
      vertex   2.151005e+01 6.417122e+01 1.562073e+02
      vertex   2.033516e+01 6.530623e+01 1.569510e+02
    endloop
  endfacet
  facet normal 1.295661e-01 6.337964e-01 -7.625712e-01
    outer loop
      vertex   2.033516e+01 6.530623e+01 1.569510e+02
      vertex   2.151005e+01 6.417122e+01 1.562073e+02
      vertex   2.054243e+01 6.417122e+01 1.560429e+02
    endloop
  endfacet
  facet normal 2.141323e-01 6.337964e-01 -7.432695e-01
    outer loop
      vertex   2.033516e+01 6.530623e+01 1.569510e+02
      vertex   2.054243e+01 6.417122e+01 1.560429e+02
      vertex   1.929165e+01 6.530623e+01 1.566503e+02
    endloop
  endfacet
  facet normal 2.141323e-01 6.337964e-01 -7.432695e-01
    outer loop
      vertex   1.929165e+01 6.530623e+01 1.566503e+02
      vertex   2.054243e+01 6.417122e+01 1.560429e+02
      vertex   1.959930e+01 6.417122e+01 1.557711e+02
    endloop
  endfacet
  facet normal 2.960056e-01 6.337964e-01 -7.146208e-01
    outer loop
      vertex   1.929165e+01 6.530623e+01 1.566503e+02
      vertex   1.959930e+01 6.417122e+01 1.557711e+02
      vertex   1.828837e+01 6.530623e+01 1.562348e+02
    endloop
  endfacet
  facet normal 4.946700e-02 4.708196e-01 -8.808416e-01
    outer loop
      vertex   2.249000e+01 6.417122e+01 1.562623e+02
      vertex   2.249000e+01 6.287630e+01 1.555701e+02
      vertex   2.151005e+01 6.417122e+01 1.562073e+02
    endloop
  endfacet
  facet normal 4.946700e-02 4.708196e-01 -8.808416e-01
    outer loop
      vertex   2.151005e+01 6.417122e+01 1.562073e+02
      vertex   2.249000e+01 6.287630e+01 1.555701e+02
      vertex   2.158755e+01 6.287630e+01 1.555195e+02
    endloop
  endfacet
  facet normal 1.477789e-01 4.708196e-01 -8.697645e-01
    outer loop
      vertex   2.151005e+01 6.417122e+01 1.562073e+02
      vertex   2.158755e+01 6.287630e+01 1.555195e+02
      vertex   2.054243e+01 6.417122e+01 1.560429e+02
    endloop
  endfacet
  facet normal 1.477789e-01 4.708196e-01 -8.697645e-01
    outer loop
      vertex   2.054243e+01 6.417122e+01 1.560429e+02
      vertex   2.158755e+01 6.287630e+01 1.555195e+02
      vertex   2.069645e+01 6.287630e+01 1.553681e+02
    endloop
  endfacet
  facet normal 2.442325e-01 4.708196e-01 -8.477496e-01
    outer loop
      vertex   2.054243e+01 6.417122e+01 1.560429e+02
      vertex   2.069645e+01 6.287630e+01 1.553681e+02
      vertex   1.959930e+01 6.417122e+01 1.557711e+02
    endloop
  endfacet
  facet normal 5.366318e-02 2.898664e-01 -9.555615e-01
    outer loop
      vertex   2.249000e+01 6.287630e+01 1.555701e+02
      vertex   2.249000e+01 6.147123e+01 1.551439e+02
      vertex   2.158755e+01 6.287630e+01 1.555195e+02
    endloop
  endfacet
  facet normal 5.366318e-02 2.898664e-01 -9.555615e-01
    outer loop
      vertex   2.158755e+01 6.287630e+01 1.555195e+02
      vertex   2.249000e+01 6.147123e+01 1.551439e+02
      vertex   2.163527e+01 6.147123e+01 1.550959e+02
    endloop
  endfacet
  facet normal 1.603147e-01 2.898664e-01 -9.435447e-01
    outer loop
      vertex   2.158755e+01 6.287630e+01 1.555195e+02
      vertex   2.163527e+01 6.147123e+01 1.550959e+02
      vertex   2.069645e+01 6.287630e+01 1.553681e+02
    endloop
  endfacet
  facet normal 5.538273e-01 2.898664e-01 -7.805465e-01
    outer loop
      vertex   1.842851e+01 6.147123e+01 1.539738e+02
      vertex   1.773033e+01 6.147123e+01 1.534784e+02
      vertex   1.746458e+01 6.287630e+01 1.538117e+02
    endloop
  endfacet
  facet normal 6.377384e-01 2.898664e-01 -7.136296e-01
    outer loop
      vertex   1.746458e+01 6.287630e+01 1.538117e+02
      vertex   1.773033e+01 6.147123e+01 1.534784e+02
      vertex   1.679062e+01 6.287630e+01 1.532094e+02
    endloop
  endfacet
  facet normal 5.878706e-01 4.708196e-01 -6.578275e-01
    outer loop
      vertex   1.746458e+01 6.287630e+01 1.538117e+02
      vertex   1.679062e+01 6.287630e+01 1.532094e+02
      vertex   1.630119e+01 6.417122e+01 1.536988e+02
    endloop
  endfacet
  facet normal 6.578275e-01 4.708196e-01 -5.878706e-01
    outer loop
      vertex   1.630119e+01 6.417122e+01 1.536988e+02
      vertex   1.679062e+01 6.287630e+01 1.532094e+02
      vertex   1.564718e+01 6.417122e+01 1.529670e+02
    endloop
  endfacet
  facet normal 5.767542e-01 6.337964e-01 -5.154190e-01
    outer loop
      vertex   1.630119e+01 6.417122e+01 1.536988e+02
      vertex   1.564718e+01 6.417122e+01 1.529670e+02
      vertex   1.491892e+01 6.530623e+01 1.535477e+02
    endloop
  endfacet
  facet normal 6.308363e-01 6.337964e-01 -4.476022e-01
    outer loop
      vertex   1.491892e+01 6.530623e+01 1.535477e+02
      vertex   1.564718e+01 6.417122e+01 1.529670e+02
      vertex   1.429052e+01 6.530623e+01 1.526621e+02
    endloop
  endfacet
  facet normal 5.178730e-01 7.725203e-01 -3.674505e-01
    outer loop
      vertex   1.491892e+01 6.530623e+01 1.535477e+02
      vertex   1.429052e+01 6.530623e+01 1.526621e+02
      vertex   1.332948e+01 6.623771e+01 1.532659e+02
    endloop
  endfacet
  facet normal 5.557581e-01 7.725203e-01 -3.071567e-01
    outer loop
      vertex   1.332948e+01 6.623771e+01 1.532659e+02
      vertex   1.429052e+01 6.530623e+01 1.526621e+02
      vertex   1.274262e+01 6.623771e+01 1.522041e+02
    endloop
  endfacet
  facet normal 4.130828e-01 8.816124e-01 -2.283028e-01
    outer loop
      vertex   1.332948e+01 6.623771e+01 1.532659e+02
      vertex   1.274262e+01 6.623771e+01 1.522041e+02
      vertex   1.157593e+01 6.692986e+01 1.527659e+02
    endloop
  endfacet
  facet normal 4.360473e-01 8.816124e-01 -1.806167e-01
    outer loop
      vertex   1.157593e+01 6.692986e+01 1.527659e+02
      vertex   1.274262e+01 6.623771e+01 1.522041e+02
      vertex   1.105608e+01 6.692986e+01 1.515109e+02
    endloop
  endfacet
  facet normal 2.685750e-01 9.568132e-01 -1.112474e-01
    outer loop
      vertex   1.157593e+01 6.692986e+01 1.527659e+02
      vertex   1.105608e+01 6.692986e+01 1.515109e+02
      vertex   9.729855e+00 6.735608e+01 1.519750e+02
    endloop
  endfacet
  facet normal 7.136296e-01 2.898664e-01 -6.377384e-01
    outer loop
      vertex   1.709200e+01 6.147123e+01 1.529080e+02
      vertex   1.618833e+01 6.287630e+01 1.525354e+02
      vertex   1.679062e+01 6.287630e+01 1.532094e+02
    endloop
  endfacet
  facet normal 6.578275e-01 4.708196e-01 -5.878706e-01
    outer loop
      vertex   1.679062e+01 6.287630e+01 1.532094e+02
      vertex   1.618833e+01 6.287630e+01 1.525354e+02
      vertex   1.564718e+01 6.417122e+01 1.529670e+02
    endloop
  endfacet
  facet normal 6.308363e-01 6.337964e-01 -4.476022e-01
    outer loop
      vertex   1.429052e+01 6.530623e+01 1.526621e+02
      vertex   1.564718e+01 6.417122e+01 1.529670e+02
      vertex   1.507922e+01 6.417122e+01 1.521665e+02
    endloop
  endfacet
  facet normal 7.195118e-01 4.708196e-01 -5.105209e-01
    outer loop
      vertex   1.507922e+01 6.417122e+01 1.521665e+02
      vertex   1.564718e+01 6.417122e+01 1.529670e+02
      vertex   1.618833e+01 6.287630e+01 1.525354e+02
    endloop
  endfacet
  facet normal 6.377384e-01 2.898664e-01 -7.136296e-01
    outer loop
      vertex   1.773033e+01 6.147123e+01 1.534784e+02
      vertex   1.709200e+01 6.147123e+01 1.529080e+02
      vertex   1.679062e+01 6.287630e+01 1.532094e+02
    endloop
  endfacet
  facet normal 5.557581e-01 7.725203e-01 -3.071567e-01
    outer loop
      vertex   1.274262e+01 6.623771e+01 1.522041e+02
      vertex   1.429052e+01 6.530623e+01 1.526621e+02
      vertex   1.376522e+01 6.530623e+01 1.517116e+02
    endloop
  endfacet
  facet normal 6.769853e-01 6.337964e-01 -3.741565e-01
    outer loop
      vertex   1.376522e+01 6.530623e+01 1.517116e+02
      vertex   1.429052e+01 6.530623e+01 1.526621e+02
      vertex   1.507922e+01 6.417122e+01 1.521665e+02
    endloop
  endfacet
  facet normal 8.842147e-01 2.898664e-01 -3.662537e-01
    outer loop
      vertex   1.528447e+01 6.147123e+01 1.500313e+02
      vertex   1.488217e+01 6.287630e+01 1.501721e+02
      vertex   1.561208e+01 6.147123e+01 1.508222e+02
    endloop
  endfacet
  facet normal 5.866543e-01 7.725203e-01 -2.430002e-01
    outer loop
      vertex   1.274262e+01 6.623771e+01 1.522041e+02
      vertex   1.376522e+01 6.530623e+01 1.517116e+02
      vertex   1.227833e+01 6.623771e+01 1.510832e+02
    endloop
  endfacet
  facet normal 4.360473e-01 8.816124e-01 -1.806167e-01
    outer loop
      vertex   1.227833e+01 6.623771e+01 1.510832e+02
      vertex   1.105608e+01 6.692986e+01 1.515109e+02
      vertex   1.274262e+01 6.623771e+01 1.522041e+02
    endloop
  endfacet
  facet normal 9.435447e-01 2.898664e-01 -1.603147e-01
    outer loop
      vertex   1.463194e+01 6.287630e+01 1.493036e+02
      vertex   1.504748e+01 6.147123e+01 1.492087e+02
      vertex   1.448054e+01 6.287630e+01 1.484124e+02
    endloop
  endfacet
  facet normal 9.435447e-01 2.898664e-01 -1.603147e-01
    outer loop
      vertex   1.448054e+01 6.287630e+01 1.484124e+02
      vertex   1.504748e+01 6.147123e+01 1.492087e+02
      vertex   1.490408e+01 6.147123e+01 1.483647e+02
    endloop
  endfacet
  facet normal 8.697645e-01 4.708196e-01 -1.477789e-01
    outer loop
      vertex   1.395715e+01 6.417122e+01 1.494576e+02
      vertex   1.463194e+01 6.287630e+01 1.493036e+02
      vertex   1.379274e+01 6.417122e+01 1.484899e+02
    endloop
  endfacet
  facet normal 8.697645e-01 4.708196e-01 -1.477789e-01
    outer loop
      vertex   1.379274e+01 6.417122e+01 1.484899e+02
      vertex   1.463194e+01 6.287630e+01 1.493036e+02
      vertex   1.448054e+01 6.287630e+01 1.484124e+02
    endloop
  endfacet
  facet normal 7.625712e-01 6.337964e-01 -1.295661e-01
    outer loop
      vertex   1.304902e+01 6.530623e+01 1.496648e+02
      vertex   1.395715e+01 6.417122e+01 1.494576e+02
      vertex   1.286712e+01 6.530623e+01 1.485942e+02
    endloop
  endfacet
  facet normal 7.625712e-01 6.337964e-01 -1.295661e-01
    outer loop
      vertex   1.286712e+01 6.530623e+01 1.485942e+02
      vertex   1.395715e+01 6.417122e+01 1.494576e+02
      vertex   1.379274e+01 6.417122e+01 1.484899e+02
    endloop
  endfacet
  facet normal 6.260183e-01 7.725203e-01 -1.063648e-01
    outer loop
      vertex   1.194247e+01 6.623771e+01 1.499174e+02
      vertex   1.304902e+01 6.530623e+01 1.496648e+02
      vertex   1.173925e+01 6.623771e+01 1.487213e+02
    endloop
  endfacet
  facet normal 6.260183e-01 7.725203e-01 -1.063648e-01
    outer loop
      vertex   1.173925e+01 6.623771e+01 1.487213e+02
      vertex   1.304902e+01 6.530623e+01 1.496648e+02
      vertex   1.286712e+01 6.530623e+01 1.485942e+02
    endloop
  endfacet
  facet normal 4.653056e-01 8.816124e-01 -7.905861e-02
    outer loop
      vertex   1.068001e+01 6.692986e+01 1.502056e+02
      vertex   1.194247e+01 6.623771e+01 1.499174e+02
      vertex   1.045247e+01 6.692986e+01 1.488663e+02
    endloop
  endfacet
  facet normal 4.653056e-01 8.816124e-01 -7.905861e-02
    outer loop
      vertex   1.045247e+01 6.692986e+01 1.488663e+02
      vertex   1.194247e+01 6.623771e+01 1.499174e+02
      vertex   1.173925e+01 6.623771e+01 1.487213e+02
    endloop
  endfacet
  facet normal 2.865961e-01 9.568132e-01 -4.869464e-02
    outer loop
      vertex   9.310170e+00 6.735608e+01 1.505182e+02
      vertex   1.068001e+01 6.692986e+01 1.502056e+02
      vertex   9.056230e+00 6.735608e+01 1.490236e+02
    endloop
  endfacet
  facet normal 2.865961e-01 9.568132e-01 -4.869464e-02
    outer loop
      vertex   9.056230e+00 6.735608e+01 1.490236e+02
      vertex   1.068001e+01 6.692986e+01 1.502056e+02
      vertex   1.045247e+01 6.692986e+01 1.488663e+02
    endloop
  endfacet
  facet normal 9.961309e-01 8.787957e-02 5.833551e-04
    outer loop
      vertex   1.488431e+01 6.132134e+01 7.000000e+01
      vertex   1.485608e+01 6.147123e+01 9.562669e+01
      vertex   1.500000e+01 6.001000e+01 7.000000e+01
    endloop
  endfacet
  facet normal 9.951847e-01 9.801714e-02 0.000000e+00
    outer loop
      vertex   1.500000e+01 6.001000e+01 7.000000e+01
      vertex   1.485608e+01 6.147123e+01 9.562669e+01
      vertex   1.485608e+01 6.147123e+01 1.215683e+02
    endloop
  endfacet
  facet normal 9.951847e-01 9.801714e-02 2.280742e-17
    outer loop
      vertex   1.500000e+01 6.001000e+01 7.000000e+01
      vertex   1.485608e+01 6.147123e+01 1.215683e+02
      vertex   1.500000e+01 6.001000e+01 1.475100e+02
    endloop
  endfacet
  facet normal 9.951847e-01 9.801714e-02 -2.725275e-16
    outer loop
      vertex   1.500000e+01 6.001000e+01 1.475100e+02
      vertex   1.485608e+01 6.147123e+01 1.215683e+02
      vertex   1.485608e+01 6.147123e+01 1.475100e+02
    endloop
  endfacet
  facet normal 9.569403e-01 2.902847e-01 -2.621063e-16
    outer loop
      vertex   1.485608e+01 6.147123e+01 1.475100e+02
      vertex   1.485608e+01 6.147123e+01 1.215683e+02
      vertex   1.442986e+01 6.287630e+01 1.475100e+02
    endloop
  endfacet
  facet normal 9.569403e-01 2.902847e-01 -1.965797e-16
    outer loop
      vertex   1.442986e+01 6.287630e+01 1.475100e+02
      vertex   1.485608e+01 6.147123e+01 1.215683e+02
      vertex   1.442986e+01 6.287630e+01 1.215683e+02
    endloop
  endfacet
  facet normal 8.819213e-01 4.713967e-01 -1.811689e-16
    outer loop
      vertex   1.442986e+01 6.287630e+01 1.475100e+02
      vertex   1.442986e+01 6.287630e+01 1.215683e+02
      vertex   1.373771e+01 6.417122e+01 1.475100e+02
    endloop
  endfacet
  facet normal 8.819213e-01 4.713967e-01 -1.207793e-16
    outer loop
      vertex   1.373771e+01 6.417122e+01 1.475100e+02
      vertex   1.442986e+01 6.287630e+01 1.215683e+02
      vertex   1.373771e+01 6.417122e+01 1.215683e+02
    endloop
  endfacet
  facet normal 7.730105e-01 6.343933e-01 -1.058639e-16
    outer loop
      vertex   1.373771e+01 6.417122e+01 1.475100e+02
      vertex   1.373771e+01 6.417122e+01 1.215683e+02
      vertex   1.280623e+01 6.530623e+01 1.475100e+02
    endloop
  endfacet
  facet normal 7.730105e-01 6.343933e-01 -4.533849e-16
    outer loop
      vertex   1.280623e+01 6.530623e+01 1.475100e+02
      vertex   1.373771e+01 6.417122e+01 1.215683e+02
      vertex   1.280623e+01 6.530623e+01 1.215683e+02
    endloop
  endfacet
  facet normal 6.343933e-01 7.730105e-01 -5.103359e-16
    outer loop
      vertex   1.280623e+01 6.530623e+01 1.475100e+02
      vertex   1.280623e+01 6.530623e+01 1.215683e+02
      vertex   1.167122e+01 6.623771e+01 1.475100e+02
    endloop
  endfacet
  facet normal 6.343933e-01 7.730105e-01 -5.103359e-16
    outer loop
      vertex   1.167122e+01 6.623771e+01 1.475100e+02
      vertex   1.280623e+01 6.530623e+01 1.215683e+02
      vertex   1.167122e+01 6.623771e+01 1.215683e+02
    endloop
  endfacet
  facet normal 4.713967e-01 8.819213e-01 -5.476749e-16
    outer loop
      vertex   1.167122e+01 6.623771e+01 1.475100e+02
      vertex   1.167122e+01 6.623771e+01 1.215683e+02
      vertex   1.037630e+01 6.692986e+01 1.475100e+02
    endloop
  endfacet
  facet normal 4.713967e-01 8.819213e-01 -5.153959e-16
    outer loop
      vertex   1.037630e+01 6.692986e+01 1.475100e+02
      vertex   1.167122e+01 6.623771e+01 1.215683e+02
      vertex   1.037630e+01 6.692986e+01 1.215683e+02
    endloop
  endfacet
  facet normal 2.902847e-01 9.569403e-01 -5.440898e-16
    outer loop
      vertex   1.037630e+01 6.692986e+01 1.475100e+02
      vertex   1.037630e+01 6.692986e+01 1.215683e+02
      vertex   8.971227e+00 6.735608e+01 1.475100e+02
    endloop
  endfacet
  facet normal 2.902847e-01 9.569403e-01 0.000000e+00
    outer loop
      vertex   8.971227e+00 6.735608e+01 1.475100e+02
      vertex   1.037630e+01 6.692986e+01 1.215683e+02
      vertex   8.971227e+00 6.735608e+01 1.215683e+02
    endloop
  endfacet
  facet normal 9.801714e-02 9.951847e-01 0.000000e+00
    outer loop
      vertex   8.971227e+00 6.735608e+01 1.475100e+02
      vertex   8.971227e+00 6.735608e+01 1.215683e+02
      vertex   7.510000e+00 6.750000e+01 1.475100e+02
    endloop
  endfacet
  facet normal 9.801714e-02 9.951847e-01 0.000000e+00
    outer loop
      vertex   7.510000e+00 6.750000e+01 1.475100e+02
      vertex   8.971227e+00 6.735608e+01 1.215683e+02
      vertex   8.971227e+00 6.735608e+01 9.562669e+01
    endloop
  endfacet
  facet normal 1.160890e-01 9.932387e-01 5.143698e-04
    outer loop
      vertex   7.510000e+00 6.750000e+01 1.475100e+02
      vertex   8.971227e+00 6.735608e+01 9.562669e+01
      vertex   8.748683e+00 6.739541e+01 6.991996e+01
    endloop
  endfacet
  facet normal 2.488235e-01 9.685486e-01 -6.724804e-04
    outer loop
      vertex   8.748683e+00 6.739541e+01 6.991996e+01
      vertex   8.971227e+00 6.735608e+01 9.562669e+01
      vertex   1.000000e+01 6.707399e+01 7.000000e+01
    endloop
  endfacet
  facet normal 2.902845e-01 9.569397e-01 1.119741e-03
    outer loop
      vertex   1.000000e+01 6.707399e+01 7.000000e+01
      vertex   8.971227e+00 6.735608e+01 9.562669e+01
      vertex   1.037630e+01 6.692986e+01 9.562669e+01
    endloop
  endfacet
  facet normal 4.140382e-01 9.102590e-01 -9.599938e-04
    outer loop
      vertex   1.000000e+01 6.707399e+01 7.000000e+01
      vertex   1.037630e+01 6.692986e+01 9.562669e+01
      vertex   1.119830e+01 6.652894e+01 7.000000e+01
    endloop
  endfacet
  facet normal 4.713963e-01 8.819205e-01 1.323167e-03
    outer loop
      vertex   1.119830e+01 6.652894e+01 7.000000e+01
      vertex   1.037630e+01 6.692986e+01 9.562669e+01
      vertex   1.167122e+01 6.623771e+01 9.562669e+01
    endloop
  endfacet
  facet normal 5.670104e-01 8.237099e-01 -1.102849e-03
    outer loop
      vertex   1.119830e+01 6.652894e+01 7.000000e+01
      vertex   1.167122e+01 6.623771e+01 9.562669e+01
      vertex   1.228266e+01 6.578250e+01 7.000000e+01
    endloop
  endfacet
  facet normal 6.343927e-01 7.730097e-01 1.405437e-03
    outer loop
      vertex   1.228266e+01 6.578250e+01 7.000000e+01
      vertex   1.167122e+01 6.623771e+01 9.562669e+01
      vertex   1.280623e+01 6.530623e+01 9.562669e+01
    endloop
  endfacet
  facet normal 7.024670e-01 7.117154e-01 -1.124525e-03
    outer loop
      vertex   1.228266e+01 6.578250e+01 7.000000e+01
      vertex   1.280623e+01 6.530623e+01 9.562669e+01
      vertex   1.321959e+01 6.485775e+01 7.000000e+01
    endloop
  endfacet
  facet normal 7.730097e-01 6.343927e-01 1.366516e-03
    outer loop
      vertex   1.321959e+01 6.485775e+01 7.000000e+01
      vertex   1.280623e+01 6.530623e+01 9.562669e+01
      vertex   1.373771e+01 6.417122e+01 9.562669e+01
    endloop
  endfacet
  facet normal 8.162236e-01 5.777353e-01 -1.025011e-03
    outer loop
      vertex   1.321959e+01 6.485775e+01 7.000000e+01
      vertex   1.373771e+01 6.417122e+01 9.562669e+01
      vertex   1.398014e+01 6.378324e+01 7.000000e+01
    endloop
  endfacet
  facet normal 8.819206e-01 4.713964e-01 1.206420e-03
    outer loop
      vertex   1.398014e+01 6.378324e+01 7.000000e+01
      vertex   1.373771e+01 6.417122e+01 9.562669e+01
      vertex   1.442986e+01 6.287630e+01 9.562669e+01
    endloop
  endfacet
  facet normal 9.047661e-01 4.259081e-01 -8.043499e-04
    outer loop
      vertex   1.398014e+01 6.378324e+01 7.000000e+01
      vertex   1.442986e+01 6.287630e+01 9.562669e+01
      vertex   1.454082e+01 6.259218e+01 7.000000e+01
    endloop
  endfacet
  facet normal 9.569399e-01 2.902846e-01 9.252165e-04
    outer loop
      vertex   1.454082e+01 6.259218e+01 7.000000e+01
      vertex   1.442986e+01 6.287630e+01 9.562669e+01
      vertex   1.485608e+01 6.147123e+01 9.562669e+01
    endloop
  endfacet
  facet normal 9.653592e-01 2.609240e-01 -4.626324e-04
    outer loop
      vertex   1.454082e+01 6.259218e+01 7.000000e+01
      vertex   1.485608e+01 6.147123e+01 9.562669e+01
      vertex   1.488431e+01 6.132134e+01 7.000000e+01
    endloop
  endfacet
  facet normal 8.414086e-02 9.964539e-01 6.024867e-18
    outer loop
      vertex   8.748683e+00 6.739541e+01 6.991996e+01
      vertex   7.510000e+00 6.750000e+01 6.968503e+01
      vertex   7.510000e+00 6.750000e+01 1.475100e+02
    endloop
  endfacet
  facet normal 9.569403e-01 2.902847e-01 0.000000e+00
    outer loop
      vertex   1.442986e+01 6.287630e+01 1.215683e+02
      vertex   1.485608e+01 6.147123e+01 1.215683e+02
      vertex   1.485608e+01 6.147123e+01 9.562669e+01
    endloop
  endfacet
  facet normal 8.819213e-01 4.713967e-01 0.000000e+00
    outer loop
      vertex   1.373771e+01 6.417122e+01 1.215683e+02
      vertex   1.442986e+01 6.287630e+01 1.215683e+02
      vertex   1.442986e+01 6.287630e+01 9.562669e+01
    endloop
  endfacet
  facet normal 9.569403e-01 2.902847e-01 -0.000000e+00
    outer loop
      vertex   1.442986e+01 6.287630e+01 9.562669e+01
      vertex   1.442986e+01 6.287630e+01 1.215683e+02
      vertex   1.485608e+01 6.147123e+01 9.562669e+01
    endloop
  endfacet
  facet normal 7.730105e-01 6.343933e-01 0.000000e+00
    outer loop
      vertex   1.280623e+01 6.530623e+01 1.215683e+02
      vertex   1.373771e+01 6.417122e+01 1.215683e+02
      vertex   1.373771e+01 6.417122e+01 9.562669e+01
    endloop
  endfacet
  facet normal 8.819213e-01 4.713967e-01 -0.000000e+00
    outer loop
      vertex   1.373771e+01 6.417122e+01 9.562669e+01
      vertex   1.373771e+01 6.417122e+01 1.215683e+02
      vertex   1.442986e+01 6.287630e+01 9.562669e+01
    endloop
  endfacet
  facet normal 6.343933e-01 7.730105e-01 0.000000e+00
    outer loop
      vertex   1.167122e+01 6.623771e+01 1.215683e+02
      vertex   1.280623e+01 6.530623e+01 1.215683e+02
      vertex   1.280623e+01 6.530623e+01 9.562669e+01
    endloop
  endfacet
  facet normal 7.730105e-01 6.343933e-01 -0.000000e+00
    outer loop
      vertex   1.280623e+01 6.530623e+01 9.562669e+01
      vertex   1.280623e+01 6.530623e+01 1.215683e+02
      vertex   1.373771e+01 6.417122e+01 9.562669e+01
    endloop
  endfacet
  facet normal 4.713967e-01 8.819213e-01 3.206206e-17
    outer loop
      vertex   1.037630e+01 6.692986e+01 1.215683e+02
      vertex   1.167122e+01 6.623771e+01 1.215683e+02
      vertex   1.167122e+01 6.623771e+01 9.562669e+01
    endloop
  endfacet
  facet normal 6.343933e-01 7.730105e-01 4.344013e-17
    outer loop
      vertex   1.167122e+01 6.623771e+01 9.562669e+01
      vertex   1.167122e+01 6.623771e+01 1.215683e+02
      vertex   1.280623e+01 6.530623e+01 9.562669e+01
    endloop
  endfacet
  facet normal 2.902847e-01 9.569403e-01 0.000000e+00
    outer loop
      vertex   8.971227e+00 6.735608e+01 1.215683e+02
      vertex   1.037630e+01 6.692986e+01 1.215683e+02
      vertex   1.037630e+01 6.692986e+01 9.562669e+01
    endloop
  endfacet
  facet normal 4.713967e-01 8.819213e-01 -0.000000e+00
    outer loop
      vertex   1.037630e+01 6.692986e+01 9.562669e+01
      vertex   1.037630e+01 6.692986e+01 1.215683e+02
      vertex   1.167122e+01 6.623771e+01 9.562669e+01
    endloop
  endfacet
  facet normal 2.902847e-01 9.569403e-01 -0.000000e+00
    outer loop
      vertex   8.971227e+00 6.735608e+01 9.562669e+01
      vertex   8.971227e+00 6.735608e+01 1.215683e+02
      vertex   1.037630e+01 6.692986e+01 9.562669e+01
    endloop
  endfacet
  facet normal 0.000000e+00 9.951847e-01 -9.801714e-02
    outer loop
      vertex   2.249000e+01 6.750000e+01 1.624900e+02
      vertex   7.751000e+01 6.750000e+01 1.624900e+02
      vertex   5.000000e+01 6.735608e+01 1.610288e+02
    endloop
  endfacet
  facet normal 0.000000e+00 9.951847e-01 -9.801714e-02
    outer loop
      vertex   5.000000e+01 6.735608e+01 1.610288e+02
      vertex   7.751000e+01 6.750000e+01 1.624900e+02
      vertex   7.751000e+01 6.735608e+01 1.610288e+02
    endloop
  endfacet
  facet normal 0.000000e+00 9.569403e-01 -2.902847e-01
    outer loop
      vertex   5.000000e+01 6.735608e+01 1.610288e+02
      vertex   7.751000e+01 6.735608e+01 1.610288e+02
      vertex   5.000000e+01 6.692986e+01 1.596237e+02
    endloop
  endfacet
  facet normal -4.943272e-16 9.569403e-01 -2.902847e-01
    outer loop
      vertex   5.000000e+01 6.692986e+01 1.596237e+02
      vertex   7.751000e+01 6.735608e+01 1.610288e+02
      vertex   7.751000e+01 6.692986e+01 1.596237e+02
    endloop
  endfacet
  facet normal -4.555745e-16 8.819213e-01 -4.713967e-01
    outer loop
      vertex   5.000000e+01 6.692986e+01 1.596237e+02
      vertex   7.751000e+01 6.692986e+01 1.596237e+02
      vertex   5.000000e+01 6.623771e+01 1.583288e+02
    endloop
  endfacet
  facet normal 0.000000e+00 8.819213e-01 -4.713967e-01
    outer loop
      vertex   5.000000e+01 6.623771e+01 1.583288e+02
      vertex   7.751000e+01 6.692986e+01 1.596237e+02
      vertex   7.751000e+01 6.623771e+01 1.583288e+02
    endloop
  endfacet
  facet normal 0.000000e+00 7.730105e-01 -6.343933e-01
    outer loop
      vertex   5.000000e+01 6.623771e+01 1.583288e+02
      vertex   7.751000e+01 6.623771e+01 1.583288e+02
      vertex   5.000000e+01 6.530623e+01 1.571938e+02
    endloop
  endfacet
  facet normal 0.000000e+00 7.730105e-01 -6.343933e-01
    outer loop
      vertex   5.000000e+01 6.530623e+01 1.571938e+02
      vertex   7.751000e+01 6.623771e+01 1.583288e+02
      vertex   7.751000e+01 6.530623e+01 1.571938e+02
    endloop
  endfacet
  facet normal 0.000000e+00 6.343933e-01 -7.730105e-01
    outer loop
      vertex   5.000000e+01 6.530623e+01 1.571938e+02
      vertex   7.751000e+01 6.530623e+01 1.571938e+02
      vertex   5.000000e+01 6.417122e+01 1.562623e+02
    endloop
  endfacet
  facet normal 0.000000e+00 6.343933e-01 -7.730105e-01
    outer loop
      vertex   5.000000e+01 6.417122e+01 1.562623e+02
      vertex   7.751000e+01 6.530623e+01 1.571938e+02
      vertex   7.751000e+01 6.417122e+01 1.562623e+02
    endloop
  endfacet
  facet normal 0.000000e+00 4.713967e-01 -8.819213e-01
    outer loop
      vertex   5.000000e+01 6.417122e+01 1.562623e+02
      vertex   7.751000e+01 6.417122e+01 1.562623e+02
      vertex   5.000000e+01 6.287630e+01 1.555701e+02
    endloop
  endfacet
  facet normal 0.000000e+00 4.713967e-01 -8.819213e-01
    outer loop
      vertex   5.000000e+01 6.287630e+01 1.555701e+02
      vertex   7.751000e+01 6.417122e+01 1.562623e+02
      vertex   7.751000e+01 6.287630e+01 1.555701e+02
    endloop
  endfacet
  facet normal 0.000000e+00 2.902847e-01 -9.569403e-01
    outer loop
      vertex   5.000000e+01 6.287630e+01 1.555701e+02
      vertex   7.751000e+01 6.287630e+01 1.555701e+02
      vertex   5.000000e+01 6.147123e+01 1.551439e+02
    endloop
  endfacet
  facet normal 0.000000e+00 2.902847e-01 -9.569403e-01
    outer loop
      vertex   5.000000e+01 6.147123e+01 1.551439e+02
      vertex   7.751000e+01 6.287630e+01 1.555701e+02
      vertex   7.751000e+01 6.147123e+01 1.551439e+02
    endloop
  endfacet
  facet normal 0.000000e+00 9.801714e-02 -9.951847e-01
    outer loop
      vertex   5.000000e+01 6.147123e+01 1.551439e+02
      vertex   7.751000e+01 6.147123e+01 1.551439e+02
      vertex   7.751000e+01 6.001000e+01 1.550000e+02
    endloop
  endfacet
  facet normal 0.000000e+00 9.801714e-02 -9.951847e-01
    outer loop
      vertex   7.751000e+01 6.001000e+01 1.550000e+02
      vertex   2.249000e+01 6.001000e+01 1.550000e+02
      vertex   5.000000e+01 6.147123e+01 1.551439e+02
    endloop
  endfacet
  facet normal -2.531638e-17 9.801714e-02 -9.951847e-01
    outer loop
      vertex   5.000000e+01 6.147123e+01 1.551439e+02
      vertex   2.249000e+01 6.001000e+01 1.550000e+02
      vertex   2.249000e+01 6.147123e+01 1.551439e+02
    endloop
  endfacet
  facet normal -7.497625e-17 2.902847e-01 -9.569403e-01
    outer loop
      vertex   5.000000e+01 6.147123e+01 1.551439e+02
      vertex   2.249000e+01 6.147123e+01 1.551439e+02
      vertex   5.000000e+01 6.287630e+01 1.555701e+02
    endloop
  endfacet
  facet normal -1.063631e-15 2.902847e-01 -9.569403e-01
    outer loop
      vertex   5.000000e+01 6.287630e+01 1.555701e+02
      vertex   2.249000e+01 6.147123e+01 1.551439e+02
      vertex   2.249000e+01 6.287630e+01 1.555701e+02
    endloop
  endfacet
  facet normal -1.032904e-15 4.713967e-01 -8.819213e-01
    outer loop
      vertex   5.000000e+01 6.287630e+01 1.555701e+02
      vertex   2.249000e+01 6.287630e+01 1.555701e+02
      vertex   5.000000e+01 6.417122e+01 1.562623e+02
    endloop
  endfacet
  facet normal -1.154659e-15 4.713967e-01 -8.819213e-01
    outer loop
      vertex   5.000000e+01 6.417122e+01 1.562623e+02
      vertex   2.249000e+01 6.287630e+01 1.555701e+02
      vertex   2.249000e+01 6.417122e+01 1.562623e+02
    endloop
  endfacet
  facet normal -1.126338e-15 6.343933e-01 -7.730105e-01
    outer loop
      vertex   5.000000e+01 6.417122e+01 1.562623e+02
      vertex   2.249000e+01 6.417122e+01 1.562623e+02
      vertex   5.000000e+01 6.530623e+01 1.571938e+02
    endloop
  endfacet
  facet normal -6.554177e-16 6.343933e-01 -7.730105e-01
    outer loop
      vertex   5.000000e+01 6.530623e+01 1.571938e+02
      vertex   2.249000e+01 6.417122e+01 1.562623e+02
      vertex   2.249000e+01 6.530623e+01 1.571938e+02
    endloop
  endfacet
  facet normal -7.986288e-16 7.730105e-01 -6.343933e-01
    outer loop
      vertex   5.000000e+01 6.530623e+01 1.571938e+02
      vertex   2.249000e+01 6.530623e+01 1.571938e+02
      vertex   5.000000e+01 6.623771e+01 1.583288e+02
    endloop
  endfacet
  facet normal -3.993144e-16 7.730105e-01 -6.343933e-01
    outer loop
      vertex   5.000000e+01 6.623771e+01 1.583288e+02
      vertex   2.249000e+01 6.530623e+01 1.571938e+02
      vertex   2.249000e+01 6.623771e+01 1.583288e+02
    endloop
  endfacet
  facet normal -4.555745e-16 8.819213e-01 -4.713967e-01
    outer loop
      vertex   5.000000e+01 6.623771e+01 1.583288e+02
      vertex   2.249000e+01 6.623771e+01 1.583288e+02
      vertex   5.000000e+01 6.692986e+01 1.596237e+02
    endloop
  endfacet
  facet normal 0.000000e+00 8.819213e-01 -4.713967e-01
    outer loop
      vertex   5.000000e+01 6.692986e+01 1.596237e+02
      vertex   2.249000e+01 6.623771e+01 1.583288e+02
      vertex   2.249000e+01 6.692986e+01 1.596237e+02
    endloop
  endfacet
  facet normal 0.000000e+00 9.569403e-01 -2.902847e-01
    outer loop
      vertex   5.000000e+01 6.692986e+01 1.596237e+02
      vertex   2.249000e+01 6.692986e+01 1.596237e+02
      vertex   5.000000e+01 6.735608e+01 1.610288e+02
    endloop
  endfacet
  facet normal -9.886543e-16 9.569403e-01 -2.902847e-01
    outer loop
      vertex   5.000000e+01 6.735608e+01 1.610288e+02
      vertex   2.249000e+01 6.692986e+01 1.596237e+02
      vertex   2.249000e+01 6.735608e+01 1.610288e+02
    endloop
  endfacet
  facet normal -1.028166e-15 9.951847e-01 -9.801714e-02
    outer loop
      vertex   5.000000e+01 6.735608e+01 1.610288e+02
      vertex   2.249000e+01 6.735608e+01 1.610288e+02
      vertex   2.249000e+01 6.750000e+01 1.624900e+02
    endloop
  endfacet
  facet normal 9.801714e-02 0.000000e+00 -9.951847e-01
    outer loop
      vertex   2.249000e+01 5.999000e+01 1.550000e+02
      vertex   2.102877e+01 5.999000e+01 1.548561e+02
      vertex   2.249000e+01 6.001000e+01 1.550000e+02
    endloop
  endfacet
  facet normal 9.801714e-02 0.000000e+00 -9.951847e-01
    outer loop
      vertex   2.249000e+01 6.001000e+01 1.550000e+02
      vertex   2.102877e+01 5.999000e+01 1.548561e+02
      vertex   2.102877e+01 6.001000e+01 1.548561e+02
    endloop
  endfacet
  facet normal 2.902847e-01 0.000000e+00 -9.569403e-01
    outer loop
      vertex   2.102877e+01 6.001000e+01 1.548561e+02
      vertex   2.102877e+01 5.999000e+01 1.548561e+02
      vertex   1.962370e+01 5.999000e+01 1.544299e+02
    endloop
  endfacet
  facet normal 2.902847e-01 0.000000e+00 -9.569403e-01
    outer loop
      vertex   2.102877e+01 6.001000e+01 1.548561e+02
      vertex   1.962370e+01 5.999000e+01 1.544299e+02
      vertex   1.962370e+01 6.001000e+01 1.544299e+02
    endloop
  endfacet
  facet normal 4.713967e-01 0.000000e+00 -8.819213e-01
    outer loop
      vertex   1.962370e+01 6.001000e+01 1.544299e+02
      vertex   1.962370e+01 5.999000e+01 1.544299e+02
      vertex   1.832878e+01 5.999000e+01 1.537377e+02
    endloop
  endfacet
  facet normal 4.713967e-01 -8.317428e-14 -8.819213e-01
    outer loop
      vertex   1.962370e+01 6.001000e+01 1.544299e+02
      vertex   1.832878e+01 5.999000e+01 1.537377e+02
      vertex   1.832878e+01 6.001000e+01 1.537377e+02
    endloop
  endfacet
  facet normal 6.343933e-01 -1.126909e-13 -7.730105e-01
    outer loop
      vertex   1.832878e+01 6.001000e+01 1.537377e+02
      vertex   1.832878e+01 5.999000e+01 1.537377e+02
      vertex   1.719377e+01 5.999000e+01 1.528062e+02
    endloop
  endfacet
  facet normal 6.343933e-01 -1.134195e-13 -7.730105e-01
    outer loop
      vertex   1.832878e+01 6.001000e+01 1.537377e+02
      vertex   1.719377e+01 5.999000e+01 1.528062e+02
      vertex   1.719377e+01 6.001000e+01 1.528062e+02
    endloop
  endfacet
  facet normal 7.730105e-01 -1.373142e-13 -6.343933e-01
    outer loop
      vertex   1.719377e+01 6.001000e+01 1.528062e+02
      vertex   1.719377e+01 5.999000e+01 1.528062e+02
      vertex   1.626229e+01 5.999000e+01 1.516712e+02
    endloop
  endfacet
  facet normal 7.730105e-01 -1.436647e-13 -6.343933e-01
    outer loop
      vertex   1.719377e+01 6.001000e+01 1.528062e+02
      vertex   1.626229e+01 5.999000e+01 1.516712e+02
      vertex   1.626229e+01 6.001000e+01 1.516712e+02
    endloop
  endfacet
  facet normal 8.819213e-01 -1.566607e-13 -4.713967e-01
    outer loop
      vertex   1.626229e+01 6.001000e+01 1.516712e+02
      vertex   1.626229e+01 5.999000e+01 1.516712e+02
      vertex   1.557014e+01 5.999000e+01 1.503763e+02
    endloop
  endfacet
  facet normal 8.819213e-01 -3.931875e-13 -4.713967e-01
    outer loop
      vertex   1.626229e+01 6.001000e+01 1.516712e+02
      vertex   1.557014e+01 5.999000e+01 1.503763e+02
      vertex   1.557014e+01 6.001000e+01 1.503763e+02
    endloop
  endfacet
  facet normal 9.569403e-01 -4.249669e-13 -2.902847e-01
    outer loop
      vertex   1.557014e+01 6.001000e+01 1.503763e+02
      vertex   1.557014e+01 5.999000e+01 1.503763e+02
      vertex   1.514392e+01 5.999000e+01 1.489712e+02
    endloop
  endfacet
  facet normal 9.569403e-01 -3.402584e-13 -2.902847e-01
    outer loop
      vertex   1.557014e+01 6.001000e+01 1.503763e+02
      vertex   1.514392e+01 5.999000e+01 1.489712e+02
      vertex   1.514392e+01 6.001000e+01 1.489712e+02
    endloop
  endfacet
  facet normal 9.951847e-01 -3.535606e-13 -9.801714e-02
    outer loop
      vertex   1.514392e+01 6.001000e+01 1.489712e+02
      vertex   1.514392e+01 5.999000e+01 1.489712e+02
      vertex   1.500000e+01 5.999000e+01 1.475100e+02
    endloop
  endfacet
  facet normal 9.951847e-01 0.000000e+00 -9.801714e-02
    outer loop
      vertex   1.514392e+01 6.001000e+01 1.489712e+02
      vertex   1.500000e+01 5.999000e+01 1.475100e+02
      vertex   1.500000e+01 6.001000e+01 1.475100e+02
    endloop
  endfacet
  facet normal -4.140382e-01 9.102590e-01 -9.599938e-04
    outer loop
      vertex   8.880170e+01 6.652894e+01 7.000000e+01
      vertex   8.962370e+01 6.692986e+01 9.562669e+01
      vertex   9.000000e+01 6.707399e+01 7.000000e+01
    endloop
  endfacet
  facet normal -2.902845e-01 9.569397e-01 1.119741e-03
    outer loop
      vertex   9.000000e+01 6.707399e+01 7.000000e+01
      vertex   8.962370e+01 6.692986e+01 9.562669e+01
      vertex   9.102877e+01 6.735608e+01 9.562669e+01
    endloop
  endfacet
  facet normal -2.488235e-01 9.685486e-01 -6.724804e-04
    outer loop
      vertex   9.000000e+01 6.707399e+01 7.000000e+01
      vertex   9.102877e+01 6.735608e+01 9.562669e+01
      vertex   9.125132e+01 6.739541e+01 6.991996e+01
    endloop
  endfacet
  facet normal -8.399071e-02 9.964662e-01 7.971822e-04
    outer loop
      vertex   9.125132e+01 6.739541e+01 6.991996e+01
      vertex   9.102877e+01 6.735608e+01 9.562669e+01
      vertex   9.249000e+01 6.750000e+01 6.968503e+01
    endloop
  endfacet
  facet normal -9.801714e-02 9.951847e-01 0.000000e+00
    outer loop
      vertex   9.249000e+01 6.750000e+01 6.968503e+01
      vertex   9.102877e+01 6.735608e+01 9.562669e+01
      vertex   9.102877e+01 6.735608e+01 1.215683e+02
    endloop
  endfacet
  facet normal -9.801714e-02 9.951847e-01 0.000000e+00
    outer loop
      vertex   9.249000e+01 6.750000e+01 6.968503e+01
      vertex   9.102877e+01 6.735608e+01 1.215683e+02
      vertex   9.249000e+01 6.750000e+01 1.475100e+02
    endloop
  endfacet
  facet normal -9.801714e-02 9.951847e-01 0.000000e+00
    outer loop
      vertex   9.249000e+01 6.750000e+01 1.475100e+02
      vertex   9.102877e+01 6.735608e+01 1.215683e+02
      vertex   9.102877e+01 6.735608e+01 1.475100e+02
    endloop
  endfacet
  facet normal -2.902847e-01 9.569403e-01 0.000000e+00
    outer loop
      vertex   9.102877e+01 6.735608e+01 1.475100e+02
      vertex   9.102877e+01 6.735608e+01 1.215683e+02
      vertex   8.962370e+01 6.692986e+01 1.475100e+02
    endloop
  endfacet
  facet normal -2.902847e-01 9.569403e-01 -5.242125e-16
    outer loop
      vertex   8.962370e+01 6.692986e+01 1.475100e+02
      vertex   9.102877e+01 6.735608e+01 1.215683e+02
      vertex   8.962370e+01 6.692986e+01 1.215683e+02
    endloop
  endfacet
  facet normal -4.713967e-01 8.819213e-01 -4.831170e-16
    outer loop
      vertex   8.962370e+01 6.692986e+01 1.475100e+02
      vertex   8.962370e+01 6.692986e+01 1.215683e+02
      vertex   8.832878e+01 6.623771e+01 1.475100e+02
    endloop
  endfacet
  facet normal -4.713967e-01 8.819213e-01 -4.831170e-16
    outer loop
      vertex   8.832878e+01 6.623771e+01 1.475100e+02
      vertex   8.962370e+01 6.692986e+01 1.215683e+02
      vertex   8.832878e+01 6.623771e+01 1.215683e+02
    endloop
  endfacet
  facet normal -6.343933e-01 7.730105e-01 -4.234556e-16
    outer loop
      vertex   8.832878e+01 6.623771e+01 1.475100e+02
      vertex   8.832878e+01 6.623771e+01 1.215683e+02
      vertex   8.719377e+01 6.530623e+01 1.475100e+02
    endloop
  endfacet
  facet normal -6.343933e-01 7.730105e-01 -4.234556e-16
    outer loop
      vertex   8.719377e+01 6.530623e+01 1.475100e+02
      vertex   8.832878e+01 6.623771e+01 1.215683e+02
      vertex   8.719377e+01 6.530623e+01 1.215683e+02
    endloop
  endfacet
  facet normal -7.730105e-01 6.343933e-01 -3.475210e-16
    outer loop
      vertex   8.719377e+01 6.530623e+01 1.475100e+02
      vertex   8.719377e+01 6.530623e+01 1.215683e+02
      vertex   8.626229e+01 6.417122e+01 1.475100e+02
    endloop
  endfacet
  facet normal -7.730105e-01 6.343933e-01 0.000000e+00
    outer loop
      vertex   8.626229e+01 6.417122e+01 1.475100e+02
      vertex   8.719377e+01 6.530623e+01 1.215683e+02
      vertex   8.626229e+01 6.417122e+01 1.215683e+02
    endloop
  endfacet
  facet normal -8.819213e-01 4.713967e-01 0.000000e+00
    outer loop
      vertex   8.626229e+01 6.417122e+01 1.475100e+02
      vertex   8.626229e+01 6.417122e+01 1.215683e+02
      vertex   8.557014e+01 6.287630e+01 1.475100e+02
    endloop
  endfacet
  facet normal -8.819213e-01 4.713967e-01 0.000000e+00
    outer loop
      vertex   8.557014e+01 6.287630e+01 1.475100e+02
      vertex   8.626229e+01 6.417122e+01 1.215683e+02
      vertex   8.557014e+01 6.287630e+01 1.215683e+02
    endloop
  endfacet
  facet normal -9.569403e-01 2.902847e-01 0.000000e+00
    outer loop
      vertex   8.557014e+01 6.287630e+01 1.475100e+02
      vertex   8.557014e+01 6.287630e+01 1.215683e+02
      vertex   8.514392e+01 6.147123e+01 1.475100e+02
    endloop
  endfacet
  facet normal -9.569403e-01 2.902847e-01 0.000000e+00
    outer loop
      vertex   8.514392e+01 6.147123e+01 1.475100e+02
      vertex   8.557014e+01 6.287630e+01 1.215683e+02
      vertex   8.514392e+01 6.147123e+01 1.215683e+02
    endloop
  endfacet
  facet normal -9.951847e-01 9.801714e-02 0.000000e+00
    outer loop
      vertex   8.514392e+01 6.147123e+01 1.475100e+02
      vertex   8.514392e+01 6.147123e+01 1.215683e+02
      vertex   8.500000e+01 6.001000e+01 1.475100e+02
    endloop
  endfacet
  facet normal -9.951847e-01 9.801714e-02 0.000000e+00
    outer loop
      vertex   8.500000e+01 6.001000e+01 1.475100e+02
      vertex   8.514392e+01 6.147123e+01 1.215683e+02
      vertex   8.514392e+01 6.147123e+01 9.562669e+01
    endloop
  endfacet
  facet normal -9.935709e-01 1.132106e-01 4.323808e-04
    outer loop
      vertex   8.500000e+01 6.001000e+01 1.475100e+02
      vertex   8.514392e+01 6.147123e+01 9.562669e+01
      vertex   8.511569e+01 6.132134e+01 7.000000e+01
    endloop
  endfacet
  facet normal -9.653592e-01 2.609240e-01 -4.626324e-04
    outer loop
      vertex   8.511569e+01 6.132134e+01 7.000000e+01
      vertex   8.514392e+01 6.147123e+01 9.562669e+01
      vertex   8.545918e+01 6.259218e+01 7.000000e+01
    endloop
  endfacet
  facet normal -9.569399e-01 2.902846e-01 9.252165e-04
    outer loop
      vertex   8.545918e+01 6.259218e+01 7.000000e+01
      vertex   8.514392e+01 6.147123e+01 9.562669e+01
      vertex   8.557014e+01 6.287630e+01 9.562669e+01
    endloop
  endfacet
  facet normal -9.047661e-01 4.259081e-01 -8.043499e-04
    outer loop
      vertex   8.545918e+01 6.259218e+01 7.000000e+01
      vertex   8.557014e+01 6.287630e+01 9.562669e+01
      vertex   8.601986e+01 6.378324e+01 7.000000e+01
    endloop
  endfacet
  facet normal -8.819206e-01 4.713964e-01 1.206420e-03
    outer loop
      vertex   8.601986e+01 6.378324e+01 7.000000e+01
      vertex   8.557014e+01 6.287630e+01 9.562669e+01
      vertex   8.626229e+01 6.417122e+01 9.562669e+01
    endloop
  endfacet
  facet normal -8.162236e-01 5.777353e-01 -1.025011e-03
    outer loop
      vertex   8.601986e+01 6.378324e+01 7.000000e+01
      vertex   8.626229e+01 6.417122e+01 9.562669e+01
      vertex   8.678041e+01 6.485775e+01 7.000000e+01
    endloop
  endfacet
  facet normal -7.730097e-01 6.343927e-01 1.366516e-03
    outer loop
      vertex   8.678041e+01 6.485775e+01 7.000000e+01
      vertex   8.626229e+01 6.417122e+01 9.562669e+01
      vertex   8.719377e+01 6.530623e+01 9.562669e+01
    endloop
  endfacet
  facet normal -7.024670e-01 7.117154e-01 -1.124525e-03
    outer loop
      vertex   8.678041e+01 6.485775e+01 7.000000e+01
      vertex   8.719377e+01 6.530623e+01 9.562669e+01
      vertex   8.771734e+01 6.578250e+01 7.000000e+01
    endloop
  endfacet
  facet normal -6.343927e-01 7.730097e-01 1.405437e-03
    outer loop
      vertex   8.771734e+01 6.578250e+01 7.000000e+01
      vertex   8.719377e+01 6.530623e+01 9.562669e+01
      vertex   8.832878e+01 6.623771e+01 9.562669e+01
    endloop
  endfacet
  facet normal -5.670104e-01 8.237099e-01 -1.102849e-03
    outer loop
      vertex   8.771734e+01 6.578250e+01 7.000000e+01
      vertex   8.832878e+01 6.623771e+01 9.562669e+01
      vertex   8.880170e+01 6.652894e+01 7.000000e+01
    endloop
  endfacet
  facet normal -4.713963e-01 8.819205e-01 1.323167e-03
    outer loop
      vertex   8.880170e+01 6.652894e+01 7.000000e+01
      vertex   8.832878e+01 6.623771e+01 9.562669e+01
      vertex   8.962370e+01 6.692986e+01 9.562669e+01
    endloop
  endfacet
  facet normal -9.961311e-01 8.787959e-02 0.000000e+00
    outer loop
      vertex   8.511569e+01 6.132134e+01 7.000000e+01
      vertex   8.500000e+01 6.001000e+01 7.000000e+01
      vertex   8.500000e+01 6.001000e+01 1.475100e+02
    endloop
  endfacet
  facet normal -2.902847e-01 9.569403e-01 0.000000e+00
    outer loop
      vertex   9.102877e+01 6.735608e+01 1.215683e+02
      vertex   9.102877e+01 6.735608e+01 9.562669e+01
      vertex   8.962370e+01 6.692986e+01 1.215683e+02
    endloop
  endfacet
  facet normal -2.902847e-01 9.569403e-01 0.000000e+00
    outer loop
      vertex   8.962370e+01 6.692986e+01 1.215683e+02
      vertex   9.102877e+01 6.735608e+01 9.562669e+01
      vertex   8.962370e+01 6.692986e+01 9.562669e+01
    endloop
  endfacet
  facet normal -4.713967e-01 8.819213e-01 0.000000e+00
    outer loop
      vertex   8.962370e+01 6.692986e+01 1.215683e+02
      vertex   8.962370e+01 6.692986e+01 9.562669e+01
      vertex   8.832878e+01 6.623771e+01 1.215683e+02
    endloop
  endfacet
  facet normal -4.713967e-01 8.819213e-01 0.000000e+00
    outer loop
      vertex   8.832878e+01 6.623771e+01 1.215683e+02
      vertex   8.962370e+01 6.692986e+01 9.562669e+01
      vertex   8.832878e+01 6.623771e+01 9.562669e+01
    endloop
  endfacet
  facet normal -6.343933e-01 7.730105e-01 0.000000e+00
    outer loop
      vertex   8.832878e+01 6.623771e+01 1.215683e+02
      vertex   8.832878e+01 6.623771e+01 9.562669e+01
      vertex   8.719377e+01 6.530623e+01 1.215683e+02
    endloop
  endfacet
  facet normal -6.343933e-01 7.730105e-01 4.234556e-16
    outer loop
      vertex   8.719377e+01 6.530623e+01 1.215683e+02
      vertex   8.832878e+01 6.623771e+01 9.562669e+01
      vertex   8.719377e+01 6.530623e+01 9.562669e+01
    endloop
  endfacet
  facet normal -7.730105e-01 6.343933e-01 3.475210e-16
    outer loop
      vertex   8.719377e+01 6.530623e+01 1.215683e+02
      vertex   8.719377e+01 6.530623e+01 9.562669e+01
      vertex   8.626229e+01 6.417122e+01 1.215683e+02
    endloop
  endfacet
  facet normal -7.730105e-01 6.343933e-01 0.000000e+00
    outer loop
      vertex   8.626229e+01 6.417122e+01 1.215683e+02
      vertex   8.719377e+01 6.530623e+01 9.562669e+01
      vertex   8.626229e+01 6.417122e+01 9.562669e+01
    endloop
  endfacet
  facet normal -8.819213e-01 4.713967e-01 0.000000e+00
    outer loop
      vertex   8.626229e+01 6.417122e+01 1.215683e+02
      vertex   8.626229e+01 6.417122e+01 9.562669e+01
      vertex   8.557014e+01 6.287630e+01 1.215683e+02
    endloop
  endfacet
  facet normal -8.819213e-01 4.713967e-01 0.000000e+00
    outer loop
      vertex   8.557014e+01 6.287630e+01 1.215683e+02
      vertex   8.626229e+01 6.417122e+01 9.562669e+01
      vertex   8.557014e+01 6.287630e+01 9.562669e+01
    endloop
  endfacet
  facet normal -9.569403e-01 2.902847e-01 0.000000e+00
    outer loop
      vertex   8.557014e+01 6.287630e+01 1.215683e+02
      vertex   8.557014e+01 6.287630e+01 9.562669e+01
      vertex   8.514392e+01 6.147123e+01 1.215683e+02
    endloop
  endfacet
  facet normal -9.569403e-01 2.902847e-01 0.000000e+00
    outer loop
      vertex   8.514392e+01 6.147123e+01 1.215683e+02
      vertex   8.557014e+01 6.287630e+01 9.562669e+01
      vertex   8.514392e+01 6.147123e+01 9.562669e+01
    endloop
  endfacet
  facet normal -9.801714e-02 -0.000000e+00 -9.951847e-01
    outer loop
      vertex   7.751000e+01 6.001000e+01 1.550000e+02
      vertex   7.897123e+01 6.001000e+01 1.548561e+02
      vertex   7.751000e+01 5.999000e+01 1.550000e+02
    endloop
  endfacet
  facet normal -9.801714e-02 0.000000e+00 -9.951847e-01
    outer loop
      vertex   7.751000e+01 5.999000e+01 1.550000e+02
      vertex   7.897123e+01 6.001000e+01 1.548561e+02
      vertex   7.897123e+01 5.999000e+01 1.548561e+02
    endloop
  endfacet
  facet normal -2.902847e-01 0.000000e+00 -9.569403e-01
    outer loop
      vertex   7.897123e+01 5.999000e+01 1.548561e+02
      vertex   7.897123e+01 6.001000e+01 1.548561e+02
      vertex   8.037630e+01 6.001000e+01 1.544299e+02
    endloop
  endfacet
  facet normal -2.902847e-01 0.000000e+00 -9.569403e-01
    outer loop
      vertex   7.897123e+01 5.999000e+01 1.548561e+02
      vertex   8.037630e+01 6.001000e+01 1.544299e+02
      vertex   8.037630e+01 5.999000e+01 1.544299e+02
    endloop
  endfacet
  facet normal -4.713967e-01 0.000000e+00 -8.819213e-01
    outer loop
      vertex   8.037630e+01 5.999000e+01 1.544299e+02
      vertex   8.037630e+01 6.001000e+01 1.544299e+02
      vertex   8.167122e+01 6.001000e+01 1.537377e+02
    endloop
  endfacet
  facet normal -4.713967e-01 0.000000e+00 -8.819213e-01
    outer loop
      vertex   8.037630e+01 5.999000e+01 1.544299e+02
      vertex   8.167122e+01 6.001000e+01 1.537377e+02
      vertex   8.167122e+01 5.999000e+01 1.537377e+02
    endloop
  endfacet
  facet normal -6.343933e-01 0.000000e+00 -7.730105e-01
    outer loop
      vertex   8.167122e+01 5.999000e+01 1.537377e+02
      vertex   8.167122e+01 6.001000e+01 1.537377e+02
      vertex   8.280623e+01 6.001000e+01 1.528062e+02
    endloop
  endfacet
  facet normal -6.343933e-01 0.000000e+00 -7.730105e-01
    outer loop
      vertex   8.167122e+01 5.999000e+01 1.537377e+02
      vertex   8.280623e+01 6.001000e+01 1.528062e+02
      vertex   8.280623e+01 5.999000e+01 1.528062e+02
    endloop
  endfacet
  facet normal -7.730105e-01 0.000000e+00 -6.343933e-01
    outer loop
      vertex   8.280623e+01 5.999000e+01 1.528062e+02
      vertex   8.280623e+01 6.001000e+01 1.528062e+02
      vertex   8.373771e+01 6.001000e+01 1.516712e+02
    endloop
  endfacet
  facet normal -7.730105e-01 0.000000e+00 -6.343933e-01
    outer loop
      vertex   8.280623e+01 5.999000e+01 1.528062e+02
      vertex   8.373771e+01 6.001000e+01 1.516712e+02
      vertex   8.373771e+01 5.999000e+01 1.516712e+02
    endloop
  endfacet
  facet normal -8.819213e-01 0.000000e+00 -4.713967e-01
    outer loop
      vertex   8.373771e+01 5.999000e+01 1.516712e+02
      vertex   8.373771e+01 6.001000e+01 1.516712e+02
      vertex   8.442986e+01 6.001000e+01 1.503763e+02
    endloop
  endfacet
  facet normal -8.819213e-01 0.000000e+00 -4.713967e-01
    outer loop
      vertex   8.373771e+01 5.999000e+01 1.516712e+02
      vertex   8.442986e+01 6.001000e+01 1.503763e+02
      vertex   8.442986e+01 5.999000e+01 1.503763e+02
    endloop
  endfacet
  facet normal -9.569403e-01 0.000000e+00 -2.902847e-01
    outer loop
      vertex   8.442986e+01 5.999000e+01 1.503763e+02
      vertex   8.442986e+01 6.001000e+01 1.503763e+02
      vertex   8.485608e+01 6.001000e+01 1.489712e+02
    endloop
  endfacet
  facet normal -9.569403e-01 0.000000e+00 -2.902847e-01
    outer loop
      vertex   8.442986e+01 5.999000e+01 1.503763e+02
      vertex   8.485608e+01 6.001000e+01 1.489712e+02
      vertex   8.485608e+01 5.999000e+01 1.489712e+02
    endloop
  endfacet
  facet normal -9.951847e-01 0.000000e+00 -9.801714e-02
    outer loop
      vertex   8.485608e+01 5.999000e+01 1.489712e+02
      vertex   8.485608e+01 6.001000e+01 1.489712e+02
      vertex   8.500000e+01 6.001000e+01 1.475100e+02
    endloop
  endfacet
  facet normal -9.951847e-01 0.000000e+00 -9.801714e-02
    outer loop
      vertex   8.485608e+01 5.999000e+01 1.489712e+02
      vertex   8.500000e+01 6.001000e+01 1.475100e+02
      vertex   8.500000e+01 5.999000e+01 1.475100e+02
    endloop
  endfacet
  facet normal -1.000000e+00 0.000000e+00 0.000000e+00
    outer loop
      vertex   8.500000e+01 5.999000e+01 1.475100e+02
      vertex   8.500000e+01 6.001000e+01 1.475100e+02
      vertex   8.500000e+01 5.999000e+01 7.000000e+01
    endloop
  endfacet
  facet normal -1.000000e+00 0.000000e+00 0.000000e+00
    outer loop
      vertex   8.500000e+01 5.999000e+01 7.000000e+01
      vertex   8.500000e+01 6.001000e+01 1.475100e+02
      vertex   8.500000e+01 6.001000e+01 7.000000e+01
    endloop
  endfacet
  facet normal -0.000000e+00 -0.000000e+00 -1.000000e+00
    outer loop
      vertex   7.751000e+01 6.001000e+01 1.550000e+02
      vertex   7.751000e+01 5.999000e+01 1.550000e+02
      vertex   2.249000e+01 6.001000e+01 1.550000e+02
    endloop
  endfacet
  facet normal 0.000000e+00 0.000000e+00 -1.000000e+00
    outer loop
      vertex   2.249000e+01 6.001000e+01 1.550000e+02
      vertex   7.751000e+01 5.999000e+01 1.550000e+02
      vertex   2.249000e+01 5.999000e+01 1.550000e+02
    endloop
  endfacet
  facet normal 1.000000e+00 -0.000000e+00 2.291778e-17
    outer loop
      vertex   1.500000e+01 5.999000e+01 7.000000e+01
      vertex   1.500000e+01 6.001000e+01 7.000000e+01
      vertex   1.500000e+01 5.999000e+01 1.475100e+02
    endloop
  endfacet
  facet normal 1.000000e+00 -0.000000e+00 2.291778e-17
    outer loop
      vertex   1.500000e+01 5.999000e+01 1.475100e+02
      vertex   1.500000e+01 6.001000e+01 7.000000e+01
      vertex   1.500000e+01 6.001000e+01 1.475100e+02
    endloop
  endfacet
  facet normal 1.148134e-13 1.000000e+00 -1.530845e-16
    outer loop
      vertex   9.251000e+01 6.750000e+01 6.967987e+01
      vertex   9.249000e+01 6.750000e+01 1.475100e+02
      vertex   9.251000e+01 6.750000e+01 1.625100e+02
    endloop
  endfacet
  facet normal 0.000000e+00 1.000000e+00 0.000000e+00
    outer loop
      vertex   9.251000e+01 6.750000e+01 1.625100e+02
      vertex   9.249000e+01 6.750000e+01 1.475100e+02
      vertex   9.236184e+01 6.750000e+01 1.494653e+02
    endloop
  endfacet
  facet normal 0.000000e+00 1.000000e+00 0.000000e+00
    outer loop
      vertex   9.251000e+01 6.750000e+01 1.625100e+02
      vertex   9.236184e+01 6.750000e+01 1.494653e+02
      vertex   9.197957e+01 6.750000e+01 1.513871e+02
    endloop
  endfacet
  facet normal 2.132102e-12 1.000000e+00 3.652979e-16
    outer loop
      vertex   9.251000e+01 6.750000e+01 6.967987e+01
      vertex   9.250333e+01 6.750000e+01 6.968160e+01
      vertex   9.249000e+01 6.750000e+01 1.475100e+02
    endloop
  endfacet
  facet normal 0.000000e+00 1.000000e+00 0.000000e+00
    outer loop
      vertex   9.249000e+01 6.750000e+01 1.475100e+02
      vertex   9.250333e+01 6.750000e+01 6.968160e+01
      vertex   9.249667e+01 6.750000e+01 6.968332e+01
    endloop
  endfacet
  facet normal 0.000000e+00 1.000000e+00 0.000000e+00
    outer loop
      vertex   9.249000e+01 6.750000e+01 1.475100e+02
      vertex   9.249667e+01 6.750000e+01 6.968332e+01
      vertex   9.249000e+01 6.750000e+01 6.968503e+01
    endloop
  endfacet
  facet normal 0.000000e+00 1.000000e+00 -0.000000e+00
    outer loop
      vertex   9.197957e+01 6.750000e+01 1.513871e+02
      vertex   9.134972e+01 6.750000e+01 1.532426e+02
      vertex   9.251000e+01 6.750000e+01 1.625100e+02
    endloop
  endfacet
  facet normal 0.000000e+00 1.000000e+00 0.000000e+00
    outer loop
      vertex   9.251000e+01 6.750000e+01 1.625100e+02
      vertex   9.134972e+01 6.750000e+01 1.532426e+02
      vertex   9.048306e+01 6.750000e+01 1.550000e+02
    endloop
  endfacet
  facet normal 0.000000e+00 1.000000e+00 0.000000e+00
    outer loop
      vertex   9.251000e+01 6.750000e+01 1.625100e+02
      vertex   9.048306e+01 6.750000e+01 1.550000e+02
      vertex   8.939443e+01 6.750000e+01 1.566292e+02
    endloop
  endfacet
  facet normal 0.000000e+00 1.000000e+00 -0.000000e+00
    outer loop
      vertex   8.939443e+01 6.750000e+01 1.566292e+02
      vertex   8.810246e+01 6.750000e+01 1.581025e+02
      vertex   9.251000e+01 6.750000e+01 1.625100e+02
    endloop
  endfacet
  facet normal 0.000000e+00 1.000000e+00 0.000000e+00
    outer loop
      vertex   9.251000e+01 6.750000e+01 1.625100e+02
      vertex   8.810246e+01 6.750000e+01 1.581025e+02
      vertex   8.662925e+01 6.750000e+01 1.593944e+02
    endloop
  endfacet
  facet normal 0.000000e+00 1.000000e+00 0.000000e+00
    outer loop
      vertex   9.251000e+01 6.750000e+01 1.625100e+02
      vertex   8.662925e+01 6.750000e+01 1.593944e+02
      vertex   8.500000e+01 6.750000e+01 1.604831e+02
    endloop
  endfacet
  facet normal 0.000000e+00 1.000000e+00 -0.000000e+00
    outer loop
      vertex   8.500000e+01 6.750000e+01 1.604831e+02
      vertex   8.324260e+01 6.750000e+01 1.613497e+02
      vertex   9.251000e+01 6.750000e+01 1.625100e+02
    endloop
  endfacet
  facet normal 0.000000e+00 1.000000e+00 0.000000e+00
    outer loop
      vertex   9.251000e+01 6.750000e+01 1.625100e+02
      vertex   8.324260e+01 6.750000e+01 1.613497e+02
      vertex   8.138711e+01 6.750000e+01 1.619796e+02
    endloop
  endfacet
  facet normal 0.000000e+00 1.000000e+00 0.000000e+00
    outer loop
      vertex   9.251000e+01 6.750000e+01 1.625100e+02
      vertex   8.138711e+01 6.750000e+01 1.619796e+02
      vertex   7.946528e+01 6.750000e+01 1.623618e+02
    endloop
  endfacet
  facet normal 0.000000e+00 1.000000e+00 -0.000000e+00
    outer loop
      vertex   7.946528e+01 6.750000e+01 1.623618e+02
      vertex   7.751000e+01 6.750000e+01 1.624900e+02
      vertex   9.251000e+01 6.750000e+01 1.625100e+02
    endloop
  endfacet
  facet normal 0.000000e+00 1.000000e+00 0.000000e+00
    outer loop
      vertex   9.251000e+01 6.750000e+01 1.625100e+02
      vertex   7.751000e+01 6.750000e+01 1.624900e+02
      vertex   2.249000e+01 6.750000e+01 1.624900e+02
    endloop
  endfacet
  facet normal 0.000000e+00 1.000000e+00 0.000000e+00
    outer loop
      vertex   9.251000e+01 6.750000e+01 1.625100e+02
      vertex   2.249000e+01 6.750000e+01 1.624900e+02
      vertex   7.490000e+00 6.750000e+01 1.625100e+02
    endloop
  endfacet
  facet normal 0.000000e+00 1.000000e+00 0.000000e+00
    outer loop
      vertex   7.490000e+00 6.750000e+01 1.625100e+02
      vertex   2.249000e+01 6.750000e+01 1.624900e+02
      vertex   2.053472e+01 6.750000e+01 1.623618e+02
    endloop
  endfacet
  facet normal 0.000000e+00 1.000000e+00 0.000000e+00
    outer loop
      vertex   7.490000e+00 6.750000e+01 1.625100e+02
      vertex   2.053472e+01 6.750000e+01 1.623618e+02
      vertex   1.861289e+01 6.750000e+01 1.619796e+02
    endloop
  endfacet
  facet normal 0.000000e+00 1.000000e+00 0.000000e+00
    outer loop
      vertex   1.861289e+01 6.750000e+01 1.619796e+02
      vertex   1.675740e+01 6.750000e+01 1.613497e+02
      vertex   7.490000e+00 6.750000e+01 1.625100e+02
    endloop
  endfacet
  facet normal 0.000000e+00 1.000000e+00 0.000000e+00
    outer loop
      vertex   7.490000e+00 6.750000e+01 1.625100e+02
      vertex   1.675740e+01 6.750000e+01 1.613497e+02
      vertex   1.500000e+01 6.750000e+01 1.604831e+02
    endloop
  endfacet
  facet normal 0.000000e+00 1.000000e+00 0.000000e+00
    outer loop
      vertex   7.490000e+00 6.750000e+01 1.625100e+02
      vertex   1.500000e+01 6.750000e+01 1.604831e+02
      vertex   1.337075e+01 6.750000e+01 1.593944e+02
    endloop
  endfacet
  facet normal 0.000000e+00 1.000000e+00 0.000000e+00
    outer loop
      vertex   1.337075e+01 6.750000e+01 1.593944e+02
      vertex   1.189754e+01 6.750000e+01 1.581025e+02
      vertex   7.490000e+00 6.750000e+01 1.625100e+02
    endloop
  endfacet
  facet normal 0.000000e+00 1.000000e+00 0.000000e+00
    outer loop
      vertex   7.490000e+00 6.750000e+01 1.625100e+02
      vertex   1.189754e+01 6.750000e+01 1.581025e+02
      vertex   1.060557e+01 6.750000e+01 1.566292e+02
    endloop
  endfacet
  facet normal 0.000000e+00 1.000000e+00 0.000000e+00
    outer loop
      vertex   7.490000e+00 6.750000e+01 1.625100e+02
      vertex   1.060557e+01 6.750000e+01 1.566292e+02
      vertex   9.516939e+00 6.750000e+01 1.550000e+02
    endloop
  endfacet
  facet normal 0.000000e+00 1.000000e+00 0.000000e+00
    outer loop
      vertex   9.516939e+00 6.750000e+01 1.550000e+02
      vertex   8.650285e+00 6.750000e+01 1.532426e+02
      vertex   7.490000e+00 6.750000e+01 1.625100e+02
    endloop
  endfacet
  facet normal 0.000000e+00 1.000000e+00 0.000000e+00
    outer loop
      vertex   7.490000e+00 6.750000e+01 1.625100e+02
      vertex   8.650285e+00 6.750000e+01 1.532426e+02
      vertex   8.020431e+00 6.750000e+01 1.513871e+02
    endloop
  endfacet
  facet normal 0.000000e+00 1.000000e+00 0.000000e+00
    outer loop
      vertex   7.490000e+00 6.750000e+01 1.625100e+02
      vertex   8.020431e+00 6.750000e+01 1.513871e+02
      vertex   7.638156e+00 6.750000e+01 1.494653e+02
    endloop
  endfacet
  facet normal 0.000000e+00 1.000000e+00 0.000000e+00
    outer loop
      vertex   7.638156e+00 6.750000e+01 1.494653e+02
      vertex   7.510000e+00 6.750000e+01 1.475100e+02
      vertex   7.490000e+00 6.750000e+01 1.625100e+02
    endloop
  endfacet
  facet normal 1.148134e-13 1.000000e+00 1.530845e-16
    outer loop
      vertex   7.490000e+00 6.750000e+01 1.625100e+02
      vertex   7.510000e+00 6.750000e+01 1.475100e+02
      vertex   7.490000e+00 6.750000e+01 6.967987e+01
    endloop
  endfacet
  facet normal 2.132102e-12 1.000000e+00 -3.652979e-16
    outer loop
      vertex   7.490000e+00 6.750000e+01 6.967987e+01
      vertex   7.510000e+00 6.750000e+01 1.475100e+02
      vertex   7.496665e+00 6.750000e+01 6.968160e+01
    endloop
  endfacet
  facet normal 0.000000e+00 1.000000e+00 0.000000e+00
    outer loop
      vertex   7.496665e+00 6.750000e+01 6.968160e+01
      vertex   7.510000e+00 6.750000e+01 1.475100e+02
      vertex   7.503332e+00 6.750000e+01 6.968332e+01
    endloop
  endfacet
  facet normal 0.000000e+00 1.000000e+00 0.000000e+00
    outer loop
      vertex   7.503332e+00 6.750000e+01 6.968332e+01
      vertex   7.510000e+00 6.750000e+01 1.475100e+02
      vertex   7.510000e+00 6.750000e+01 6.968503e+01
    endloop
  endfacet
  facet normal 0.000000e+00 0.000000e+00 -1.000000e+00
    outer loop
      vertex   1.500000e+01 1.050000e+02 6.500000e+01
      vertex   8.500000e+01 1.050000e+02 6.500000e+01
      vertex   1.500000e+01 0.000000e+00 6.500000e+01
    endloop
  endfacet
  facet normal 0.000000e+00 0.000000e+00 -1.000000e+00
    outer loop
      vertex   1.500000e+01 0.000000e+00 6.500000e+01
      vertex   8.500000e+01 1.050000e+02 6.500000e+01
      vertex   8.500000e+01 0.000000e+00 6.500000e+01
    endloop
  endfacet
endsolid
