solid ASCII
  facet normal 0.000000e+00 0.000000e+00 -1.000000e+00
    outer loop
      vertex   -1.041084e+01 1.605966e+01 -2.500000e+00
      vertex   -1.046710e+01 1.758102e+01 -2.500000e+00
      vertex   -6.617097e+00 1.758102e+01 -2.500000e+00
    endloop
  endfacet
  facet normal -0.000000e+00 0.000000e+00 -1.000000e+00
    outer loop
      vertex   -6.617097e+00 1.758102e+01 -2.500000e+00
      vertex   -1.046710e+01 1.758102e+01 -2.500000e+00
      vertex   -1.041084e+01 1.910238e+01 -2.500000e+00
    endloop
  endfacet
  facet normal 0.000000e+00 0.000000e+00 -1.000000e+00
    outer loop
      vertex   -6.617097e+00 1.758102e+01 -2.500000e+00
      vertex   -1.041084e+01 1.910238e+01 -2.500000e+00
      vertex   -6.561363e+00 1.894630e+01 -2.500000e+00
    endloop
  endfacet
  facet normal 0.000000e+00 0.000000e+00 -1.000000e+00
    outer loop
      vertex   -6.561363e+00 1.894630e+01 -2.500000e+00
      vertex   -1.041084e+01 1.910238e+01 -2.500000e+00
      vertex   -1.024238e+01 2.061543e+01 -2.500000e+00
    endloop
  endfacet
  facet normal 0.000000e+00 0.000000e+00 -1.000000e+00
    outer loop
      vertex   -6.561363e+00 1.894630e+01 -2.500000e+00
      vertex   -1.024238e+01 2.061543e+01 -2.500000e+00
      vertex   -6.394531e+00 2.030249e+01 -2.500000e+00
    endloop
  endfacet
  facet normal 0.000000e+00 0.000000e+00 -1.000000e+00
    outer loop
      vertex   -6.394531e+00 2.030249e+01 -2.500000e+00
      vertex   -1.024238e+01 2.061543e+01 -2.500000e+00
      vertex   -9.962644e+00 2.211191e+01 -2.500000e+00
    endloop
  endfacet
  facet normal 0.000000e+00 0.000000e+00 -1.000000e+00
    outer loop
      vertex   -6.394531e+00 2.030249e+01 -2.500000e+00
      vertex   -9.962644e+00 2.211191e+01 -2.500000e+00
      vertex   -6.117712e+00 2.164058e+01 -2.500000e+00
    endloop
  endfacet
  facet normal 0.000000e+00 0.000000e+00 -1.000000e+00
    outer loop
      vertex   -6.117712e+00 2.164058e+01 -2.500000e+00
      vertex   -9.962644e+00 2.211191e+01 -2.500000e+00
      vertex   -9.573148e+00 2.358365e+01 -2.500000e+00
    endloop
  endfacet
  facet normal 0.000000e+00 0.000000e+00 -1.000000e+00
    outer loop
      vertex   -6.117712e+00 2.164058e+01 -2.500000e+00
      vertex   -9.573148e+00 2.358365e+01 -2.500000e+00
      vertex   -5.732748e+00 2.295165e+01 -2.500000e+00
    endloop
  endfacet
  facet normal 0.000000e+00 0.000000e+00 -1.000000e+00
    outer loop
      vertex   -5.732748e+00 2.295165e+01 -2.500000e+00
      vertex   -9.573148e+00 2.358365e+01 -2.500000e+00
      vertex   -9.076025e+00 2.502260e+01 -2.500000e+00
    endloop
  endfacet
  facet normal 0.000000e+00 0.000000e+00 -1.000000e+00
    outer loop
      vertex   -5.732748e+00 2.295165e+01 -2.500000e+00
      vertex   -9.076025e+00 2.502260e+01 -2.500000e+00
      vertex   -5.242200e+00 2.422697e+01 -2.500000e+00
    endloop
  endfacet
  facet normal 0.000000e+00 0.000000e+00 -1.000000e+00
    outer loop
      vertex   -5.242200e+00 2.422697e+01 -2.500000e+00
      vertex   -9.076025e+00 2.502260e+01 -2.500000e+00
      vertex   -8.473989e+00 2.642090e+01 -2.500000e+00
    endloop
  endfacet
  facet normal 0.000000e+00 0.000000e+00 -1.000000e+00
    outer loop
      vertex   -5.242200e+00 2.422697e+01 -2.500000e+00
      vertex   -8.473989e+00 2.642090e+01 -2.500000e+00
      vertex   -4.649334e+00 2.545807e+01 -2.500000e+00
    endloop
  endfacet
  facet normal 0.000000e+00 0.000000e+00 -1.000000e+00
    outer loop
      vertex   -4.649334e+00 2.545807e+01 -2.500000e+00
      vertex   -8.473989e+00 2.642090e+01 -2.500000e+00
      vertex   -7.770329e+00 2.777093e+01 -2.500000e+00
    endloop
  endfacet
  facet normal 0.000000e+00 0.000000e+00 -1.000000e+00
    outer loop
      vertex   -4.649334e+00 2.545807e+01 -2.500000e+00
      vertex   -7.770329e+00 2.777093e+01 -2.500000e+00
      vertex   -3.958094e+00 2.663675e+01 -2.500000e+00
    endloop
  endfacet
  facet normal 0.000000e+00 0.000000e+00 -1.000000e+00
    outer loop
      vertex   -3.958094e+00 2.663675e+01 -2.500000e+00
      vertex   -7.770329e+00 2.777093e+01 -2.500000e+00
      vertex   -6.968888e+00 2.906530e+01 -2.500000e+00
    endloop
  endfacet
  facet normal 0.000000e+00 0.000000e+00 -1.000000e+00
    outer loop
      vertex   -3.958094e+00 2.663675e+01 -2.500000e+00
      vertex   -6.968888e+00 2.906530e+01 -2.500000e+00
      vertex   -3.173081e+00 2.775517e+01 -2.500000e+00
    endloop
  endfacet
  facet normal 0.000000e+00 0.000000e+00 -1.000000e+00
    outer loop
      vertex   -3.173081e+00 2.775517e+01 -2.500000e+00
      vertex   -6.968888e+00 2.906530e+01 -2.500000e+00
      vertex   -6.074043e+00 3.029695e+01 -2.500000e+00
    endloop
  endfacet
  facet normal 0.000000e+00 0.000000e+00 -1.000000e+00
    outer loop
      vertex   -3.173081e+00 2.775517e+01 -2.500000e+00
      vertex   -6.074043e+00 3.029695e+01 -2.500000e+00
      vertex   -2.299519e+00 2.880588e+01 -2.500000e+00
    endloop
  endfacet
  facet normal 0.000000e+00 0.000000e+00 -1.000000e+00
    outer loop
      vertex   -2.299519e+00 2.880588e+01 -2.500000e+00
      vertex   -6.074043e+00 3.029695e+01 -2.500000e+00
      vertex   -5.090681e+00 3.145915e+01 -2.500000e+00
    endloop
  endfacet
  facet normal 0.000000e+00 0.000000e+00 -1.000000e+00
    outer loop
      vertex   -2.299519e+00 2.880588e+01 -2.500000e+00
      vertex   -5.090681e+00 3.145915e+01 -2.500000e+00
      vertex   -1.343221e+00 2.978188e+01 -2.500000e+00
    endloop
  endfacet
  facet normal 0.000000e+00 0.000000e+00 -1.000000e+00
    outer loop
      vertex   -1.343221e+00 2.978188e+01 -2.500000e+00
      vertex   -5.090681e+00 3.145915e+01 -2.500000e+00
      vertex   -4.024173e+00 3.254555e+01 -2.500000e+00
    endloop
  endfacet
  facet normal 0.000000e+00 0.000000e+00 -1.000000e+00
    outer loop
      vertex   -1.343221e+00 2.978188e+01 -2.500000e+00
      vertex   -4.024173e+00 3.254555e+01 -2.500000e+00
      vertex   -2.880344e+00 3.355022e+01 -2.500000e+00
    endloop
  endfacet
  facet normal 0.000000e+00 0.000000e+00 -1.000000e+00
    outer loop
      vertex   -1.343221e+00 2.978188e+01 -2.500000e+00
      vertex   -2.880344e+00 3.355022e+01 -2.500000e+00
      vertex   -3.105513e-01 3.067670e+01 -2.500000e+00
    endloop
  endfacet
  facet normal 0.000000e+00 0.000000e+00 -1.000000e+00
    outer loop
      vertex   -3.105513e-01 3.067670e+01 -2.500000e+00
      vertex   -2.880344e+00 3.355022e+01 -2.500000e+00
      vertex   -1.665441e+00 3.446767e+01 -2.500000e+00
    endloop
  endfacet
  facet normal 0.000000e+00 0.000000e+00 -1.000000e+00
    outer loop
      vertex   -3.105513e-01 3.067670e+01 -2.500000e+00
      vertex   -1.665441e+00 3.446767e+01 -2.500000e+00
      vertex   7.916177e-01 3.148436e+01 -2.500000e+00
    endloop
  endfacet
  facet normal 0.000000e+00 0.000000e+00 -1.000000e+00
    outer loop
      vertex   7.916177e-01 3.148436e+01 -2.500000e+00
      vertex   -1.665441e+00 3.446767e+01 -2.500000e+00
      vertex   -3.860997e-01 3.529290e+01 -2.500000e+00
    endloop
  endfacet
  facet normal 0.000000e+00 0.000000e+00 -1.000000e+00
    outer loop
      vertex   7.916177e-01 3.148436e+01 -2.500000e+00
      vertex   -3.860997e-01 3.529290e+01 -2.500000e+00
      vertex   1.955951e+00 3.219950e+01 -2.500000e+00
    endloop
  endfacet
  facet normal 0.000000e+00 0.000000e+00 -1.000000e+00
    outer loop
      vertex   1.955951e+00 3.219950e+01 -2.500000e+00
      vertex   -3.860997e-01 3.529290e+01 -2.500000e+00
      vertex   9.506927e-01 3.602138e+01 -2.500000e+00
    endloop
  endfacet
  facet normal 0.000000e+00 0.000000e+00 -1.000000e+00
    outer loop
      vertex   1.955951e+00 3.219950e+01 -2.500000e+00
      vertex   9.506927e-01 3.602138e+01 -2.500000e+00
      vertex   3.174701e+00 3.281736e+01 -2.500000e+00
    endloop
  endfacet
  facet normal 0.000000e+00 0.000000e+00 -1.000000e+00
    outer loop
      vertex   3.174701e+00 3.281736e+01 -2.500000e+00
      vertex   9.506927e-01 3.602138e+01 -2.500000e+00
      vertex   2.337635e+00 3.664916e+01 -2.500000e+00
    endloop
  endfacet
  facet normal 0.000000e+00 0.000000e+00 -1.000000e+00
    outer loop
      vertex   3.174701e+00 3.281736e+01 -2.500000e+00
      vertex   2.337635e+00 3.664916e+01 -2.500000e+00
      vertex   4.439757e+00 3.333382e+01 -2.500000e+00
    endloop
  endfacet
  facet normal 0.000000e+00 0.000000e+00 -1.000000e+00
    outer loop
      vertex   4.439757e+00 3.333382e+01 -2.500000e+00
      vertex   2.337635e+00 3.664916e+01 -2.500000e+00
      vertex   3.767153e+00 3.717278e+01 -2.500000e+00
    endloop
  endfacet
  facet normal 0.000000e+00 0.000000e+00 -1.000000e+00
    outer loop
      vertex   4.439757e+00 3.333382e+01 -2.500000e+00
      vertex   3.767153e+00 3.717278e+01 -2.500000e+00
      vertex   5.742700e+00 3.374544e+01 -2.500000e+00
    endloop
  endfacet
  facet normal 0.000000e+00 0.000000e+00 -1.000000e+00
    outer loop
      vertex   5.742700e+00 3.374544e+01 -2.500000e+00
      vertex   3.767153e+00 3.717278e+01 -2.500000e+00
      vertex   5.231438e+00 3.758941e+01 -2.500000e+00
    endloop
  endfacet
  facet normal 0.000000e+00 0.000000e+00 -1.000000e+00
    outer loop
      vertex   5.742700e+00 3.374544e+01 -2.500000e+00
      vertex   5.231438e+00 3.758941e+01 -2.500000e+00
      vertex   7.074858e+00 3.404950e+01 -2.500000e+00
    endloop
  endfacet
  facet normal 0.000000e+00 0.000000e+00 -1.000000e+00
    outer loop
      vertex   7.074858e+00 3.404950e+01 -2.500000e+00
      vertex   5.231438e+00 3.758941e+01 -2.500000e+00
      vertex   6.722493e+00 3.789675e+01 -2.500000e+00
    endloop
  endfacet
  facet normal 0.000000e+00 0.000000e+00 -1.000000e+00
    outer loop
      vertex   7.074858e+00 3.404950e+01 -2.500000e+00
      vertex   6.722493e+00 3.789675e+01 -2.500000e+00
      vertex   8.427368e+00 3.424396e+01 -2.500000e+00
    endloop
  endfacet
  facet normal 0.000000e+00 0.000000e+00 -1.000000e+00
    outer loop
      vertex   8.427368e+00 3.424396e+01 -2.500000e+00
      vertex   6.722493e+00 3.789675e+01 -2.500000e+00
      vertex   8.232175e+00 3.809314e+01 -2.500000e+00
    endloop
  endfacet
  facet normal 0.000000e+00 0.000000e+00 -1.000000e+00
    outer loop
      vertex   8.427368e+00 3.424396e+01 -2.500000e+00
      vertex   8.232175e+00 3.809314e+01 -2.500000e+00
      vertex   9.791227e+00 3.432753e+01 -2.500000e+00
    endloop
  endfacet
  facet normal 0.000000e+00 0.000000e+00 -1.000000e+00
    outer loop
      vertex   9.791227e+00 3.432753e+01 -2.500000e+00
      vertex   8.232175e+00 3.809314e+01 -2.500000e+00
      vertex   9.752237e+00 3.817750e+01 -2.500000e+00
    endloop
  endfacet
  facet normal 0.000000e+00 0.000000e+00 -1.000000e+00
    outer loop
      vertex   9.791227e+00 3.432753e+01 -2.500000e+00
      vertex   9.752237e+00 3.817750e+01 -2.500000e+00
      vertex   1.127438e+01 3.814937e+01 -2.500000e+00
    endloop
  endfacet
  facet normal 0.000000e+00 0.000000e+00 -1.000000e+00
    outer loop
      vertex   9.791227e+00 3.432753e+01 -2.500000e+00
      vertex   1.127438e+01 3.814937e+01 -2.500000e+00
      vertex   1.115736e+01 3.429966e+01 -2.500000e+00
    endloop
  endfacet
  facet normal 0.000000e+00 0.000000e+00 -1.000000e+00
    outer loop
      vertex   1.115736e+01 3.429966e+01 -2.500000e+00
      vertex   1.127438e+01 3.814937e+01 -2.500000e+00
      vertex   1.279029e+01 3.800890e+01 -2.500000e+00
    endloop
  endfacet
  facet normal 0.000000e+00 0.000000e+00 -1.000000e+00
    outer loop
      vertex   1.115736e+01 3.429966e+01 -2.500000e+00
      vertex   1.279029e+01 3.800890e+01 -2.500000e+00
      vertex   1.251668e+01 3.416053e+01 -2.500000e+00
    endloop
  endfacet
  facet normal 0.000000e+00 0.000000e+00 -1.000000e+00
    outer loop
      vertex   1.251668e+01 3.416053e+01 -2.500000e+00
      vertex   1.279029e+01 3.800890e+01 -2.500000e+00
      vertex   1.429168e+01 3.775686e+01 -2.500000e+00
    endloop
  endfacet
  facet normal 0.000000e+00 0.000000e+00 -1.000000e+00
    outer loop
      vertex   1.251668e+01 3.416053e+01 -2.500000e+00
      vertex   1.429168e+01 3.775686e+01 -2.500000e+00
      vertex   1.386013e+01 3.391106e+01 -2.500000e+00
    endloop
  endfacet
  facet normal 0.000000e+00 0.000000e+00 -1.000000e+00
    outer loop
      vertex   1.386013e+01 3.391106e+01 -2.500000e+00
      vertex   1.429168e+01 3.775686e+01 -2.500000e+00
      vertex   1.577036e+01 3.739463e+01 -2.500000e+00
    endloop
  endfacet
  facet normal 0.000000e+00 0.000000e+00 -1.000000e+00
    outer loop
      vertex   1.386013e+01 3.391106e+01 -2.500000e+00
      vertex   1.577036e+01 3.739463e+01 -2.500000e+00
      vertex   1.517878e+01 3.355292e+01 -2.500000e+00
    endloop
  endfacet
  facet normal 0.000000e+00 0.000000e+00 -1.000000e+00
    outer loop
      vertex   1.517878e+01 3.355292e+01 -2.500000e+00
      vertex   1.577036e+01 3.739463e+01 -2.500000e+00
      vertex   1.721825e+01 3.692418e+01 -2.500000e+00
    endloop
  endfacet
  facet normal 0.000000e+00 0.000000e+00 -1.000000e+00
    outer loop
      vertex   1.517878e+01 3.355292e+01 -2.500000e+00
      vertex   1.721825e+01 3.692418e+01 -2.500000e+00
      vertex   1.646385e+01 3.308849e+01 -2.500000e+00
    endloop
  endfacet
  facet normal 0.000000e+00 0.000000e+00 -1.000000e+00
    outer loop
      vertex   1.646385e+01 3.308849e+01 -2.500000e+00
      vertex   1.721825e+01 3.692418e+01 -2.500000e+00
      vertex   1.862744e+01 3.634809e+01 -2.500000e+00
    endloop
  endfacet
  facet normal 0.000000e+00 0.000000e+00 -1.000000e+00
    outer loop
      vertex   1.646385e+01 3.308849e+01 -2.500000e+00
      vertex   1.862744e+01 3.634809e+01 -2.500000e+00
      vertex   1.770678e+01 3.252086e+01 -2.500000e+00
    endloop
  endfacet
  facet normal 0.000000e+00 0.000000e+00 -1.000000e+00
    outer loop
      vertex   1.770678e+01 3.252086e+01 -2.500000e+00
      vertex   1.862744e+01 3.634809e+01 -2.500000e+00
      vertex   1.999024e+01 3.566949e+01 -2.500000e+00
    endloop
  endfacet
  facet normal 0.000000e+00 0.000000e+00 -1.000000e+00
    outer loop
      vertex   1.770678e+01 3.252086e+01 -2.500000e+00
      vertex   1.999024e+01 3.566949e+01 -2.500000e+00
      vertex   1.889932e+01 3.185381e+01 -2.500000e+00
    endloop
  endfacet
  facet normal 0.000000e+00 0.000000e+00 -1.000000e+00
    outer loop
      vertex   1.889932e+01 3.185381e+01 -2.500000e+00
      vertex   1.999024e+01 3.566949e+01 -2.500000e+00
      vertex   2.129920e+01 3.489211e+01 -2.500000e+00
    endloop
  endfacet
  facet normal 0.000000e+00 0.000000e+00 -1.000000e+00
    outer loop
      vertex   1.889932e+01 3.185381e+01 -2.500000e+00
      vertex   2.129920e+01 3.489211e+01 -2.500000e+00
      vertex   2.003351e+01 3.109177e+01 -2.500000e+00
    endloop
  endfacet
  facet normal 0.000000e+00 0.000000e+00 -1.000000e+00
    outer loop
      vertex   2.003351e+01 3.109177e+01 -2.500000e+00
      vertex   2.129920e+01 3.489211e+01 -2.500000e+00
      vertex   2.254718e+01 3.402017e+01 -2.500000e+00
    endloop
  endfacet
  facet normal 0.000000e+00 0.000000e+00 -1.000000e+00
    outer loop
      vertex   2.003351e+01 3.109177e+01 -2.500000e+00
      vertex   2.254718e+01 3.402017e+01 -2.500000e+00
      vertex   2.110182e+01 3.023982e+01 -2.500000e+00
    endloop
  endfacet
  facet normal 0.000000e+00 0.000000e+00 -1.000000e+00
    outer loop
      vertex   2.110182e+01 3.023982e+01 -2.500000e+00
      vertex   2.254718e+01 3.402017e+01 -2.500000e+00
      vertex   2.372735e+01 3.305846e+01 -2.500000e+00
    endloop
  endfacet
  facet normal 0.000000e+00 0.000000e+00 -1.000000e+00
    outer loop
      vertex   2.110182e+01 3.023982e+01 -2.500000e+00
      vertex   2.372735e+01 3.305846e+01 -2.500000e+00
      vertex   2.209713e+01 2.930364e+01 -2.500000e+00
    endloop
  endfacet
  facet normal 0.000000e+00 0.000000e+00 -1.000000e+00
    outer loop
      vertex   2.209713e+01 2.930364e+01 -2.500000e+00
      vertex   2.372735e+01 3.305846e+01 -2.500000e+00
      vertex   2.483327e+01 3.201221e+01 -2.500000e+00
    endloop
  endfacet
  facet normal 0.000000e+00 0.000000e+00 -1.000000e+00
    outer loop
      vertex   2.209713e+01 2.930364e+01 -2.500000e+00
      vertex   2.483327e+01 3.201221e+01 -2.500000e+00
      vertex   2.585891e+01 3.088714e+01 -2.500000e+00
    endloop
  endfacet
  facet normal 0.000000e+00 0.000000e+00 -1.000000e+00
    outer loop
      vertex   2.209713e+01 2.930364e+01 -2.500000e+00
      vertex   2.585891e+01 3.088714e+01 -2.500000e+00
      vertex   2.301282e+01 2.828943e+01 -2.500000e+00
    endloop
  endfacet
  facet normal 0.000000e+00 0.000000e+00 -1.000000e+00
    outer loop
      vertex   2.301282e+01 2.828943e+01 -2.500000e+00
      vertex   2.585891e+01 3.088714e+01 -2.500000e+00
      vertex   2.679865e+01 2.968940e+01 -2.500000e+00
    endloop
  endfacet
  facet normal 0.000000e+00 0.000000e+00 -1.000000e+00
    outer loop
      vertex   2.301282e+01 2.828943e+01 -2.500000e+00
      vertex   2.679865e+01 2.968940e+01 -2.500000e+00
      vertex   2.384280e+01 2.720397e+01 -2.500000e+00
    endloop
  endfacet
  facet normal 0.000000e+00 0.000000e+00 -1.000000e+00
    outer loop
      vertex   2.384280e+01 2.720397e+01 -2.500000e+00
      vertex   2.679865e+01 2.968940e+01 -2.500000e+00
      vertex   2.764738e+01 2.842552e+01 -2.500000e+00
    endloop
  endfacet
  facet normal 0.000000e+00 0.000000e+00 -1.000000e+00
    outer loop
      vertex   2.384280e+01 2.720397e+01 -2.500000e+00
      vertex   2.764738e+01 2.842552e+01 -2.500000e+00
      vertex   2.458154e+01 2.605447e+01 -2.500000e+00
    endloop
  endfacet
  facet normal 0.000000e+00 0.000000e+00 -1.000000e+00
    outer loop
      vertex   2.458154e+01 2.605447e+01 -2.500000e+00
      vertex   2.764738e+01 2.842552e+01 -2.500000e+00
      vertex   2.840044e+01 2.710242e+01 -2.500000e+00
    endloop
  endfacet
  facet normal 0.000000e+00 0.000000e+00 -1.000000e+00
    outer loop
      vertex   2.458154e+01 2.605447e+01 -2.500000e+00
      vertex   2.840044e+01 2.710242e+01 -2.500000e+00
      vertex   2.522413e+01 2.484857e+01 -2.500000e+00
    endloop
  endfacet
  facet normal 0.000000e+00 0.000000e+00 -1.000000e+00
    outer loop
      vertex   2.522413e+01 2.484857e+01 -2.500000e+00
      vertex   2.840044e+01 2.710242e+01 -2.500000e+00
      vertex   2.905373e+01 2.572731e+01 -2.500000e+00
    endloop
  endfacet
  facet normal 0.000000e+00 0.000000e+00 -1.000000e+00
    outer loop
      vertex   2.522413e+01 2.484857e+01 -2.500000e+00
      vertex   2.905373e+01 2.572731e+01 -2.500000e+00
      vertex   2.576629e+01 2.359431e+01 -2.500000e+00
    endloop
  endfacet
  facet normal 0.000000e+00 0.000000e+00 -1.000000e+00
    outer loop
      vertex   2.576629e+01 2.359431e+01 -2.500000e+00
      vertex   2.905373e+01 2.572731e+01 -2.500000e+00
      vertex   2.960369e+01 2.430772e+01 -2.500000e+00
    endloop
  endfacet
  facet normal 0.000000e+00 0.000000e+00 -1.000000e+00
    outer loop
      vertex   2.576629e+01 2.359431e+01 -2.500000e+00
      vertex   2.960369e+01 2.430772e+01 -2.500000e+00
      vertex   2.620441e+01 2.230004e+01 -2.500000e+00
    endloop
  endfacet
  facet normal 0.000000e+00 0.000000e+00 -1.000000e+00
    outer loop
      vertex   2.620441e+01 2.230004e+01 -2.500000e+00
      vertex   2.960369e+01 2.430772e+01 -2.500000e+00
      vertex   3.004730e+01 2.285138e+01 -2.500000e+00
    endloop
  endfacet
  facet normal 0.000000e+00 0.000000e+00 -1.000000e+00
    outer loop
      vertex   2.620441e+01 2.230004e+01 -2.500000e+00
      vertex   3.004730e+01 2.285138e+01 -2.500000e+00
      vertex   2.653558e+01 2.097436e+01 -2.500000e+00
    endloop
  endfacet
  facet normal 0.000000e+00 0.000000e+00 -1.000000e+00
    outer loop
      vertex   2.653558e+01 2.097436e+01 -2.500000e+00
      vertex   3.004730e+01 2.285138e+01 -2.500000e+00
      vertex   3.038215e+01 2.136626e+01 -2.500000e+00
    endloop
  endfacet
  facet normal 0.000000e+00 0.000000e+00 -1.000000e+00
    outer loop
      vertex   2.653558e+01 2.097436e+01 -2.500000e+00
      vertex   3.038215e+01 2.136626e+01 -2.500000e+00
      vertex   2.675759e+01 1.962610e+01 -2.500000e+00
    endloop
  endfacet
  facet normal 0.000000e+00 0.000000e+00 -1.000000e+00
    outer loop
      vertex   2.675759e+01 1.962610e+01 -2.500000e+00
      vertex   3.038215e+01 2.136626e+01 -2.500000e+00
      vertex   3.060640e+01 1.986046e+01 -2.500000e+00
    endloop
  endfacet
  facet normal 0.000000e+00 0.000000e+00 -1.000000e+00
    outer loop
      vertex   2.675759e+01 1.962610e+01 -2.500000e+00
      vertex   3.060640e+01 1.986046e+01 -2.500000e+00
      vertex   2.686896e+01 1.826423e+01 -2.500000e+00
    endloop
  endfacet
  facet normal 0.000000e+00 0.000000e+00 -1.000000e+00
    outer loop
      vertex   2.686896e+01 1.826423e+01 -2.500000e+00
      vertex   3.060640e+01 1.986046e+01 -2.500000e+00
      vertex   3.071883e+01 1.834222e+01 -2.500000e+00
    endloop
  endfacet
  facet normal 0.000000e+00 0.000000e+00 -1.000000e+00
    outer loop
      vertex   2.686896e+01 1.826423e+01 -2.500000e+00
      vertex   3.071883e+01 1.834222e+01 -2.500000e+00
      vertex   3.071883e+01 1.681982e+01 -2.500000e+00
    endloop
  endfacet
  facet normal 0.000000e+00 0.000000e+00 -1.000000e+00
    outer loop
      vertex   2.686896e+01 1.826423e+01 -2.500000e+00
      vertex   3.071883e+01 1.681982e+01 -2.500000e+00
      vertex   2.686896e+01 1.689781e+01 -2.500000e+00
    endloop
  endfacet
  facet normal 0.000000e+00 0.000000e+00 -1.000000e+00
    outer loop
      vertex   2.686896e+01 1.689781e+01 -2.500000e+00
      vertex   3.071883e+01 1.681982e+01 -2.500000e+00
      vertex   3.060640e+01 1.530157e+01 -2.500000e+00
    endloop
  endfacet
  facet normal 0.000000e+00 -0.000000e+00 -1.000000e+00
    outer loop
      vertex   2.686896e+01 1.689781e+01 -2.500000e+00
      vertex   3.060640e+01 1.530157e+01 -2.500000e+00
      vertex   2.675759e+01 1.553594e+01 -2.500000e+00
    endloop
  endfacet
  facet normal 0.000000e+00 0.000000e+00 -1.000000e+00
    outer loop
      vertex   2.675759e+01 1.553594e+01 -2.500000e+00
      vertex   3.060640e+01 1.530157e+01 -2.500000e+00
      vertex   3.038215e+01 1.379578e+01 -2.500000e+00
    endloop
  endfacet
  facet normal 0.000000e+00 -0.000000e+00 -1.000000e+00
    outer loop
      vertex   2.675759e+01 1.553594e+01 -2.500000e+00
      vertex   3.038215e+01 1.379578e+01 -2.500000e+00
      vertex   2.653558e+01 1.418768e+01 -2.500000e+00
    endloop
  endfacet
  facet normal 0.000000e+00 0.000000e+00 -1.000000e+00
    outer loop
      vertex   2.653558e+01 1.418768e+01 -2.500000e+00
      vertex   3.038215e+01 1.379578e+01 -2.500000e+00
      vertex   3.004730e+01 1.231066e+01 -2.500000e+00
    endloop
  endfacet
  facet normal 0.000000e+00 -0.000000e+00 -1.000000e+00
    outer loop
      vertex   2.653558e+01 1.418768e+01 -2.500000e+00
      vertex   3.004730e+01 1.231066e+01 -2.500000e+00
      vertex   2.620441e+01 1.286200e+01 -2.500000e+00
    endloop
  endfacet
  facet normal 0.000000e+00 0.000000e+00 -1.000000e+00
    outer loop
      vertex   2.620441e+01 1.286200e+01 -2.500000e+00
      vertex   3.004730e+01 1.231066e+01 -2.500000e+00
      vertex   2.960369e+01 1.085432e+01 -2.500000e+00
    endloop
  endfacet
  facet normal 0.000000e+00 -0.000000e+00 -1.000000e+00
    outer loop
      vertex   2.620441e+01 1.286200e+01 -2.500000e+00
      vertex   2.960369e+01 1.085432e+01 -2.500000e+00
      vertex   2.576629e+01 1.156772e+01 -2.500000e+00
    endloop
  endfacet
  facet normal 0.000000e+00 0.000000e+00 -1.000000e+00
    outer loop
      vertex   2.576629e+01 1.156772e+01 -2.500000e+00
      vertex   2.960369e+01 1.085432e+01 -2.500000e+00
      vertex   2.905373e+01 9.434725e+00 -2.500000e+00
    endloop
  endfacet
  facet normal 0.000000e+00 -0.000000e+00 -1.000000e+00
    outer loop
      vertex   2.576629e+01 1.156772e+01 -2.500000e+00
      vertex   2.905373e+01 9.434725e+00 -2.500000e+00
      vertex   2.522413e+01 1.031347e+01 -2.500000e+00
    endloop
  endfacet
  facet normal 0.000000e+00 0.000000e+00 -1.000000e+00
    outer loop
      vertex   2.522413e+01 1.031347e+01 -2.500000e+00
      vertex   2.905373e+01 9.434725e+00 -2.500000e+00
      vertex   2.840044e+01 8.059619e+00 -2.500000e+00
    endloop
  endfacet
  facet normal 0.000000e+00 -0.000000e+00 -1.000000e+00
    outer loop
      vertex   2.522413e+01 1.031347e+01 -2.500000e+00
      vertex   2.840044e+01 8.059619e+00 -2.500000e+00
      vertex   2.458154e+01 9.107574e+00 -2.500000e+00
    endloop
  endfacet
  facet normal 0.000000e+00 0.000000e+00 -1.000000e+00
    outer loop
      vertex   2.458154e+01 9.107574e+00 -2.500000e+00
      vertex   2.840044e+01 8.059619e+00 -2.500000e+00
      vertex   2.764738e+01 6.736517e+00 -2.500000e+00
    endloop
  endfacet
  facet normal 0.000000e+00 -0.000000e+00 -1.000000e+00
    outer loop
      vertex   2.458154e+01 9.107574e+00 -2.500000e+00
      vertex   2.764738e+01 6.736517e+00 -2.500000e+00
      vertex   2.384280e+01 7.958070e+00 -2.500000e+00
    endloop
  endfacet
  facet normal 0.000000e+00 0.000000e+00 -1.000000e+00
    outer loop
      vertex   2.384280e+01 7.958070e+00 -2.500000e+00
      vertex   2.764738e+01 6.736517e+00 -2.500000e+00
      vertex   2.679865e+01 5.472643e+00 -2.500000e+00
    endloop
  endfacet
  facet normal 0.000000e+00 -0.000000e+00 -1.000000e+00
    outer loop
      vertex   2.384280e+01 7.958070e+00 -2.500000e+00
      vertex   2.679865e+01 5.472643e+00 -2.500000e+00
      vertex   2.301282e+01 6.872606e+00 -2.500000e+00
    endloop
  endfacet
  facet normal 0.000000e+00 0.000000e+00 -1.000000e+00
    outer loop
      vertex   2.301282e+01 6.872606e+00 -2.500000e+00
      vertex   2.679865e+01 5.472643e+00 -2.500000e+00
      vertex   2.585891e+01 4.274901e+00 -2.500000e+00
    endloop
  endfacet
  facet normal 0.000000e+00 -0.000000e+00 -1.000000e+00
    outer loop
      vertex   2.301282e+01 6.872606e+00 -2.500000e+00
      vertex   2.585891e+01 4.274901e+00 -2.500000e+00
      vertex   2.209713e+01 5.858404e+00 -2.500000e+00
    endloop
  endfacet
  facet normal 0.000000e+00 0.000000e+00 -1.000000e+00
    outer loop
      vertex   2.209713e+01 5.858404e+00 -2.500000e+00
      vertex   2.585891e+01 4.274901e+00 -2.500000e+00
      vertex   2.483327e+01 3.149833e+00 -2.500000e+00
    endloop
  endfacet
  facet normal 0.000000e+00 0.000000e+00 -1.000000e+00
    outer loop
      vertex   2.209713e+01 5.858404e+00 -2.500000e+00
      vertex   2.483327e+01 3.149833e+00 -2.500000e+00
      vertex   2.372735e+01 2.103583e+00 -2.500000e+00
    endloop
  endfacet
  facet normal 0.000000e+00 -0.000000e+00 -1.000000e+00
    outer loop
      vertex   2.209713e+01 5.858404e+00 -2.500000e+00
      vertex   2.372735e+01 2.103583e+00 -2.500000e+00
      vertex   2.110182e+01 4.922214e+00 -2.500000e+00
    endloop
  endfacet
  facet normal 0.000000e+00 0.000000e+00 -1.000000e+00
    outer loop
      vertex   2.110182e+01 4.922214e+00 -2.500000e+00
      vertex   2.372735e+01 2.103583e+00 -2.500000e+00
      vertex   2.254718e+01 1.141865e+00 -2.500000e+00
    endloop
  endfacet
  facet normal 0.000000e+00 -0.000000e+00 -1.000000e+00
    outer loop
      vertex   2.110182e+01 4.922214e+00 -2.500000e+00
      vertex   2.254718e+01 1.141865e+00 -2.500000e+00
      vertex   2.003351e+01 4.070267e+00 -2.500000e+00
    endloop
  endfacet
  facet normal 0.000000e+00 0.000000e+00 -1.000000e+00
    outer loop
      vertex   2.003351e+01 4.070267e+00 -2.500000e+00
      vertex   2.254718e+01 1.141865e+00 -2.500000e+00
      vertex   2.129920e+01 2.699316e-01 -2.500000e+00
    endloop
  endfacet
  facet normal 0.000000e+00 -0.000000e+00 -1.000000e+00
    outer loop
      vertex   2.003351e+01 4.070267e+00 -2.500000e+00
      vertex   2.129920e+01 2.699316e-01 -2.500000e+00
      vertex   1.889932e+01 3.308231e+00 -2.500000e+00
    endloop
  endfacet
  facet normal 0.000000e+00 0.000000e+00 -1.000000e+00
    outer loop
      vertex   1.889932e+01 3.308231e+00 -2.500000e+00
      vertex   2.129920e+01 2.699316e-01 -2.500000e+00
      vertex   1.999024e+01 -5.074543e-01 -2.500000e+00
    endloop
  endfacet
  facet normal 0.000000e+00 -0.000000e+00 -1.000000e+00
    outer loop
      vertex   1.889932e+01 3.308231e+00 -2.500000e+00
      vertex   1.999024e+01 -5.074543e-01 -2.500000e+00
      vertex   1.770678e+01 2.641178e+00 -2.500000e+00
    endloop
  endfacet
  facet normal 0.000000e+00 0.000000e+00 -1.000000e+00
    outer loop
      vertex   1.770678e+01 2.641178e+00 -2.500000e+00
      vertex   1.999024e+01 -5.074543e-01 -2.500000e+00
      vertex   1.862744e+01 -1.186047e+00 -2.500000e+00
    endloop
  endfacet
  facet normal 0.000000e+00 -0.000000e+00 -1.000000e+00
    outer loop
      vertex   1.770678e+01 2.641178e+00 -2.500000e+00
      vertex   1.862744e+01 -1.186047e+00 -2.500000e+00
      vertex   1.646385e+01 2.073548e+00 -2.500000e+00
    endloop
  endfacet
  facet normal 0.000000e+00 0.000000e+00 -1.000000e+00
    outer loop
      vertex   1.646385e+01 2.073548e+00 -2.500000e+00
      vertex   1.862744e+01 -1.186047e+00 -2.500000e+00
      vertex   1.721825e+01 -1.762141e+00 -2.500000e+00
    endloop
  endfacet
  facet normal 0.000000e+00 -0.000000e+00 -1.000000e+00
    outer loop
      vertex   1.646385e+01 2.073548e+00 -2.500000e+00
      vertex   1.721825e+01 -1.762141e+00 -2.500000e+00
      vertex   1.517878e+01 1.609117e+00 -2.500000e+00
    endloop
  endfacet
  facet normal 0.000000e+00 0.000000e+00 -1.000000e+00
    outer loop
      vertex   1.517878e+01 1.609117e+00 -2.500000e+00
      vertex   1.721825e+01 -1.762141e+00 -2.500000e+00
      vertex   1.577036e+01 -2.232589e+00 -2.500000e+00
    endloop
  endfacet
  facet normal 0.000000e+00 -0.000000e+00 -1.000000e+00
    outer loop
      vertex   1.517878e+01 1.609117e+00 -2.500000e+00
      vertex   1.577036e+01 -2.232589e+00 -2.500000e+00
      vertex   1.386013e+01 1.250977e+00 -2.500000e+00
    endloop
  endfacet
  facet normal 0.000000e+00 0.000000e+00 -1.000000e+00
    outer loop
      vertex   1.386013e+01 1.250977e+00 -2.500000e+00
      vertex   1.577036e+01 -2.232589e+00 -2.500000e+00
      vertex   1.429168e+01 -2.594822e+00 -2.500000e+00
    endloop
  endfacet
  facet normal 0.000000e+00 -0.000000e+00 -1.000000e+00
    outer loop
      vertex   1.386013e+01 1.250977e+00 -2.500000e+00
      vertex   1.429168e+01 -2.594822e+00 -2.500000e+00
      vertex   1.251668e+01 1.001510e+00 -2.500000e+00
    endloop
  endfacet
  facet normal 0.000000e+00 0.000000e+00 -1.000000e+00
    outer loop
      vertex   1.251668e+01 1.001510e+00 -2.500000e+00
      vertex   1.429168e+01 -2.594822e+00 -2.500000e+00
      vertex   1.279029e+01 -2.846861e+00 -2.500000e+00
    endloop
  endfacet
  facet normal 0.000000e+00 -0.000000e+00 -1.000000e+00
    outer loop
      vertex   1.251668e+01 1.001510e+00 -2.500000e+00
      vertex   1.279029e+01 -2.846861e+00 -2.500000e+00
      vertex   1.115736e+01 8.623776e-01 -2.500000e+00
    endloop
  endfacet
  facet normal 0.000000e+00 0.000000e+00 -1.000000e+00
    outer loop
      vertex   1.115736e+01 8.623776e-01 -2.500000e+00
      vertex   1.279029e+01 -2.846861e+00 -2.500000e+00
      vertex   1.127438e+01 -2.987331e+00 -2.500000e+00
    endloop
  endfacet
  facet normal 0.000000e+00 -0.000000e+00 -1.000000e+00
    outer loop
      vertex   1.115736e+01 8.623776e-01 -2.500000e+00
      vertex   1.127438e+01 -2.987331e+00 -2.500000e+00
      vertex   9.791227e+00 8.345047e-01 -2.500000e+00
    endloop
  endfacet
  facet normal 0.000000e+00 -0.000000e+00 -1.000000e+00
    outer loop
      vertex   9.791227e+00 8.345047e-01 -2.500000e+00
      vertex   1.127438e+01 -2.987331e+00 -2.500000e+00
      vertex   9.752237e+00 -3.015463e+00 -2.500000e+00
    endloop
  endfacet
  facet normal 0.000000e+00 0.000000e+00 -1.000000e+00
    outer loop
      vertex   9.791227e+00 8.345047e-01 -2.500000e+00
      vertex   9.752237e+00 -3.015463e+00 -2.500000e+00
      vertex   8.232175e+00 -2.931105e+00 -2.500000e+00
    endloop
  endfacet
  facet normal -0.000000e+00 0.000000e+00 -1.000000e+00
    outer loop
      vertex   9.791227e+00 8.345047e-01 -2.500000e+00
      vertex   8.232175e+00 -2.931105e+00 -2.500000e+00
      vertex   8.427368e+00 9.180770e-01 -2.500000e+00
    endloop
  endfacet
  facet normal 0.000000e+00 0.000000e+00 -1.000000e+00
    outer loop
      vertex   8.427368e+00 9.180770e-01 -2.500000e+00
      vertex   8.232175e+00 -2.931105e+00 -2.500000e+00
      vertex   6.722493e+00 -2.734716e+00 -2.500000e+00
    endloop
  endfacet
  facet normal -0.000000e+00 0.000000e+00 -1.000000e+00
    outer loop
      vertex   8.427368e+00 9.180770e-01 -2.500000e+00
      vertex   6.722493e+00 -2.734716e+00 -2.500000e+00
      vertex   7.074858e+00 1.112539e+00 -2.500000e+00
    endloop
  endfacet
  facet normal 0.000000e+00 0.000000e+00 -1.000000e+00
    outer loop
      vertex   7.074858e+00 1.112539e+00 -2.500000e+00
      vertex   6.722493e+00 -2.734716e+00 -2.500000e+00
      vertex   5.231438e+00 -2.427370e+00 -2.500000e+00
    endloop
  endfacet
  facet normal -0.000000e+00 0.000000e+00 -1.000000e+00
    outer loop
      vertex   7.074858e+00 1.112539e+00 -2.500000e+00
      vertex   5.231438e+00 -2.427370e+00 -2.500000e+00
      vertex   5.742700e+00 1.416595e+00 -2.500000e+00
    endloop
  endfacet
  facet normal 0.000000e+00 0.000000e+00 -1.000000e+00
    outer loop
      vertex   5.742700e+00 1.416595e+00 -2.500000e+00
      vertex   5.231438e+00 -2.427370e+00 -2.500000e+00
      vertex   3.767153e+00 -2.010745e+00 -2.500000e+00
    endloop
  endfacet
  facet normal -0.000000e+00 0.000000e+00 -1.000000e+00
    outer loop
      vertex   5.742700e+00 1.416595e+00 -2.500000e+00
      vertex   3.767153e+00 -2.010745e+00 -2.500000e+00
      vertex   4.439757e+00 1.828223e+00 -2.500000e+00
    endloop
  endfacet
  facet normal 0.000000e+00 0.000000e+00 -1.000000e+00
    outer loop
      vertex   4.439757e+00 1.828223e+00 -2.500000e+00
      vertex   3.767153e+00 -2.010745e+00 -2.500000e+00
      vertex   2.337635e+00 -1.487116e+00 -2.500000e+00
    endloop
  endfacet
  facet normal -0.000000e+00 0.000000e+00 -1.000000e+00
    outer loop
      vertex   4.439757e+00 1.828223e+00 -2.500000e+00
      vertex   2.337635e+00 -1.487116e+00 -2.500000e+00
      vertex   3.174701e+00 2.344684e+00 -2.500000e+00
    endloop
  endfacet
  facet normal 0.000000e+00 0.000000e+00 -1.000000e+00
    outer loop
      vertex   3.174701e+00 2.344684e+00 -2.500000e+00
      vertex   2.337635e+00 -1.487116e+00 -2.500000e+00
      vertex   9.506927e-01 -8.593443e-01 -2.500000e+00
    endloop
  endfacet
  facet normal -0.000000e+00 0.000000e+00 -1.000000e+00
    outer loop
      vertex   3.174701e+00 2.344684e+00 -2.500000e+00
      vertex   9.506927e-01 -8.593443e-01 -2.500000e+00
      vertex   1.955951e+00 2.962539e+00 -2.500000e+00
    endloop
  endfacet
  facet normal 0.000000e+00 0.000000e+00 -1.000000e+00
    outer loop
      vertex   1.955951e+00 2.962539e+00 -2.500000e+00
      vertex   9.506927e-01 -8.593443e-01 -2.500000e+00
      vertex   -3.860997e-01 -1.308575e-01 -2.500000e+00
    endloop
  endfacet
  facet normal -0.000000e+00 0.000000e+00 -1.000000e+00
    outer loop
      vertex   1.955951e+00 2.962539e+00 -2.500000e+00
      vertex   -3.860997e-01 -1.308575e-01 -2.500000e+00
      vertex   7.916177e-01 3.677678e+00 -2.500000e+00
    endloop
  endfacet
  facet normal 0.000000e+00 0.000000e+00 -1.000000e+00
    outer loop
      vertex   7.916177e-01 3.677678e+00 -2.500000e+00
      vertex   -3.860997e-01 -1.308575e-01 -2.500000e+00
      vertex   -1.665441e+00 6.943655e-01 -2.500000e+00
    endloop
  endfacet
  facet normal -0.000000e+00 0.000000e+00 -1.000000e+00
    outer loop
      vertex   7.916177e-01 3.677678e+00 -2.500000e+00
      vertex   -1.665441e+00 6.943655e-01 -2.500000e+00
      vertex   -3.105513e-01 4.485342e+00 -2.500000e+00
    endloop
  endfacet
  facet normal 0.000000e+00 0.000000e+00 -1.000000e+00
    outer loop
      vertex   -3.105513e-01 4.485342e+00 -2.500000e+00
      vertex   -1.665441e+00 6.943655e-01 -2.500000e+00
      vertex   -2.880344e+00 1.611818e+00 -2.500000e+00
    endloop
  endfacet
  facet normal -0.000000e+00 0.000000e+00 -1.000000e+00
    outer loop
      vertex   -3.105513e-01 4.485342e+00 -2.500000e+00
      vertex   -2.880344e+00 1.611818e+00 -2.500000e+00
      vertex   -1.343221e+00 5.380155e+00 -2.500000e+00
    endloop
  endfacet
  facet normal 0.000000e+00 0.000000e+00 -1.000000e+00
    outer loop
      vertex   -1.343221e+00 5.380155e+00 -2.500000e+00
      vertex   -2.880344e+00 1.611818e+00 -2.500000e+00
      vertex   -4.024173e+00 2.616488e+00 -2.500000e+00
    endloop
  endfacet
  facet normal 0.000000e+00 0.000000e+00 -1.000000e+00
    outer loop
      vertex   -1.343221e+00 5.380155e+00 -2.500000e+00
      vertex   -4.024173e+00 2.616488e+00 -2.500000e+00
      vertex   -5.090681e+00 3.702889e+00 -2.500000e+00
    endloop
  endfacet
  facet normal -0.000000e+00 0.000000e+00 -1.000000e+00
    outer loop
      vertex   -1.343221e+00 5.380155e+00 -2.500000e+00
      vertex   -5.090681e+00 3.702889e+00 -2.500000e+00
      vertex   -2.299519e+00 6.356163e+00 -2.500000e+00
    endloop
  endfacet
  facet normal 0.000000e+00 0.000000e+00 -1.000000e+00
    outer loop
      vertex   -2.299519e+00 6.356163e+00 -2.500000e+00
      vertex   -5.090681e+00 3.702889e+00 -2.500000e+00
      vertex   -6.074043e+00 4.865088e+00 -2.500000e+00
    endloop
  endfacet
  facet normal -0.000000e+00 0.000000e+00 -1.000000e+00
    outer loop
      vertex   -2.299519e+00 6.356163e+00 -2.500000e+00
      vertex   -6.074043e+00 4.865088e+00 -2.500000e+00
      vertex   -3.173081e+00 7.406871e+00 -2.500000e+00
    endloop
  endfacet
  facet normal 0.000000e+00 0.000000e+00 -1.000000e+00
    outer loop
      vertex   -3.173081e+00 7.406871e+00 -2.500000e+00
      vertex   -6.074043e+00 4.865088e+00 -2.500000e+00
      vertex   -6.968888e+00 6.096737e+00 -2.500000e+00
    endloop
  endfacet
  facet normal -0.000000e+00 0.000000e+00 -1.000000e+00
    outer loop
      vertex   -3.173081e+00 7.406871e+00 -2.500000e+00
      vertex   -6.968888e+00 6.096737e+00 -2.500000e+00
      vertex   -3.958094e+00 8.525286e+00 -2.500000e+00
    endloop
  endfacet
  facet normal 0.000000e+00 0.000000e+00 -1.000000e+00
    outer loop
      vertex   -3.958094e+00 8.525286e+00 -2.500000e+00
      vertex   -6.968888e+00 6.096737e+00 -2.500000e+00
      vertex   -7.770329e+00 7.391109e+00 -2.500000e+00
    endloop
  endfacet
  facet normal -0.000000e+00 0.000000e+00 -1.000000e+00
    outer loop
      vertex   -3.958094e+00 8.525286e+00 -2.500000e+00
      vertex   -7.770329e+00 7.391109e+00 -2.500000e+00
      vertex   -4.649334e+00 9.703965e+00 -2.500000e+00
    endloop
  endfacet
  facet normal 0.000000e+00 0.000000e+00 -1.000000e+00
    outer loop
      vertex   -4.649334e+00 9.703965e+00 -2.500000e+00
      vertex   -7.770329e+00 7.391109e+00 -2.500000e+00
      vertex   -8.473989e+00 8.741135e+00 -2.500000e+00
    endloop
  endfacet
  facet normal -0.000000e+00 0.000000e+00 -1.000000e+00
    outer loop
      vertex   -4.649334e+00 9.703965e+00 -2.500000e+00
      vertex   -8.473989e+00 8.741135e+00 -2.500000e+00
      vertex   -5.242200e+00 1.093506e+01 -2.500000e+00
    endloop
  endfacet
  facet normal 0.000000e+00 0.000000e+00 -1.000000e+00
    outer loop
      vertex   -5.242200e+00 1.093506e+01 -2.500000e+00
      vertex   -8.473989e+00 8.741135e+00 -2.500000e+00
      vertex   -9.076025e+00 1.013944e+01 -2.500000e+00
    endloop
  endfacet
  facet normal -0.000000e+00 0.000000e+00 -1.000000e+00
    outer loop
      vertex   -5.242200e+00 1.093506e+01 -2.500000e+00
      vertex   -9.076025e+00 1.013944e+01 -2.500000e+00
      vertex   -5.732748e+00 1.221039e+01 -2.500000e+00
    endloop
  endfacet
  facet normal 0.000000e+00 0.000000e+00 -1.000000e+00
    outer loop
      vertex   -5.732748e+00 1.221039e+01 -2.500000e+00
      vertex   -9.076025e+00 1.013944e+01 -2.500000e+00
      vertex   -9.573148e+00 1.157839e+01 -2.500000e+00
    endloop
  endfacet
  facet normal -0.000000e+00 0.000000e+00 -1.000000e+00
    outer loop
      vertex   -5.732748e+00 1.221039e+01 -2.500000e+00
      vertex   -9.573148e+00 1.157839e+01 -2.500000e+00
      vertex   -6.117712e+00 1.352146e+01 -2.500000e+00
    endloop
  endfacet
  facet normal 0.000000e+00 0.000000e+00 -1.000000e+00
    outer loop
      vertex   -6.117712e+00 1.352146e+01 -2.500000e+00
      vertex   -9.573148e+00 1.157839e+01 -2.500000e+00
      vertex   -9.962644e+00 1.305012e+01 -2.500000e+00
    endloop
  endfacet
  facet normal -0.000000e+00 0.000000e+00 -1.000000e+00
    outer loop
      vertex   -6.117712e+00 1.352146e+01 -2.500000e+00
      vertex   -9.962644e+00 1.305012e+01 -2.500000e+00
      vertex   -6.394531e+00 1.485954e+01 -2.500000e+00
    endloop
  endfacet
  facet normal 0.000000e+00 0.000000e+00 -1.000000e+00
    outer loop
      vertex   -6.394531e+00 1.485954e+01 -2.500000e+00
      vertex   -9.962644e+00 1.305012e+01 -2.500000e+00
      vertex   -1.024238e+01 1.454660e+01 -2.500000e+00
    endloop
  endfacet
  facet normal -0.000000e+00 0.000000e+00 -1.000000e+00
    outer loop
      vertex   -6.394531e+00 1.485954e+01 -2.500000e+00
      vertex   -1.024238e+01 1.454660e+01 -2.500000e+00
      vertex   -6.561363e+00 1.621574e+01 -2.500000e+00
    endloop
  endfacet
  facet normal 0.000000e+00 0.000000e+00 -1.000000e+00
    outer loop
      vertex   -6.561363e+00 1.621574e+01 -2.500000e+00
      vertex   -1.024238e+01 1.454660e+01 -2.500000e+00
      vertex   -1.041084e+01 1.605966e+01 -2.500000e+00
    endloop
  endfacet
  facet normal -0.000000e+00 0.000000e+00 -1.000000e+00
    outer loop
      vertex   -6.561363e+00 1.621574e+01 -2.500000e+00
      vertex   -1.041084e+01 1.605966e+01 -2.500000e+00
      vertex   -6.617097e+00 1.758102e+01 -2.500000e+00
    endloop
  endfacet
  facet normal 9.993007e-01 3.739119e-02 -1.568979e-17
    outer loop
      vertex   -9.960754e+00 1.607521e+01 2.790000e+01
      vertex   -9.960754e+00 1.607521e+01 2.500000e+00
      vertex   -1.001710e+01 1.758102e+01 2.790000e+01
    endloop
  endfacet
  facet normal 9.993007e-01 3.739119e-02 0.000000e+00
    outer loop
      vertex   -1.001710e+01 1.758102e+01 2.790000e+01
      vertex   -9.960754e+00 1.607521e+01 2.500000e+00
      vertex   -1.001710e+01 1.758102e+01 2.500000e+00
    endloop
  endfacet
  facet normal 9.993007e-01 -3.739119e-02 0.000000e+00
    outer loop
      vertex   -1.001710e+01 1.758102e+01 2.790000e+01
      vertex   -1.001710e+01 1.758102e+01 2.500000e+00
      vertex   -9.960754e+00 1.908683e+01 2.790000e+01
    endloop
  endfacet
  facet normal 9.993007e-01 -3.739119e-02 1.568979e-17
    outer loop
      vertex   -9.960754e+00 1.908683e+01 2.790000e+01
      vertex   -1.001710e+01 1.758102e+01 2.500000e+00
      vertex   -9.960754e+00 1.908683e+01 2.500000e+00
    endloop
  endfacet
  facet normal 9.937122e-01 -1.119645e-01 4.698162e-17
    outer loop
      vertex   -9.960754e+00 1.908683e+01 2.790000e+01
      vertex   -9.960754e+00 1.908683e+01 2.500000e+00
      vertex   -9.792038e+00 2.058422e+01 2.790000e+01
    endloop
  endfacet
  facet normal 9.937122e-01 -1.119645e-01 3.132108e-17
    outer loop
      vertex   -9.792038e+00 2.058422e+01 2.790000e+01
      vertex   -9.960754e+00 1.908683e+01 2.500000e+00
      vertex   -9.792038e+00 2.058422e+01 2.500000e+00
    endloop
  endfacet
  facet normal 9.825665e-01 -1.859116e-01 5.200714e-17
    outer loop
      vertex   -9.792038e+00 2.058422e+01 2.790000e+01
      vertex   -9.792038e+00 2.058422e+01 2.500000e+00
      vertex   -9.511895e+00 2.206482e+01 2.790000e+01
    endloop
  endfacet
  facet normal 9.825665e-01 -1.859116e-01 0.000000e+00
    outer loop
      vertex   -9.511895e+00 2.206482e+01 2.790000e+01
      vertex   -9.792038e+00 2.058422e+01 2.500000e+00
      vertex   -9.511895e+00 2.206482e+01 2.500000e+00
    endloop
  endfacet
  facet normal 9.659258e-01 -2.588190e-01 0.000000e+00
    outer loop
      vertex   -9.511895e+00 2.206482e+01 2.790000e+01
      vertex   -9.511895e+00 2.206482e+01 2.500000e+00
      vertex   -9.121889e+00 2.352034e+01 2.790000e+01
    endloop
  endfacet
  facet normal 9.659258e-01 -2.588190e-01 4.850038e-18
    outer loop
      vertex   -9.121889e+00 2.352034e+01 2.790000e+01
      vertex   -9.511895e+00 2.206482e+01 2.500000e+00
      vertex   -9.121889e+00 2.352034e+01 2.500000e+00
    endloop
  endfacet
  facet normal 9.438833e-01 -3.302791e-01 2.638190e-17
    outer loop
      vertex   -9.121889e+00 2.352034e+01 2.790000e+01
      vertex   -9.121889e+00 2.352034e+01 2.500000e+00
      vertex   -8.624203e+00 2.494264e+01 2.790000e+01
    endloop
  endfacet
  facet normal 9.438833e-01 -3.302791e-01 -3.962887e-17
    outer loop
      vertex   -8.624203e+00 2.494264e+01 2.790000e+01
      vertex   -9.121889e+00 2.352034e+01 2.500000e+00
      vertex   -8.624203e+00 2.494264e+01 2.500000e+00
    endloop
  endfacet
  facet normal 9.165623e-01 -3.998920e-01 -1.633384e-17
    outer loop
      vertex   -8.624203e+00 2.494264e+01 2.790000e+01
      vertex   -8.624203e+00 2.494264e+01 2.500000e+00
      vertex   -8.021620e+00 2.632378e+01 2.790000e+01
    endloop
  endfacet
  facet normal 9.165623e-01 -3.998920e-01 0.000000e+00
    outer loop
      vertex   -8.021620e+00 2.632378e+01 2.790000e+01
      vertex   -8.624203e+00 2.494264e+01 2.500000e+00
      vertex   -8.021620e+00 2.632378e+01 2.500000e+00
    endloop
  endfacet
  facet normal 8.841154e-01 -4.672686e-01 0.000000e+00
    outer loop
      vertex   -8.021620e+00 2.632378e+01 2.790000e+01
      vertex   -8.021620e+00 2.632378e+01 2.500000e+00
      vertex   -7.317509e+00 2.765602e+01 2.790000e+01
    endloop
  endfacet
  facet normal 8.841154e-01 -4.672686e-01 -1.130830e-16
    outer loop
      vertex   -7.317509e+00 2.765602e+01 2.790000e+01
      vertex   -8.021620e+00 2.632378e+01 2.500000e+00
      vertex   -7.317509e+00 2.765602e+01 2.500000e+00
    endloop
  endfacet
  facet normal 8.467242e-01 -5.320321e-01 -7.283263e-17
    outer loop
      vertex   -7.317509e+00 2.765602e+01 2.790000e+01
      vertex   -7.317509e+00 2.765602e+01 2.500000e+00
      vertex   -6.515808e+00 2.893192e+01 2.790000e+01
    endloop
  endfacet
  facet normal 8.467242e-01 -5.320321e-01 1.599125e-17
    outer loop
      vertex   -6.515808e+00 2.893192e+01 2.790000e+01
      vertex   -7.317509e+00 2.765602e+01 2.500000e+00
      vertex   -6.515808e+00 2.893192e+01 2.500000e+00
    endloop
  endfacet
  facet normal 8.045978e-01 -5.938202e-01 5.222971e-17
    outer loop
      vertex   -6.515808e+00 2.893192e+01 2.790000e+01
      vertex   -6.515808e+00 2.893192e+01 2.500000e+00
      vertex   -5.621002e+00 3.014434e+01 2.790000e+01
    endloop
  endfacet
  facet normal 8.045978e-01 -5.938202e-01 0.000000e+00
    outer loop
      vertex   -5.621002e+00 3.014434e+01 2.790000e+01
      vertex   -6.515808e+00 2.893192e+01 2.500000e+00
      vertex   -5.621002e+00 3.014434e+01 2.500000e+00
    endloop
  endfacet
  facet normal 7.579717e-01 -6.522874e-01 0.000000e+00
    outer loop
      vertex   -5.621002e+00 3.014434e+01 2.790000e+01
      vertex   -5.621002e+00 3.014434e+01 2.500000e+00
      vertex   -4.638092e+00 3.128650e+01 2.790000e+01
    endloop
  endfacet
  facet normal 7.579717e-01 -6.522874e-01 8.511631e-17
    outer loop
      vertex   -4.638092e+00 3.128650e+01 2.790000e+01
      vertex   -5.621002e+00 3.014434e+01 2.500000e+00
      vertex   -4.638092e+00 3.128650e+01 2.500000e+00
    endloop
  endfacet
  facet normal 7.071068e-01 -7.071068e-01 1.483552e-16
    outer loop
      vertex   -4.638092e+00 3.128650e+01 2.790000e+01
      vertex   -4.638092e+00 3.128650e+01 2.500000e+00
      vertex   -3.572578e+00 3.235201e+01 2.790000e+01
    endloop
  endfacet
  facet normal 7.071068e-01 -7.071068e-01 2.719845e-16
    outer loop
      vertex   -3.572578e+00 3.235201e+01 2.790000e+01
      vertex   -4.638092e+00 3.128650e+01 2.500000e+00
      vertex   -3.572578e+00 3.235201e+01 2.500000e+00
    endloop
  endfacet
  facet normal 6.522874e-01 -7.579717e-01 3.100271e-16
    outer loop
      vertex   -3.572578e+00 3.235201e+01 2.790000e+01
      vertex   -3.572578e+00 3.235201e+01 2.500000e+00
      vertex   -2.430417e+00 3.333492e+01 2.790000e+01
    endloop
  endfacet
  facet normal 6.522874e-01 -7.579717e-01 0.000000e+00
    outer loop
      vertex   -2.430417e+00 3.333492e+01 2.790000e+01
      vertex   -3.572578e+00 3.235201e+01 2.500000e+00
      vertex   -2.430417e+00 3.333492e+01 2.500000e+00
    endloop
  endfacet
  facet normal 5.938202e-01 -8.045978e-01 0.000000e+00
    outer loop
      vertex   -2.430417e+00 3.333492e+01 2.790000e+01
      vertex   -2.430417e+00 3.333492e+01 2.500000e+00
      vertex   -1.217996e+00 3.422973e+01 2.790000e+01
    endloop
  endfacet
  facet normal 5.938202e-01 -8.045978e-01 1.386909e-16
    outer loop
      vertex   -1.217996e+00 3.422973e+01 2.790000e+01
      vertex   -2.430417e+00 3.333492e+01 2.500000e+00
      vertex   -1.217996e+00 3.422973e+01 2.500000e+00
    endloop
  endfacet
  facet normal 5.320321e-01 -8.467242e-01 1.946686e-16
    outer loop
      vertex   -1.217996e+00 3.422973e+01 2.790000e+01
      vertex   -1.217996e+00 3.422973e+01 2.500000e+00
      vertex   5.790284e-02 3.503143e+01 2.790000e+01
    endloop
  endfacet
  facet normal 5.320321e-01 -8.467242e-01 5.082454e-17
    outer loop
      vertex   5.790284e-02 3.503143e+01 2.790000e+01
      vertex   -1.217996e+00 3.422973e+01 2.500000e+00
      vertex   5.790284e-02 3.503143e+01 2.500000e+00
    endloop
  endfacet
  facet normal 4.672686e-01 -8.841154e-01 8.393065e-17
    outer loop
      vertex   5.790284e-02 3.503143e+01 2.790000e+01
      vertex   5.790284e-02 3.503143e+01 2.500000e+00
      vertex   1.390145e+00 3.573554e+01 2.790000e+01
    endloop
  endfacet
  facet normal 4.672686e-01 -8.841154e-01 0.000000e+00
    outer loop
      vertex   1.390145e+00 3.573554e+01 2.790000e+01
      vertex   5.790284e-02 3.503143e+01 2.500000e+00
      vertex   1.390145e+00 3.573554e+01 2.500000e+00
    endloop
  endfacet
  facet normal 3.998920e-01 -9.165623e-01 0.000000e+00
    outer loop
      vertex   1.390145e+00 3.573554e+01 2.790000e+01
      vertex   1.390145e+00 3.573554e+01 2.500000e+00
      vertex   2.771281e+00 3.633813e+01 2.790000e+01
    endloop
  endfacet
  facet normal 3.998920e-01 -9.165623e-01 6.762590e-17
    outer loop
      vertex   2.771281e+00 3.633813e+01 2.790000e+01
      vertex   1.390145e+00 3.573554e+01 2.500000e+00
      vertex   2.771281e+00 3.633813e+01 2.500000e+00
    endloop
  endfacet
  facet normal 3.302791e-01 -9.438833e-01 1.081305e-16
    outer loop
      vertex   2.771281e+00 3.633813e+01 2.790000e+01
      vertex   2.771281e+00 3.633813e+01 2.500000e+00
      vertex   4.193586e+00 3.683581e+01 2.790000e+01
    endloop
  endfacet
  facet normal 3.302791e-01 -9.438833e-01 -1.154908e-16
    outer loop
      vertex   4.193586e+00 3.683581e+01 2.790000e+01
      vertex   2.771281e+00 3.633813e+01 2.500000e+00
      vertex   4.193586e+00 3.683581e+01 2.500000e+00
    endloop
  endfacet
  facet normal 2.588190e-01 -9.659258e-01 -9.050295e-17
    outer loop
      vertex   4.193586e+00 3.683581e+01 2.790000e+01
      vertex   4.193586e+00 3.683581e+01 2.500000e+00
      vertex   5.649106e+00 3.722582e+01 2.790000e+01
    endloop
  endfacet
  facet normal 2.588190e-01 -9.659258e-01 0.000000e+00
    outer loop
      vertex   5.649106e+00 3.722582e+01 2.790000e+01
      vertex   4.193586e+00 3.683581e+01 2.500000e+00
      vertex   5.649106e+00 3.722582e+01 2.500000e+00
    endloop
  endfacet
  facet normal 1.859116e-01 -9.825665e-01 0.000000e+00
    outer loop
      vertex   5.649106e+00 3.722582e+01 2.790000e+01
      vertex   5.649106e+00 3.722582e+01 2.500000e+00
      vertex   7.129701e+00 3.750596e+01 2.790000e+01
    endloop
  endfacet
  facet normal 1.859116e-01 -9.825665e-01 -9.751339e-17
    outer loop
      vertex   7.129701e+00 3.750596e+01 2.790000e+01
      vertex   5.649106e+00 3.722582e+01 2.500000e+00
      vertex   7.129701e+00 3.750596e+01 2.500000e+00
    endloop
  endfacet
  facet normal 1.119645e-01 -9.937122e-01 -5.872703e-17
    outer loop
      vertex   7.129701e+00 3.750596e+01 2.790000e+01
      vertex   7.129701e+00 3.750596e+01 2.500000e+00
      vertex   8.627091e+00 3.767468e+01 2.790000e+01
    endloop
  endfacet
  facet normal 1.119645e-01 -9.937122e-01 -3.915135e-17
    outer loop
      vertex   8.627091e+00 3.767468e+01 2.790000e+01
      vertex   7.129701e+00 3.750596e+01 2.500000e+00
      vertex   8.627091e+00 3.767468e+01 2.500000e+00
    endloop
  endfacet
  facet normal 3.739119e-02 -9.993007e-01 -1.307482e-17
    outer loop
      vertex   8.627091e+00 3.767468e+01 2.790000e+01
      vertex   8.627091e+00 3.767468e+01 2.500000e+00
      vertex   1.013290e+01 3.773102e+01 2.790000e+01
    endloop
  endfacet
  facet normal 3.739119e-02 -9.993007e-01 0.000000e+00
    outer loop
      vertex   1.013290e+01 3.773102e+01 2.790000e+01
      vertex   8.627091e+00 3.767468e+01 2.500000e+00
      vertex   1.013290e+01 3.773102e+01 2.500000e+00
    endloop
  endfacet
  facet normal -3.739119e-02 -9.993007e-01 -0.000000e+00
    outer loop
      vertex   1.013290e+01 3.773102e+01 2.790000e+01
      vertex   1.013290e+01 3.773102e+01 2.500000e+00
      vertex   1.163871e+01 3.767468e+01 2.790000e+01
    endloop
  endfacet
  facet normal -3.739119e-02 -9.993007e-01 1.830475e-17
    outer loop
      vertex   1.163871e+01 3.767468e+01 2.790000e+01
      vertex   1.013290e+01 3.773102e+01 2.500000e+00
      vertex   1.163871e+01 3.767468e+01 2.500000e+00
    endloop
  endfacet
  facet normal -1.119645e-01 -9.937122e-01 5.481189e-17
    outer loop
      vertex   1.163871e+01 3.767468e+01 2.790000e+01
      vertex   1.163871e+01 3.767468e+01 2.500000e+00
      vertex   1.313610e+01 3.750596e+01 2.790000e+01
    endloop
  endfacet
  facet normal -1.119645e-01 -9.937122e-01 -2.388309e-16
    outer loop
      vertex   1.313610e+01 3.750596e+01 2.790000e+01
      vertex   1.163871e+01 3.767468e+01 2.500000e+00
      vertex   1.313610e+01 3.750596e+01 2.500000e+00
    endloop
  endfacet
  facet normal -1.859116e-01 -9.825665e-01 -2.098554e-16
    outer loop
      vertex   1.313610e+01 3.750596e+01 2.790000e+01
      vertex   1.313610e+01 3.750596e+01 2.500000e+00
      vertex   1.461670e+01 3.722582e+01 2.790000e+01
    endloop
  endfacet
  facet normal -1.859116e-01 -9.825665e-01 -0.000000e+00
    outer loop
      vertex   1.461670e+01 3.722582e+01 2.790000e+01
      vertex   1.313610e+01 3.750596e+01 2.500000e+00
      vertex   1.461670e+01 3.722582e+01 2.500000e+00
    endloop
  endfacet
  facet normal -2.588190e-01 -9.659258e-01 -0.000000e+00
    outer loop
      vertex   1.461670e+01 3.722582e+01 2.790000e+01
      vertex   1.461670e+01 3.722582e+01 2.500000e+00
      vertex   1.607222e+01 3.683581e+01 2.790000e+01
    endloop
  endfacet
  facet normal -2.588190e-01 -9.659258e-01 1.086035e-16
    outer loop
      vertex   1.607222e+01 3.683581e+01 2.790000e+01
      vertex   1.461670e+01 3.722582e+01 2.500000e+00
      vertex   1.607222e+01 3.683581e+01 2.500000e+00
    endloop
  endfacet
  facet normal -3.302791e-01 -9.438833e-01 1.385890e-16
    outer loop
      vertex   1.607222e+01 3.683581e+01 2.790000e+01
      vertex   1.607222e+01 3.683581e+01 2.500000e+00
      vertex   1.749452e+01 3.633813e+01 2.790000e+01
    endloop
  endfacet
  facet normal -3.302791e-01 -9.438833e-01 9.239267e-17
    outer loop
      vertex   1.749452e+01 3.633813e+01 2.790000e+01
      vertex   1.607222e+01 3.683581e+01 2.500000e+00
      vertex   1.749452e+01 3.633813e+01 2.500000e+00
    endloop
  endfacet
  facet normal -3.998920e-01 -9.165623e-01 1.118663e-16
    outer loop
      vertex   1.749452e+01 3.633813e+01 2.790000e+01
      vertex   1.749452e+01 3.633813e+01 2.500000e+00
      vertex   1.887566e+01 3.573554e+01 2.790000e+01
    endloop
  endfacet
  facet normal -3.998920e-01 -9.165623e-01 -0.000000e+00
    outer loop
      vertex   1.887566e+01 3.573554e+01 2.790000e+01
      vertex   1.749452e+01 3.633813e+01 2.500000e+00
      vertex   1.887566e+01 3.573554e+01 2.500000e+00
    endloop
  endfacet
  facet normal -4.672686e-01 -8.841154e-01 -0.000000e+00
    outer loop
      vertex   1.887566e+01 3.573554e+01 2.790000e+01
      vertex   1.887566e+01 3.573554e+01 2.500000e+00
      vertex   2.020790e+01 3.503143e+01 2.790000e+01
    endloop
  endfacet
  facet normal -4.672686e-01 -8.841154e-01 -1.678613e-16
    outer loop
      vertex   2.020790e+01 3.503143e+01 2.790000e+01
      vertex   1.887566e+01 3.573554e+01 2.500000e+00
      vertex   2.020790e+01 3.503143e+01 2.500000e+00
    endloop
  endfacet
  facet normal -5.320321e-01 -8.467242e-01 -1.016491e-16
    outer loop
      vertex   2.020790e+01 3.503143e+01 2.790000e+01
      vertex   2.020790e+01 3.503143e+01 2.500000e+00
      vertex   2.148380e+01 3.422973e+01 2.790000e+01
    endloop
  endfacet
  facet normal -5.320321e-01 -8.467242e-01 2.232470e-16
    outer loop
      vertex   2.148380e+01 3.422973e+01 2.790000e+01
      vertex   2.020790e+01 3.503143e+01 2.500000e+00
      vertex   2.148380e+01 3.422973e+01 2.500000e+00
    endloop
  endfacet
  facet normal -5.938202e-01 -8.045978e-01 2.491740e-16
    outer loop
      vertex   2.148380e+01 3.422973e+01 2.790000e+01
      vertex   2.148380e+01 3.422973e+01 2.500000e+00
      vertex   2.269622e+01 3.333492e+01 2.790000e+01
    endloop
  endfacet
  facet normal -5.938202e-01 -8.045978e-01 -0.000000e+00
    outer loop
      vertex   2.269622e+01 3.333492e+01 2.790000e+01
      vertex   2.148380e+01 3.422973e+01 2.500000e+00
      vertex   2.269622e+01 3.333492e+01 2.500000e+00
    endloop
  endfacet
  facet normal -6.522874e-01 -7.579717e-01 -0.000000e+00
    outer loop
      vertex   2.269622e+01 3.333492e+01 2.790000e+01
      vertex   2.269622e+01 3.333492e+01 2.500000e+00
      vertex   2.383838e+01 3.235201e+01 2.790000e+01
    endloop
  endfacet
  facet normal -6.522874e-01 -7.579717e-01 -1.208001e-16
    outer loop
      vertex   2.383838e+01 3.235201e+01 2.790000e+01
      vertex   2.269622e+01 3.333492e+01 2.500000e+00
      vertex   2.383838e+01 3.235201e+01 2.500000e+00
    endloop
  endfacet
  facet normal -7.071068e-01 -7.071068e-01 -9.890346e-17
    outer loop
      vertex   2.383838e+01 3.235201e+01 2.790000e+01
      vertex   2.383838e+01 3.235201e+01 2.500000e+00
      vertex   2.490390e+01 3.128650e+01 2.790000e+01
    endloop
  endfacet
  facet normal -7.071068e-01 -7.071068e-01 1.978069e-16
    outer loop
      vertex   2.490390e+01 3.128650e+01 2.790000e+01
      vertex   2.383838e+01 3.235201e+01 2.500000e+00
      vertex   2.490390e+01 3.128650e+01 2.500000e+00
    endloop
  endfacet
  facet normal -7.579717e-01 -6.522874e-01 2.268181e-16
    outer loop
      vertex   2.490390e+01 3.128650e+01 2.790000e+01
      vertex   2.490390e+01 3.128650e+01 2.500000e+00
      vertex   2.588681e+01 3.014434e+01 2.790000e+01
    endloop
  endfacet
  facet normal -7.579717e-01 -6.522874e-01 1.208001e-16
    outer loop
      vertex   2.588681e+01 3.014434e+01 2.790000e+01
      vertex   2.490390e+01 3.128650e+01 2.500000e+00
      vertex   2.588681e+01 3.014434e+01 2.500000e+00
    endloop
  endfacet
  facet normal -8.045978e-01 -5.938202e-01 1.420212e-16
    outer loop
      vertex   2.588681e+01 3.014434e+01 2.790000e+01
      vertex   2.588681e+01 3.014434e+01 2.500000e+00
      vertex   2.678161e+01 2.893192e+01 2.790000e+01
    endloop
  endfacet
  facet normal -8.045978e-01 -5.938202e-01 -1.366344e-16
    outer loop
      vertex   2.678161e+01 2.893192e+01 2.790000e+01
      vertex   2.588681e+01 3.014434e+01 2.500000e+00
      vertex   2.678161e+01 2.893192e+01 2.500000e+00
    endloop
  endfacet
  facet normal -8.467242e-01 -5.320321e-01 -1.048151e-16
    outer loop
      vertex   2.678161e+01 2.893192e+01 2.790000e+01
      vertex   2.678161e+01 2.893192e+01 2.500000e+00
      vertex   2.758331e+01 2.765602e+01 2.790000e+01
    endloop
  endfacet
  facet normal -8.467242e-01 -5.320321e-01 -3.039947e-17
    outer loop
      vertex   2.758331e+01 2.765602e+01 2.790000e+01
      vertex   2.678161e+01 2.893192e+01 2.500000e+00
      vertex   2.758331e+01 2.765602e+01 2.500000e+00
    endloop
  endfacet
  facet normal -8.841154e-01 -4.672686e-01 -7.052537e-18
    outer loop
      vertex   2.758331e+01 2.765602e+01 2.790000e+01
      vertex   2.758331e+01 2.765602e+01 2.500000e+00
      vertex   2.828743e+01 2.632378e+01 2.790000e+01
    endloop
  endfacet
  facet normal -8.841154e-01 -4.672686e-01 -0.000000e+00
    outer loop
      vertex   2.828743e+01 2.632378e+01 2.790000e+01
      vertex   2.758331e+01 2.765602e+01 2.500000e+00
      vertex   2.828743e+01 2.632378e+01 2.500000e+00
    endloop
  endfacet
  facet normal -9.165623e-01 -3.998920e-01 -0.000000e+00
    outer loop
      vertex   2.828743e+01 2.632378e+01 2.790000e+01
      vertex   2.828743e+01 2.632378e+01 2.500000e+00
      vertex   2.889001e+01 2.494264e+01 2.790000e+01
    endloop
  endfacet
  facet normal -9.165623e-01 -3.998920e-01 -1.118663e-16
    outer loop
      vertex   2.889001e+01 2.494264e+01 2.790000e+01
      vertex   2.828743e+01 2.632378e+01 2.500000e+00
      vertex   2.889001e+01 2.494264e+01 2.500000e+00
    endloop
  endfacet
  facet normal -9.438833e-01 -3.302791e-01 -9.239267e-17
    outer loop
      vertex   2.889001e+01 2.494264e+01 2.790000e+01
      vertex   2.889001e+01 2.494264e+01 2.500000e+00
      vertex   2.938769e+01 2.352034e+01 2.790000e+01
    endloop
  endfacet
  facet normal -9.438833e-01 -3.302791e-01 -9.239267e-17
    outer loop
      vertex   2.938769e+01 2.352034e+01 2.790000e+01
      vertex   2.889001e+01 2.494264e+01 2.500000e+00
      vertex   2.938769e+01 2.352034e+01 2.500000e+00
    endloop
  endfacet
  facet normal -9.659258e-01 -2.588190e-01 -7.240236e-17
    outer loop
      vertex   2.938769e+01 2.352034e+01 2.790000e+01
      vertex   2.938769e+01 2.352034e+01 2.500000e+00
      vertex   2.977770e+01 2.206482e+01 2.790000e+01
    endloop
  endfacet
  facet normal -9.659258e-01 -2.588190e-01 -0.000000e+00
    outer loop
      vertex   2.977770e+01 2.206482e+01 2.790000e+01
      vertex   2.938769e+01 2.352034e+01 2.500000e+00
      vertex   2.977770e+01 2.206482e+01 2.500000e+00
    endloop
  endfacet
  facet normal -9.825665e-01 -1.859116e-01 -0.000000e+00
    outer loop
      vertex   2.977770e+01 2.206482e+01 2.790000e+01
      vertex   2.977770e+01 2.206482e+01 2.500000e+00
      vertex   3.005784e+01 2.058422e+01 2.790000e+01
    endloop
  endfacet
  facet normal -9.825665e-01 -1.859116e-01 5.942147e-17
    outer loop
      vertex   3.005784e+01 2.058422e+01 2.790000e+01
      vertex   2.977770e+01 2.206482e+01 2.500000e+00
      vertex   3.005784e+01 2.058422e+01 2.500000e+00
    endloop
  endfacet
  facet normal -9.937122e-01 -1.119645e-01 9.200952e-17
    outer loop
      vertex   3.005784e+01 2.058422e+01 2.790000e+01
      vertex   3.005784e+01 2.058422e+01 2.500000e+00
      vertex   3.022656e+01 1.908683e+01 2.790000e+01
    endloop
  endfacet
  facet normal -9.937122e-01 -1.119645e-01 -4.698162e-17
    outer loop
      vertex   3.022656e+01 1.908683e+01 2.790000e+01
      vertex   3.005784e+01 2.058422e+01 2.500000e+00
      vertex   3.022656e+01 1.908683e+01 2.500000e+00
    endloop
  endfacet
  facet normal -9.993007e-01 -3.739119e-02 -1.568979e-17
    outer loop
      vertex   3.022656e+01 1.908683e+01 2.790000e+01
      vertex   3.022656e+01 1.908683e+01 2.500000e+00
      vertex   3.028290e+01 1.758102e+01 2.790000e+01
    endloop
  endfacet
  facet normal -9.993007e-01 -3.739119e-02 -0.000000e+00
    outer loop
      vertex   3.028290e+01 1.758102e+01 2.790000e+01
      vertex   3.022656e+01 1.908683e+01 2.500000e+00
      vertex   3.028290e+01 1.758102e+01 2.500000e+00
    endloop
  endfacet
  facet normal -9.993007e-01 3.739119e-02 0.000000e+00
    outer loop
      vertex   3.028290e+01 1.758102e+01 2.790000e+01
      vertex   3.028290e+01 1.758102e+01 2.500000e+00
      vertex   3.022656e+01 1.607521e+01 2.790000e+01
    endloop
  endfacet
  facet normal -9.993007e-01 3.739119e-02 1.568979e-17
    outer loop
      vertex   3.022656e+01 1.607521e+01 2.790000e+01
      vertex   3.028290e+01 1.758102e+01 2.500000e+00
      vertex   3.022656e+01 1.607521e+01 2.500000e+00
    endloop
  endfacet
  facet normal -9.937122e-01 1.119645e-01 4.698162e-17
    outer loop
      vertex   3.022656e+01 1.607521e+01 2.790000e+01
      vertex   3.022656e+01 1.607521e+01 2.500000e+00
      vertex   3.005784e+01 1.457782e+01 2.790000e+01
    endloop
  endfacet
  facet normal -9.937122e-01 1.119645e-01 -9.200952e-17
    outer loop
      vertex   3.005784e+01 1.457782e+01 2.790000e+01
      vertex   3.022656e+01 1.607521e+01 2.500000e+00
      vertex   3.005784e+01 1.457782e+01 2.500000e+00
    endloop
  endfacet
  facet normal -9.825665e-01 1.859116e-01 -5.942147e-17
    outer loop
      vertex   3.005784e+01 1.457782e+01 2.790000e+01
      vertex   3.005784e+01 1.457782e+01 2.500000e+00
      vertex   2.977770e+01 1.309722e+01 2.790000e+01
    endloop
  endfacet
  facet normal -9.825665e-01 1.859116e-01 0.000000e+00
    outer loop
      vertex   2.977770e+01 1.309722e+01 2.790000e+01
      vertex   3.005784e+01 1.457782e+01 2.500000e+00
      vertex   2.977770e+01 1.309722e+01 2.500000e+00
    endloop
  endfacet
  facet normal -9.659258e-01 2.588190e-01 0.000000e+00
    outer loop
      vertex   2.977770e+01 1.309722e+01 2.790000e+01
      vertex   2.977770e+01 1.309722e+01 2.500000e+00
      vertex   2.938769e+01 1.164170e+01 2.790000e+01
    endloop
  endfacet
  facet normal -9.659258e-01 2.588190e-01 9.050295e-17
    outer loop
      vertex   2.938769e+01 1.164170e+01 2.790000e+01
      vertex   2.977770e+01 1.309722e+01 2.500000e+00
      vertex   2.938769e+01 1.164170e+01 2.500000e+00
    endloop
  endfacet
  facet normal -9.438833e-01 3.302791e-01 1.154908e-16
    outer loop
      vertex   2.938769e+01 1.164170e+01 2.790000e+01
      vertex   2.938769e+01 1.164170e+01 2.500000e+00
      vertex   2.889001e+01 1.021940e+01 2.790000e+01
    endloop
  endfacet
  facet normal -9.438833e-01 3.302791e-01 1.154908e-16
    outer loop
      vertex   2.889001e+01 1.021940e+01 2.790000e+01
      vertex   2.938769e+01 1.164170e+01 2.500000e+00
      vertex   2.889001e+01 1.021940e+01 2.500000e+00
    endloop
  endfacet
  facet normal -9.165623e-01 3.998920e-01 1.398329e-16
    outer loop
      vertex   2.889001e+01 1.021940e+01 2.790000e+01
      vertex   2.889001e+01 1.021940e+01 2.500000e+00
      vertex   2.828743e+01 8.838262e+00 2.790000e+01
    endloop
  endfacet
  facet normal -9.165623e-01 3.998920e-01 0.000000e+00
    outer loop
      vertex   2.828743e+01 8.838262e+00 2.790000e+01
      vertex   2.889001e+01 1.021940e+01 2.500000e+00
      vertex   2.828743e+01 8.838262e+00 2.500000e+00
    endloop
  endfacet
  facet normal -8.841154e-01 4.672686e-01 0.000000e+00
    outer loop
      vertex   2.828743e+01 8.838262e+00 2.790000e+01
      vertex   2.828743e+01 8.838262e+00 2.500000e+00
      vertex   2.758331e+01 7.506019e+00 2.790000e+01
    endloop
  endfacet
  facet normal -8.841154e-01 4.672686e-01 3.973111e-17
    outer loop
      vertex   2.758331e+01 7.506019e+00 2.790000e+01
      vertex   2.828743e+01 8.838262e+00 2.500000e+00
      vertex   2.758331e+01 7.506019e+00 2.500000e+00
    endloop
  endfacet
  facet normal -8.467242e-01 5.320321e-01 6.760730e-17
    outer loop
      vertex   2.758331e+01 7.506019e+00 2.790000e+01
      vertex   2.758331e+01 7.506019e+00 2.500000e+00
      vertex   2.678161e+01 6.230120e+00 2.790000e+01
    endloop
  endfacet
  facet normal -8.467242e-01 5.320321e-01 6.760730e-17
    outer loop
      vertex   2.678161e+01 6.230120e+00 2.790000e+01
      vertex   2.758331e+01 7.506019e+00 2.500000e+00
      vertex   2.678161e+01 6.230120e+00 2.500000e+00
    endloop
  endfacet
  facet normal -8.045978e-01 5.938202e-01 9.510540e-17
    outer loop
      vertex   2.678161e+01 6.230120e+00 2.790000e+01
      vertex   2.678161e+01 6.230120e+00 2.500000e+00
      vertex   2.588681e+01 5.017700e+00 2.790000e+01
    endloop
  endfacet
  facet normal -8.045978e-01 5.938202e-01 -7.972768e-17
    outer loop
      vertex   2.588681e+01 5.017700e+00 2.790000e+01
      vertex   2.678161e+01 6.230120e+00 2.500000e+00
      vertex   2.588681e+01 5.017700e+00 2.500000e+00
    endloop
  endfacet
  facet normal -7.579717e-01 6.522874e-01 -5.237322e-17
    outer loop
      vertex   2.588681e+01 5.017700e+00 2.790000e+01
      vertex   2.588681e+01 5.017700e+00 2.500000e+00
      vertex   2.490390e+01 3.875539e+00 2.790000e+01
    endloop
  endfacet
  facet normal -7.579717e-01 6.522874e-01 -1.469867e-16
    outer loop
      vertex   2.490390e+01 3.875539e+00 2.790000e+01
      vertex   2.588681e+01 5.017700e+00 2.500000e+00
      vertex   2.490390e+01 3.875539e+00 2.500000e+00
    endloop
  endfacet
  facet normal -7.071068e-01 7.071068e-01 -1.112664e-16
    outer loop
      vertex   2.490390e+01 3.875539e+00 2.790000e+01
      vertex   2.490390e+01 3.875539e+00 2.500000e+00
      vertex   2.383838e+01 2.810024e+00 2.790000e+01
    endloop
  endfacet
  facet normal -7.071068e-01 7.071068e-01 2.472587e-17
    outer loop
      vertex   2.383838e+01 2.810024e+00 2.790000e+01
      vertex   2.490390e+01 3.875539e+00 2.500000e+00
      vertex   2.383838e+01 2.810024e+00 2.500000e+00
    endloop
  endfacet
  facet normal -6.522874e-01 7.579717e-01 4.128662e-17
    outer loop
      vertex   2.383838e+01 2.810024e+00 2.790000e+01
      vertex   2.383838e+01 2.810024e+00 2.500000e+00
      vertex   2.269622e+01 1.827115e+00 2.790000e+01
    endloop
  endfacet
  facet normal -6.522874e-01 7.579717e-01 0.000000e+00
    outer loop
      vertex   2.269622e+01 1.827115e+00 2.790000e+01
      vertex   2.383838e+01 2.810024e+00 2.500000e+00
      vertex   2.269622e+01 1.827115e+00 2.500000e+00
    endloop
  endfacet
  facet normal -5.938202e-01 8.045978e-01 0.000000e+00
    outer loop
      vertex   2.269622e+01 1.827115e+00 2.790000e+01
      vertex   2.269622e+01 1.827115e+00 2.500000e+00
      vertex   2.148380e+01 9.323081e-01 2.790000e+01
    endloop
  endfacet
  facet normal -5.938202e-01 8.045978e-01 -1.084995e-16
    outer loop
      vertex   2.148380e+01 9.323081e-01 2.790000e+01
      vertex   2.269622e+01 1.827115e+00 2.500000e+00
      vertex   2.148380e+01 9.323081e-01 2.500000e+00
    endloop
  endfacet
  facet normal -5.320321e-01 8.467242e-01 -7.520717e-17
    outer loop
      vertex   2.148380e+01 9.323081e-01 2.790000e+01
      vertex   2.148380e+01 9.323081e-01 2.500000e+00
      vertex   2.020790e+01 1.306076e-01 2.790000e+01
    endloop
  endfacet
  facet normal -5.320321e-01 8.467242e-01 -7.599868e-17
    outer loop
      vertex   2.020790e+01 1.306076e-01 2.790000e+01
      vertex   2.148380e+01 9.323081e-01 2.500000e+00
      vertex   2.020790e+01 1.306076e-01 2.500000e+00
    endloop
  endfacet
  facet normal -4.672686e-01 8.841154e-01 -1.763134e-17
    outer loop
      vertex   2.020790e+01 1.306076e-01 2.790000e+01
      vertex   2.020790e+01 1.306076e-01 2.500000e+00
      vertex   1.887566e+01 -5.735032e-01 2.790000e+01
    endloop
  endfacet
  facet normal -4.672686e-01 8.841154e-01 0.000000e+00
    outer loop
      vertex   1.887566e+01 -5.735032e-01 2.790000e+01
      vertex   2.020790e+01 1.306076e-01 2.500000e+00
      vertex   1.887566e+01 -5.735032e-01 2.500000e+00
    endloop
  endfacet
  facet normal -3.998920e-01 9.165623e-01 0.000000e+00
    outer loop
      vertex   1.887566e+01 -5.735032e-01 2.790000e+01
      vertex   1.887566e+01 -5.735032e-01 2.500000e+00
      vertex   1.749452e+01 -1.176087e+00 2.790000e+01
    endloop
  endfacet
  facet normal -3.998920e-01 9.165623e-01 4.838387e-17
    outer loop
      vertex   1.749452e+01 -1.176087e+00 2.790000e+01
      vertex   1.887566e+01 -5.735032e-01 2.500000e+00
      vertex   1.749452e+01 -1.176087e+00 2.500000e+00
    endloop
  endfacet
  facet normal -3.302791e-01 9.438833e-01 7.263426e-17
    outer loop
      vertex   1.749452e+01 -1.176087e+00 2.790000e+01
      vertex   1.749452e+01 -1.176087e+00 2.500000e+00
      vertex   1.607222e+01 -1.673773e+00 2.790000e+01
    endloop
  endfacet
  facet normal -3.302791e-01 9.438833e-01 2.643792e-17
    outer loop
      vertex   1.607222e+01 -1.673773e+00 2.790000e+01
      vertex   1.749452e+01 -1.176087e+00 2.500000e+00
      vertex   1.607222e+01 -1.673773e+00 2.500000e+00
    endloop
  endfacet
  facet normal -2.588190e-01 9.659258e-01 6.027726e-17
    outer loop
      vertex   1.607222e+01 -1.673773e+00 2.790000e+01
      vertex   1.607222e+01 -1.673773e+00 2.500000e+00
      vertex   1.461670e+01 -2.063778e+00 2.790000e+01
    endloop
  endfacet
  facet normal -2.588190e-01 9.659258e-01 0.000000e+00
    outer loop
      vertex   1.461670e+01 -2.063778e+00 2.790000e+01
      vertex   1.607222e+01 -1.673773e+00 2.500000e+00
      vertex   1.461670e+01 -2.063778e+00 2.500000e+00
    endloop
  endfacet
  facet normal -1.859116e-01 9.825665e-01 0.000000e+00
    outer loop
      vertex   1.461670e+01 -2.063778e+00 2.790000e+01
      vertex   1.461670e+01 -2.063778e+00 2.500000e+00
      vertex   1.313610e+01 -2.343922e+00 2.790000e+01
    endloop
  endfacet
  facet normal -1.859116e-01 9.825665e-01 2.088618e-17
    outer loop
      vertex   1.313610e+01 -2.343922e+00 2.790000e+01
      vertex   1.461670e+01 -2.063778e+00 2.500000e+00
      vertex   1.313610e+01 -2.343922e+00 2.500000e+00
    endloop
  endfacet
  facet normal -1.119645e-01 9.937122e-01 4.771811e-17
    outer loop
      vertex   1.313610e+01 -2.343922e+00 2.790000e+01
      vertex   1.313610e+01 -2.343922e+00 2.500000e+00
      vertex   1.163871e+01 -2.512637e+00 2.790000e+01
    endloop
  endfacet
  facet normal -1.119645e-01 9.937122e-01 -5.481189e-17
    outer loop
      vertex   1.163871e+01 -2.512637e+00 2.790000e+01
      vertex   1.313610e+01 -2.343922e+00 2.500000e+00
      vertex   1.163871e+01 -2.512637e+00 2.500000e+00
    endloop
  endfacet
  facet normal -3.739119e-02 9.993007e-01 -1.830475e-17
    outer loop
      vertex   1.163871e+01 -2.512637e+00 2.790000e+01
      vertex   1.163871e+01 -2.512637e+00 2.500000e+00
      vertex   1.013290e+01 -2.568981e+00 2.790000e+01
    endloop
  endfacet
  facet normal -3.739119e-02 9.993007e-01 0.000000e+00
    outer loop
      vertex   1.013290e+01 -2.568981e+00 2.790000e+01
      vertex   1.163871e+01 -2.512637e+00 2.500000e+00
      vertex   1.013290e+01 -2.568981e+00 2.500000e+00
    endloop
  endfacet
  facet normal 3.739119e-02 9.993007e-01 0.000000e+00
    outer loop
      vertex   1.013290e+01 -2.568981e+00 2.790000e+01
      vertex   1.013290e+01 -2.568981e+00 2.500000e+00
      vertex   8.627091e+00 -2.512637e+00 2.790000e+01
    endloop
  endfacet
  facet normal 3.739119e-02 9.993007e-01 1.307482e-17
    outer loop
      vertex   8.627091e+00 -2.512637e+00 2.790000e+01
      vertex   1.013290e+01 -2.568981e+00 2.500000e+00
      vertex   8.627091e+00 -2.512637e+00 2.500000e+00
    endloop
  endfacet
  facet normal 1.119645e-01 9.937122e-01 3.915135e-17
    outer loop
      vertex   8.627091e+00 -2.512637e+00 2.790000e+01
      vertex   8.627091e+00 -2.512637e+00 2.500000e+00
      vertex   7.129701e+00 -2.343922e+00 2.790000e+01
    endloop
  endfacet
  facet normal 1.119645e-01 9.937122e-01 -2.814244e-17
    outer loop
      vertex   7.129701e+00 -2.343922e+00 2.790000e+01
      vertex   8.627091e+00 -2.512637e+00 2.500000e+00
      vertex   7.129701e+00 -2.343922e+00 2.500000e+00
    endloop
  endfacet
  facet normal 1.859116e-01 9.825665e-01 1.161828e-17
    outer loop
      vertex   7.129701e+00 -2.343922e+00 2.790000e+01
      vertex   7.129701e+00 -2.343922e+00 2.500000e+00
      vertex   5.649106e+00 -2.063778e+00 2.790000e+01
    endloop
  endfacet
  facet normal 1.859116e-01 9.825665e-01 0.000000e+00
    outer loop
      vertex   5.649106e+00 -2.063778e+00 2.790000e+01
      vertex   7.129701e+00 -2.343922e+00 2.500000e+00
      vertex   5.649106e+00 -2.063778e+00 2.500000e+00
    endloop
  endfacet
  facet normal 2.588190e-01 9.659258e-01 0.000000e+00
    outer loop
      vertex   5.649106e+00 -2.063778e+00 2.790000e+01
      vertex   5.649106e+00 -2.063778e+00 2.500000e+00
      vertex   4.193586e+00 -1.673773e+00 2.790000e+01
    endloop
  endfacet
  facet normal 2.588190e-01 9.659258e-01 6.062548e-18
    outer loop
      vertex   4.193586e+00 -1.673773e+00 2.790000e+01
      vertex   5.649106e+00 -2.063778e+00 2.500000e+00
      vertex   4.193586e+00 -1.673773e+00 2.500000e+00
    endloop
  endfacet
  facet normal 3.302791e-01 9.438833e-01 3.297738e-17
    outer loop
      vertex   4.193586e+00 -1.673773e+00 2.790000e+01
      vertex   4.193586e+00 -1.673773e+00 2.500000e+00
      vertex   2.771281e+00 -1.176087e+00 2.790000e+01
    endloop
  endfacet
  facet normal 3.302791e-01 9.438833e-01 -9.162776e-17
    outer loop
      vertex   2.771281e+00 -1.176087e+00 2.790000e+01
      vertex   4.193586e+00 -1.673773e+00 2.500000e+00
      vertex   2.771281e+00 -1.176087e+00 2.500000e+00
    endloop
  endfacet
  facet normal 3.998920e-01 9.165623e-01 -5.160088e-17
    outer loop
      vertex   2.771281e+00 -1.176087e+00 2.790000e+01
      vertex   2.771281e+00 -1.176087e+00 2.500000e+00
      vertex   1.390145e+00 -5.735032e-01 2.790000e+01
    endloop
  endfacet
  facet normal 3.998920e-01 9.165623e-01 0.000000e+00
    outer loop
      vertex   1.390145e+00 -5.735032e-01 2.790000e+01
      vertex   2.771281e+00 -1.176087e+00 2.500000e+00
      vertex   1.390145e+00 -5.735032e-01 2.500000e+00
    endloop
  endfacet
  facet normal 4.672686e-01 8.841154e-01 0.000000e+00
    outer loop
      vertex   1.390145e+00 -5.735032e-01 2.790000e+01
      vertex   1.390145e+00 -5.735032e-01 2.500000e+00
      vertex   5.790284e-02 1.306076e-01 2.790000e+01
    endloop
  endfacet
  facet normal 4.672686e-01 8.841154e-01 8.610428e-17
    outer loop
      vertex   5.790284e-02 1.306076e-01 2.790000e+01
      vertex   1.390145e+00 -5.735032e-01 2.500000e+00
      vertex   5.790284e-02 1.306076e-01 2.500000e+00
    endloop
  endfacet
  facet normal 5.320321e-01 8.467242e-01 1.120192e-16
    outer loop
      vertex   5.790284e-02 1.306076e-01 2.790000e+01
      vertex   5.790284e-02 1.306076e-01 2.500000e+00
      vertex   -1.217996e+00 9.323081e-01 2.790000e+01
    endloop
  endfacet
  facet normal 5.320321e-01 8.467242e-01 -9.104078e-17
    outer loop
      vertex   -1.217996e+00 9.323081e-01 2.790000e+01
      vertex   5.790284e-02 1.306076e-01 2.500000e+00
      vertex   -1.217996e+00 9.323081e-01 2.500000e+00
    endloop
  endfacet
  facet normal 5.938202e-01 8.045978e-01 -4.021873e-17
    outer loop
      vertex   -1.217996e+00 9.323081e-01 2.790000e+01
      vertex   -1.217996e+00 9.323081e-01 2.500000e+00
      vertex   -2.430417e+00 1.827115e+00 2.790000e+01
    endloop
  endfacet
  facet normal 5.938202e-01 8.045978e-01 0.000000e+00
    outer loop
      vertex   -2.430417e+00 1.827115e+00 2.790000e+01
      vertex   -1.217996e+00 9.323081e-01 2.500000e+00
      vertex   -2.430417e+00 1.827115e+00 2.500000e+00
    endloop
  endfacet
  facet normal 6.522874e-01 7.579717e-01 0.000000e+00
    outer loop
      vertex   -2.430417e+00 1.827115e+00 2.790000e+01
      vertex   -2.430417e+00 1.827115e+00 2.500000e+00
      vertex   -3.572578e+00 2.810024e+00 2.790000e+01
    endloop
  endfacet
  facet normal 6.522874e-01 7.579717e-01 -8.473890e-17
    outer loop
      vertex   -3.572578e+00 2.810024e+00 2.790000e+01
      vertex   -2.430417e+00 1.827115e+00 2.500000e+00
      vertex   -3.572578e+00 2.810024e+00 2.500000e+00
    endloop
  endfacet
  facet normal 7.071068e-01 7.071068e-01 -6.181466e-17
    outer loop
      vertex   -3.572578e+00 2.810024e+00 2.790000e+01
      vertex   -3.572578e+00 2.810024e+00 2.500000e+00
      vertex   -4.638092e+00 3.875539e+00 2.790000e+01
    endloop
  endfacet
  facet normal 7.071068e-01 7.071068e-01 -2.472587e-17
    outer loop
      vertex   -4.638092e+00 3.875539e+00 2.790000e+01
      vertex   -3.572578e+00 2.810024e+00 2.500000e+00
      vertex   -4.638092e+00 3.875539e+00 2.500000e+00
    endloop
  endfacet
  facet normal 7.579717e-01 6.522874e-01 2.892849e-17
    outer loop
      vertex   -4.638092e+00 3.875539e+00 2.790000e+01
      vertex   -4.638092e+00 3.875539e+00 2.500000e+00
      vertex   -5.621002e+00 5.017700e+00 2.790000e+01
    endloop
  endfacet
  facet normal 7.579717e-01 6.522874e-01 0.000000e+00
    outer loop
      vertex   -5.621002e+00 5.017700e+00 2.790000e+01
      vertex   -4.638092e+00 3.875539e+00 2.500000e+00
      vertex   -5.621002e+00 5.017700e+00 2.500000e+00
    endloop
  endfacet
  facet normal 8.045978e-01 5.938202e-01 0.000000e+00
    outer loop
      vertex   -5.621002e+00 5.017700e+00 2.790000e+01
      vertex   -5.621002e+00 5.017700e+00 2.500000e+00
      vertex   -6.515808e+00 6.230120e+00 2.790000e+01
    endloop
  endfacet
  facet normal 8.045978e-01 5.938202e-01 3.082829e-17
    outer loop
      vertex   -6.515808e+00 6.230120e+00 2.790000e+01
      vertex   -5.621002e+00 5.017700e+00 2.500000e+00
      vertex   -6.515808e+00 6.230120e+00 2.500000e+00
    endloop
  endfacet
  facet normal 8.467242e-01 5.320321e-01 5.842440e-17
    outer loop
      vertex   -6.515808e+00 6.230120e+00 2.790000e+01
      vertex   -6.515808e+00 6.230120e+00 2.500000e+00
      vertex   -7.317509e+00 7.506019e+00 2.790000e+01
    endloop
  endfacet
  facet normal 8.467242e-01 5.320321e-01 -2.018694e-17
    outer loop
      vertex   -7.317509e+00 7.506019e+00 2.790000e+01
      vertex   -6.515808e+00 6.230120e+00 2.500000e+00
      vertex   -7.317509e+00 7.506019e+00 2.500000e+00
    endloop
  endfacet
  facet normal 8.841154e-01 4.672686e-01 3.138652e-17
    outer loop
      vertex   -7.317509e+00 7.506019e+00 2.790000e+01
      vertex   -7.317509e+00 7.506019e+00 2.500000e+00
      vertex   -8.021620e+00 8.838262e+00 2.790000e+01
    endloop
  endfacet
  facet normal 8.841154e-01 4.672686e-01 0.000000e+00
    outer loop
      vertex   -8.021620e+00 8.838262e+00 2.790000e+01
      vertex   -7.317509e+00 7.506019e+00 2.500000e+00
      vertex   -8.021620e+00 8.838262e+00 2.500000e+00
    endloop
  endfacet
  facet normal 9.165623e-01 3.998920e-01 0.000000e+00
    outer loop
      vertex   -8.021620e+00 8.838262e+00 2.790000e+01
      vertex   -8.021620e+00 8.838262e+00 2.500000e+00
      vertex   -8.624203e+00 1.021940e+01 2.790000e+01
    endloop
  endfacet
  facet normal 9.165623e-01 3.998920e-01 -1.163273e-17
    outer loop
      vertex   -8.624203e+00 1.021940e+01 2.790000e+01
      vertex   -8.021620e+00 8.838262e+00 2.500000e+00
      vertex   -8.624203e+00 1.021940e+01 2.500000e+00
    endloop
  endfacet
  facet normal 9.438833e-01 3.302791e-01 1.653070e-17
    outer loop
      vertex   -8.624203e+00 1.021940e+01 2.790000e+01
      vertex   -8.624203e+00 1.021940e+01 2.500000e+00
      vertex   -9.121889e+00 1.164170e+01 2.790000e+01
    endloop
  endfacet
  facet normal 9.438833e-01 3.302791e-01 -4.948007e-17
    outer loop
      vertex   -9.121889e+00 1.164170e+01 2.790000e+01
      vertex   -8.624203e+00 1.021940e+01 2.500000e+00
      vertex   -9.121889e+00 1.164170e+01 2.500000e+00
    endloop
  endfacet
  facet normal 9.659258e-01 2.588190e-01 -2.295063e-17
    outer loop
      vertex   -9.121889e+00 1.164170e+01 2.790000e+01
      vertex   -9.121889e+00 1.164170e+01 2.500000e+00
      vertex   -9.511895e+00 1.309722e+01 2.790000e+01
    endloop
  endfacet
  facet normal 9.659258e-01 2.588190e-01 0.000000e+00
    outer loop
      vertex   -9.511895e+00 1.309722e+01 2.790000e+01
      vertex   -9.121889e+00 1.164170e+01 2.500000e+00
      vertex   -9.511895e+00 1.309722e+01 2.500000e+00
    endloop
  endfacet
  facet normal 9.825665e-01 1.859116e-01 0.000000e+00
    outer loop
      vertex   -9.511895e+00 1.309722e+01 2.790000e+01
      vertex   -9.511895e+00 1.309722e+01 2.500000e+00
      vertex   -9.792038e+00 1.457782e+01 2.790000e+01
    endloop
  endfacet
  facet normal 9.825665e-01 1.859116e-01 -6.500893e-17
    outer loop
      vertex   -9.792038e+00 1.457782e+01 2.790000e+01
      vertex   -9.511895e+00 1.309722e+01 2.500000e+00
      vertex   -9.792038e+00 1.457782e+01 2.500000e+00
    endloop
  endfacet
  facet normal 9.937122e-01 1.119645e-01 -3.915135e-17
    outer loop
      vertex   -9.792038e+00 1.457782e+01 2.790000e+01
      vertex   -9.792038e+00 1.457782e+01 2.500000e+00
      vertex   -9.960754e+00 1.607521e+01 2.790000e+01
    endloop
  endfacet
  facet normal 9.937122e-01 1.119645e-01 -4.698162e-17
    outer loop
      vertex   -9.960754e+00 1.607521e+01 2.790000e+01
      vertex   -9.792038e+00 1.457782e+01 2.500000e+00
      vertex   -9.960754e+00 1.607521e+01 2.500000e+00
    endloop
  endfacet
  facet normal -9.991678e-01 4.078859e-02 0.000000e+00
    outer loop
      vertex   -6.561363e+00 1.894630e+01 2.790000e+01
      vertex   -6.561363e+00 1.894630e+01 2.500000e+00
      vertex   -6.617097e+00 1.758102e+01 2.790000e+01
    endloop
  endfacet
  facet normal -9.991678e-01 4.078859e-02 1.141025e-17
    outer loop
      vertex   -6.617097e+00 1.758102e+01 2.790000e+01
      vertex   -6.561363e+00 1.894630e+01 2.500000e+00
      vertex   -6.617097e+00 1.758102e+01 2.500000e+00
    endloop
  endfacet
  facet normal -9.991678e-01 -4.078859e-02 -1.141025e-17
    outer loop
      vertex   -6.617097e+00 1.758102e+01 2.790000e+01
      vertex   -6.617097e+00 1.758102e+01 2.500000e+00
      vertex   -6.561363e+00 1.621574e+01 2.790000e+01
    endloop
  endfacet
  facet normal -9.991678e-01 -4.078859e-02 -0.000000e+00
    outer loop
      vertex   -6.561363e+00 1.621574e+01 2.790000e+01
      vertex   -6.617097e+00 1.758102e+01 2.500000e+00
      vertex   -6.561363e+00 1.621574e+01 2.500000e+00
    endloop
  endfacet
  facet normal -9.925185e-01 -1.220943e-01 -0.000000e+00
    outer loop
      vertex   -6.561363e+00 1.621574e+01 2.790000e+01
      vertex   -6.561363e+00 1.621574e+01 2.500000e+00
      vertex   -6.394531e+00 1.485954e+01 2.790000e+01
    endloop
  endfacet
  facet normal -9.925185e-01 -1.220943e-01 -0.000000e+00
    outer loop
      vertex   -6.394531e+00 1.485954e+01 2.790000e+01
      vertex   -6.561363e+00 1.621574e+01 2.500000e+00
      vertex   -6.394531e+00 1.485954e+01 2.500000e+00
    endloop
  endfacet
  facet normal -9.792642e-01 -2.025875e-01 -0.000000e+00
    outer loop
      vertex   -6.394531e+00 1.485954e+01 2.790000e+01
      vertex   -6.394531e+00 1.485954e+01 2.500000e+00
      vertex   -6.117712e+00 1.352146e+01 2.790000e+01
    endloop
  endfacet
  facet normal -9.792642e-01 -2.025875e-01 5.667209e-17
    outer loop
      vertex   -6.117712e+00 1.352146e+01 2.790000e+01
      vertex   -6.394531e+00 1.485954e+01 2.500000e+00
      vertex   -6.117712e+00 1.352146e+01 2.500000e+00
    endloop
  endfacet
  facet normal -9.594930e-01 -2.817326e-01 7.881221e-17
    outer loop
      vertex   -6.117712e+00 1.352146e+01 2.790000e+01
      vertex   -6.117712e+00 1.352146e+01 2.500000e+00
      vertex   -5.732748e+00 1.221039e+01 2.790000e+01
    endloop
  endfacet
  facet normal -9.594930e-01 -2.817326e-01 -2.184144e-17
    outer loop
      vertex   -5.732748e+00 1.221039e+01 2.790000e+01
      vertex   -6.117712e+00 1.352146e+01 2.500000e+00
      vertex   -5.732748e+00 1.221039e+01 2.500000e+00
    endloop
  endfacet
  facet normal -9.333365e-01 -3.590027e-01 2.518092e-18
    outer loop
      vertex   -5.732748e+00 1.221039e+01 2.790000e+01
      vertex   -5.732748e+00 1.221039e+01 2.500000e+00
      vertex   -5.242200e+00 1.093506e+01 2.790000e+01
    endloop
  endfacet
  facet normal -9.333365e-01 -3.590027e-01 3.515468e-17
    outer loop
      vertex   -5.242200e+00 1.093506e+01 2.790000e+01
      vertex   -5.732748e+00 1.221039e+01 2.500000e+00
      vertex   -5.242200e+00 1.093506e+01 2.500000e+00
    endloop
  endfacet
  facet normal -9.009689e-01 -4.338837e-01 5.836564e-17
    outer loop
      vertex   -5.242200e+00 1.093506e+01 2.790000e+01
      vertex   -5.242200e+00 1.093506e+01 2.500000e+00
      vertex   -4.649334e+00 9.703965e+00 2.790000e+01
    endloop
  endfacet
  facet normal -9.009689e-01 -4.338837e-01 -3.482924e-18
    outer loop
      vertex   -4.649334e+00 9.703965e+00 2.790000e+01
      vertex   -5.242200e+00 1.093506e+01 2.500000e+00
      vertex   -4.649334e+00 9.703965e+00 2.500000e+00
    endloop
  endfacet
  facet normal -8.626054e-01 -5.058774e-01 1.564620e-17
    outer loop
      vertex   -4.649334e+00 9.703965e+00 2.790000e+01
      vertex   -4.649334e+00 9.703965e+00 2.500000e+00
      vertex   -3.958094e+00 8.525286e+00 2.790000e+01
    endloop
  endfacet
  facet normal -8.626054e-01 -5.058774e-01 -4.468037e-17
    outer loop
      vertex   -3.958094e+00 8.525286e+00 2.790000e+01
      vertex   -4.649334e+00 9.703965e+00 2.500000e+00
      vertex   -3.958094e+00 8.525286e+00 2.500000e+00
    endloop
  endfacet
  facet normal -8.185015e-01 -5.745044e-01 -2.257095e-17
    outer loop
      vertex   -3.958094e+00 8.525286e+00 2.790000e+01
      vertex   -3.958094e+00 8.525286e+00 2.500000e+00
      vertex   -3.173081e+00 7.406871e+00 2.790000e+01
    endloop
  endfacet
  facet normal -8.185015e-01 -5.745044e-01 -0.000000e+00
    outer loop
      vertex   -3.173081e+00 7.406871e+00 2.790000e+01
      vertex   -3.958094e+00 8.525286e+00 2.500000e+00
      vertex   -3.173081e+00 7.406871e+00 2.500000e+00
    endloop
  endfacet
  facet normal -7.689505e-01 -6.393083e-01 -0.000000e+00
    outer loop
      vertex   -3.173081e+00 7.406871e+00 2.790000e+01
      vertex   -3.173081e+00 7.406871e+00 2.500000e+00
      vertex   -2.299519e+00 6.356163e+00 2.790000e+01
    endloop
  endfacet
  facet normal -7.689505e-01 -6.393083e-01 -0.000000e+00
    outer loop
      vertex   -2.299519e+00 6.356163e+00 2.790000e+01
      vertex   -3.173081e+00 7.406871e+00 2.500000e+00
      vertex   -2.299519e+00 6.356163e+00 2.500000e+00
    endloop
  endfacet
  facet normal -7.142823e-01 -6.998577e-01 -0.000000e+00
    outer loop
      vertex   -2.299519e+00 6.356163e+00 2.790000e+01
      vertex   -2.299519e+00 6.356163e+00 2.500000e+00
      vertex   -1.343221e+00 5.380155e+00 2.790000e+01
    endloop
  endfacet
  facet normal -7.142823e-01 -6.998577e-01 -0.000000e+00
    outer loop
      vertex   -1.343221e+00 5.380155e+00 2.790000e+01
      vertex   -2.299519e+00 6.356163e+00 2.500000e+00
      vertex   -1.343221e+00 5.380155e+00 2.500000e+00
    endloop
  endfacet
  facet normal -6.548607e-01 -7.557496e-01 -0.000000e+00
    outer loop
      vertex   -1.343221e+00 5.380155e+00 2.790000e+01
      vertex   -1.343221e+00 5.380155e+00 2.500000e+00
      vertex   -3.105513e-01 4.485342e+00 2.790000e+01
    endloop
  endfacet
  facet normal -6.548607e-01 -7.557496e-01 -0.000000e+00
    outer loop
      vertex   -3.105513e-01 4.485342e+00 2.790000e+01
      vertex   -1.343221e+00 5.380155e+00 2.500000e+00
      vertex   -3.105513e-01 4.485342e+00 2.500000e+00
    endloop
  endfacet
  facet normal -5.910811e-01 -8.066121e-01 -0.000000e+00
    outer loop
      vertex   -3.105513e-01 4.485342e+00 2.790000e+01
      vertex   -3.105513e-01 4.485342e+00 2.500000e+00
      vertex   7.916177e-01 3.677678e+00 2.790000e+01
    endloop
  endfacet
  facet normal -5.910811e-01 -8.066121e-01 -0.000000e+00
    outer loop
      vertex   7.916177e-01 3.677678e+00 2.790000e+01
      vertex   -3.105513e-01 4.485342e+00 2.500000e+00
      vertex   7.916177e-01 3.677678e+00 2.500000e+00
    endloop
  endfacet
  facet normal -5.233680e-01 -8.521068e-01 -0.000000e+00
    outer loop
      vertex   7.916177e-01 3.677678e+00 2.790000e+01
      vertex   7.916177e-01 3.677678e+00 2.500000e+00
      vertex   1.955951e+00 2.962539e+00 2.790000e+01
    endloop
  endfacet
  facet normal -5.233680e-01 -8.521068e-01 -0.000000e+00
    outer loop
      vertex   1.955951e+00 2.962539e+00 2.790000e+01
      vertex   7.916177e-01 3.677678e+00 2.500000e+00
      vertex   1.955951e+00 2.962539e+00 2.500000e+00
    endloop
  endfacet
  facet normal -4.521719e-01 -8.919308e-01 -0.000000e+00
    outer loop
      vertex   1.955951e+00 2.962539e+00 2.790000e+01
      vertex   1.955951e+00 2.962539e+00 2.500000e+00
      vertex   3.174701e+00 2.344684e+00 2.790000e+01
    endloop
  endfacet
  facet normal -4.521719e-01 -8.919308e-01 3.844334e-17
    outer loop
      vertex   3.174701e+00 2.344684e+00 2.790000e+01
      vertex   1.955951e+00 2.962539e+00 2.500000e+00
      vertex   3.174701e+00 2.344684e+00 2.500000e+00
    endloop
  endfacet
  facet normal -3.779667e-01 -9.258192e-01 4.789279e-17
    outer loop
      vertex   3.174701e+00 2.344684e+00 2.790000e+01
      vertex   3.174701e+00 2.344684e+00 2.500000e+00
      vertex   4.439757e+00 1.828223e+00 2.790000e+01
    endloop
  endfacet
  facet normal -3.779667e-01 -9.258192e-01 -2.479856e-17
    outer loop
      vertex   4.439757e+00 1.828223e+00 2.790000e+01
      vertex   3.174701e+00 2.344684e+00 2.500000e+00
      vertex   4.439757e+00 1.828223e+00 2.500000e+00
    endloop
  endfacet
  facet normal -3.012462e-01 -9.535464e-01 -9.127789e-19
    outer loop
      vertex   4.439757e+00 1.828223e+00 2.790000e+01
      vertex   4.439757e+00 1.828223e+00 2.500000e+00
      vertex   5.742700e+00 1.416595e+00 2.790000e+01
    endloop
  endfacet
  facet normal -3.012462e-01 -9.535464e-01 9.621094e-18
    outer loop
      vertex   5.742700e+00 1.416595e+00 2.790000e+01
      vertex   4.439757e+00 1.828223e+00 2.500000e+00
      vertex   5.742700e+00 1.416595e+00 2.500000e+00
    endloop
  endfacet
  facet normal -2.225209e-01 -9.749279e-01 3.076011e-17
    outer loop
      vertex   5.742700e+00 1.416595e+00 2.790000e+01
      vertex   5.742700e+00 1.416595e+00 2.500000e+00
      vertex   7.074858e+00 1.112539e+00 2.790000e+01
    endloop
  endfacet
  facet normal -2.225209e-01 -9.749279e-01 1.519804e-17
    outer loop
      vertex   7.074858e+00 1.112539e+00 2.790000e+01
      vertex   5.742700e+00 1.416595e+00 2.500000e+00
      vertex   7.074858e+00 1.112539e+00 2.500000e+00
    endloop
  endfacet
  facet normal -1.423148e-01 -9.898214e-01 4.174159e-17
    outer loop
      vertex   7.074858e+00 1.112539e+00 2.790000e+01
      vertex   7.074858e+00 1.112539e+00 2.500000e+00
      vertex   8.427368e+00 9.180770e-01 2.790000e+01
    endloop
  endfacet
  facet normal -1.423148e-01 -9.898214e-01 -6.966982e-17
    outer loop
      vertex   8.427368e+00 9.180770e-01 2.790000e+01
      vertex   7.074858e+00 1.112539e+00 2.500000e+00
      vertex   8.427368e+00 9.180770e-01 2.500000e+00
    endloop
  endfacet
  facet normal -6.116166e-02 -9.981279e-01 -2.994152e-17
    outer loop
      vertex   8.427368e+00 9.180770e-01 2.790000e+01
      vertex   8.427368e+00 9.180770e-01 2.500000e+00
      vertex   9.791227e+00 8.345047e-01 2.790000e+01
    endloop
  endfacet
  facet normal -6.116166e-02 -9.981279e-01 8.554719e-18
    outer loop
      vertex   9.791227e+00 8.345047e-01 2.790000e+01
      vertex   8.427368e+00 9.180770e-01 2.500000e+00
      vertex   9.791227e+00 8.345047e-01 2.500000e+00
    endloop
  endfacet
  facet normal 2.039854e-02 -9.997919e-01 -2.853156e-18
    outer loop
      vertex   9.791227e+00 8.345047e-01 2.790000e+01
      vertex   9.791227e+00 8.345047e-01 2.500000e+00
      vertex   1.115736e+01 8.623776e-01 2.790000e+01
    endloop
  endfacet
  facet normal 2.039854e-02 -9.997919e-01 0.000000e+00
    outer loop
      vertex   1.115736e+01 8.623776e-01 2.790000e+01
      vertex   9.791227e+00 8.345047e-01 2.500000e+00
      vertex   1.115736e+01 8.623776e-01 2.500000e+00
    endloop
  endfacet
  facet normal 1.018230e-01 -9.948025e-01 0.000000e+00
    outer loop
      vertex   1.115736e+01 8.623776e-01 2.790000e+01
      vertex   1.115736e+01 8.623776e-01 2.500000e+00
      vertex   1.251668e+01 1.001510e+00 2.790000e+01
    endloop
  endfacet
  facet normal 1.018230e-01 -9.948025e-01 0.000000e+00
    outer loop
      vertex   1.251668e+01 1.001510e+00 2.790000e+01
      vertex   1.115736e+01 8.623776e-01 2.500000e+00
      vertex   1.251668e+01 1.001510e+00 2.500000e+00
    endloop
  endfacet
  facet normal 1.825698e-01 -9.831929e-01 0.000000e+00
    outer loop
      vertex   1.251668e+01 1.001510e+00 2.790000e+01
      vertex   1.251668e+01 1.001510e+00 2.500000e+00
      vertex   1.386013e+01 1.250977e+00 2.790000e+01
    endloop
  endfacet
  facet normal 1.825698e-01 -9.831929e-01 0.000000e+00
    outer loop
      vertex   1.386013e+01 1.250977e+00 2.790000e+01
      vertex   1.251668e+01 1.001510e+00 2.500000e+00
      vertex   1.386013e+01 1.250977e+00 2.500000e+00
    endloop
  endfacet
  facet normal 2.621017e-01 -9.650403e-01 0.000000e+00
    outer loop
      vertex   1.386013e+01 1.250977e+00 2.790000e+01
      vertex   1.386013e+01 1.250977e+00 2.500000e+00
      vertex   1.517878e+01 1.609117e+00 2.790000e+01
    endloop
  endfacet
  facet normal 2.621017e-01 -9.650403e-01 -4.770266e-17
    outer loop
      vertex   1.517878e+01 1.609117e+00 2.790000e+01
      vertex   1.386013e+01 1.250977e+00 2.500000e+00
      vertex   1.517878e+01 1.609117e+00 2.500000e+00
    endloop
  endfacet
  facet normal 3.398893e-01 -9.404655e-01 -3.467415e-17
    outer loop
      vertex   1.517878e+01 1.609117e+00 2.790000e+01
      vertex   1.517878e+01 1.609117e+00 2.500000e+00
      vertex   1.646385e+01 2.073548e+00 2.790000e+01
    endloop
  endfacet
  facet normal 3.398893e-01 -9.404655e-01 -3.467415e-17
    outer loop
      vertex   1.646385e+01 2.073548e+00 2.790000e+01
      vertex   1.517878e+01 1.609117e+00 2.500000e+00
      vertex   1.646385e+01 2.073548e+00 2.500000e+00
    endloop
  endfacet
  facet normal 4.154150e-01 -9.096320e-01 -2.141489e-17
    outer loop
      vertex   1.646385e+01 2.073548e+00 2.790000e+01
      vertex   1.646385e+01 2.073548e+00 2.500000e+00
      vertex   1.770678e+01 2.641178e+00 2.790000e+01
    endloop
  endfacet
  facet normal 4.154150e-01 -9.096320e-01 -4.282978e-17
    outer loop
      vertex   1.770678e+01 2.641178e+00 2.790000e+01
      vertex   1.646385e+01 2.073548e+00 2.500000e+00
      vertex   1.770678e+01 2.641178e+00 2.500000e+00
    endloop
  endfacet
  facet normal 4.881762e-01 -8.727451e-01 -1.602623e-17
    outer loop
      vertex   1.770678e+01 2.641178e+00 2.790000e+01
      vertex   1.770678e+01 2.641178e+00 2.500000e+00
      vertex   1.889932e+01 3.308231e+00 2.790000e+01
    endloop
  endfacet
  facet normal 4.881762e-01 -8.727451e-01 -1.602623e-17
    outer loop
      vertex   1.889932e+01 3.308231e+00 2.790000e+01
      vertex   1.770678e+01 2.641178e+00 2.500000e+00
      vertex   1.889932e+01 3.308231e+00 2.500000e+00
    endloop
  endfacet
  facet normal 5.576887e-01 -8.300502e-01 1.088397e-17
    outer loop
      vertex   1.889932e+01 3.308231e+00 2.790000e+01
      vertex   1.889932e+01 3.308231e+00 2.500000e+00
      vertex   2.003351e+01 4.070267e+00 2.790000e+01
    endloop
  endfacet
  facet normal 5.576887e-01 -8.300502e-01 -6.712029e-17
    outer loop
      vertex   2.003351e+01 4.070267e+00 2.790000e+01
      vertex   1.889932e+01 3.308231e+00 2.500000e+00
      vertex   2.003351e+01 4.070267e+00 2.500000e+00
    endloop
  endfacet
  facet normal 6.234898e-01 -7.818315e-01 -4.948616e-17
    outer loop
      vertex   2.003351e+01 4.070267e+00 2.790000e+01
      vertex   2.003351e+01 4.070267e+00 2.500000e+00
      vertex   2.110182e+01 4.922214e+00 2.790000e+01
    endloop
  endfacet
  facet normal 6.234898e-01 -7.818315e-01 0.000000e+00
    outer loop
      vertex   2.110182e+01 4.922214e+00 2.790000e+01
      vertex   2.003351e+01 4.070267e+00 2.500000e+00
      vertex   2.110182e+01 4.922214e+00 2.500000e+00
    endloop
  endfacet
  facet normal 6.851417e-01 -7.284098e-01 0.000000e+00
    outer loop
      vertex   2.110182e+01 4.922214e+00 2.790000e+01
      vertex   2.110182e+01 4.922214e+00 2.500000e+00
      vertex   2.209713e+01 5.858404e+00 2.790000e+01
    endloop
  endfacet
  facet normal 6.851417e-01 -7.284098e-01 0.000000e+00
    outer loop
      vertex   2.209713e+01 5.858404e+00 2.790000e+01
      vertex   2.110182e+01 4.922214e+00 2.500000e+00
      vertex   2.209713e+01 5.858404e+00 2.500000e+00
    endloop
  endfacet
  facet normal 7.422341e-01 -6.701407e-01 0.000000e+00
    outer loop
      vertex   2.209713e+01 5.858404e+00 2.790000e+01
      vertex   2.209713e+01 5.858404e+00 2.500000e+00
      vertex   2.301282e+01 6.872606e+00 2.790000e+01
    endloop
  endfacet
  facet normal 7.422341e-01 -6.701407e-01 -9.373299e-17
    outer loop
      vertex   2.301282e+01 6.872606e+00 2.790000e+01
      vertex   2.209713e+01 5.858404e+00 2.500000e+00
      vertex   2.301282e+01 6.872606e+00 2.500000e+00
    endloop
  endfacet
  facet normal 7.943871e-01 -6.074119e-01 -8.495907e-17
    outer loop
      vertex   2.301282e+01 6.872606e+00 2.790000e+01
      vertex   2.301282e+01 6.872606e+00 2.500000e+00
      vertex   2.384280e+01 7.958070e+00 2.790000e+01
    endloop
  endfacet
  facet normal 7.943871e-01 -6.074119e-01 2.058956e-16
    outer loop
      vertex   2.384280e+01 7.958070e+00 2.790000e+01
      vertex   2.301282e+01 6.872606e+00 2.500000e+00
      vertex   2.384280e+01 7.958070e+00 2.500000e+00
    endloop
  endfacet
  facet normal 8.412535e-01 -5.406408e-01 2.395703e-16
    outer loop
      vertex   2.384280e+01 7.958070e+00 2.790000e+01
      vertex   2.384280e+01 7.958070e+00 2.500000e+00
      vertex   2.458154e+01 9.107574e+00 2.790000e+01
    endloop
  endfacet
  facet normal 8.412535e-01 -5.406408e-01 0.000000e+00
    outer loop
      vertex   2.458154e+01 9.107574e+00 2.790000e+01
      vertex   2.384280e+01 7.958070e+00 2.500000e+00
      vertex   2.458154e+01 9.107574e+00 2.500000e+00
    endloop
  endfacet
  facet normal 8.825216e-01 -4.702719e-01 0.000000e+00
    outer loop
      vertex   2.458154e+01 9.107574e+00 2.790000e+01
      vertex   2.458154e+01 9.107574e+00 2.500000e+00
      vertex   2.522413e+01 1.031347e+01 2.790000e+01
    endloop
  endfacet
  facet normal 8.825216e-01 -4.702719e-01 0.000000e+00
    outer loop
      vertex   2.522413e+01 1.031347e+01 2.790000e+01
      vertex   2.458154e+01 9.107574e+00 2.500000e+00
      vertex   2.522413e+01 1.031347e+01 2.500000e+00
    endloop
  endfacet
  facet normal 9.179166e-01 -3.967734e-01 0.000000e+00
    outer loop
      vertex   2.522413e+01 1.031347e+01 2.790000e+01
      vertex   2.522413e+01 1.031347e+01 2.500000e+00
      vertex   2.576629e+01 1.156772e+01 2.790000e+01
    endloop
  endfacet
  facet normal 9.179166e-01 -3.967734e-01 0.000000e+00
    outer loop
      vertex   2.576629e+01 1.156772e+01 2.790000e+01
      vertex   2.522413e+01 1.031347e+01 2.500000e+00
      vertex   2.576629e+01 1.156772e+01 2.500000e+00
    endloop
  endfacet
  facet normal 9.472030e-01 -3.206345e-01 0.000000e+00
    outer loop
      vertex   2.576629e+01 1.156772e+01 2.790000e+01
      vertex   2.576629e+01 1.156772e+01 2.500000e+00
      vertex   2.620441e+01 1.286200e+01 2.790000e+01
    endloop
  endfacet
  facet normal 9.472030e-01 -3.206345e-01 1.528534e-16
    outer loop
      vertex   2.620441e+01 1.286200e+01 2.790000e+01
      vertex   2.576629e+01 1.156772e+01 2.500000e+00
      vertex   2.620441e+01 1.286200e+01 2.500000e+00
    endloop
  endfacet
  facet normal 9.701860e-01 -2.423617e-01 1.866528e-16
    outer loop
      vertex   2.620441e+01 1.286200e+01 2.790000e+01
      vertex   2.620441e+01 1.286200e+01 2.500000e+00
      vertex   2.653558e+01 1.418768e+01 2.790000e+01
    endloop
  endfacet
  facet normal 9.701860e-01 -2.423617e-01 -5.084893e-17
    outer loop
      vertex   2.653558e+01 1.418768e+01 2.790000e+01
      vertex   2.620441e+01 1.286200e+01 2.500000e+00
      vertex   2.653558e+01 1.418768e+01 2.500000e+00
    endloop
  endfacet
  facet normal 9.867125e-01 -1.624761e-01 -3.408846e-17
    outer loop
      vertex   2.653558e+01 1.418768e+01 2.790000e+01
      vertex   2.653558e+01 1.418768e+01 2.500000e+00
      vertex   2.675759e+01 1.553594e+01 2.790000e+01
    endloop
  endfacet
  facet normal 9.867125e-01 -1.624761e-01 -4.545127e-17
    outer loop
      vertex   2.675759e+01 1.553594e+01 2.790000e+01
      vertex   2.653558e+01 1.418768e+01 2.500000e+00
      vertex   2.675759e+01 1.553594e+01 2.500000e+00
    endloop
  endfacet
  facet normal 9.966726e-01 -8.150928e-02 -2.280151e-17
    outer loop
      vertex   2.675759e+01 1.553594e+01 2.790000e+01
      vertex   2.675759e+01 1.553594e+01 2.500000e+00
      vertex   2.686896e+01 1.689781e+01 2.790000e+01
    endloop
  endfacet
  facet normal 9.966726e-01 -8.150928e-02 0.000000e+00
    outer loop
      vertex   2.686896e+01 1.689781e+01 2.790000e+01
      vertex   2.675759e+01 1.553594e+01 2.500000e+00
      vertex   2.686896e+01 1.689781e+01 2.500000e+00
    endloop
  endfacet
  facet normal 1.000000e+00 -0.000000e+00 0.000000e+00
    outer loop
      vertex   2.686896e+01 1.689781e+01 2.790000e+01
      vertex   2.686896e+01 1.689781e+01 2.500000e+00
      vertex   2.686896e+01 1.826423e+01 2.790000e+01
    endloop
  endfacet
  facet normal 1.000000e+00 0.000000e+00 0.000000e+00
    outer loop
      vertex   2.686896e+01 1.826423e+01 2.790000e+01
      vertex   2.686896e+01 1.689781e+01 2.500000e+00
      vertex   2.686896e+01 1.826423e+01 2.500000e+00
    endloop
  endfacet
  facet normal 9.966726e-01 8.150928e-02 0.000000e+00
    outer loop
      vertex   2.686896e+01 1.826423e+01 2.790000e+01
      vertex   2.686896e+01 1.826423e+01 2.500000e+00
      vertex   2.675759e+01 1.962610e+01 2.790000e+01
    endloop
  endfacet
  facet normal 9.966726e-01 8.150928e-02 2.280151e-17
    outer loop
      vertex   2.675759e+01 1.962610e+01 2.790000e+01
      vertex   2.686896e+01 1.826423e+01 2.500000e+00
      vertex   2.675759e+01 1.962610e+01 2.500000e+00
    endloop
  endfacet
  facet normal 9.867125e-01 1.624761e-01 4.545127e-17
    outer loop
      vertex   2.675759e+01 1.962610e+01 2.790000e+01
      vertex   2.675759e+01 1.962610e+01 2.500000e+00
      vertex   2.653558e+01 2.097436e+01 2.790000e+01
    endloop
  endfacet
  facet normal 9.867125e-01 1.624761e-01 2.272564e-17
    outer loop
      vertex   2.653558e+01 2.097436e+01 2.790000e+01
      vertex   2.675759e+01 1.962610e+01 2.500000e+00
      vertex   2.653558e+01 2.097436e+01 2.500000e+00
    endloop
  endfacet
  facet normal 9.701860e-01 2.423617e-01 3.389929e-17
    outer loop
      vertex   2.653558e+01 2.097436e+01 2.790000e+01
      vertex   2.653558e+01 2.097436e+01 2.500000e+00
      vertex   2.620441e+01 2.230004e+01 2.790000e+01
    endloop
  endfacet
  facet normal 9.701860e-01 2.423617e-01 -2.036024e-16
    outer loop
      vertex   2.620441e+01 2.230004e+01 2.790000e+01
      vertex   2.653558e+01 2.097436e+01 2.500000e+00
      vertex   2.620441e+01 2.230004e+01 2.500000e+00
    endloop
  endfacet
  facet normal 9.472030e-01 3.206345e-01 -1.752771e-16
    outer loop
      vertex   2.620441e+01 2.230004e+01 2.790000e+01
      vertex   2.620441e+01 2.230004e+01 2.500000e+00
      vertex   2.576629e+01 2.359431e+01 2.790000e+01
    endloop
  endfacet
  facet normal 9.472030e-01 3.206345e-01 0.000000e+00
    outer loop
      vertex   2.576629e+01 2.359431e+01 2.790000e+01
      vertex   2.620441e+01 2.230004e+01 2.500000e+00
      vertex   2.576629e+01 2.359431e+01 2.500000e+00
    endloop
  endfacet
  facet normal 9.179166e-01 3.967734e-01 0.000000e+00
    outer loop
      vertex   2.576629e+01 2.359431e+01 2.790000e+01
      vertex   2.576629e+01 2.359431e+01 2.500000e+00
      vertex   2.522413e+01 2.484857e+01 2.790000e+01
    endloop
  endfacet
  facet normal 9.179166e-01 3.967734e-01 0.000000e+00
    outer loop
      vertex   2.522413e+01 2.484857e+01 2.790000e+01
      vertex   2.576629e+01 2.359431e+01 2.500000e+00
      vertex   2.522413e+01 2.484857e+01 2.500000e+00
    endloop
  endfacet
  facet normal 8.825216e-01 4.702719e-01 0.000000e+00
    outer loop
      vertex   2.522413e+01 2.484857e+01 2.790000e+01
      vertex   2.522413e+01 2.484857e+01 2.500000e+00
      vertex   2.458154e+01 2.605447e+01 2.790000e+01
    endloop
  endfacet
  facet normal 8.825216e-01 4.702719e-01 0.000000e+00
    outer loop
      vertex   2.458154e+01 2.605447e+01 2.790000e+01
      vertex   2.522413e+01 2.484857e+01 2.500000e+00
      vertex   2.458154e+01 2.605447e+01 2.500000e+00
    endloop
  endfacet
  facet normal 8.412535e-01 5.406408e-01 0.000000e+00
    outer loop
      vertex   2.458154e+01 2.605447e+01 2.790000e+01
      vertex   2.458154e+01 2.605447e+01 2.500000e+00
      vertex   2.384280e+01 2.720397e+01 2.790000e+01
    endloop
  endfacet
  facet normal 8.412535e-01 5.406408e-01 -2.017604e-16
    outer loop
      vertex   2.384280e+01 2.720397e+01 2.790000e+01
      vertex   2.458154e+01 2.605447e+01 2.500000e+00
      vertex   2.384280e+01 2.720397e+01 2.500000e+00
    endloop
  endfacet
  facet normal 7.943871e-01 6.074119e-01 -1.634161e-16
    outer loop
      vertex   2.384280e+01 2.720397e+01 2.790000e+01
      vertex   2.384280e+01 2.720397e+01 2.500000e+00
      vertex   2.301282e+01 2.828943e+01 2.790000e+01
    endloop
  endfacet
  facet normal 7.943871e-01 6.074119e-01 0.000000e+00
    outer loop
      vertex   2.301282e+01 2.828943e+01 2.790000e+01
      vertex   2.384280e+01 2.720397e+01 2.500000e+00
      vertex   2.301282e+01 2.828943e+01 2.500000e+00
    endloop
  endfacet
  facet normal 7.422341e-01 6.701407e-01 0.000000e+00
    outer loop
      vertex   2.301282e+01 2.828943e+01 2.790000e+01
      vertex   2.301282e+01 2.828943e+01 2.500000e+00
      vertex   2.209713e+01 2.930364e+01 2.790000e+01
    endloop
  endfacet
  facet normal 7.422341e-01 6.701407e-01 0.000000e+00
    outer loop
      vertex   2.209713e+01 2.930364e+01 2.790000e+01
      vertex   2.301282e+01 2.828943e+01 2.500000e+00
      vertex   2.209713e+01 2.930364e+01 2.500000e+00
    endloop
  endfacet
  facet normal 6.851417e-01 7.284098e-01 0.000000e+00
    outer loop
      vertex   2.209713e+01 2.930364e+01 2.790000e+01
      vertex   2.209713e+01 2.930364e+01 2.500000e+00
      vertex   2.110182e+01 3.023982e+01 2.790000e+01
    endloop
  endfacet
  facet normal 6.851417e-01 7.284098e-01 0.000000e+00
    outer loop
      vertex   2.110182e+01 3.023982e+01 2.790000e+01
      vertex   2.209713e+01 2.930364e+01 2.500000e+00
      vertex   2.110182e+01 3.023982e+01 2.500000e+00
    endloop
  endfacet
  facet normal 6.234898e-01 7.818315e-01 0.000000e+00
    outer loop
      vertex   2.110182e+01 3.023982e+01 2.790000e+01
      vertex   2.110182e+01 3.023982e+01 2.500000e+00
      vertex   2.003351e+01 3.109177e+01 2.790000e+01
    endloop
  endfacet
  facet normal 6.234898e-01 7.818315e-01 2.214735e-17
    outer loop
      vertex   2.003351e+01 3.109177e+01 2.790000e+01
      vertex   2.110182e+01 3.023982e+01 2.500000e+00
      vertex   2.003351e+01 3.109177e+01 2.500000e+00
    endloop
  endfacet
  facet normal 5.576887e-01 8.300502e-01 3.809538e-17
    outer loop
      vertex   2.003351e+01 3.109177e+01 2.790000e+01
      vertex   2.003351e+01 3.109177e+01 2.500000e+00
      vertex   1.889932e+01 3.185381e+01 2.790000e+01
    endloop
  endfacet
  facet normal 5.576887e-01 8.300502e-01 7.619075e-17
    outer loop
      vertex   1.889932e+01 3.185381e+01 2.790000e+01
      vertex   2.003351e+01 3.109177e+01 2.500000e+00
      vertex   1.889932e+01 3.185381e+01 2.500000e+00
    endloop
  endfacet
  facet normal 4.881762e-01 8.727451e-01 1.075798e-16
    outer loop
      vertex   1.889932e+01 3.185381e+01 2.790000e+01
      vertex   1.889932e+01 3.185381e+01 2.500000e+00
      vertex   1.770678e+01 3.252086e+01 2.790000e+01
    endloop
  endfacet
  facet normal 4.881762e-01 8.727451e-01 -1.365630e-16
    outer loop
      vertex   1.770678e+01 3.252086e+01 2.790000e+01
      vertex   1.889932e+01 3.185381e+01 2.500000e+00
      vertex   1.770678e+01 3.252086e+01 2.500000e+00
    endloop
  endfacet
  facet normal 4.154150e-01 9.096320e-01 -1.162087e-16
    outer loop
      vertex   1.770678e+01 3.252086e+01 2.790000e+01
      vertex   1.770678e+01 3.252086e+01 2.500000e+00
      vertex   1.646385e+01 3.308849e+01 2.790000e+01
    endloop
  endfacet
  facet normal 4.154150e-01 9.096320e-01 -5.810435e-17
    outer loop
      vertex   1.646385e+01 3.308849e+01 2.790000e+01
      vertex   1.770678e+01 3.252086e+01 2.500000e+00
      vertex   1.646385e+01 3.308849e+01 2.500000e+00
    endloop
  endfacet
  facet normal 3.398893e-01 9.404655e-01 -4.754053e-17
    outer loop
      vertex   1.646385e+01 3.308849e+01 2.790000e+01
      vertex   1.646385e+01 3.308849e+01 2.500000e+00
      vertex   1.517878e+01 3.355292e+01 2.790000e+01
    endloop
  endfacet
  facet normal 3.398893e-01 9.404655e-01 -4.754053e-17
    outer loop
      vertex   1.517878e+01 3.355292e+01 2.790000e+01
      vertex   1.646385e+01 3.308849e+01 2.500000e+00
      vertex   1.517878e+01 3.355292e+01 2.500000e+00
    endloop
  endfacet
  facet normal 2.621017e-01 9.650403e-01 -3.666032e-17
    outer loop
      vertex   1.517878e+01 3.355292e+01 2.790000e+01
      vertex   1.517878e+01 3.355292e+01 2.500000e+00
      vertex   1.386013e+01 3.391106e+01 2.790000e+01
    endloop
  endfacet
  facet normal 2.621017e-01 9.650403e-01 0.000000e+00
    outer loop
      vertex   1.386013e+01 3.391106e+01 2.790000e+01
      vertex   1.517878e+01 3.355292e+01 2.500000e+00
      vertex   1.386013e+01 3.391106e+01 2.500000e+00
    endloop
  endfacet
  facet normal 1.825698e-01 9.831929e-01 0.000000e+00
    outer loop
      vertex   1.386013e+01 3.391106e+01 2.790000e+01
      vertex   1.386013e+01 3.391106e+01 2.500000e+00
      vertex   1.251668e+01 3.416053e+01 2.790000e+01
    endloop
  endfacet
  facet normal 1.825698e-01 9.831929e-01 0.000000e+00
    outer loop
      vertex   1.251668e+01 3.416053e+01 2.790000e+01
      vertex   1.386013e+01 3.391106e+01 2.500000e+00
      vertex   1.251668e+01 3.416053e+01 2.500000e+00
    endloop
  endfacet
  facet normal 1.018230e-01 9.948025e-01 0.000000e+00
    outer loop
      vertex   1.251668e+01 3.416053e+01 2.790000e+01
      vertex   1.251668e+01 3.416053e+01 2.500000e+00
      vertex   1.115736e+01 3.429966e+01 2.790000e+01
    endloop
  endfacet
  facet normal 1.018230e-01 9.948025e-01 0.000000e+00
    outer loop
      vertex   1.115736e+01 3.429966e+01 2.790000e+01
      vertex   1.251668e+01 3.416053e+01 2.500000e+00
      vertex   1.115736e+01 3.429966e+01 2.500000e+00
    endloop
  endfacet
  facet normal 2.039854e-02 9.997919e-01 0.000000e+00
    outer loop
      vertex   1.115736e+01 3.429966e+01 2.790000e+01
      vertex   1.115736e+01 3.429966e+01 2.500000e+00
      vertex   9.791227e+00 3.432753e+01 2.790000e+01
    endloop
  endfacet
  facet normal 2.039854e-02 9.997919e-01 2.853156e-18
    outer loop
      vertex   9.791227e+00 3.432753e+01 2.790000e+01
      vertex   1.115736e+01 3.429966e+01 2.500000e+00
      vertex   9.791227e+00 3.432753e+01 2.500000e+00
    endloop
  endfacet
  facet normal -6.116166e-02 9.981279e-01 -8.554719e-18
    outer loop
      vertex   9.791227e+00 3.432753e+01 2.790000e+01
      vertex   9.791227e+00 3.432753e+01 2.500000e+00
      vertex   8.427368e+00 3.424396e+01 2.790000e+01
    endloop
  endfacet
  facet normal -6.116166e-02 9.981279e-01 2.994152e-17
    outer loop
      vertex   8.427368e+00 3.424396e+01 2.790000e+01
      vertex   9.791227e+00 3.432753e+01 2.500000e+00
      vertex   8.427368e+00 3.424396e+01 2.500000e+00
    endloop
  endfacet
  facet normal -1.423148e-01 9.898214e-01 6.966982e-17
    outer loop
      vertex   8.427368e+00 3.424396e+01 2.790000e+01
      vertex   8.427368e+00 3.424396e+01 2.500000e+00
      vertex   7.074858e+00 3.404950e+01 2.790000e+01
    endloop
  endfacet
  facet normal -1.423148e-01 9.898214e-01 -2.321061e-16
    outer loop
      vertex   7.074858e+00 3.404950e+01 2.790000e+01
      vertex   8.427368e+00 3.424396e+01 2.500000e+00
      vertex   7.074858e+00 3.404950e+01 2.500000e+00
    endloop
  endfacet
  facet normal -2.225209e-01 9.749279e-01 -2.026982e-16
    outer loop
      vertex   7.074858e+00 3.404950e+01 2.790000e+01
      vertex   7.074858e+00 3.404950e+01 2.500000e+00
      vertex   5.742700e+00 3.374544e+01 2.790000e+01
    endloop
  endfacet
  facet normal -2.225209e-01 9.749279e-01 5.446725e-17
    outer loop
      vertex   5.742700e+00 3.374544e+01 2.790000e+01
      vertex   7.074858e+00 3.404950e+01 2.500000e+00
      vertex   5.742700e+00 3.374544e+01 2.500000e+00
    endloop
  endfacet
  facet normal -3.012462e-01 9.535464e-01 7.373711e-17
    outer loop
      vertex   5.742700e+00 3.374544e+01 2.790000e+01
      vertex   5.742700e+00 3.374544e+01 2.500000e+00
      vertex   4.439757e+00 3.333382e+01 2.790000e+01
    endloop
  endfacet
  facet normal -3.012462e-01 9.535464e-01 8.427098e-17
    outer loop
      vertex   4.439757e+00 3.333382e+01 2.790000e+01
      vertex   5.742700e+00 3.374544e+01 2.500000e+00
      vertex   4.439757e+00 3.333382e+01 2.500000e+00
    endloop
  endfacet
  facet normal -3.779667e-01 9.258192e-01 1.057329e-16
    outer loop
      vertex   4.439757e+00 3.333382e+01 2.790000e+01
      vertex   4.439757e+00 3.333382e+01 2.500000e+00
      vertex   3.174701e+00 3.281736e+01 2.790000e+01
    endloop
  endfacet
  facet normal -3.779667e-01 9.258192e-01 3.304152e-17
    outer loop
      vertex   3.174701e+00 3.281736e+01 2.790000e+01
      vertex   4.439757e+00 3.333382e+01 2.500000e+00
      vertex   3.174701e+00 3.281736e+01 2.500000e+00
    endloop
  endfacet
  facet normal -4.521719e-01 8.919308e-01 3.952848e-17
    outer loop
      vertex   3.174701e+00 3.281736e+01 2.790000e+01
      vertex   3.174701e+00 3.281736e+01 2.500000e+00
      vertex   1.955951e+00 3.219950e+01 2.790000e+01
    endloop
  endfacet
  facet normal -4.521719e-01 8.919308e-01 0.000000e+00
    outer loop
      vertex   1.955951e+00 3.219950e+01 2.790000e+01
      vertex   3.174701e+00 3.281736e+01 2.500000e+00
      vertex   1.955951e+00 3.219950e+01 2.500000e+00
    endloop
  endfacet
  facet normal -5.233680e-01 8.521068e-01 0.000000e+00
    outer loop
      vertex   1.955951e+00 3.219950e+01 2.790000e+01
      vertex   1.955951e+00 3.219950e+01 2.500000e+00
      vertex   7.916177e-01 3.148436e+01 2.790000e+01
    endloop
  endfacet
  facet normal -5.233680e-01 8.521068e-01 0.000000e+00
    outer loop
      vertex   7.916177e-01 3.148436e+01 2.790000e+01
      vertex   1.955951e+00 3.219950e+01 2.500000e+00
      vertex   7.916177e-01 3.148436e+01 2.500000e+00
    endloop
  endfacet
  facet normal -5.910811e-01 8.066121e-01 0.000000e+00
    outer loop
      vertex   7.916177e-01 3.148436e+01 2.790000e+01
      vertex   7.916177e-01 3.148436e+01 2.500000e+00
      vertex   -3.105513e-01 3.067670e+01 2.790000e+01
    endloop
  endfacet
  facet normal -5.910811e-01 8.066121e-01 0.000000e+00
    outer loop
      vertex   -3.105513e-01 3.067670e+01 2.790000e+01
      vertex   7.916177e-01 3.148436e+01 2.500000e+00
      vertex   -3.105513e-01 3.067670e+01 2.500000e+00
    endloop
  endfacet
  facet normal -6.548607e-01 7.557496e-01 0.000000e+00
    outer loop
      vertex   -3.105513e-01 3.067670e+01 2.790000e+01
      vertex   -3.105513e-01 3.067670e+01 2.500000e+00
      vertex   -1.343221e+00 2.978188e+01 2.790000e+01
    endloop
  endfacet
  facet normal -6.548607e-01 7.557496e-01 0.000000e+00
    outer loop
      vertex   -1.343221e+00 2.978188e+01 2.790000e+01
      vertex   -3.105513e-01 3.067670e+01 2.500000e+00
      vertex   -1.343221e+00 2.978188e+01 2.500000e+00
    endloop
  endfacet
  facet normal -7.142823e-01 6.998577e-01 0.000000e+00
    outer loop
      vertex   -1.343221e+00 2.978188e+01 2.790000e+01
      vertex   -1.343221e+00 2.978188e+01 2.500000e+00
      vertex   -2.299519e+00 2.880588e+01 2.790000e+01
    endloop
  endfacet
  facet normal -7.142823e-01 6.998577e-01 0.000000e+00
    outer loop
      vertex   -2.299519e+00 2.880588e+01 2.790000e+01
      vertex   -1.343221e+00 2.978188e+01 2.500000e+00
      vertex   -2.299519e+00 2.880588e+01 2.500000e+00
    endloop
  endfacet
  facet normal -7.689505e-01 6.393083e-01 0.000000e+00
    outer loop
      vertex   -2.299519e+00 2.880588e+01 2.790000e+01
      vertex   -2.299519e+00 2.880588e+01 2.500000e+00
      vertex   -3.173081e+00 2.775517e+01 2.790000e+01
    endloop
  endfacet
  facet normal -7.689505e-01 6.393083e-01 0.000000e+00
    outer loop
      vertex   -3.173081e+00 2.775517e+01 2.790000e+01
      vertex   -2.299519e+00 2.880588e+01 2.500000e+00
      vertex   -3.173081e+00 2.775517e+01 2.500000e+00
    endloop
  endfacet
  facet normal -8.185015e-01 5.745044e-01 0.000000e+00
    outer loop
      vertex   -3.173081e+00 2.775517e+01 2.790000e+01
      vertex   -3.173081e+00 2.775517e+01 2.500000e+00
      vertex   -3.958094e+00 2.663675e+01 2.790000e+01
    endloop
  endfacet
  facet normal -8.185015e-01 5.745044e-01 6.274909e-17
    outer loop
      vertex   -3.958094e+00 2.663675e+01 2.790000e+01
      vertex   -3.173081e+00 2.775517e+01 2.500000e+00
      vertex   -3.958094e+00 2.663675e+01 2.500000e+00
    endloop
  endfacet
  facet normal -8.626054e-01 5.058774e-01 8.005906e-17
    outer loop
      vertex   -3.958094e+00 2.663675e+01 2.790000e+01
      vertex   -3.958094e+00 2.663675e+01 2.500000e+00
      vertex   -4.649334e+00 2.545807e+01 2.790000e+01
    endloop
  endfacet
  facet normal -8.626054e-01 5.058774e-01 1.973249e-17
    outer loop
      vertex   -4.649334e+00 2.545807e+01 2.790000e+01
      vertex   -3.958094e+00 2.663675e+01 2.500000e+00
      vertex   -4.649334e+00 2.545807e+01 2.500000e+00
    endloop
  endfacet
  facet normal -9.009689e-01 4.338837e-01 3.382672e-17
    outer loop
      vertex   -4.649334e+00 2.545807e+01 2.790000e+01
      vertex   -4.649334e+00 2.545807e+01 2.500000e+00
      vertex   -5.242200e+00 2.422697e+01 2.790000e+01
    endloop
  endfacet
  facet normal -9.009689e-01 4.338837e-01 -5.836564e-17
    outer loop
      vertex   -5.242200e+00 2.422697e+01 2.790000e+01
      vertex   -4.649334e+00 2.545807e+01 2.500000e+00
      vertex   -5.242200e+00 2.422697e+01 2.500000e+00
    endloop
  endfacet
  facet normal -9.333365e-01 3.590027e-01 -3.515468e-17
    outer loop
      vertex   -5.242200e+00 2.422697e+01 2.790000e+01
      vertex   -5.242200e+00 2.422697e+01 2.500000e+00
      vertex   -5.732748e+00 2.295165e+01 2.790000e+01
    endloop
  endfacet
  facet normal -9.333365e-01 3.590027e-01 -5.273202e-17
    outer loop
      vertex   -5.732748e+00 2.295165e+01 2.790000e+01
      vertex   -5.242200e+00 2.422697e+01 2.500000e+00
      vertex   -5.732748e+00 2.295165e+01 2.500000e+00
    endloop
  endfacet
  facet normal -9.594930e-01 2.817326e-01 -1.756466e-17
    outer loop
      vertex   -5.732748e+00 2.295165e+01 2.790000e+01
      vertex   -5.732748e+00 2.295165e+01 2.500000e+00
      vertex   -6.117712e+00 2.164058e+01 2.790000e+01
    endloop
  endfacet
  facet normal -9.594930e-01 2.817326e-01 -1.182183e-16
    outer loop
      vertex   -6.117712e+00 2.164058e+01 2.790000e+01
      vertex   -5.732748e+00 2.295165e+01 2.500000e+00
      vertex   -6.117712e+00 2.164058e+01 2.500000e+00
    endloop
  endfacet
  facet normal -9.792642e-01 2.025875e-01 -8.500813e-17
    outer loop
      vertex   -6.117712e+00 2.164058e+01 2.790000e+01
      vertex   -6.117712e+00 2.164058e+01 2.500000e+00
      vertex   -6.394531e+00 2.030249e+01 2.790000e+01
    endloop
  endfacet
  facet normal -9.792642e-01 2.025875e-01 0.000000e+00
    outer loop
      vertex   -6.394531e+00 2.030249e+01 2.790000e+01
      vertex   -6.117712e+00 2.164058e+01 2.500000e+00
      vertex   -6.394531e+00 2.030249e+01 2.500000e+00
    endloop
  endfacet
  facet normal -9.925185e-01 1.220943e-01 0.000000e+00
    outer loop
      vertex   -6.394531e+00 2.030249e+01 2.790000e+01
      vertex   -6.394531e+00 2.030249e+01 2.500000e+00
      vertex   -6.561363e+00 1.894630e+01 2.790000e+01
    endloop
  endfacet
  facet normal -9.925185e-01 1.220943e-01 0.000000e+00
    outer loop
      vertex   -6.561363e+00 1.894630e+01 2.790000e+01
      vertex   -6.394531e+00 2.030249e+01 2.500000e+00
      vertex   -6.561363e+00 1.894630e+01 2.500000e+00
    endloop
  endfacet
  facet normal -0.000000e+00 0.000000e+00 -1.000000e+00
    outer loop
      vertex   -1.041084e+01 1.605966e+01 -2.790000e+01
      vertex   -1.441098e+01 1.592028e+01 -2.790000e+01
      vertex   -1.046710e+01 1.758102e+01 -2.790000e+01
    endloop
  endfacet
  facet normal -0.000000e+00 0.000000e+00 -1.000000e+00
    outer loop
      vertex   -1.046710e+01 1.758102e+01 -2.790000e+01
      vertex   -1.441098e+01 1.592028e+01 -2.790000e+01
      vertex   -1.446710e+01 1.758102e+01 -2.790000e+01
    endloop
  endfacet
  facet normal 0.000000e+00 0.000000e+00 -1.000000e+00
    outer loop
      vertex   -1.046710e+01 1.758102e+01 -2.790000e+01
      vertex   -1.446710e+01 1.758102e+01 -2.790000e+01
      vertex   -1.441098e+01 1.924176e+01 -2.790000e+01
    endloop
  endfacet
  facet normal 0.000000e+00 0.000000e+00 -1.000000e+00
    outer loop
      vertex   -1.441098e+01 1.592028e+01 -2.790000e+01
      vertex   -1.041084e+01 1.605966e+01 -2.790000e+01
      vertex   -1.424286e+01 1.426712e+01 -2.790000e+01
    endloop
  endfacet
  facet normal 0.000000e+00 0.000000e+00 -1.000000e+00
    outer loop
      vertex   -1.424286e+01 1.426712e+01 -2.790000e+01
      vertex   -1.041084e+01 1.605966e+01 -2.790000e+01
      vertex   -1.024238e+01 1.454660e+01 -2.790000e+01
    endloop
  endfacet
  facet normal 0.000000e+00 0.000000e+00 -1.000000e+00
    outer loop
      vertex   -1.424286e+01 1.426712e+01 -2.790000e+01
      vertex   -1.024238e+01 1.454660e+01 -2.790000e+01
      vertex   -1.396353e+01 1.262908e+01 -2.790000e+01
    endloop
  endfacet
  facet normal 0.000000e+00 0.000000e+00 -1.000000e+00
    outer loop
      vertex   -1.396353e+01 1.262908e+01 -2.790000e+01
      vertex   -1.024238e+01 1.454660e+01 -2.790000e+01
      vertex   -9.962644e+00 1.305012e+01 -2.790000e+01
    endloop
  endfacet
  facet normal 0.000000e+00 0.000000e+00 -1.000000e+00
    outer loop
      vertex   -1.396353e+01 1.262908e+01 -2.790000e+01
      vertex   -9.962644e+00 1.305012e+01 -2.790000e+01
      vertex   -1.357426e+01 1.101363e+01 -2.790000e+01
    endloop
  endfacet
  facet normal 0.000000e+00 0.000000e+00 -1.000000e+00
    outer loop
      vertex   -1.357426e+01 1.101363e+01 -2.790000e+01
      vertex   -9.962644e+00 1.305012e+01 -2.790000e+01
      vertex   -9.573148e+00 1.157839e+01 -2.790000e+01
    endloop
  endfacet
  facet normal 0.000000e+00 0.000000e+00 -1.000000e+00
    outer loop
      vertex   -1.357426e+01 1.101363e+01 -2.790000e+01
      vertex   -9.573148e+00 1.157839e+01 -2.790000e+01
      vertex   -1.307681e+01 9.428147e+00 -2.790000e+01
    endloop
  endfacet
  facet normal 0.000000e+00 0.000000e+00 -1.000000e+00
    outer loop
      vertex   -1.307681e+01 9.428147e+00 -2.790000e+01
      vertex   -9.573148e+00 1.157839e+01 -2.790000e+01
      vertex   -9.076025e+00 1.013944e+01 -2.790000e+01
    endloop
  endfacet
  facet normal 0.000000e+00 0.000000e+00 -1.000000e+00
    outer loop
      vertex   -1.307681e+01 9.428147e+00 -2.790000e+01
      vertex   -9.076025e+00 1.013944e+01 -2.790000e+01
      vertex   -1.247346e+01 7.879865e+00 -2.790000e+01
    endloop
  endfacet
  facet normal 0.000000e+00 0.000000e+00 -1.000000e+00
    outer loop
      vertex   -1.247346e+01 7.879865e+00 -2.790000e+01
      vertex   -9.076025e+00 1.013944e+01 -2.790000e+01
      vertex   -8.473989e+00 8.741135e+00 -2.790000e+01
    endloop
  endfacet
  facet normal 0.000000e+00 0.000000e+00 -1.000000e+00
    outer loop
      vertex   -1.247346e+01 7.879865e+00 -2.790000e+01
      vertex   -8.473989e+00 8.741135e+00 -2.790000e+01
      vertex   -1.176696e+01 6.375848e+00 -2.790000e+01
    endloop
  endfacet
  facet normal 0.000000e+00 0.000000e+00 -1.000000e+00
    outer loop
      vertex   -1.176696e+01 6.375848e+00 -2.790000e+01
      vertex   -8.473989e+00 8.741135e+00 -2.790000e+01
      vertex   -7.770329e+00 7.391109e+00 -2.790000e+01
    endloop
  endfacet
  facet normal 0.000000e+00 0.000000e+00 -1.000000e+00
    outer loop
      vertex   -1.176696e+01 6.375848e+00 -2.790000e+01
      vertex   -7.770329e+00 7.391109e+00 -2.790000e+01
      vertex   -1.096054e+01 4.922957e+00 -2.790000e+01
    endloop
  endfacet
  facet normal 0.000000e+00 0.000000e+00 -1.000000e+00
    outer loop
      vertex   -1.096054e+01 4.922957e+00 -2.790000e+01
      vertex   -7.770329e+00 7.391109e+00 -2.790000e+01
      vertex   -6.968888e+00 6.096737e+00 -2.790000e+01
    endloop
  endfacet
  facet normal 0.000000e+00 0.000000e+00 -1.000000e+00
    outer loop
      vertex   -1.096054e+01 4.922957e+00 -2.790000e+01
      vertex   -6.968888e+00 6.096737e+00 -2.790000e+01
      vertex   -1.005788e+01 3.527821e+00 -2.790000e+01
    endloop
  endfacet
  facet normal 0.000000e+00 0.000000e+00 -1.000000e+00
    outer loop
      vertex   -1.005788e+01 3.527821e+00 -2.790000e+01
      vertex   -6.968888e+00 6.096737e+00 -2.790000e+01
      vertex   -6.074043e+00 4.865088e+00 -2.790000e+01
    endloop
  endfacet
  facet normal 0.000000e+00 0.000000e+00 -1.000000e+00
    outer loop
      vertex   -1.005788e+01 3.527821e+00 -2.790000e+01
      vertex   -6.074043e+00 4.865088e+00 -2.790000e+01
      vertex   -9.063087e+00 2.196808e+00 -2.790000e+01
    endloop
  endfacet
  facet normal 0.000000e+00 0.000000e+00 -1.000000e+00
    outer loop
      vertex   -9.063087e+00 2.196808e+00 -2.790000e+01
      vertex   -6.074043e+00 4.865088e+00 -2.790000e+01
      vertex   -5.090681e+00 3.702889e+00 -2.790000e+01
    endloop
  endfacet
  facet normal 0.000000e+00 0.000000e+00 -1.000000e+00
    outer loop
      vertex   -9.063087e+00 2.196808e+00 -2.790000e+01
      vertex   -5.090681e+00 3.702889e+00 -2.790000e+01
      vertex   -7.980709e+00 9.359885e-01 -2.790000e+01
    endloop
  endfacet
  facet normal 0.000000e+00 0.000000e+00 -1.000000e+00
    outer loop
      vertex   -7.980709e+00 9.359885e-01 -2.790000e+01
      vertex   -5.090681e+00 3.702889e+00 -2.790000e+01
      vertex   -4.024173e+00 2.616488e+00 -2.790000e+01
    endloop
  endfacet
  facet normal 0.000000e+00 0.000000e+00 -1.000000e+00
    outer loop
      vertex   -7.980709e+00 9.359885e-01 -2.790000e+01
      vertex   -4.024173e+00 2.616488e+00 -2.790000e+01
      vertex   -6.815683e+00 -2.488831e-01 -2.790000e+01
    endloop
  endfacet
  facet normal 0.000000e+00 0.000000e+00 -1.000000e+00
    outer loop
      vertex   -6.815683e+00 -2.488831e-01 -2.790000e+01
      vertex   -4.024173e+00 2.616488e+00 -2.790000e+01
      vertex   -5.573325e+00 -1.352401e+00 -2.790000e+01
    endloop
  endfacet
  facet normal 0.000000e+00 0.000000e+00 -1.000000e+00
    outer loop
      vertex   -5.573325e+00 -1.352401e+00 -2.790000e+01
      vertex   -4.024173e+00 2.616488e+00 -2.790000e+01
      vertex   -2.880344e+00 1.611818e+00 -2.790000e+01
    endloop
  endfacet
  facet normal 0.000000e+00 0.000000e+00 -1.000000e+00
    outer loop
      vertex   -5.573325e+00 -1.352401e+00 -2.790000e+01
      vertex   -2.880344e+00 1.611818e+00 -2.790000e+01
      vertex   -4.259303e+00 -2.369530e+00 -2.790000e+01
    endloop
  endfacet
  facet normal 0.000000e+00 0.000000e+00 -1.000000e+00
    outer loop
      vertex   -4.259303e+00 -2.369530e+00 -2.790000e+01
      vertex   -2.880344e+00 1.611818e+00 -2.790000e+01
      vertex   -1.665441e+00 6.943655e-01 -2.790000e+01
    endloop
  endfacet
  facet normal 0.000000e+00 0.000000e+00 -1.000000e+00
    outer loop
      vertex   -4.259303e+00 -2.369530e+00 -2.790000e+01
      vertex   -1.665441e+00 6.943655e-01 -2.790000e+01
      vertex   -2.879612e+00 -3.295629e+00 -2.790000e+01
    endloop
  endfacet
  facet normal 0.000000e+00 0.000000e+00 -1.000000e+00
    outer loop
      vertex   -2.879612e+00 -3.295629e+00 -2.790000e+01
      vertex   -1.665441e+00 6.943655e-01 -2.790000e+01
      vertex   -3.860997e-01 -1.308575e-01 -2.790000e+01
    endloop
  endfacet
  facet normal 0.000000e+00 0.000000e+00 -1.000000e+00
    outer loop
      vertex   -2.879612e+00 -3.295629e+00 -2.790000e+01
      vertex   -3.860997e-01 -1.308575e-01 -2.790000e+01
      vertex   -1.440548e+00 -4.126473e+00 -2.790000e+01
    endloop
  endfacet
  facet normal 0.000000e+00 0.000000e+00 -1.000000e+00
    outer loop
      vertex   -1.440548e+00 -4.126473e+00 -2.790000e+01
      vertex   -3.860997e-01 -1.308575e-01 -2.790000e+01
      vertex   9.506927e-01 -8.593443e-01 -2.790000e+01
    endloop
  endfacet
  facet normal 0.000000e+00 0.000000e+00 -1.000000e+00
    outer loop
      vertex   -1.440548e+00 -4.126473e+00 -2.790000e+01
      vertex   9.506927e-01 -8.593443e-01 -2.790000e+01
      vertex   5.132285e-02 -4.858271e+00 -2.790000e+01
    endloop
  endfacet
  facet normal 0.000000e+00 0.000000e+00 -1.000000e+00
    outer loop
      vertex   5.132285e-02 -4.858271e+00 -2.790000e+01
      vertex   9.506927e-01 -8.593443e-01 -2.790000e+01
      vertex   2.337635e+00 -1.487116e+00 -2.790000e+01
    endloop
  endfacet
  facet normal 0.000000e+00 0.000000e+00 -1.000000e+00
    outer loop
      vertex   5.132285e-02 -4.858271e+00 -2.790000e+01
      vertex   2.337635e+00 -1.487116e+00 -2.790000e+01
      vertex   1.589194e+00 -5.487683e+00 -2.790000e+01
    endloop
  endfacet
  facet normal 0.000000e+00 0.000000e+00 -1.000000e+00
    outer loop
      vertex   1.589194e+00 -5.487683e+00 -2.790000e+01
      vertex   2.337635e+00 -1.487116e+00 -2.790000e+01
      vertex   3.767153e+00 -2.010745e+00 -2.790000e+01
    endloop
  endfacet
  facet normal 0.000000e+00 0.000000e+00 -1.000000e+00
    outer loop
      vertex   1.589194e+00 -5.487683e+00 -2.790000e+01
      vertex   3.767153e+00 -2.010745e+00 -2.790000e+01
      vertex   3.166047e+00 -6.011838e+00 -2.790000e+01
    endloop
  endfacet
  facet normal 0.000000e+00 0.000000e+00 -1.000000e+00
    outer loop
      vertex   3.166047e+00 -6.011838e+00 -2.790000e+01
      vertex   3.767153e+00 -2.010745e+00 -2.790000e+01
      vertex   5.231438e+00 -2.427370e+00 -2.790000e+01
    endloop
  endfacet
  facet normal 0.000000e+00 0.000000e+00 -1.000000e+00
    outer loop
      vertex   3.166047e+00 -6.011838e+00 -2.790000e+01
      vertex   5.231438e+00 -2.427370e+00 -2.790000e+01
      vertex   4.774689e+00 -6.428344e+00 -2.790000e+01
    endloop
  endfacet
  facet normal 0.000000e+00 0.000000e+00 -1.000000e+00
    outer loop
      vertex   4.774689e+00 -6.428344e+00 -2.790000e+01
      vertex   5.231438e+00 -2.427370e+00 -2.790000e+01
      vertex   6.722493e+00 -2.734716e+00 -2.790000e+01
    endloop
  endfacet
  facet normal 0.000000e+00 0.000000e+00 -1.000000e+00
    outer loop
      vertex   4.774689e+00 -6.428344e+00 -2.790000e+01
      vertex   6.722493e+00 -2.734716e+00 -2.790000e+01
      vertex   6.407780e+00 -6.735301e+00 -2.790000e+01
    endloop
  endfacet
  facet normal 0.000000e+00 0.000000e+00 -1.000000e+00
    outer loop
      vertex   6.407780e+00 -6.735301e+00 -2.790000e+01
      vertex   6.722493e+00 -2.734716e+00 -2.790000e+01
      vertex   8.232175e+00 -2.931105e+00 -2.790000e+01
    endloop
  endfacet
  facet normal 0.000000e+00 0.000000e+00 -1.000000e+00
    outer loop
      vertex   6.407780e+00 -6.735301e+00 -2.790000e+01
      vertex   8.232175e+00 -2.931105e+00 -2.790000e+01
      vertex   8.057867e+00 -6.931309e+00 -2.790000e+01
    endloop
  endfacet
  facet normal 0.000000e+00 0.000000e+00 -1.000000e+00
    outer loop
      vertex   8.057867e+00 -6.931309e+00 -2.790000e+01
      vertex   8.232175e+00 -2.931105e+00 -2.790000e+01
      vertex   9.752237e+00 -3.015463e+00 -2.790000e+01
    endloop
  endfacet
  facet normal 0.000000e+00 0.000000e+00 -1.000000e+00
    outer loop
      vertex   8.057867e+00 -6.931309e+00 -2.790000e+01
      vertex   9.752237e+00 -3.015463e+00 -2.790000e+01
      vertex   9.717422e+00 -7.015472e+00 -2.790000e+01
    endloop
  endfacet
  facet normal 0.000000e+00 0.000000e+00 -1.000000e+00
    outer loop
      vertex   9.717422e+00 -7.015472e+00 -2.790000e+01
      vertex   9.752237e+00 -3.015463e+00 -2.790000e+01
      vertex   1.137887e+01 -6.987407e+00 -2.790000e+01
    endloop
  endfacet
  facet normal 0.000000e+00 0.000000e+00 -1.000000e+00
    outer loop
      vertex   1.137887e+01 -6.987407e+00 -2.790000e+01
      vertex   9.752237e+00 -3.015463e+00 -2.790000e+01
      vertex   1.127438e+01 -2.987331e+00 -2.790000e+01
    endloop
  endfacet
  facet normal 0.000000e+00 0.000000e+00 -1.000000e+00
    outer loop
      vertex   1.137887e+01 -6.987407e+00 -2.790000e+01
      vertex   1.127438e+01 -2.987331e+00 -2.790000e+01
      vertex   1.303464e+01 -6.847241e+00 -2.790000e+01
    endloop
  endfacet
  facet normal 0.000000e+00 0.000000e+00 -1.000000e+00
    outer loop
      vertex   1.303464e+01 -6.847241e+00 -2.790000e+01
      vertex   1.127438e+01 -2.987331e+00 -2.790000e+01
      vertex   1.279029e+01 -2.846861e+00 -2.790000e+01
    endloop
  endfacet
  facet normal 0.000000e+00 0.000000e+00 -1.000000e+00
    outer loop
      vertex   1.303464e+01 -6.847241e+00 -2.790000e+01
      vertex   1.279029e+01 -2.846861e+00 -2.790000e+01
      vertex   1.467716e+01 -6.595616e+00 -2.790000e+01
    endloop
  endfacet
  facet normal 0.000000e+00 0.000000e+00 -1.000000e+00
    outer loop
      vertex   1.467716e+01 -6.595616e+00 -2.790000e+01
      vertex   1.279029e+01 -2.846861e+00 -2.790000e+01
      vertex   1.429168e+01 -2.594822e+00 -2.790000e+01
    endloop
  endfacet
  facet normal 0.000000e+00 0.000000e+00 -1.000000e+00
    outer loop
      vertex   1.467716e+01 -6.595616e+00 -2.790000e+01
      vertex   1.429168e+01 -2.594822e+00 -2.790000e+01
      vertex   1.629896e+01 -6.233678e+00 -2.790000e+01
    endloop
  endfacet
  facet normal 0.000000e+00 0.000000e+00 -1.000000e+00
    outer loop
      vertex   1.629896e+01 -6.233678e+00 -2.790000e+01
      vertex   1.429168e+01 -2.594822e+00 -2.790000e+01
      vertex   1.577036e+01 -2.232589e+00 -2.790000e+01
    endloop
  endfacet
  facet normal 0.000000e+00 0.000000e+00 -1.000000e+00
    outer loop
      vertex   1.629896e+01 -6.233678e+00 -2.790000e+01
      vertex   1.577036e+01 -2.232589e+00 -2.790000e+01
      vertex   1.789261e+01 -5.763079e+00 -2.790000e+01
    endloop
  endfacet
  facet normal 0.000000e+00 0.000000e+00 -1.000000e+00
    outer loop
      vertex   1.789261e+01 -5.763079e+00 -2.790000e+01
      vertex   1.577036e+01 -2.232589e+00 -2.790000e+01
      vertex   1.721825e+01 -1.762141e+00 -2.790000e+01
    endloop
  endfacet
  facet normal 0.000000e+00 0.000000e+00 -1.000000e+00
    outer loop
      vertex   1.789261e+01 -5.763079e+00 -2.790000e+01
      vertex   1.721825e+01 -1.762141e+00 -2.790000e+01
      vertex   1.945086e+01 -5.185966e+00 -2.790000e+01
    endloop
  endfacet
  facet normal 0.000000e+00 0.000000e+00 -1.000000e+00
    outer loop
      vertex   1.945086e+01 -5.185966e+00 -2.790000e+01
      vertex   1.721825e+01 -1.762141e+00 -2.790000e+01
      vertex   1.862744e+01 -1.186047e+00 -2.790000e+01
    endloop
  endfacet
  facet normal 0.000000e+00 0.000000e+00 -1.000000e+00
    outer loop
      vertex   1.945086e+01 -5.185966e+00 -2.790000e+01
      vertex   1.862744e+01 -1.186047e+00 -2.790000e+01
      vertex   2.096660e+01 -4.504972e+00 -2.790000e+01
    endloop
  endfacet
  facet normal 0.000000e+00 0.000000e+00 -1.000000e+00
    outer loop
      vertex   2.096660e+01 -4.504972e+00 -2.790000e+01
      vertex   1.862744e+01 -1.186047e+00 -2.790000e+01
      vertex   1.999024e+01 -5.074543e-01 -2.790000e+01
    endloop
  endfacet
  facet normal 0.000000e+00 0.000000e+00 -1.000000e+00
    outer loop
      vertex   2.096660e+01 -4.504972e+00 -2.790000e+01
      vertex   1.999024e+01 -5.074543e-01 -2.790000e+01
      vertex   2.243290e+01 -3.723205e+00 -2.790000e+01
    endloop
  endfacet
  facet normal 0.000000e+00 0.000000e+00 -1.000000e+00
    outer loop
      vertex   2.243290e+01 -3.723205e+00 -2.790000e+01
      vertex   1.999024e+01 -5.074543e-01 -2.790000e+01
      vertex   2.129920e+01 2.699316e-01 -2.790000e+01
    endloop
  endfacet
  facet normal 0.000000e+00 0.000000e+00 -1.000000e+00
    outer loop
      vertex   2.243290e+01 -3.723205e+00 -2.790000e+01
      vertex   2.129920e+01 2.699316e-01 -2.790000e+01
      vertex   2.384308e+01 -2.844232e+00 -2.790000e+01
    endloop
  endfacet
  facet normal 0.000000e+00 0.000000e+00 -1.000000e+00
    outer loop
      vertex   2.384308e+01 -2.844232e+00 -2.790000e+01
      vertex   2.129920e+01 2.699316e-01 -2.790000e+01
      vertex   2.254718e+01 1.141865e+00 -2.790000e+01
    endloop
  endfacet
  facet normal 0.000000e+00 0.000000e+00 -1.000000e+00
    outer loop
      vertex   2.384308e+01 -2.844232e+00 -2.790000e+01
      vertex   2.254718e+01 1.141865e+00 -2.790000e+01
      vertex   2.519071e+01 -1.872064e+00 -2.790000e+01
    endloop
  endfacet
  facet normal 0.000000e+00 0.000000e+00 -1.000000e+00
    outer loop
      vertex   2.519071e+01 -1.872064e+00 -2.790000e+01
      vertex   2.254718e+01 1.141865e+00 -2.790000e+01
      vertex   2.372735e+01 2.103583e+00 -2.790000e+01
    endloop
  endfacet
  facet normal 0.000000e+00 0.000000e+00 -1.000000e+00
    outer loop
      vertex   2.519071e+01 -1.872064e+00 -2.790000e+01
      vertex   2.372735e+01 2.103583e+00 -2.790000e+01
      vertex   2.646963e+01 -8.111349e-01 -2.790000e+01
    endloop
  endfacet
  facet normal 0.000000e+00 0.000000e+00 -1.000000e+00
    outer loop
      vertex   2.646963e+01 -8.111349e-01 -2.790000e+01
      vertex   2.372735e+01 2.103583e+00 -2.790000e+01
      vertex   2.483327e+01 3.149833e+00 -2.790000e+01
    endloop
  endfacet
  facet normal 0.000000e+00 0.000000e+00 -1.000000e+00
    outer loop
      vertex   2.646963e+01 -8.111349e-01 -2.790000e+01
      vertex   2.483327e+01 3.149833e+00 -2.790000e+01
      vertex   2.767401e+01 3.337130e-01 -2.790000e+01
    endloop
  endfacet
  facet normal 0.000000e+00 0.000000e+00 -1.000000e+00
    outer loop
      vertex   2.767401e+01 3.337130e-01 -2.790000e+01
      vertex   2.483327e+01 3.149833e+00 -2.790000e+01
      vertex   2.879835e+01 1.557256e+00 -2.790000e+01
    endloop
  endfacet
  facet normal 0.000000e+00 0.000000e+00 -1.000000e+00
    outer loop
      vertex   2.879835e+01 1.557256e+00 -2.790000e+01
      vertex   2.483327e+01 3.149833e+00 -2.790000e+01
      vertex   2.585891e+01 4.274901e+00 -2.790000e+01
    endloop
  endfacet
  facet normal 0.000000e+00 0.000000e+00 -1.000000e+00
    outer loop
      vertex   2.879835e+01 1.557256e+00 -2.790000e+01
      vertex   2.585891e+01 4.274901e+00 -2.790000e+01
      vertex   2.983753e+01 2.853913e+00 -2.790000e+01
    endloop
  endfacet
  facet normal 0.000000e+00 0.000000e+00 -1.000000e+00
    outer loop
      vertex   2.983753e+01 2.853913e+00 -2.790000e+01
      vertex   2.585891e+01 4.274901e+00 -2.790000e+01
      vertex   2.679865e+01 5.472643e+00 -2.790000e+01
    endloop
  endfacet
  facet normal 0.000000e+00 0.000000e+00 -1.000000e+00
    outer loop
      vertex   2.983753e+01 2.853913e+00 -2.790000e+01
      vertex   2.679865e+01 5.472643e+00 -2.790000e+01
      vertex   3.078680e+01 4.217765e+00 -2.790000e+01
    endloop
  endfacet
  facet normal 0.000000e+00 0.000000e+00 -1.000000e+00
    outer loop
      vertex   3.078680e+01 4.217765e+00 -2.790000e+01
      vertex   2.679865e+01 5.472643e+00 -2.790000e+01
      vertex   2.764738e+01 6.736517e+00 -2.790000e+01
    endloop
  endfacet
  facet normal 0.000000e+00 0.000000e+00 -1.000000e+00
    outer loop
      vertex   3.078680e+01 4.217765e+00 -2.790000e+01
      vertex   2.764738e+01 6.736517e+00 -2.790000e+01
      vertex   3.164183e+01 5.642591e+00 -2.790000e+01
    endloop
  endfacet
  facet normal 0.000000e+00 0.000000e+00 -1.000000e+00
    outer loop
      vertex   3.164183e+01 5.642591e+00 -2.790000e+01
      vertex   2.764738e+01 6.736517e+00 -2.790000e+01
      vertex   2.840044e+01 8.059619e+00 -2.790000e+01
    endloop
  endfacet
  facet normal 0.000000e+00 0.000000e+00 -1.000000e+00
    outer loop
      vertex   3.164183e+01 5.642591e+00 -2.790000e+01
      vertex   2.840044e+01 8.059619e+00 -2.790000e+01
      vertex   3.239872e+01 7.121890e+00 -2.790000e+01
    endloop
  endfacet
  facet normal 0.000000e+00 0.000000e+00 -1.000000e+00
    outer loop
      vertex   3.239872e+01 7.121890e+00 -2.790000e+01
      vertex   2.840044e+01 8.059619e+00 -2.790000e+01
      vertex   2.905373e+01 9.434725e+00 -2.790000e+01
    endloop
  endfacet
  facet normal 0.000000e+00 0.000000e+00 -1.000000e+00
    outer loop
      vertex   3.239872e+01 7.121890e+00 -2.790000e+01
      vertex   2.905373e+01 9.434725e+00 -2.790000e+01
      vertex   3.305402e+01 8.648910e+00 -2.790000e+01
    endloop
  endfacet
  facet normal 0.000000e+00 0.000000e+00 -1.000000e+00
    outer loop
      vertex   3.305402e+01 8.648910e+00 -2.790000e+01
      vertex   2.905373e+01 9.434725e+00 -2.790000e+01
      vertex   2.960369e+01 1.085432e+01 -2.790000e+01
    endloop
  endfacet
  facet normal 0.000000e+00 0.000000e+00 -1.000000e+00
    outer loop
      vertex   3.305402e+01 8.648910e+00 -2.790000e+01
      vertex   2.960369e+01 1.085432e+01 -2.790000e+01
      vertex   3.360473e+01 1.021669e+01 -2.790000e+01
    endloop
  endfacet
  facet normal 0.000000e+00 0.000000e+00 -1.000000e+00
    outer loop
      vertex   3.360473e+01 1.021669e+01 -2.790000e+01
      vertex   2.960369e+01 1.085432e+01 -2.790000e+01
      vertex   3.004730e+01 1.231066e+01 -2.790000e+01
    endloop
  endfacet
  facet normal 0.000000e+00 0.000000e+00 -1.000000e+00
    outer loop
      vertex   3.360473e+01 1.021669e+01 -2.790000e+01
      vertex   3.004730e+01 1.231066e+01 -2.790000e+01
      vertex   3.404834e+01 1.181806e+01 -2.790000e+01
    endloop
  endfacet
  facet normal 0.000000e+00 0.000000e+00 -1.000000e+00
    outer loop
      vertex   3.404834e+01 1.181806e+01 -2.790000e+01
      vertex   3.004730e+01 1.231066e+01 -2.790000e+01
      vertex   3.038215e+01 1.379578e+01 -2.790000e+01
    endloop
  endfacet
  facet normal 0.000000e+00 0.000000e+00 -1.000000e+00
    outer loop
      vertex   3.404834e+01 1.181806e+01 -2.790000e+01
      vertex   3.038215e+01 1.379578e+01 -2.790000e+01
      vertex   3.438284e+01 1.344574e+01 -2.790000e+01
    endloop
  endfacet
  facet normal 0.000000e+00 0.000000e+00 -1.000000e+00
    outer loop
      vertex   3.438284e+01 1.344574e+01 -2.790000e+01
      vertex   3.038215e+01 1.379578e+01 -2.790000e+01
      vertex   3.060640e+01 1.530157e+01 -2.790000e+01
    endloop
  endfacet
  facet normal 0.000000e+00 0.000000e+00 -1.000000e+00
    outer loop
      vertex   3.438284e+01 1.344574e+01 -2.790000e+01
      vertex   3.060640e+01 1.530157e+01 -2.790000e+01
      vertex   3.460669e+01 1.509228e+01 -2.790000e+01
    endloop
  endfacet
  facet normal 0.000000e+00 0.000000e+00 -1.000000e+00
    outer loop
      vertex   3.460669e+01 1.509228e+01 -2.790000e+01
      vertex   3.060640e+01 1.530157e+01 -2.790000e+01
      vertex   3.071883e+01 1.681982e+01 -2.790000e+01
    endloop
  endfacet
  facet normal 0.000000e+00 0.000000e+00 -1.000000e+00
    outer loop
      vertex   3.460669e+01 1.509228e+01 -2.790000e+01
      vertex   3.071883e+01 1.681982e+01 -2.790000e+01
      vertex   3.471887e+01 1.675018e+01 -2.790000e+01
    endloop
  endfacet
  facet normal 0.000000e+00 0.000000e+00 -1.000000e+00
    outer loop
      vertex   3.471887e+01 1.675018e+01 -2.790000e+01
      vertex   3.071883e+01 1.681982e+01 -2.790000e+01
      vertex   3.071883e+01 1.834222e+01 -2.790000e+01
    endloop
  endfacet
  facet normal 0.000000e+00 0.000000e+00 -1.000000e+00
    outer loop
      vertex   3.471887e+01 1.675018e+01 -2.790000e+01
      vertex   3.071883e+01 1.834222e+01 -2.790000e+01
      vertex   3.471887e+01 1.841186e+01 -2.790000e+01
    endloop
  endfacet
  facet normal -0.000000e+00 0.000000e+00 -1.000000e+00
    outer loop
      vertex   3.471887e+01 1.841186e+01 -2.790000e+01
      vertex   3.071883e+01 1.834222e+01 -2.790000e+01
      vertex   3.460669e+01 2.006976e+01 -2.790000e+01
    endloop
  endfacet
  facet normal 0.000000e+00 0.000000e+00 -1.000000e+00
    outer loop
      vertex   3.460669e+01 2.006976e+01 -2.790000e+01
      vertex   3.071883e+01 1.834222e+01 -2.790000e+01
      vertex   3.060640e+01 1.986046e+01 -2.790000e+01
    endloop
  endfacet
  facet normal -0.000000e+00 0.000000e+00 -1.000000e+00
    outer loop
      vertex   3.460669e+01 2.006976e+01 -2.790000e+01
      vertex   3.060640e+01 1.986046e+01 -2.790000e+01
      vertex   3.438284e+01 2.171630e+01 -2.790000e+01
    endloop
  endfacet
  facet normal 0.000000e+00 0.000000e+00 -1.000000e+00
    outer loop
      vertex   3.438284e+01 2.171630e+01 -2.790000e+01
      vertex   3.060640e+01 1.986046e+01 -2.790000e+01
      vertex   3.038215e+01 2.136626e+01 -2.790000e+01
    endloop
  endfacet
  facet normal -0.000000e+00 0.000000e+00 -1.000000e+00
    outer loop
      vertex   3.438284e+01 2.171630e+01 -2.790000e+01
      vertex   3.038215e+01 2.136626e+01 -2.790000e+01
      vertex   3.404834e+01 2.334397e+01 -2.790000e+01
    endloop
  endfacet
  facet normal 0.000000e+00 0.000000e+00 -1.000000e+00
    outer loop
      vertex   3.404834e+01 2.334397e+01 -2.790000e+01
      vertex   3.038215e+01 2.136626e+01 -2.790000e+01
      vertex   3.004730e+01 2.285138e+01 -2.790000e+01
    endloop
  endfacet
  facet normal -0.000000e+00 0.000000e+00 -1.000000e+00
    outer loop
      vertex   3.404834e+01 2.334397e+01 -2.790000e+01
      vertex   3.004730e+01 2.285138e+01 -2.790000e+01
      vertex   3.360473e+01 2.494535e+01 -2.790000e+01
    endloop
  endfacet
  facet normal 0.000000e+00 0.000000e+00 -1.000000e+00
    outer loop
      vertex   3.360473e+01 2.494535e+01 -2.790000e+01
      vertex   3.004730e+01 2.285138e+01 -2.790000e+01
      vertex   2.960369e+01 2.430772e+01 -2.790000e+01
    endloop
  endfacet
  facet normal -0.000000e+00 0.000000e+00 -1.000000e+00
    outer loop
      vertex   3.360473e+01 2.494535e+01 -2.790000e+01
      vertex   2.960369e+01 2.430772e+01 -2.790000e+01
      vertex   3.305402e+01 2.651313e+01 -2.790000e+01
    endloop
  endfacet
  facet normal 0.000000e+00 0.000000e+00 -1.000000e+00
    outer loop
      vertex   3.305402e+01 2.651313e+01 -2.790000e+01
      vertex   2.960369e+01 2.430772e+01 -2.790000e+01
      vertex   2.905373e+01 2.572731e+01 -2.790000e+01
    endloop
  endfacet
  facet normal -0.000000e+00 0.000000e+00 -1.000000e+00
    outer loop
      vertex   3.305402e+01 2.651313e+01 -2.790000e+01
      vertex   2.905373e+01 2.572731e+01 -2.790000e+01
      vertex   3.239872e+01 2.804015e+01 -2.790000e+01
    endloop
  endfacet
  facet normal 0.000000e+00 0.000000e+00 -1.000000e+00
    outer loop
      vertex   3.239872e+01 2.804015e+01 -2.790000e+01
      vertex   2.905373e+01 2.572731e+01 -2.790000e+01
      vertex   2.840044e+01 2.710242e+01 -2.790000e+01
    endloop
  endfacet
  facet normal -0.000000e+00 0.000000e+00 -1.000000e+00
    outer loop
      vertex   3.239872e+01 2.804015e+01 -2.790000e+01
      vertex   2.840044e+01 2.710242e+01 -2.790000e+01
      vertex   3.164183e+01 2.951945e+01 -2.790000e+01
    endloop
  endfacet
  facet normal 0.000000e+00 0.000000e+00 -1.000000e+00
    outer loop
      vertex   3.164183e+01 2.951945e+01 -2.790000e+01
      vertex   2.840044e+01 2.710242e+01 -2.790000e+01
      vertex   2.764738e+01 2.842552e+01 -2.790000e+01
    endloop
  endfacet
  facet normal -0.000000e+00 0.000000e+00 -1.000000e+00
    outer loop
      vertex   3.164183e+01 2.951945e+01 -2.790000e+01
      vertex   2.764738e+01 2.842552e+01 -2.790000e+01
      vertex   3.078680e+01 3.094427e+01 -2.790000e+01
    endloop
  endfacet
  facet normal 0.000000e+00 0.000000e+00 -1.000000e+00
    outer loop
      vertex   3.078680e+01 3.094427e+01 -2.790000e+01
      vertex   2.764738e+01 2.842552e+01 -2.790000e+01
      vertex   2.679865e+01 2.968940e+01 -2.790000e+01
    endloop
  endfacet
  facet normal -0.000000e+00 0.000000e+00 -1.000000e+00
    outer loop
      vertex   3.078680e+01 3.094427e+01 -2.790000e+01
      vertex   2.679865e+01 2.968940e+01 -2.790000e+01
      vertex   2.983753e+01 3.230813e+01 -2.790000e+01
    endloop
  endfacet
  facet normal 0.000000e+00 0.000000e+00 -1.000000e+00
    outer loop
      vertex   2.983753e+01 3.230813e+01 -2.790000e+01
      vertex   2.679865e+01 2.968940e+01 -2.790000e+01
      vertex   2.585891e+01 3.088714e+01 -2.790000e+01
    endloop
  endfacet
  facet normal -0.000000e+00 0.000000e+00 -1.000000e+00
    outer loop
      vertex   2.983753e+01 3.230813e+01 -2.790000e+01
      vertex   2.585891e+01 3.088714e+01 -2.790000e+01
      vertex   2.879835e+01 3.360478e+01 -2.790000e+01
    endloop
  endfacet
  facet normal 0.000000e+00 0.000000e+00 -1.000000e+00
    outer loop
      vertex   2.879835e+01 3.360478e+01 -2.790000e+01
      vertex   2.585891e+01 3.088714e+01 -2.790000e+01
      vertex   2.483327e+01 3.201221e+01 -2.790000e+01
    endloop
  endfacet
  facet normal -0.000000e+00 0.000000e+00 -1.000000e+00
    outer loop
      vertex   2.879835e+01 3.360478e+01 -2.790000e+01
      vertex   2.483327e+01 3.201221e+01 -2.790000e+01
      vertex   2.767401e+01 3.482833e+01 -2.790000e+01
    endloop
  endfacet
  facet normal -0.000000e+00 0.000000e+00 -1.000000e+00
    outer loop
      vertex   2.767401e+01 3.482833e+01 -2.790000e+01
      vertex   2.483327e+01 3.201221e+01 -2.790000e+01
      vertex   2.646963e+01 3.597317e+01 -2.790000e+01
    endloop
  endfacet
  facet normal 0.000000e+00 0.000000e+00 -1.000000e+00
    outer loop
      vertex   2.646963e+01 3.597317e+01 -2.790000e+01
      vertex   2.483327e+01 3.201221e+01 -2.790000e+01
      vertex   2.372735e+01 3.305846e+01 -2.790000e+01
    endloop
  endfacet
  facet normal -0.000000e+00 0.000000e+00 -1.000000e+00
    outer loop
      vertex   2.646963e+01 3.597317e+01 -2.790000e+01
      vertex   2.372735e+01 3.305846e+01 -2.790000e+01
      vertex   2.519071e+01 3.703410e+01 -2.790000e+01
    endloop
  endfacet
  facet normal 0.000000e+00 0.000000e+00 -1.000000e+00
    outer loop
      vertex   2.519071e+01 3.703410e+01 -2.790000e+01
      vertex   2.372735e+01 3.305846e+01 -2.790000e+01
      vertex   2.254718e+01 3.402017e+01 -2.790000e+01
    endloop
  endfacet
  facet normal -0.000000e+00 0.000000e+00 -1.000000e+00
    outer loop
      vertex   2.519071e+01 3.703410e+01 -2.790000e+01
      vertex   2.254718e+01 3.402017e+01 -2.790000e+01
      vertex   2.384308e+01 3.800627e+01 -2.790000e+01
    endloop
  endfacet
  facet normal 0.000000e+00 0.000000e+00 -1.000000e+00
    outer loop
      vertex   2.384308e+01 3.800627e+01 -2.790000e+01
      vertex   2.254718e+01 3.402017e+01 -2.790000e+01
      vertex   2.129920e+01 3.489211e+01 -2.790000e+01
    endloop
  endfacet
  facet normal -0.000000e+00 0.000000e+00 -1.000000e+00
    outer loop
      vertex   2.384308e+01 3.800627e+01 -2.790000e+01
      vertex   2.129920e+01 3.489211e+01 -2.790000e+01
      vertex   2.243290e+01 3.888524e+01 -2.790000e+01
    endloop
  endfacet
  facet normal 0.000000e+00 0.000000e+00 -1.000000e+00
    outer loop
      vertex   2.243290e+01 3.888524e+01 -2.790000e+01
      vertex   2.129920e+01 3.489211e+01 -2.790000e+01
      vertex   1.999024e+01 3.566949e+01 -2.790000e+01
    endloop
  endfacet
  facet normal -0.000000e+00 0.000000e+00 -1.000000e+00
    outer loop
      vertex   2.243290e+01 3.888524e+01 -2.790000e+01
      vertex   1.999024e+01 3.566949e+01 -2.790000e+01
      vertex   2.096660e+01 3.966701e+01 -2.790000e+01
    endloop
  endfacet
  facet normal 0.000000e+00 0.000000e+00 -1.000000e+00
    outer loop
      vertex   2.096660e+01 3.966701e+01 -2.790000e+01
      vertex   1.999024e+01 3.566949e+01 -2.790000e+01
      vertex   1.862744e+01 3.634809e+01 -2.790000e+01
    endloop
  endfacet
  facet normal -0.000000e+00 0.000000e+00 -1.000000e+00
    outer loop
      vertex   2.096660e+01 3.966701e+01 -2.790000e+01
      vertex   1.862744e+01 3.634809e+01 -2.790000e+01
      vertex   1.945086e+01 4.034800e+01 -2.790000e+01
    endloop
  endfacet
  facet normal 0.000000e+00 0.000000e+00 -1.000000e+00
    outer loop
      vertex   1.945086e+01 4.034800e+01 -2.790000e+01
      vertex   1.862744e+01 3.634809e+01 -2.790000e+01
      vertex   1.721825e+01 3.692418e+01 -2.790000e+01
    endloop
  endfacet
  facet normal -0.000000e+00 0.000000e+00 -1.000000e+00
    outer loop
      vertex   1.945086e+01 4.034800e+01 -2.790000e+01
      vertex   1.721825e+01 3.692418e+01 -2.790000e+01
      vertex   1.789261e+01 4.092512e+01 -2.790000e+01
    endloop
  endfacet
  facet normal 0.000000e+00 0.000000e+00 -1.000000e+00
    outer loop
      vertex   1.789261e+01 4.092512e+01 -2.790000e+01
      vertex   1.721825e+01 3.692418e+01 -2.790000e+01
      vertex   1.577036e+01 3.739463e+01 -2.790000e+01
    endloop
  endfacet
  facet normal -0.000000e+00 0.000000e+00 -1.000000e+00
    outer loop
      vertex   1.789261e+01 4.092512e+01 -2.790000e+01
      vertex   1.577036e+01 3.739463e+01 -2.790000e+01
      vertex   1.629896e+01 4.139572e+01 -2.790000e+01
    endloop
  endfacet
  facet normal 0.000000e+00 0.000000e+00 -1.000000e+00
    outer loop
      vertex   1.629896e+01 4.139572e+01 -2.790000e+01
      vertex   1.577036e+01 3.739463e+01 -2.790000e+01
      vertex   1.429168e+01 3.775686e+01 -2.790000e+01
    endloop
  endfacet
  facet normal -0.000000e+00 0.000000e+00 -1.000000e+00
    outer loop
      vertex   1.629896e+01 4.139572e+01 -2.790000e+01
      vertex   1.429168e+01 3.775686e+01 -2.790000e+01
      vertex   1.467716e+01 4.175765e+01 -2.790000e+01
    endloop
  endfacet
  facet normal 0.000000e+00 0.000000e+00 -1.000000e+00
    outer loop
      vertex   1.467716e+01 4.175765e+01 -2.790000e+01
      vertex   1.429168e+01 3.775686e+01 -2.790000e+01
      vertex   1.279029e+01 3.800890e+01 -2.790000e+01
    endloop
  endfacet
  facet normal -0.000000e+00 0.000000e+00 -1.000000e+00
    outer loop
      vertex   1.467716e+01 4.175765e+01 -2.790000e+01
      vertex   1.279029e+01 3.800890e+01 -2.790000e+01
      vertex   1.303464e+01 4.200928e+01 -2.790000e+01
    endloop
  endfacet
  facet normal 0.000000e+00 0.000000e+00 -1.000000e+00
    outer loop
      vertex   1.303464e+01 4.200928e+01 -2.790000e+01
      vertex   1.279029e+01 3.800890e+01 -2.790000e+01
      vertex   1.127438e+01 3.814937e+01 -2.790000e+01
    endloop
  endfacet
  facet normal -0.000000e+00 0.000000e+00 -1.000000e+00
    outer loop
      vertex   1.303464e+01 4.200928e+01 -2.790000e+01
      vertex   1.127438e+01 3.814937e+01 -2.790000e+01
      vertex   1.137887e+01 4.214945e+01 -2.790000e+01
    endloop
  endfacet
  facet normal 0.000000e+00 0.000000e+00 -1.000000e+00
    outer loop
      vertex   1.137887e+01 4.214945e+01 -2.790000e+01
      vertex   1.127438e+01 3.814937e+01 -2.790000e+01
      vertex   9.752237e+00 3.817750e+01 -2.790000e+01
    endloop
  endfacet
  facet normal -0.000000e+00 0.000000e+00 -1.000000e+00
    outer loop
      vertex   1.137887e+01 4.214945e+01 -2.790000e+01
      vertex   9.752237e+00 3.817750e+01 -2.790000e+01
      vertex   9.717422e+00 4.217751e+01 -2.790000e+01
    endloop
  endfacet
  facet normal 0.000000e+00 -0.000000e+00 -1.000000e+00
    outer loop
      vertex   9.717422e+00 4.217751e+01 -2.790000e+01
      vertex   9.752237e+00 3.817750e+01 -2.790000e+01
      vertex   8.057867e+00 4.209335e+01 -2.790000e+01
    endloop
  endfacet
  facet normal 0.000000e+00 0.000000e+00 -1.000000e+00
    outer loop
      vertex   8.057867e+00 4.209335e+01 -2.790000e+01
      vertex   9.752237e+00 3.817750e+01 -2.790000e+01
      vertex   8.232175e+00 3.809314e+01 -2.790000e+01
    endloop
  endfacet
  facet normal 0.000000e+00 -0.000000e+00 -1.000000e+00
    outer loop
      vertex   8.057867e+00 4.209335e+01 -2.790000e+01
      vertex   8.232175e+00 3.809314e+01 -2.790000e+01
      vertex   6.407780e+00 4.189734e+01 -2.790000e+01
    endloop
  endfacet
  facet normal 0.000000e+00 0.000000e+00 -1.000000e+00
    outer loop
      vertex   6.407780e+00 4.189734e+01 -2.790000e+01
      vertex   8.232175e+00 3.809314e+01 -2.790000e+01
      vertex   6.722493e+00 3.789675e+01 -2.790000e+01
    endloop
  endfacet
  facet normal 0.000000e+00 -0.000000e+00 -1.000000e+00
    outer loop
      vertex   6.407780e+00 4.189734e+01 -2.790000e+01
      vertex   6.722493e+00 3.789675e+01 -2.790000e+01
      vertex   4.774689e+00 4.159038e+01 -2.790000e+01
    endloop
  endfacet
  facet normal 0.000000e+00 0.000000e+00 -1.000000e+00
    outer loop
      vertex   4.774689e+00 4.159038e+01 -2.790000e+01
      vertex   6.722493e+00 3.789675e+01 -2.790000e+01
      vertex   5.231438e+00 3.758941e+01 -2.790000e+01
    endloop
  endfacet
  facet normal 0.000000e+00 -0.000000e+00 -1.000000e+00
    outer loop
      vertex   4.774689e+00 4.159038e+01 -2.790000e+01
      vertex   5.231438e+00 3.758941e+01 -2.790000e+01
      vertex   3.166047e+00 4.117388e+01 -2.790000e+01
    endloop
  endfacet
  facet normal 0.000000e+00 0.000000e+00 -1.000000e+00
    outer loop
      vertex   3.166047e+00 4.117388e+01 -2.790000e+01
      vertex   5.231438e+00 3.758941e+01 -2.790000e+01
      vertex   3.767153e+00 3.717278e+01 -2.790000e+01
    endloop
  endfacet
  facet normal 0.000000e+00 -0.000000e+00 -1.000000e+00
    outer loop
      vertex   3.166047e+00 4.117388e+01 -2.790000e+01
      vertex   3.767153e+00 3.717278e+01 -2.790000e+01
      vertex   1.589194e+00 4.064972e+01 -2.790000e+01
    endloop
  endfacet
  facet normal 0.000000e+00 0.000000e+00 -1.000000e+00
    outer loop
      vertex   1.589194e+00 4.064972e+01 -2.790000e+01
      vertex   3.767153e+00 3.717278e+01 -2.790000e+01
      vertex   2.337635e+00 3.664916e+01 -2.790000e+01
    endloop
  endfacet
  facet normal 0.000000e+00 -0.000000e+00 -1.000000e+00
    outer loop
      vertex   1.589194e+00 4.064972e+01 -2.790000e+01
      vertex   2.337635e+00 3.664916e+01 -2.790000e+01
      vertex   5.132285e-02 4.002031e+01 -2.790000e+01
    endloop
  endfacet
  facet normal 0.000000e+00 0.000000e+00 -1.000000e+00
    outer loop
      vertex   5.132285e-02 4.002031e+01 -2.790000e+01
      vertex   2.337635e+00 3.664916e+01 -2.790000e+01
      vertex   9.506927e-01 3.602138e+01 -2.790000e+01
    endloop
  endfacet
  facet normal 0.000000e+00 -0.000000e+00 -1.000000e+00
    outer loop
      vertex   5.132285e-02 4.002031e+01 -2.790000e+01
      vertex   9.506927e-01 3.602138e+01 -2.790000e+01
      vertex   -1.440548e+00 3.928851e+01 -2.790000e+01
    endloop
  endfacet
  facet normal 0.000000e+00 0.000000e+00 -1.000000e+00
    outer loop
      vertex   -1.440548e+00 3.928851e+01 -2.790000e+01
      vertex   9.506927e-01 3.602138e+01 -2.790000e+01
      vertex   -3.860997e-01 3.529290e+01 -2.790000e+01
    endloop
  endfacet
  facet normal 0.000000e+00 -0.000000e+00 -1.000000e+00
    outer loop
      vertex   -1.440548e+00 3.928851e+01 -2.790000e+01
      vertex   -3.860997e-01 3.529290e+01 -2.790000e+01
      vertex   -2.879612e+00 3.845767e+01 -2.790000e+01
    endloop
  endfacet
  facet normal 0.000000e+00 0.000000e+00 -1.000000e+00
    outer loop
      vertex   -2.879612e+00 3.845767e+01 -2.790000e+01
      vertex   -3.860997e-01 3.529290e+01 -2.790000e+01
      vertex   -1.665441e+00 3.446767e+01 -2.790000e+01
    endloop
  endfacet
  facet normal 0.000000e+00 -0.000000e+00 -1.000000e+00
    outer loop
      vertex   -2.879612e+00 3.845767e+01 -2.790000e+01
      vertex   -1.665441e+00 3.446767e+01 -2.790000e+01
      vertex   -4.259303e+00 3.753157e+01 -2.790000e+01
    endloop
  endfacet
  facet normal 0.000000e+00 0.000000e+00 -1.000000e+00
    outer loop
      vertex   -4.259303e+00 3.753157e+01 -2.790000e+01
      vertex   -1.665441e+00 3.446767e+01 -2.790000e+01
      vertex   -2.880344e+00 3.355022e+01 -2.790000e+01
    endloop
  endfacet
  facet normal 0.000000e+00 -0.000000e+00 -1.000000e+00
    outer loop
      vertex   -4.259303e+00 3.753157e+01 -2.790000e+01
      vertex   -2.880344e+00 3.355022e+01 -2.790000e+01
      vertex   -5.573325e+00 3.651444e+01 -2.790000e+01
    endloop
  endfacet
  facet normal 0.000000e+00 0.000000e+00 -1.000000e+00
    outer loop
      vertex   -5.573325e+00 3.651444e+01 -2.790000e+01
      vertex   -2.880344e+00 3.355022e+01 -2.790000e+01
      vertex   -4.024173e+00 3.254555e+01 -2.790000e+01
    endloop
  endfacet
  facet normal 0.000000e+00 -0.000000e+00 -1.000000e+00
    outer loop
      vertex   -5.573325e+00 3.651444e+01 -2.790000e+01
      vertex   -4.024173e+00 3.254555e+01 -2.790000e+01
      vertex   -6.815683e+00 3.541092e+01 -2.790000e+01
    endloop
  endfacet
  facet normal 0.000000e+00 -0.000000e+00 -1.000000e+00
    outer loop
      vertex   -6.815683e+00 3.541092e+01 -2.790000e+01
      vertex   -4.024173e+00 3.254555e+01 -2.790000e+01
      vertex   -7.980709e+00 3.422605e+01 -2.790000e+01
    endloop
  endfacet
  facet normal 0.000000e+00 0.000000e+00 -1.000000e+00
    outer loop
      vertex   -7.980709e+00 3.422605e+01 -2.790000e+01
      vertex   -4.024173e+00 3.254555e+01 -2.790000e+01
      vertex   -5.090681e+00 3.145915e+01 -2.790000e+01
    endloop
  endfacet
  facet normal 0.000000e+00 -0.000000e+00 -1.000000e+00
    outer loop
      vertex   -7.980709e+00 3.422605e+01 -2.790000e+01
      vertex   -5.090681e+00 3.145915e+01 -2.790000e+01
      vertex   -9.063087e+00 3.296523e+01 -2.790000e+01
    endloop
  endfacet
  facet normal 0.000000e+00 0.000000e+00 -1.000000e+00
    outer loop
      vertex   -9.063087e+00 3.296523e+01 -2.790000e+01
      vertex   -5.090681e+00 3.145915e+01 -2.790000e+01
      vertex   -6.074043e+00 3.029695e+01 -2.790000e+01
    endloop
  endfacet
  facet normal 0.000000e+00 -0.000000e+00 -1.000000e+00
    outer loop
      vertex   -9.063087e+00 3.296523e+01 -2.790000e+01
      vertex   -6.074043e+00 3.029695e+01 -2.790000e+01
      vertex   -1.005788e+01 3.163422e+01 -2.790000e+01
    endloop
  endfacet
  facet normal 0.000000e+00 0.000000e+00 -1.000000e+00
    outer loop
      vertex   -1.005788e+01 3.163422e+01 -2.790000e+01
      vertex   -6.074043e+00 3.029695e+01 -2.790000e+01
      vertex   -6.968888e+00 2.906530e+01 -2.790000e+01
    endloop
  endfacet
  facet normal 0.000000e+00 -0.000000e+00 -1.000000e+00
    outer loop
      vertex   -1.005788e+01 3.163422e+01 -2.790000e+01
      vertex   -6.968888e+00 2.906530e+01 -2.790000e+01
      vertex   -1.096054e+01 3.023908e+01 -2.790000e+01
    endloop
  endfacet
  facet normal 0.000000e+00 0.000000e+00 -1.000000e+00
    outer loop
      vertex   -1.096054e+01 3.023908e+01 -2.790000e+01
      vertex   -6.968888e+00 2.906530e+01 -2.790000e+01
      vertex   -7.770329e+00 2.777093e+01 -2.790000e+01
    endloop
  endfacet
  facet normal 0.000000e+00 -0.000000e+00 -1.000000e+00
    outer loop
      vertex   -1.096054e+01 3.023908e+01 -2.790000e+01
      vertex   -7.770329e+00 2.777093e+01 -2.790000e+01
      vertex   -1.176696e+01 2.878619e+01 -2.790000e+01
    endloop
  endfacet
  facet normal 0.000000e+00 0.000000e+00 -1.000000e+00
    outer loop
      vertex   -1.176696e+01 2.878619e+01 -2.790000e+01
      vertex   -7.770329e+00 2.777093e+01 -2.790000e+01
      vertex   -8.473989e+00 2.642090e+01 -2.790000e+01
    endloop
  endfacet
  facet normal 0.000000e+00 -0.000000e+00 -1.000000e+00
    outer loop
      vertex   -1.176696e+01 2.878619e+01 -2.790000e+01
      vertex   -8.473989e+00 2.642090e+01 -2.790000e+01
      vertex   -1.247346e+01 2.728217e+01 -2.790000e+01
    endloop
  endfacet
  facet normal 0.000000e+00 0.000000e+00 -1.000000e+00
    outer loop
      vertex   -1.247346e+01 2.728217e+01 -2.790000e+01
      vertex   -8.473989e+00 2.642090e+01 -2.790000e+01
      vertex   -9.076025e+00 2.502260e+01 -2.790000e+01
    endloop
  endfacet
  facet normal 0.000000e+00 -0.000000e+00 -1.000000e+00
    outer loop
      vertex   -1.247346e+01 2.728217e+01 -2.790000e+01
      vertex   -9.076025e+00 2.502260e+01 -2.790000e+01
      vertex   -1.307681e+01 2.573389e+01 -2.790000e+01
    endloop
  endfacet
  facet normal 0.000000e+00 0.000000e+00 -1.000000e+00
    outer loop
      vertex   -1.307681e+01 2.573389e+01 -2.790000e+01
      vertex   -9.076025e+00 2.502260e+01 -2.790000e+01
      vertex   -9.573148e+00 2.358365e+01 -2.790000e+01
    endloop
  endfacet
  facet normal 0.000000e+00 -0.000000e+00 -1.000000e+00
    outer loop
      vertex   -1.307681e+01 2.573389e+01 -2.790000e+01
      vertex   -9.573148e+00 2.358365e+01 -2.790000e+01
      vertex   -1.357426e+01 2.414841e+01 -2.790000e+01
    endloop
  endfacet
  facet normal 0.000000e+00 0.000000e+00 -1.000000e+00
    outer loop
      vertex   -1.357426e+01 2.414841e+01 -2.790000e+01
      vertex   -9.573148e+00 2.358365e+01 -2.790000e+01
      vertex   -9.962644e+00 2.211191e+01 -2.790000e+01
    endloop
  endfacet
  facet normal 0.000000e+00 -0.000000e+00 -1.000000e+00
    outer loop
      vertex   -1.357426e+01 2.414841e+01 -2.790000e+01
      vertex   -9.962644e+00 2.211191e+01 -2.790000e+01
      vertex   -1.396353e+01 2.253296e+01 -2.790000e+01
    endloop
  endfacet
  facet normal 0.000000e+00 0.000000e+00 -1.000000e+00
    outer loop
      vertex   -1.396353e+01 2.253296e+01 -2.790000e+01
      vertex   -9.962644e+00 2.211191e+01 -2.790000e+01
      vertex   -1.024238e+01 2.061543e+01 -2.790000e+01
    endloop
  endfacet
  facet normal 0.000000e+00 -0.000000e+00 -1.000000e+00
    outer loop
      vertex   -1.396353e+01 2.253296e+01 -2.790000e+01
      vertex   -1.024238e+01 2.061543e+01 -2.790000e+01
      vertex   -1.424286e+01 2.089492e+01 -2.790000e+01
    endloop
  endfacet
  facet normal 0.000000e+00 0.000000e+00 -1.000000e+00
    outer loop
      vertex   -1.424286e+01 2.089492e+01 -2.790000e+01
      vertex   -1.024238e+01 2.061543e+01 -2.790000e+01
      vertex   -1.041084e+01 1.910238e+01 -2.790000e+01
    endloop
  endfacet
  facet normal 0.000000e+00 -0.000000e+00 -1.000000e+00
    outer loop
      vertex   -1.424286e+01 2.089492e+01 -2.790000e+01
      vertex   -1.041084e+01 1.910238e+01 -2.790000e+01
      vertex   -1.441098e+01 1.924176e+01 -2.790000e+01
    endloop
  endfacet
  facet normal 0.000000e+00 0.000000e+00 -1.000000e+00
    outer loop
      vertex   -1.441098e+01 1.924176e+01 -2.790000e+01
      vertex   -1.041084e+01 1.910238e+01 -2.790000e+01
      vertex   -1.046710e+01 1.758102e+01 -2.790000e+01
    endloop
  endfacet
  facet normal 9.993171e-01 3.695150e-02 0.000000e+00
    outer loop
      vertex   -1.041084e+01 1.605966e+01 -2.500000e+00
      vertex   -1.041084e+01 1.605966e+01 -2.790000e+01
      vertex   -1.046710e+01 1.758102e+01 -2.500000e+00
    endloop
  endfacet
  facet normal 9.993171e-01 3.695150e-02 0.000000e+00
    outer loop
      vertex   -1.046710e+01 1.758102e+01 -2.500000e+00
      vertex   -1.041084e+01 1.605966e+01 -2.790000e+01
      vertex   -1.046710e+01 1.758102e+01 -2.790000e+01
    endloop
  endfacet
  facet normal 9.993171e-01 -3.695150e-02 0.000000e+00
    outer loop
      vertex   -1.046710e+01 1.758102e+01 -2.500000e+00
      vertex   -1.046710e+01 1.758102e+01 -2.790000e+01
      vertex   -1.041084e+01 1.910238e+01 -2.500000e+00
    endloop
  endfacet
  facet normal 9.993171e-01 -3.695150e-02 0.000000e+00
    outer loop
      vertex   -1.041084e+01 1.910238e+01 -2.500000e+00
      vertex   -1.046710e+01 1.758102e+01 -2.790000e+01
      vertex   -1.041084e+01 1.910238e+01 -2.790000e+01
    endloop
  endfacet
  facet normal 9.938591e-01 -1.106527e-01 0.000000e+00
    outer loop
      vertex   -1.041084e+01 1.910238e+01 -2.500000e+00
      vertex   -1.041084e+01 1.910238e+01 -2.790000e+01
      vertex   -1.024238e+01 2.061543e+01 -2.500000e+00
    endloop
  endfacet
  facet normal 9.938591e-01 -1.106527e-01 0.000000e+00
    outer loop
      vertex   -1.024238e+01 2.061543e+01 -2.500000e+00
      vertex   -1.041084e+01 1.910238e+01 -2.790000e+01
      vertex   -1.024238e+01 2.061543e+01 -2.790000e+01
    endloop
  endfacet
  facet normal 9.829731e-01 -1.837495e-01 0.000000e+00
    outer loop
      vertex   -1.024238e+01 2.061543e+01 -2.500000e+00
      vertex   -1.024238e+01 2.061543e+01 -2.790000e+01
      vertex   -9.962644e+00 2.211191e+01 -2.500000e+00
    endloop
  endfacet
  facet normal 9.829731e-01 -1.837495e-01 0.000000e+00
    outer loop
      vertex   -9.962644e+00 2.211191e+01 -2.500000e+00
      vertex   -1.024238e+01 2.061543e+01 -2.790000e+01
      vertex   -9.962644e+00 2.211191e+01 -2.790000e+01
    endloop
  endfacet
  facet normal 9.667184e-01 -2.558428e-01 0.000000e+00
    outer loop
      vertex   -9.962644e+00 2.211191e+01 -2.500000e+00
      vertex   -9.962644e+00 2.211191e+01 -2.790000e+01
      vertex   -9.573148e+00 2.358365e+01 -2.500000e+00
    endloop
  endfacet
  facet normal 9.667184e-01 -2.558428e-01 0.000000e+00
    outer loop
      vertex   -9.573148e+00 2.358365e+01 -2.500000e+00
      vertex   -9.962644e+00 2.211191e+01 -2.790000e+01
      vertex   -9.573148e+00 2.358365e+01 -2.790000e+01
    endloop
  endfacet
  facet normal 9.451838e-01 -3.265387e-01 0.000000e+00
    outer loop
      vertex   -9.573148e+00 2.358365e+01 -2.500000e+00
      vertex   -9.573148e+00 2.358365e+01 -2.790000e+01
      vertex   -9.076025e+00 2.502260e+01 -2.500000e+00
    endloop
  endfacet
  facet normal 9.451838e-01 -3.265387e-01 0.000000e+00
    outer loop
      vertex   -9.076025e+00 2.502260e+01 -2.500000e+00
      vertex   -9.573148e+00 2.358365e+01 -2.790000e+01
      vertex   -9.076025e+00 2.502260e+01 -2.790000e+01
    endloop
  endfacet
  facet normal 9.184870e-01 -3.954512e-01 0.000000e+00
    outer loop
      vertex   -9.076025e+00 2.502260e+01 -2.500000e+00
      vertex   -9.076025e+00 2.502260e+01 -2.790000e+01
      vertex   -8.473989e+00 2.642090e+01 -2.500000e+00
    endloop
  endfacet
  facet normal 9.184870e-01 -3.954512e-01 0.000000e+00
    outer loop
      vertex   -8.473989e+00 2.642090e+01 -2.500000e+00
      vertex   -9.076025e+00 2.502260e+01 -2.790000e+01
      vertex   -8.473989e+00 2.642090e+01 -2.790000e+01
    endloop
  endfacet
  facet normal 8.867737e-01 -4.622039e-01 0.000000e+00
    outer loop
      vertex   -8.473989e+00 2.642090e+01 -2.500000e+00
      vertex   -8.473989e+00 2.642090e+01 -2.790000e+01
      vertex   -7.770329e+00 2.777093e+01 -2.500000e+00
    endloop
  endfacet
  facet normal 8.867737e-01 -4.622039e-01 0.000000e+00
    outer loop
      vertex   -7.770329e+00 2.777093e+01 -2.500000e+00
      vertex   -8.473989e+00 2.642090e+01 -2.790000e+01
      vertex   -7.770329e+00 2.777093e+01 -2.790000e+01
    endloop
  endfacet
  facet normal 8.502171e-01 -5.264322e-01 0.000000e+00
    outer loop
      vertex   -7.770329e+00 2.777093e+01 -2.500000e+00
      vertex   -7.770329e+00 2.777093e+01 -2.790000e+01
      vertex   -6.968888e+00 2.906530e+01 -2.500000e+00
    endloop
  endfacet
  facet normal 8.502171e-01 -5.264322e-01 0.000000e+00
    outer loop
      vertex   -6.968888e+00 2.906530e+01 -2.500000e+00
      vertex   -7.770329e+00 2.777093e+01 -2.790000e+01
      vertex   -6.968888e+00 2.906530e+01 -2.790000e+01
    endloop
  endfacet
  facet normal 8.090170e-01 -5.877853e-01 0.000000e+00
    outer loop
      vertex   -6.968888e+00 2.906530e+01 -2.500000e+00
      vertex   -6.968888e+00 2.906530e+01 -2.790000e+01
      vertex   -6.074043e+00 3.029695e+01 -2.500000e+00
    endloop
  endfacet
  facet normal 8.090170e-01 -5.877853e-01 0.000000e+00
    outer loop
      vertex   -6.074043e+00 3.029695e+01 -2.500000e+00
      vertex   -6.968888e+00 2.906530e+01 -2.790000e+01
      vertex   -6.074043e+00 3.029695e+01 -2.790000e+01
    endloop
  endfacet
  facet normal 7.633983e-01 -6.459281e-01 0.000000e+00
    outer loop
      vertex   -6.074043e+00 3.029695e+01 -2.500000e+00
      vertex   -6.074043e+00 3.029695e+01 -2.790000e+01
      vertex   -5.090681e+00 3.145915e+01 -2.500000e+00
    endloop
  endfacet
  facet normal 7.633983e-01 -6.459281e-01 0.000000e+00
    outer loop
      vertex   -5.090681e+00 3.145915e+01 -2.500000e+00
      vertex   -6.074043e+00 3.029695e+01 -2.790000e+01
      vertex   -5.090681e+00 3.145915e+01 -2.790000e+01
    endloop
  endfacet
  facet normal 7.136102e-01 -7.005430e-01 0.000000e+00
    outer loop
      vertex   -5.090681e+00 3.145915e+01 -2.500000e+00
      vertex   -5.090681e+00 3.145915e+01 -2.790000e+01
      vertex   -4.024173e+00 3.254555e+01 -2.500000e+00
    endloop
  endfacet
  facet normal 7.136102e-01 -7.005430e-01 0.000000e+00
    outer loop
      vertex   -4.024173e+00 3.254555e+01 -2.500000e+00
      vertex   -5.090681e+00 3.145915e+01 -2.790000e+01
      vertex   -4.024173e+00 3.254555e+01 -2.790000e+01
    endloop
  endfacet
  facet normal 6.599245e-01 -7.513319e-01 0.000000e+00
    outer loop
      vertex   -4.024173e+00 3.254555e+01 -2.500000e+00
      vertex   -4.024173e+00 3.254555e+01 -2.790000e+01
      vertex   -2.880344e+00 3.355022e+01 -2.500000e+00
    endloop
  endfacet
  facet normal 6.599245e-01 -7.513319e-01 0.000000e+00
    outer loop
      vertex   -2.880344e+00 3.355022e+01 -2.500000e+00
      vertex   -4.024173e+00 3.254555e+01 -2.790000e+01
      vertex   -2.880344e+00 3.355022e+01 -2.790000e+01
    endloop
  endfacet
  facet normal 6.026346e-01 -7.980172e-01 0.000000e+00
    outer loop
      vertex   -2.880344e+00 3.355022e+01 -2.500000e+00
      vertex   -2.880344e+00 3.355022e+01 -2.790000e+01
      vertex   -1.665441e+00 3.446767e+01 -2.500000e+00
    endloop
  endfacet
  facet normal 6.026346e-01 -7.980172e-01 0.000000e+00
    outer loop
      vertex   -1.665441e+00 3.446767e+01 -2.500000e+00
      vertex   -2.880344e+00 3.355022e+01 -2.790000e+01
      vertex   -1.665441e+00 3.446767e+01 -2.790000e+01
    endloop
  endfacet
  facet normal 5.420534e-01 -8.403441e-01 0.000000e+00
    outer loop
      vertex   -1.665441e+00 3.446767e+01 -2.500000e+00
      vertex   -1.665441e+00 3.446767e+01 -2.790000e+01
      vertex   -3.860997e-01 3.529290e+01 -2.500000e+00
    endloop
  endfacet
  facet normal 5.420534e-01 -8.403441e-01 0.000000e+00
    outer loop
      vertex   -3.860997e-01 3.529290e+01 -2.500000e+00
      vertex   -1.665441e+00 3.446767e+01 -2.790000e+01
      vertex   -3.860997e-01 3.529290e+01 -2.790000e+01
    endloop
  endfacet
  facet normal 4.785116e-01 -8.780812e-01 0.000000e+00
    outer loop
      vertex   -3.860997e-01 3.529290e+01 -2.500000e+00
      vertex   -3.860997e-01 3.529290e+01 -2.790000e+01
      vertex   9.506927e-01 3.602138e+01 -2.500000e+00
    endloop
  endfacet
  facet normal 4.785116e-01 -8.780812e-01 0.000000e+00
    outer loop
      vertex   9.506927e-01 3.602138e+01 -2.500000e+00
      vertex   -3.860997e-01 3.529290e+01 -2.790000e+01
      vertex   9.506927e-01 3.602138e+01 -2.790000e+01
    endloop
  endfacet
  facet normal 4.123563e-01 -9.110226e-01 0.000000e+00
    outer loop
      vertex   9.506927e-01 3.602138e+01 -2.500000e+00
      vertex   9.506927e-01 3.602138e+01 -2.790000e+01
      vertex   2.337635e+00 3.664916e+01 -2.500000e+00
    endloop
  endfacet
  facet normal 4.123563e-01 -9.110226e-01 0.000000e+00
    outer loop
      vertex   2.337635e+00 3.664916e+01 -2.500000e+00
      vertex   9.506927e-01 3.602138e+01 -2.790000e+01
      vertex   2.337635e+00 3.664916e+01 -2.790000e+01
    endloop
  endfacet
  facet normal 3.439489e-01 -9.389884e-01 0.000000e+00
    outer loop
      vertex   2.337635e+00 3.664916e+01 -2.500000e+00
      vertex   2.337635e+00 3.664916e+01 -2.790000e+01
      vertex   3.767153e+00 3.717278e+01 -2.500000e+00
    endloop
  endfacet
  facet normal 3.439489e-01 -9.389884e-01 0.000000e+00
    outer loop
      vertex   3.767153e+00 3.717278e+01 -2.500000e+00
      vertex   2.337635e+00 3.664916e+01 -2.790000e+01
      vertex   3.767153e+00 3.717278e+01 -2.790000e+01
    endloop
  endfacet
  facet normal 2.736630e-01 -9.618256e-01 0.000000e+00
    outer loop
      vertex   3.767153e+00 3.717278e+01 -2.500000e+00
      vertex   3.767153e+00 3.717278e+01 -2.790000e+01
      vertex   5.231438e+00 3.758941e+01 -2.500000e+00
    endloop
  endfacet
  facet normal 2.736630e-01 -9.618256e-01 0.000000e+00
    outer loop
      vertex   5.231438e+00 3.758941e+01 -2.500000e+00
      vertex   3.767153e+00 3.717278e+01 -2.790000e+01
      vertex   5.231438e+00 3.758941e+01 -2.790000e+01
    endloop
  endfacet
  facet normal 2.018824e-01 -9.794098e-01 0.000000e+00
    outer loop
      vertex   5.231438e+00 3.758941e+01 -2.500000e+00
      vertex   5.231438e+00 3.758941e+01 -2.790000e+01
      vertex   6.722493e+00 3.789675e+01 -2.500000e+00
    endloop
  endfacet
  facet normal 2.018824e-01 -9.794098e-01 0.000000e+00
    outer loop
      vertex   6.722493e+00 3.789675e+01 -2.500000e+00
      vertex   5.231438e+00 3.758941e+01 -2.790000e+01
      vertex   6.722493e+00 3.789675e+01 -2.790000e+01
    endloop
  endfacet
  facet normal 1.289992e-01 -9.916447e-01 0.000000e+00
    outer loop
      vertex   6.722493e+00 3.789675e+01 -2.500000e+00
      vertex   6.722493e+00 3.789675e+01 -2.790000e+01
      vertex   8.232175e+00 3.809314e+01 -2.500000e+00
    endloop
  endfacet
  facet normal 1.289992e-01 -9.916447e-01 0.000000e+00
    outer loop
      vertex   8.232175e+00 3.809314e+01 -2.500000e+00
      vertex   6.722493e+00 3.789675e+01 -2.790000e+01
      vertex   8.232175e+00 3.809314e+01 -2.790000e+01
    endloop
  endfacet
  facet normal 5.541147e-02 -9.984636e-01 0.000000e+00
    outer loop
      vertex   8.232175e+00 3.809314e+01 -2.500000e+00
      vertex   8.232175e+00 3.809314e+01 -2.790000e+01
      vertex   9.752237e+00 3.817750e+01 -2.500000e+00
    endloop
  endfacet
  facet normal 5.541147e-02 -9.984636e-01 0.000000e+00
    outer loop
      vertex   9.752237e+00 3.817750e+01 -2.500000e+00
      vertex   8.232175e+00 3.809314e+01 -2.790000e+01
      vertex   9.752237e+00 3.817750e+01 -2.790000e+01
    endloop
  endfacet
  facet normal -1.847890e-02 -9.998293e-01 -0.000000e+00
    outer loop
      vertex   9.752237e+00 3.817750e+01 -2.500000e+00
      vertex   9.752237e+00 3.817750e+01 -2.790000e+01
      vertex   1.127438e+01 3.814937e+01 -2.500000e+00
    endloop
  endfacet
  facet normal -1.847890e-02 -9.998293e-01 -0.000000e+00
    outer loop
      vertex   1.127438e+01 3.814937e+01 -2.500000e+00
      vertex   9.752237e+00 3.817750e+01 -2.790000e+01
      vertex   1.127438e+01 3.814937e+01 -2.790000e+01
    endloop
  endfacet
  facet normal -9.226836e-02 -9.957342e-01 -0.000000e+00
    outer loop
      vertex   1.127438e+01 3.814937e+01 -2.500000e+00
      vertex   1.127438e+01 3.814937e+01 -2.790000e+01
      vertex   1.279029e+01 3.800890e+01 -2.500000e+00
    endloop
  endfacet
  facet normal -9.226836e-02 -9.957342e-01 -0.000000e+00
    outer loop
      vertex   1.279029e+01 3.800890e+01 -2.500000e+00
      vertex   1.127438e+01 3.814937e+01 -2.790000e+01
      vertex   1.279029e+01 3.800890e+01 -2.790000e+01
    endloop
  endfacet
  facet normal -1.655539e-01 -9.862007e-01 -0.000000e+00
    outer loop
      vertex   1.279029e+01 3.800890e+01 -2.500000e+00
      vertex   1.279029e+01 3.800890e+01 -2.790000e+01
      vertex   1.429168e+01 3.775686e+01 -2.500000e+00
    endloop
  endfacet
  facet normal -1.655539e-01 -9.862007e-01 -0.000000e+00
    outer loop
      vertex   1.429168e+01 3.775686e+01 -2.500000e+00
      vertex   1.279029e+01 3.800890e+01 -2.790000e+01
      vertex   1.429168e+01 3.775686e+01 -2.790000e+01
    endloop
  endfacet
  facet normal -2.379352e-01 -9.712810e-01 -0.000000e+00
    outer loop
      vertex   1.429168e+01 3.775686e+01 -2.500000e+00
      vertex   1.429168e+01 3.775686e+01 -2.790000e+01
      vertex   1.577036e+01 3.739463e+01 -2.500000e+00
    endloop
  endfacet
  facet normal -2.379352e-01 -9.712810e-01 -0.000000e+00
    outer loop
      vertex   1.577036e+01 3.739463e+01 -2.500000e+00
      vertex   1.429168e+01 3.775686e+01 -2.790000e+01
      vertex   1.577036e+01 3.739463e+01 -2.790000e+01
    endloop
  endfacet
  facet normal -3.090170e-01 -9.510565e-01 -0.000000e+00
    outer loop
      vertex   1.577036e+01 3.739463e+01 -2.500000e+00
      vertex   1.577036e+01 3.739463e+01 -2.790000e+01
      vertex   1.721825e+01 3.692418e+01 -2.500000e+00
    endloop
  endfacet
  facet normal -3.090170e-01 -9.510565e-01 -0.000000e+00
    outer loop
      vertex   1.721825e+01 3.692418e+01 -2.500000e+00
      vertex   1.577036e+01 3.739463e+01 -2.790000e+01
      vertex   1.721825e+01 3.692418e+01 -2.790000e+01
    endloop
  endfacet
  facet normal -3.784111e-01 -9.256377e-01 -0.000000e+00
    outer loop
      vertex   1.721825e+01 3.692418e+01 -2.500000e+00
      vertex   1.721825e+01 3.692418e+01 -2.790000e+01
      vertex   1.862744e+01 3.634809e+01 -2.500000e+00
    endloop
  endfacet
  facet normal -3.784111e-01 -9.256377e-01 -0.000000e+00
    outer loop
      vertex   1.862744e+01 3.634809e+01 -2.500000e+00
      vertex   1.721825e+01 3.692418e+01 -2.790000e+01
      vertex   1.862744e+01 3.634809e+01 -2.790000e+01
    endloop
  endfacet
  facet normal -4.457384e-01 -8.951633e-01 -0.000000e+00
    outer loop
      vertex   1.862744e+01 3.634809e+01 -2.500000e+00
      vertex   1.862744e+01 3.634809e+01 -2.790000e+01
      vertex   1.999024e+01 3.566949e+01 -2.500000e+00
    endloop
  endfacet
  facet normal -4.457384e-01 -8.951633e-01 -0.000000e+00
    outer loop
      vertex   1.999024e+01 3.566949e+01 -2.500000e+00
      vertex   1.862744e+01 3.634809e+01 -2.790000e+01
      vertex   1.999024e+01 3.566949e+01 -2.790000e+01
    endloop
  endfacet
  facet normal -5.106312e-01 -8.597999e-01 -0.000000e+00
    outer loop
      vertex   1.999024e+01 3.566949e+01 -2.500000e+00
      vertex   1.999024e+01 3.566949e+01 -2.790000e+01
      vertex   2.129920e+01 3.489211e+01 -2.500000e+00
    endloop
  endfacet
  facet normal -5.106312e-01 -8.597999e-01 -0.000000e+00
    outer loop
      vertex   2.129920e+01 3.489211e+01 -2.500000e+00
      vertex   1.999024e+01 3.566949e+01 -2.790000e+01
      vertex   2.129920e+01 3.489211e+01 -2.790000e+01
    endloop
  endfacet
  facet normal -5.727351e-01 -8.197405e-01 -0.000000e+00
    outer loop
      vertex   2.129920e+01 3.489211e+01 -2.500000e+00
      vertex   2.129920e+01 3.489211e+01 -2.790000e+01
      vertex   2.254718e+01 3.402017e+01 -2.500000e+00
    endloop
  endfacet
  facet normal -5.727351e-01 -8.197405e-01 -0.000000e+00
    outer loop
      vertex   2.254718e+01 3.402017e+01 -2.500000e+00
      vertex   2.129920e+01 3.489211e+01 -2.790000e+01
      vertex   2.254718e+01 3.402017e+01 -2.790000e+01
    endloop
  endfacet
  facet normal -6.317110e-01 -7.752040e-01 -0.000000e+00
    outer loop
      vertex   2.254718e+01 3.402017e+01 -2.500000e+00
      vertex   2.254718e+01 3.402017e+01 -2.790000e+01
      vertex   2.372735e+01 3.305846e+01 -2.500000e+00
    endloop
  endfacet
  facet normal -6.317110e-01 -7.752040e-01 -0.000000e+00
    outer loop
      vertex   2.372735e+01 3.305846e+01 -2.500000e+00
      vertex   2.254718e+01 3.402017e+01 -2.790000e+01
      vertex   2.372735e+01 3.305846e+01 -2.790000e+01
    endloop
  endfacet
  facet normal -6.872367e-01 -7.264336e-01 -0.000000e+00
    outer loop
      vertex   2.372735e+01 3.305846e+01 -2.500000e+00
      vertex   2.372735e+01 3.305846e+01 -2.790000e+01
      vertex   2.483327e+01 3.201221e+01 -2.500000e+00
    endloop
  endfacet
  facet normal -6.872367e-01 -7.264336e-01 -0.000000e+00
    outer loop
      vertex   2.483327e+01 3.201221e+01 -2.500000e+00
      vertex   2.372735e+01 3.305846e+01 -2.790000e+01
      vertex   2.483327e+01 3.201221e+01 -2.790000e+01
    endloop
  endfacet
  facet normal -7.390089e-01 -6.736956e-01 -0.000000e+00
    outer loop
      vertex   2.483327e+01 3.201221e+01 -2.500000e+00
      vertex   2.483327e+01 3.201221e+01 -2.790000e+01
      vertex   2.585891e+01 3.088714e+01 -2.500000e+00
    endloop
  endfacet
  facet normal -7.390089e-01 -6.736956e-01 -0.000000e+00
    outer loop
      vertex   2.585891e+01 3.088714e+01 -2.500000e+00
      vertex   2.483327e+01 3.201221e+01 -2.790000e+01
      vertex   2.585891e+01 3.088714e+01 -2.790000e+01
    endloop
  endfacet
  facet normal -7.867449e-01 -6.172782e-01 -0.000000e+00
    outer loop
      vertex   2.585891e+01 3.088714e+01 -2.500000e+00
      vertex   2.585891e+01 3.088714e+01 -2.790000e+01
      vertex   2.679865e+01 2.968940e+01 -2.500000e+00
    endloop
  endfacet
  facet normal -7.867449e-01 -6.172782e-01 -0.000000e+00
    outer loop
      vertex   2.679865e+01 2.968940e+01 -2.500000e+00
      vertex   2.585891e+01 3.088714e+01 -2.790000e+01
      vertex   2.679865e+01 2.968940e+01 -2.790000e+01
    endloop
  endfacet
  facet normal -8.301840e-01 -5.574894e-01 -0.000000e+00
    outer loop
      vertex   2.679865e+01 2.968940e+01 -2.500000e+00
      vertex   2.679865e+01 2.968940e+01 -2.790000e+01
      vertex   2.764738e+01 2.842552e+01 -2.500000e+00
    endloop
  endfacet
  facet normal -8.301840e-01 -5.574894e-01 -0.000000e+00
    outer loop
      vertex   2.764738e+01 2.842552e+01 -2.500000e+00
      vertex   2.679865e+01 2.968940e+01 -2.790000e+01
      vertex   2.764738e+01 2.842552e+01 -2.790000e+01
    endloop
  endfacet
  facet normal -8.690889e-01 -4.946558e-01 -0.000000e+00
    outer loop
      vertex   2.764738e+01 2.842552e+01 -2.500000e+00
      vertex   2.764738e+01 2.842552e+01 -2.790000e+01
      vertex   2.840044e+01 2.710242e+01 -2.500000e+00
    endloop
  endfacet
  facet normal -8.690889e-01 -4.946558e-01 -0.000000e+00
    outer loop
      vertex   2.840044e+01 2.710242e+01 -2.500000e+00
      vertex   2.764738e+01 2.842552e+01 -2.790000e+01
      vertex   2.840044e+01 2.710242e+01 -2.790000e+01
    endloop
  endfacet
  facet normal -9.032472e-01 -4.291206e-01 -0.000000e+00
    outer loop
      vertex   2.840044e+01 2.710242e+01 -2.500000e+00
      vertex   2.840044e+01 2.710242e+01 -2.790000e+01
      vertex   2.905373e+01 2.572731e+01 -2.500000e+00
    endloop
  endfacet
  facet normal -9.032472e-01 -4.291206e-01 -0.000000e+00
    outer loop
      vertex   2.905373e+01 2.572731e+01 -2.500000e+00
      vertex   2.840044e+01 2.710242e+01 -2.790000e+01
      vertex   2.905373e+01 2.572731e+01 -2.790000e+01
    endloop
  endfacet
  facet normal -9.324722e-01 -3.612417e-01 -0.000000e+00
    outer loop
      vertex   2.905373e+01 2.572731e+01 -2.500000e+00
      vertex   2.905373e+01 2.572731e+01 -2.790000e+01
      vertex   2.960369e+01 2.430772e+01 -2.500000e+00
    endloop
  endfacet
  facet normal -9.324722e-01 -3.612417e-01 -0.000000e+00
    outer loop
      vertex   2.960369e+01 2.430772e+01 -2.500000e+00
      vertex   2.905373e+01 2.572731e+01 -2.790000e+01
      vertex   2.960369e+01 2.430772e+01 -2.790000e+01
    endloop
  endfacet
  facet normal -9.566044e-01 -2.913897e-01 -0.000000e+00
    outer loop
      vertex   2.960369e+01 2.430772e+01 -2.500000e+00
      vertex   2.960369e+01 2.430772e+01 -2.790000e+01
      vertex   3.004730e+01 2.285138e+01 -2.500000e+00
    endloop
  endfacet
  facet normal -9.566044e-01 -2.913897e-01 -0.000000e+00
    outer loop
      vertex   3.004730e+01 2.285138e+01 -2.500000e+00
      vertex   2.960369e+01 2.430772e+01 -2.790000e+01
      vertex   3.004730e+01 2.285138e+01 -2.790000e+01
    endloop
  endfacet
  facet normal -9.755120e-01 -2.199464e-01 -0.000000e+00
    outer loop
      vertex   3.004730e+01 2.285138e+01 -2.500000e+00
      vertex   3.004730e+01 2.285138e+01 -2.790000e+01
      vertex   3.038215e+01 2.136626e+01 -2.500000e+00
    endloop
  endfacet
  facet normal -9.755120e-01 -2.199464e-01 -0.000000e+00
    outer loop
      vertex   3.038215e+01 2.136626e+01 -2.500000e+00
      vertex   3.004730e+01 2.285138e+01 -2.790000e+01
      vertex   3.038215e+01 2.136626e+01 -2.790000e+01
    endloop
  endfacet
  facet normal -9.890916e-01 -1.473017e-01 -0.000000e+00
    outer loop
      vertex   3.038215e+01 2.136626e+01 -2.500000e+00
      vertex   3.038215e+01 2.136626e+01 -2.790000e+01
      vertex   3.060640e+01 1.986046e+01 -2.500000e+00
    endloop
  endfacet
  facet normal -9.890916e-01 -1.473017e-01 -0.000000e+00
    outer loop
      vertex   3.060640e+01 1.986046e+01 -2.500000e+00
      vertex   3.038215e+01 2.136626e+01 -2.790000e+01
      vertex   3.060640e+01 1.986046e+01 -2.790000e+01
    endloop
  endfacet
  facet normal -9.972692e-01 -7.385253e-02 -0.000000e+00
    outer loop
      vertex   3.060640e+01 1.986046e+01 -2.500000e+00
      vertex   3.060640e+01 1.986046e+01 -2.790000e+01
      vertex   3.071883e+01 1.834222e+01 -2.500000e+00
    endloop
  endfacet
  facet normal -9.972692e-01 -7.385253e-02 -0.000000e+00
    outer loop
      vertex   3.071883e+01 1.834222e+01 -2.500000e+00
      vertex   3.060640e+01 1.986046e+01 -2.790000e+01
      vertex   3.071883e+01 1.834222e+01 -2.790000e+01
    endloop
  endfacet
  facet normal -1.000000e+00 -0.000000e+00 -0.000000e+00
    outer loop
      vertex   3.071883e+01 1.834222e+01 -2.500000e+00
      vertex   3.071883e+01 1.834222e+01 -2.790000e+01
      vertex   3.071883e+01 1.681982e+01 -2.500000e+00
    endloop
  endfacet
  facet normal -1.000000e+00 0.000000e+00 0.000000e+00
    outer loop
      vertex   3.071883e+01 1.681982e+01 -2.500000e+00
      vertex   3.071883e+01 1.834222e+01 -2.790000e+01
      vertex   3.071883e+01 1.681982e+01 -2.790000e+01
    endloop
  endfacet
  facet normal -9.972692e-01 7.385253e-02 0.000000e+00
    outer loop
      vertex   3.071883e+01 1.681982e+01 -2.500000e+00
      vertex   3.071883e+01 1.681982e+01 -2.790000e+01
      vertex   3.060640e+01 1.530157e+01 -2.500000e+00
    endloop
  endfacet
  facet normal -9.972692e-01 7.385253e-02 0.000000e+00
    outer loop
      vertex   3.060640e+01 1.530157e+01 -2.500000e+00
      vertex   3.071883e+01 1.681982e+01 -2.790000e+01
      vertex   3.060640e+01 1.530157e+01 -2.790000e+01
    endloop
  endfacet
  facet normal -9.890916e-01 1.473017e-01 0.000000e+00
    outer loop
      vertex   3.060640e+01 1.530157e+01 -2.500000e+00
      vertex   3.060640e+01 1.530157e+01 -2.790000e+01
      vertex   3.038215e+01 1.379578e+01 -2.500000e+00
    endloop
  endfacet
  facet normal -9.890916e-01 1.473017e-01 0.000000e+00
    outer loop
      vertex   3.038215e+01 1.379578e+01 -2.500000e+00
      vertex   3.060640e+01 1.530157e+01 -2.790000e+01
      vertex   3.038215e+01 1.379578e+01 -2.790000e+01
    endloop
  endfacet
  facet normal -9.755120e-01 2.199464e-01 0.000000e+00
    outer loop
      vertex   3.038215e+01 1.379578e+01 -2.500000e+00
      vertex   3.038215e+01 1.379578e+01 -2.790000e+01
      vertex   3.004730e+01 1.231066e+01 -2.500000e+00
    endloop
  endfacet
  facet normal -9.755120e-01 2.199464e-01 0.000000e+00
    outer loop
      vertex   3.004730e+01 1.231066e+01 -2.500000e+00
      vertex   3.038215e+01 1.379578e+01 -2.790000e+01
      vertex   3.004730e+01 1.231066e+01 -2.790000e+01
    endloop
  endfacet
  facet normal -9.566044e-01 2.913897e-01 0.000000e+00
    outer loop
      vertex   3.004730e+01 1.231066e+01 -2.500000e+00
      vertex   3.004730e+01 1.231066e+01 -2.790000e+01
      vertex   2.960369e+01 1.085432e+01 -2.500000e+00
    endloop
  endfacet
  facet normal -9.566044e-01 2.913897e-01 0.000000e+00
    outer loop
      vertex   2.960369e+01 1.085432e+01 -2.500000e+00
      vertex   3.004730e+01 1.231066e+01 -2.790000e+01
      vertex   2.960369e+01 1.085432e+01 -2.790000e+01
    endloop
  endfacet
  facet normal -9.324722e-01 3.612417e-01 0.000000e+00
    outer loop
      vertex   2.960369e+01 1.085432e+01 -2.500000e+00
      vertex   2.960369e+01 1.085432e+01 -2.790000e+01
      vertex   2.905373e+01 9.434725e+00 -2.500000e+00
    endloop
  endfacet
  facet normal -9.324722e-01 3.612417e-01 0.000000e+00
    outer loop
      vertex   2.905373e+01 9.434725e+00 -2.500000e+00
      vertex   2.960369e+01 1.085432e+01 -2.790000e+01
      vertex   2.905373e+01 9.434725e+00 -2.790000e+01
    endloop
  endfacet
  facet normal -9.032472e-01 4.291206e-01 0.000000e+00
    outer loop
      vertex   2.905373e+01 9.434725e+00 -2.500000e+00
      vertex   2.905373e+01 9.434725e+00 -2.790000e+01
      vertex   2.840044e+01 8.059619e+00 -2.500000e+00
    endloop
  endfacet
  facet normal -9.032472e-01 4.291206e-01 0.000000e+00
    outer loop
      vertex   2.840044e+01 8.059619e+00 -2.500000e+00
      vertex   2.905373e+01 9.434725e+00 -2.790000e+01
      vertex   2.840044e+01 8.059619e+00 -2.790000e+01
    endloop
  endfacet
  facet normal -8.690889e-01 4.946558e-01 0.000000e+00
    outer loop
      vertex   2.840044e+01 8.059619e+00 -2.500000e+00
      vertex   2.840044e+01 8.059619e+00 -2.790000e+01
      vertex   2.764738e+01 6.736517e+00 -2.500000e+00
    endloop
  endfacet
  facet normal -8.690889e-01 4.946558e-01 0.000000e+00
    outer loop
      vertex   2.764738e+01 6.736517e+00 -2.500000e+00
      vertex   2.840044e+01 8.059619e+00 -2.790000e+01
      vertex   2.764738e+01 6.736517e+00 -2.790000e+01
    endloop
  endfacet
  facet normal -8.301840e-01 5.574894e-01 0.000000e+00
    outer loop
      vertex   2.764738e+01 6.736517e+00 -2.500000e+00
      vertex   2.764738e+01 6.736517e+00 -2.790000e+01
      vertex   2.679865e+01 5.472643e+00 -2.500000e+00
    endloop
  endfacet
  facet normal -8.301840e-01 5.574894e-01 0.000000e+00
    outer loop
      vertex   2.679865e+01 5.472643e+00 -2.500000e+00
      vertex   2.764738e+01 6.736517e+00 -2.790000e+01
      vertex   2.679865e+01 5.472643e+00 -2.790000e+01
    endloop
  endfacet
  facet normal -7.867449e-01 6.172782e-01 0.000000e+00
    outer loop
      vertex   2.679865e+01 5.472643e+00 -2.500000e+00
      vertex   2.679865e+01 5.472643e+00 -2.790000e+01
      vertex   2.585891e+01 4.274901e+00 -2.500000e+00
    endloop
  endfacet
  facet normal -7.867449e-01 6.172782e-01 0.000000e+00
    outer loop
      vertex   2.585891e+01 4.274901e+00 -2.500000e+00
      vertex   2.679865e+01 5.472643e+00 -2.790000e+01
      vertex   2.585891e+01 4.274901e+00 -2.790000e+01
    endloop
  endfacet
  facet normal -7.390089e-01 6.736956e-01 0.000000e+00
    outer loop
      vertex   2.585891e+01 4.274901e+00 -2.500000e+00
      vertex   2.585891e+01 4.274901e+00 -2.790000e+01
      vertex   2.483327e+01 3.149833e+00 -2.500000e+00
    endloop
  endfacet
  facet normal -7.390089e-01 6.736956e-01 0.000000e+00
    outer loop
      vertex   2.483327e+01 3.149833e+00 -2.500000e+00
      vertex   2.585891e+01 4.274901e+00 -2.790000e+01
      vertex   2.483327e+01 3.149833e+00 -2.790000e+01
    endloop
  endfacet
  facet normal -6.872367e-01 7.264336e-01 0.000000e+00
    outer loop
      vertex   2.483327e+01 3.149833e+00 -2.500000e+00
      vertex   2.483327e+01 3.149833e+00 -2.790000e+01
      vertex   2.372735e+01 2.103583e+00 -2.500000e+00
    endloop
  endfacet
  facet normal -6.872367e-01 7.264336e-01 0.000000e+00
    outer loop
      vertex   2.372735e+01 2.103583e+00 -2.500000e+00
      vertex   2.483327e+01 3.149833e+00 -2.790000e+01
      vertex   2.372735e+01 2.103583e+00 -2.790000e+01
    endloop
  endfacet
  facet normal -6.317110e-01 7.752040e-01 0.000000e+00
    outer loop
      vertex   2.372735e+01 2.103583e+00 -2.500000e+00
      vertex   2.372735e+01 2.103583e+00 -2.790000e+01
      vertex   2.254718e+01 1.141865e+00 -2.500000e+00
    endloop
  endfacet
  facet normal -6.317110e-01 7.752040e-01 0.000000e+00
    outer loop
      vertex   2.254718e+01 1.141865e+00 -2.500000e+00
      vertex   2.372735e+01 2.103583e+00 -2.790000e+01
      vertex   2.254718e+01 1.141865e+00 -2.790000e+01
    endloop
  endfacet
  facet normal -5.727351e-01 8.197405e-01 0.000000e+00
    outer loop
      vertex   2.254718e+01 1.141865e+00 -2.500000e+00
      vertex   2.254718e+01 1.141865e+00 -2.790000e+01
      vertex   2.129920e+01 2.699316e-01 -2.500000e+00
    endloop
  endfacet
  facet normal -5.727351e-01 8.197405e-01 0.000000e+00
    outer loop
      vertex   2.129920e+01 2.699316e-01 -2.500000e+00
      vertex   2.254718e+01 1.141865e+00 -2.790000e+01
      vertex   2.129920e+01 2.699316e-01 -2.790000e+01
    endloop
  endfacet
  facet normal -5.106312e-01 8.597999e-01 0.000000e+00
    outer loop
      vertex   2.129920e+01 2.699316e-01 -2.500000e+00
      vertex   2.129920e+01 2.699316e-01 -2.790000e+01
      vertex   1.999024e+01 -5.074543e-01 -2.500000e+00
    endloop
  endfacet
  facet normal -5.106312e-01 8.597999e-01 0.000000e+00
    outer loop
      vertex   1.999024e+01 -5.074543e-01 -2.500000e+00
      vertex   2.129920e+01 2.699316e-01 -2.790000e+01
      vertex   1.999024e+01 -5.074543e-01 -2.790000e+01
    endloop
  endfacet
  facet normal -4.457384e-01 8.951633e-01 0.000000e+00
    outer loop
      vertex   1.999024e+01 -5.074543e-01 -2.500000e+00
      vertex   1.999024e+01 -5.074543e-01 -2.790000e+01
      vertex   1.862744e+01 -1.186047e+00 -2.500000e+00
    endloop
  endfacet
  facet normal -4.457384e-01 8.951633e-01 0.000000e+00
    outer loop
      vertex   1.862744e+01 -1.186047e+00 -2.500000e+00
      vertex   1.999024e+01 -5.074543e-01 -2.790000e+01
      vertex   1.862744e+01 -1.186047e+00 -2.790000e+01
    endloop
  endfacet
  facet normal -3.784111e-01 9.256377e-01 0.000000e+00
    outer loop
      vertex   1.862744e+01 -1.186047e+00 -2.500000e+00
      vertex   1.862744e+01 -1.186047e+00 -2.790000e+01
      vertex   1.721825e+01 -1.762141e+00 -2.500000e+00
    endloop
  endfacet
  facet normal -3.784111e-01 9.256377e-01 0.000000e+00
    outer loop
      vertex   1.721825e+01 -1.762141e+00 -2.500000e+00
      vertex   1.862744e+01 -1.186047e+00 -2.790000e+01
      vertex   1.721825e+01 -1.762141e+00 -2.790000e+01
    endloop
  endfacet
  facet normal -3.090170e-01 9.510565e-01 0.000000e+00
    outer loop
      vertex   1.721825e+01 -1.762141e+00 -2.500000e+00
      vertex   1.721825e+01 -1.762141e+00 -2.790000e+01
      vertex   1.577036e+01 -2.232589e+00 -2.500000e+00
    endloop
  endfacet
  facet normal -3.090170e-01 9.510565e-01 0.000000e+00
    outer loop
      vertex   1.577036e+01 -2.232589e+00 -2.500000e+00
      vertex   1.721825e+01 -1.762141e+00 -2.790000e+01
      vertex   1.577036e+01 -2.232589e+00 -2.790000e+01
    endloop
  endfacet
  facet normal -2.379352e-01 9.712810e-01 0.000000e+00
    outer loop
      vertex   1.577036e+01 -2.232589e+00 -2.500000e+00
      vertex   1.577036e+01 -2.232589e+00 -2.790000e+01
      vertex   1.429168e+01 -2.594822e+00 -2.500000e+00
    endloop
  endfacet
  facet normal -2.379352e-01 9.712810e-01 0.000000e+00
    outer loop
      vertex   1.429168e+01 -2.594822e+00 -2.500000e+00
      vertex   1.577036e+01 -2.232589e+00 -2.790000e+01
      vertex   1.429168e+01 -2.594822e+00 -2.790000e+01
    endloop
  endfacet
  facet normal -1.655539e-01 9.862007e-01 0.000000e+00
    outer loop
      vertex   1.429168e+01 -2.594822e+00 -2.500000e+00
      vertex   1.429168e+01 -2.594822e+00 -2.790000e+01
      vertex   1.279029e+01 -2.846861e+00 -2.500000e+00
    endloop
  endfacet
  facet normal -1.655539e-01 9.862007e-01 0.000000e+00
    outer loop
      vertex   1.279029e+01 -2.846861e+00 -2.500000e+00
      vertex   1.429168e+01 -2.594822e+00 -2.790000e+01
      vertex   1.279029e+01 -2.846861e+00 -2.790000e+01
    endloop
  endfacet
  facet normal -9.226836e-02 9.957342e-01 0.000000e+00
    outer loop
      vertex   1.279029e+01 -2.846861e+00 -2.500000e+00
      vertex   1.279029e+01 -2.846861e+00 -2.790000e+01
      vertex   1.127438e+01 -2.987331e+00 -2.500000e+00
    endloop
  endfacet
  facet normal -9.226836e-02 9.957342e-01 0.000000e+00
    outer loop
      vertex   1.127438e+01 -2.987331e+00 -2.500000e+00
      vertex   1.279029e+01 -2.846861e+00 -2.790000e+01
      vertex   1.127438e+01 -2.987331e+00 -2.790000e+01
    endloop
  endfacet
  facet normal -1.847890e-02 9.998293e-01 0.000000e+00
    outer loop
      vertex   1.127438e+01 -2.987331e+00 -2.500000e+00
      vertex   1.127438e+01 -2.987331e+00 -2.790000e+01
      vertex   9.752237e+00 -3.015463e+00 -2.500000e+00
    endloop
  endfacet
  facet normal -1.847890e-02 9.998293e-01 0.000000e+00
    outer loop
      vertex   9.752237e+00 -3.015463e+00 -2.500000e+00
      vertex   1.127438e+01 -2.987331e+00 -2.790000e+01
      vertex   9.752237e+00 -3.015463e+00 -2.790000e+01
    endloop
  endfacet
  facet normal 5.541147e-02 9.984636e-01 0.000000e+00
    outer loop
      vertex   9.752237e+00 -3.015463e+00 -2.500000e+00
      vertex   9.752237e+00 -3.015463e+00 -2.790000e+01
      vertex   8.232175e+00 -2.931105e+00 -2.500000e+00
    endloop
  endfacet
  facet normal 5.541147e-02 9.984636e-01 0.000000e+00
    outer loop
      vertex   8.232175e+00 -2.931105e+00 -2.500000e+00
      vertex   9.752237e+00 -3.015463e+00 -2.790000e+01
      vertex   8.232175e+00 -2.931105e+00 -2.790000e+01
    endloop
  endfacet
  facet normal 1.289992e-01 9.916447e-01 0.000000e+00
    outer loop
      vertex   8.232175e+00 -2.931105e+00 -2.500000e+00
      vertex   8.232175e+00 -2.931105e+00 -2.790000e+01
      vertex   6.722493e+00 -2.734716e+00 -2.500000e+00
    endloop
  endfacet
  facet normal 1.289992e-01 9.916447e-01 0.000000e+00
    outer loop
      vertex   6.722493e+00 -2.734716e+00 -2.500000e+00
      vertex   8.232175e+00 -2.931105e+00 -2.790000e+01
      vertex   6.722493e+00 -2.734716e+00 -2.790000e+01
    endloop
  endfacet
  facet normal 2.018824e-01 9.794098e-01 0.000000e+00
    outer loop
      vertex   6.722493e+00 -2.734716e+00 -2.500000e+00
      vertex   6.722493e+00 -2.734716e+00 -2.790000e+01
      vertex   5.231438e+00 -2.427370e+00 -2.500000e+00
    endloop
  endfacet
  facet normal 2.018824e-01 9.794098e-01 0.000000e+00
    outer loop
      vertex   5.231438e+00 -2.427370e+00 -2.500000e+00
      vertex   6.722493e+00 -2.734716e+00 -2.790000e+01
      vertex   5.231438e+00 -2.427370e+00 -2.790000e+01
    endloop
  endfacet
  facet normal 2.736630e-01 9.618256e-01 0.000000e+00
    outer loop
      vertex   5.231438e+00 -2.427370e+00 -2.500000e+00
      vertex   5.231438e+00 -2.427370e+00 -2.790000e+01
      vertex   3.767153e+00 -2.010745e+00 -2.500000e+00
    endloop
  endfacet
  facet normal 2.736630e-01 9.618256e-01 0.000000e+00
    outer loop
      vertex   3.767153e+00 -2.010745e+00 -2.500000e+00
      vertex   5.231438e+00 -2.427370e+00 -2.790000e+01
      vertex   3.767153e+00 -2.010745e+00 -2.790000e+01
    endloop
  endfacet
  facet normal 3.439489e-01 9.389884e-01 0.000000e+00
    outer loop
      vertex   3.767153e+00 -2.010745e+00 -2.500000e+00
      vertex   3.767153e+00 -2.010745e+00 -2.790000e+01
      vertex   2.337635e+00 -1.487116e+00 -2.500000e+00
    endloop
  endfacet
  facet normal 3.439489e-01 9.389884e-01 0.000000e+00
    outer loop
      vertex   2.337635e+00 -1.487116e+00 -2.500000e+00
      vertex   3.767153e+00 -2.010745e+00 -2.790000e+01
      vertex   2.337635e+00 -1.487116e+00 -2.790000e+01
    endloop
  endfacet
  facet normal 4.123563e-01 9.110226e-01 0.000000e+00
    outer loop
      vertex   2.337635e+00 -1.487116e+00 -2.500000e+00
      vertex   2.337635e+00 -1.487116e+00 -2.790000e+01
      vertex   9.506927e-01 -8.593443e-01 -2.500000e+00
    endloop
  endfacet
  facet normal 4.123563e-01 9.110226e-01 0.000000e+00
    outer loop
      vertex   9.506927e-01 -8.593443e-01 -2.500000e+00
      vertex   2.337635e+00 -1.487116e+00 -2.790000e+01
      vertex   9.506927e-01 -8.593443e-01 -2.790000e+01
    endloop
  endfacet
  facet normal 4.785116e-01 8.780812e-01 0.000000e+00
    outer loop
      vertex   9.506927e-01 -8.593443e-01 -2.500000e+00
      vertex   9.506927e-01 -8.593443e-01 -2.790000e+01
      vertex   -3.860997e-01 -1.308575e-01 -2.500000e+00
    endloop
  endfacet
  facet normal 4.785116e-01 8.780812e-01 0.000000e+00
    outer loop
      vertex   -3.860997e-01 -1.308575e-01 -2.500000e+00
      vertex   9.506927e-01 -8.593443e-01 -2.790000e+01
      vertex   -3.860997e-01 -1.308575e-01 -2.790000e+01
    endloop
  endfacet
  facet normal 5.420534e-01 8.403441e-01 0.000000e+00
    outer loop
      vertex   -3.860997e-01 -1.308575e-01 -2.500000e+00
      vertex   -3.860997e-01 -1.308575e-01 -2.790000e+01
      vertex   -1.665441e+00 6.943655e-01 -2.500000e+00
    endloop
  endfacet
  facet normal 5.420534e-01 8.403441e-01 0.000000e+00
    outer loop
      vertex   -1.665441e+00 6.943655e-01 -2.500000e+00
      vertex   -3.860997e-01 -1.308575e-01 -2.790000e+01
      vertex   -1.665441e+00 6.943655e-01 -2.790000e+01
    endloop
  endfacet
  facet normal 6.026346e-01 7.980172e-01 0.000000e+00
    outer loop
      vertex   -1.665441e+00 6.943655e-01 -2.500000e+00
      vertex   -1.665441e+00 6.943655e-01 -2.790000e+01
      vertex   -2.880344e+00 1.611818e+00 -2.500000e+00
    endloop
  endfacet
  facet normal 6.026346e-01 7.980172e-01 0.000000e+00
    outer loop
      vertex   -2.880344e+00 1.611818e+00 -2.500000e+00
      vertex   -1.665441e+00 6.943655e-01 -2.790000e+01
      vertex   -2.880344e+00 1.611818e+00 -2.790000e+01
    endloop
  endfacet
  facet normal 6.599245e-01 7.513319e-01 0.000000e+00
    outer loop
      vertex   -2.880344e+00 1.611818e+00 -2.500000e+00
      vertex   -2.880344e+00 1.611818e+00 -2.790000e+01
      vertex   -4.024173e+00 2.616488e+00 -2.500000e+00
    endloop
  endfacet
  facet normal 6.599245e-01 7.513319e-01 0.000000e+00
    outer loop
      vertex   -4.024173e+00 2.616488e+00 -2.500000e+00
      vertex   -2.880344e+00 1.611818e+00 -2.790000e+01
      vertex   -4.024173e+00 2.616488e+00 -2.790000e+01
    endloop
  endfacet
  facet normal 7.136102e-01 7.005430e-01 0.000000e+00
    outer loop
      vertex   -4.024173e+00 2.616488e+00 -2.500000e+00
      vertex   -4.024173e+00 2.616488e+00 -2.790000e+01
      vertex   -5.090681e+00 3.702889e+00 -2.500000e+00
    endloop
  endfacet
  facet normal 7.136102e-01 7.005430e-01 0.000000e+00
    outer loop
      vertex   -5.090681e+00 3.702889e+00 -2.500000e+00
      vertex   -4.024173e+00 2.616488e+00 -2.790000e+01
      vertex   -5.090681e+00 3.702889e+00 -2.790000e+01
    endloop
  endfacet
  facet normal 7.633983e-01 6.459281e-01 0.000000e+00
    outer loop
      vertex   -5.090681e+00 3.702889e+00 -2.500000e+00
      vertex   -5.090681e+00 3.702889e+00 -2.790000e+01
      vertex   -6.074043e+00 4.865088e+00 -2.500000e+00
    endloop
  endfacet
  facet normal 7.633983e-01 6.459281e-01 0.000000e+00
    outer loop
      vertex   -6.074043e+00 4.865088e+00 -2.500000e+00
      vertex   -5.090681e+00 3.702889e+00 -2.790000e+01
      vertex   -6.074043e+00 4.865088e+00 -2.790000e+01
    endloop
  endfacet
  facet normal 8.090170e-01 5.877853e-01 0.000000e+00
    outer loop
      vertex   -6.074043e+00 4.865088e+00 -2.500000e+00
      vertex   -6.074043e+00 4.865088e+00 -2.790000e+01
      vertex   -6.968888e+00 6.096737e+00 -2.500000e+00
    endloop
  endfacet
  facet normal 8.090170e-01 5.877853e-01 0.000000e+00
    outer loop
      vertex   -6.968888e+00 6.096737e+00 -2.500000e+00
      vertex   -6.074043e+00 4.865088e+00 -2.790000e+01
      vertex   -6.968888e+00 6.096737e+00 -2.790000e+01
    endloop
  endfacet
  facet normal 8.502171e-01 5.264322e-01 0.000000e+00
    outer loop
      vertex   -6.968888e+00 6.096737e+00 -2.500000e+00
      vertex   -6.968888e+00 6.096737e+00 -2.790000e+01
      vertex   -7.770329e+00 7.391109e+00 -2.500000e+00
    endloop
  endfacet
  facet normal 8.502171e-01 5.264322e-01 0.000000e+00
    outer loop
      vertex   -7.770329e+00 7.391109e+00 -2.500000e+00
      vertex   -6.968888e+00 6.096737e+00 -2.790000e+01
      vertex   -7.770329e+00 7.391109e+00 -2.790000e+01
    endloop
  endfacet
  facet normal 8.867737e-01 4.622039e-01 0.000000e+00
    outer loop
      vertex   -7.770329e+00 7.391109e+00 -2.500000e+00
      vertex   -7.770329e+00 7.391109e+00 -2.790000e+01
      vertex   -8.473989e+00 8.741135e+00 -2.500000e+00
    endloop
  endfacet
  facet normal 8.867737e-01 4.622039e-01 0.000000e+00
    outer loop
      vertex   -8.473989e+00 8.741135e+00 -2.500000e+00
      vertex   -7.770329e+00 7.391109e+00 -2.790000e+01
      vertex   -8.473989e+00 8.741135e+00 -2.790000e+01
    endloop
  endfacet
  facet normal 9.184870e-01 3.954512e-01 0.000000e+00
    outer loop
      vertex   -8.473989e+00 8.741135e+00 -2.500000e+00
      vertex   -8.473989e+00 8.741135e+00 -2.790000e+01
      vertex   -9.076025e+00 1.013944e+01 -2.500000e+00
    endloop
  endfacet
  facet normal 9.184870e-01 3.954512e-01 0.000000e+00
    outer loop
      vertex   -9.076025e+00 1.013944e+01 -2.500000e+00
      vertex   -8.473989e+00 8.741135e+00 -2.790000e+01
      vertex   -9.076025e+00 1.013944e+01 -2.790000e+01
    endloop
  endfacet
  facet normal 9.451838e-01 3.265387e-01 0.000000e+00
    outer loop
      vertex   -9.076025e+00 1.013944e+01 -2.500000e+00
      vertex   -9.076025e+00 1.013944e+01 -2.790000e+01
      vertex   -9.573148e+00 1.157839e+01 -2.500000e+00
    endloop
  endfacet
  facet normal 9.451838e-01 3.265387e-01 0.000000e+00
    outer loop
      vertex   -9.573148e+00 1.157839e+01 -2.500000e+00
      vertex   -9.076025e+00 1.013944e+01 -2.790000e+01
      vertex   -9.573148e+00 1.157839e+01 -2.790000e+01
    endloop
  endfacet
  facet normal 9.667184e-01 2.558428e-01 0.000000e+00
    outer loop
      vertex   -9.573148e+00 1.157839e+01 -2.500000e+00
      vertex   -9.573148e+00 1.157839e+01 -2.790000e+01
      vertex   -9.962644e+00 1.305012e+01 -2.500000e+00
    endloop
  endfacet
  facet normal 9.667184e-01 2.558428e-01 0.000000e+00
    outer loop
      vertex   -9.962644e+00 1.305012e+01 -2.500000e+00
      vertex   -9.573148e+00 1.157839e+01 -2.790000e+01
      vertex   -9.962644e+00 1.305012e+01 -2.790000e+01
    endloop
  endfacet
  facet normal 9.829731e-01 1.837495e-01 0.000000e+00
    outer loop
      vertex   -9.962644e+00 1.305012e+01 -2.500000e+00
      vertex   -9.962644e+00 1.305012e+01 -2.790000e+01
      vertex   -1.024238e+01 1.454660e+01 -2.500000e+00
    endloop
  endfacet
  facet normal 9.829731e-01 1.837495e-01 0.000000e+00
    outer loop
      vertex   -1.024238e+01 1.454660e+01 -2.500000e+00
      vertex   -9.962644e+00 1.305012e+01 -2.790000e+01
      vertex   -1.024238e+01 1.454660e+01 -2.790000e+01
    endloop
  endfacet
  facet normal 9.938591e-01 1.106527e-01 0.000000e+00
    outer loop
      vertex   -1.024238e+01 1.454660e+01 -2.500000e+00
      vertex   -1.024238e+01 1.454660e+01 -2.790000e+01
      vertex   -1.041084e+01 1.605966e+01 -2.500000e+00
    endloop
  endfacet
  facet normal 9.938591e-01 1.106527e-01 0.000000e+00
    outer loop
      vertex   -1.041084e+01 1.605966e+01 -2.500000e+00
      vertex   -1.024238e+01 1.454660e+01 -2.790000e+01
      vertex   -1.041084e+01 1.605966e+01 -2.790000e+01
    endloop
  endfacet
  facet normal 0.000000e+00 0.000000e+00 1.000000e+00
    outer loop
      vertex   -9.960754e+00 1.908683e+01 2.790000e+01
      vertex   -1.441098e+01 1.924176e+01 2.790000e+01
      vertex   -1.001710e+01 1.758102e+01 2.790000e+01
    endloop
  endfacet
  facet normal 0.000000e+00 0.000000e+00 1.000000e+00
    outer loop
      vertex   -1.001710e+01 1.758102e+01 2.790000e+01
      vertex   -1.441098e+01 1.924176e+01 2.790000e+01
      vertex   -1.446710e+01 1.758102e+01 2.790000e+01
    endloop
  endfacet
  facet normal 0.000000e+00 0.000000e+00 1.000000e+00
    outer loop
      vertex   -1.001710e+01 1.758102e+01 2.790000e+01
      vertex   -1.446710e+01 1.758102e+01 2.790000e+01
      vertex   -1.441098e+01 1.592028e+01 2.790000e+01
    endloop
  endfacet
  facet normal -0.000000e+00 0.000000e+00 1.000000e+00
    outer loop
      vertex   -1.441098e+01 1.924176e+01 2.790000e+01
      vertex   -9.960754e+00 1.908683e+01 2.790000e+01
      vertex   -1.424286e+01 2.089492e+01 2.790000e+01
    endloop
  endfacet
  facet normal 0.000000e+00 0.000000e+00 1.000000e+00
    outer loop
      vertex   -1.424286e+01 2.089492e+01 2.790000e+01
      vertex   -9.960754e+00 1.908683e+01 2.790000e+01
      vertex   -9.792038e+00 2.058422e+01 2.790000e+01
    endloop
  endfacet
  facet normal -0.000000e+00 0.000000e+00 1.000000e+00
    outer loop
      vertex   -1.424286e+01 2.089492e+01 2.790000e+01
      vertex   -9.792038e+00 2.058422e+01 2.790000e+01
      vertex   -1.396353e+01 2.253296e+01 2.790000e+01
    endloop
  endfacet
  facet normal 0.000000e+00 0.000000e+00 1.000000e+00
    outer loop
      vertex   -1.396353e+01 2.253296e+01 2.790000e+01
      vertex   -9.792038e+00 2.058422e+01 2.790000e+01
      vertex   -9.511895e+00 2.206482e+01 2.790000e+01
    endloop
  endfacet
  facet normal -0.000000e+00 0.000000e+00 1.000000e+00
    outer loop
      vertex   -1.396353e+01 2.253296e+01 2.790000e+01
      vertex   -9.511895e+00 2.206482e+01 2.790000e+01
      vertex   -1.357426e+01 2.414841e+01 2.790000e+01
    endloop
  endfacet
  facet normal 0.000000e+00 0.000000e+00 1.000000e+00
    outer loop
      vertex   -1.357426e+01 2.414841e+01 2.790000e+01
      vertex   -9.511895e+00 2.206482e+01 2.790000e+01
      vertex   -9.121889e+00 2.352034e+01 2.790000e+01
    endloop
  endfacet
  facet normal -0.000000e+00 0.000000e+00 1.000000e+00
    outer loop
      vertex   -1.357426e+01 2.414841e+01 2.790000e+01
      vertex   -9.121889e+00 2.352034e+01 2.790000e+01
      vertex   -1.307681e+01 2.573389e+01 2.790000e+01
    endloop
  endfacet
  facet normal 0.000000e+00 0.000000e+00 1.000000e+00
    outer loop
      vertex   -1.307681e+01 2.573389e+01 2.790000e+01
      vertex   -9.121889e+00 2.352034e+01 2.790000e+01
      vertex   -8.624203e+00 2.494264e+01 2.790000e+01
    endloop
  endfacet
  facet normal -0.000000e+00 0.000000e+00 1.000000e+00
    outer loop
      vertex   -1.307681e+01 2.573389e+01 2.790000e+01
      vertex   -8.624203e+00 2.494264e+01 2.790000e+01
      vertex   -1.247346e+01 2.728217e+01 2.790000e+01
    endloop
  endfacet
  facet normal 0.000000e+00 0.000000e+00 1.000000e+00
    outer loop
      vertex   -1.247346e+01 2.728217e+01 2.790000e+01
      vertex   -8.624203e+00 2.494264e+01 2.790000e+01
      vertex   -8.021620e+00 2.632378e+01 2.790000e+01
    endloop
  endfacet
  facet normal -0.000000e+00 0.000000e+00 1.000000e+00
    outer loop
      vertex   -1.247346e+01 2.728217e+01 2.790000e+01
      vertex   -8.021620e+00 2.632378e+01 2.790000e+01
      vertex   -1.176696e+01 2.878619e+01 2.790000e+01
    endloop
  endfacet
  facet normal 0.000000e+00 0.000000e+00 1.000000e+00
    outer loop
      vertex   -1.176696e+01 2.878619e+01 2.790000e+01
      vertex   -8.021620e+00 2.632378e+01 2.790000e+01
      vertex   -7.317509e+00 2.765602e+01 2.790000e+01
    endloop
  endfacet
  facet normal -0.000000e+00 0.000000e+00 1.000000e+00
    outer loop
      vertex   -1.176696e+01 2.878619e+01 2.790000e+01
      vertex   -7.317509e+00 2.765602e+01 2.790000e+01
      vertex   -1.096054e+01 3.023908e+01 2.790000e+01
    endloop
  endfacet
  facet normal 0.000000e+00 0.000000e+00 1.000000e+00
    outer loop
      vertex   -1.096054e+01 3.023908e+01 2.790000e+01
      vertex   -7.317509e+00 2.765602e+01 2.790000e+01
      vertex   -6.515808e+00 2.893192e+01 2.790000e+01
    endloop
  endfacet
  facet normal -0.000000e+00 0.000000e+00 1.000000e+00
    outer loop
      vertex   -1.096054e+01 3.023908e+01 2.790000e+01
      vertex   -6.515808e+00 2.893192e+01 2.790000e+01
      vertex   -1.005788e+01 3.163422e+01 2.790000e+01
    endloop
  endfacet
  facet normal 0.000000e+00 0.000000e+00 1.000000e+00
    outer loop
      vertex   -1.005788e+01 3.163422e+01 2.790000e+01
      vertex   -6.515808e+00 2.893192e+01 2.790000e+01
      vertex   -5.621002e+00 3.014434e+01 2.790000e+01
    endloop
  endfacet
  facet normal -0.000000e+00 0.000000e+00 1.000000e+00
    outer loop
      vertex   -1.005788e+01 3.163422e+01 2.790000e+01
      vertex   -5.621002e+00 3.014434e+01 2.790000e+01
      vertex   -9.063087e+00 3.296523e+01 2.790000e+01
    endloop
  endfacet
  facet normal -0.000000e+00 0.000000e+00 1.000000e+00
    outer loop
      vertex   -9.063087e+00 3.296523e+01 2.790000e+01
      vertex   -5.621002e+00 3.014434e+01 2.790000e+01
      vertex   -7.980709e+00 3.422605e+01 2.790000e+01
    endloop
  endfacet
  facet normal 0.000000e+00 0.000000e+00 1.000000e+00
    outer loop
      vertex   -7.980709e+00 3.422605e+01 2.790000e+01
      vertex   -5.621002e+00 3.014434e+01 2.790000e+01
      vertex   -4.638092e+00 3.128650e+01 2.790000e+01
    endloop
  endfacet
  facet normal -0.000000e+00 0.000000e+00 1.000000e+00
    outer loop
      vertex   -7.980709e+00 3.422605e+01 2.790000e+01
      vertex   -4.638092e+00 3.128650e+01 2.790000e+01
      vertex   -6.815683e+00 3.541092e+01 2.790000e+01
    endloop
  endfacet
  facet normal 0.000000e+00 0.000000e+00 1.000000e+00
    outer loop
      vertex   -6.815683e+00 3.541092e+01 2.790000e+01
      vertex   -4.638092e+00 3.128650e+01 2.790000e+01
      vertex   -3.572578e+00 3.235201e+01 2.790000e+01
    endloop
  endfacet
  facet normal -0.000000e+00 0.000000e+00 1.000000e+00
    outer loop
      vertex   -6.815683e+00 3.541092e+01 2.790000e+01
      vertex   -3.572578e+00 3.235201e+01 2.790000e+01
      vertex   -5.573325e+00 3.651444e+01 2.790000e+01
    endloop
  endfacet
  facet normal 0.000000e+00 0.000000e+00 1.000000e+00
    outer loop
      vertex   -5.573325e+00 3.651444e+01 2.790000e+01
      vertex   -3.572578e+00 3.235201e+01 2.790000e+01
      vertex   -2.430417e+00 3.333492e+01 2.790000e+01
    endloop
  endfacet
  facet normal -0.000000e+00 0.000000e+00 1.000000e+00
    outer loop
      vertex   -5.573325e+00 3.651444e+01 2.790000e+01
      vertex   -2.430417e+00 3.333492e+01 2.790000e+01
      vertex   -4.259303e+00 3.753157e+01 2.790000e+01
    endloop
  endfacet
  facet normal 0.000000e+00 0.000000e+00 1.000000e+00
    outer loop
      vertex   -4.259303e+00 3.753157e+01 2.790000e+01
      vertex   -2.430417e+00 3.333492e+01 2.790000e+01
      vertex   -1.217996e+00 3.422973e+01 2.790000e+01
    endloop
  endfacet
  facet normal -0.000000e+00 0.000000e+00 1.000000e+00
    outer loop
      vertex   -4.259303e+00 3.753157e+01 2.790000e+01
      vertex   -1.217996e+00 3.422973e+01 2.790000e+01
      vertex   -2.879612e+00 3.845767e+01 2.790000e+01
    endloop
  endfacet
  facet normal 0.000000e+00 0.000000e+00 1.000000e+00
    outer loop
      vertex   -2.879612e+00 3.845767e+01 2.790000e+01
      vertex   -1.217996e+00 3.422973e+01 2.790000e+01
      vertex   5.790284e-02 3.503143e+01 2.790000e+01
    endloop
  endfacet
  facet normal -0.000000e+00 0.000000e+00 1.000000e+00
    outer loop
      vertex   -2.879612e+00 3.845767e+01 2.790000e+01
      vertex   5.790284e-02 3.503143e+01 2.790000e+01
      vertex   -1.440548e+00 3.928851e+01 2.790000e+01
    endloop
  endfacet
  facet normal 0.000000e+00 0.000000e+00 1.000000e+00
    outer loop
      vertex   -1.440548e+00 3.928851e+01 2.790000e+01
      vertex   5.790284e-02 3.503143e+01 2.790000e+01
      vertex   1.390145e+00 3.573554e+01 2.790000e+01
    endloop
  endfacet
  facet normal -0.000000e+00 0.000000e+00 1.000000e+00
    outer loop
      vertex   -1.440548e+00 3.928851e+01 2.790000e+01
      vertex   1.390145e+00 3.573554e+01 2.790000e+01
      vertex   5.132285e-02 4.002031e+01 2.790000e+01
    endloop
  endfacet
  facet normal 0.000000e+00 0.000000e+00 1.000000e+00
    outer loop
      vertex   5.132285e-02 4.002031e+01 2.790000e+01
      vertex   1.390145e+00 3.573554e+01 2.790000e+01
      vertex   2.771281e+00 3.633813e+01 2.790000e+01
    endloop
  endfacet
  facet normal -0.000000e+00 0.000000e+00 1.000000e+00
    outer loop
      vertex   5.132285e-02 4.002031e+01 2.790000e+01
      vertex   2.771281e+00 3.633813e+01 2.790000e+01
      vertex   1.589194e+00 4.064972e+01 2.790000e+01
    endloop
  endfacet
  facet normal 0.000000e+00 0.000000e+00 1.000000e+00
    outer loop
      vertex   1.589194e+00 4.064972e+01 2.790000e+01
      vertex   2.771281e+00 3.633813e+01 2.790000e+01
      vertex   4.193586e+00 3.683581e+01 2.790000e+01
    endloop
  endfacet
  facet normal -0.000000e+00 0.000000e+00 1.000000e+00
    outer loop
      vertex   1.589194e+00 4.064972e+01 2.790000e+01
      vertex   4.193586e+00 3.683581e+01 2.790000e+01
      vertex   3.166047e+00 4.117388e+01 2.790000e+01
    endloop
  endfacet
  facet normal 0.000000e+00 0.000000e+00 1.000000e+00
    outer loop
      vertex   3.166047e+00 4.117388e+01 2.790000e+01
      vertex   4.193586e+00 3.683581e+01 2.790000e+01
      vertex   5.649106e+00 3.722582e+01 2.790000e+01
    endloop
  endfacet
  facet normal -0.000000e+00 0.000000e+00 1.000000e+00
    outer loop
      vertex   3.166047e+00 4.117388e+01 2.790000e+01
      vertex   5.649106e+00 3.722582e+01 2.790000e+01
      vertex   4.774689e+00 4.159038e+01 2.790000e+01
    endloop
  endfacet
  facet normal 0.000000e+00 0.000000e+00 1.000000e+00
    outer loop
      vertex   4.774689e+00 4.159038e+01 2.790000e+01
      vertex   5.649106e+00 3.722582e+01 2.790000e+01
      vertex   7.129701e+00 3.750596e+01 2.790000e+01
    endloop
  endfacet
  facet normal -0.000000e+00 0.000000e+00 1.000000e+00
    outer loop
      vertex   4.774689e+00 4.159038e+01 2.790000e+01
      vertex   7.129701e+00 3.750596e+01 2.790000e+01
      vertex   6.407780e+00 4.189734e+01 2.790000e+01
    endloop
  endfacet
  facet normal -0.000000e+00 0.000000e+00 1.000000e+00
    outer loop
      vertex   6.407780e+00 4.189734e+01 2.790000e+01
      vertex   7.129701e+00 3.750596e+01 2.790000e+01
      vertex   8.057867e+00 4.209335e+01 2.790000e+01
    endloop
  endfacet
  facet normal 0.000000e+00 0.000000e+00 1.000000e+00
    outer loop
      vertex   8.057867e+00 4.209335e+01 2.790000e+01
      vertex   7.129701e+00 3.750596e+01 2.790000e+01
      vertex   8.627091e+00 3.767468e+01 2.790000e+01
    endloop
  endfacet
  facet normal -0.000000e+00 0.000000e+00 1.000000e+00
    outer loop
      vertex   8.057867e+00 4.209335e+01 2.790000e+01
      vertex   8.627091e+00 3.767468e+01 2.790000e+01
      vertex   9.717422e+00 4.217751e+01 2.790000e+01
    endloop
  endfacet
  facet normal 0.000000e+00 0.000000e+00 1.000000e+00
    outer loop
      vertex   9.717422e+00 4.217751e+01 2.790000e+01
      vertex   8.627091e+00 3.767468e+01 2.790000e+01
      vertex   1.013290e+01 3.773102e+01 2.790000e+01
    endloop
  endfacet
  facet normal 0.000000e+00 0.000000e+00 1.000000e+00
    outer loop
      vertex   9.717422e+00 4.217751e+01 2.790000e+01
      vertex   1.013290e+01 3.773102e+01 2.790000e+01
      vertex   1.137887e+01 4.214945e+01 2.790000e+01
    endloop
  endfacet
  facet normal 0.000000e+00 0.000000e+00 1.000000e+00
    outer loop
      vertex   1.137887e+01 4.214945e+01 2.790000e+01
      vertex   1.013290e+01 3.773102e+01 2.790000e+01
      vertex   1.163871e+01 3.767468e+01 2.790000e+01
    endloop
  endfacet
  facet normal 0.000000e+00 0.000000e+00 1.000000e+00
    outer loop
      vertex   1.137887e+01 4.214945e+01 2.790000e+01
      vertex   1.163871e+01 3.767468e+01 2.790000e+01
      vertex   1.303464e+01 4.200928e+01 2.790000e+01
    endloop
  endfacet
  facet normal 0.000000e+00 0.000000e+00 1.000000e+00
    outer loop
      vertex   1.303464e+01 4.200928e+01 2.790000e+01
      vertex   1.163871e+01 3.767468e+01 2.790000e+01
      vertex   1.313610e+01 3.750596e+01 2.790000e+01
    endloop
  endfacet
  facet normal 0.000000e+00 0.000000e+00 1.000000e+00
    outer loop
      vertex   1.303464e+01 4.200928e+01 2.790000e+01
      vertex   1.313610e+01 3.750596e+01 2.790000e+01
      vertex   1.467716e+01 4.175765e+01 2.790000e+01
    endloop
  endfacet
  facet normal 0.000000e+00 0.000000e+00 1.000000e+00
    outer loop
      vertex   1.467716e+01 4.175765e+01 2.790000e+01
      vertex   1.313610e+01 3.750596e+01 2.790000e+01
      vertex   1.461670e+01 3.722582e+01 2.790000e+01
    endloop
  endfacet
  facet normal 0.000000e+00 0.000000e+00 1.000000e+00
    outer loop
      vertex   1.467716e+01 4.175765e+01 2.790000e+01
      vertex   1.461670e+01 3.722582e+01 2.790000e+01
      vertex   1.629896e+01 4.139572e+01 2.790000e+01
    endloop
  endfacet
  facet normal 0.000000e+00 0.000000e+00 1.000000e+00
    outer loop
      vertex   1.629896e+01 4.139572e+01 2.790000e+01
      vertex   1.461670e+01 3.722582e+01 2.790000e+01
      vertex   1.607222e+01 3.683581e+01 2.790000e+01
    endloop
  endfacet
  facet normal 0.000000e+00 0.000000e+00 1.000000e+00
    outer loop
      vertex   1.629896e+01 4.139572e+01 2.790000e+01
      vertex   1.607222e+01 3.683581e+01 2.790000e+01
      vertex   1.789261e+01 4.092512e+01 2.790000e+01
    endloop
  endfacet
  facet normal 0.000000e+00 0.000000e+00 1.000000e+00
    outer loop
      vertex   1.789261e+01 4.092512e+01 2.790000e+01
      vertex   1.607222e+01 3.683581e+01 2.790000e+01
      vertex   1.749452e+01 3.633813e+01 2.790000e+01
    endloop
  endfacet
  facet normal 0.000000e+00 0.000000e+00 1.000000e+00
    outer loop
      vertex   1.789261e+01 4.092512e+01 2.790000e+01
      vertex   1.749452e+01 3.633813e+01 2.790000e+01
      vertex   1.945086e+01 4.034800e+01 2.790000e+01
    endloop
  endfacet
  facet normal 0.000000e+00 0.000000e+00 1.000000e+00
    outer loop
      vertex   1.945086e+01 4.034800e+01 2.790000e+01
      vertex   1.749452e+01 3.633813e+01 2.790000e+01
      vertex   1.887566e+01 3.573554e+01 2.790000e+01
    endloop
  endfacet
  facet normal 0.000000e+00 0.000000e+00 1.000000e+00
    outer loop
      vertex   1.945086e+01 4.034800e+01 2.790000e+01
      vertex   1.887566e+01 3.573554e+01 2.790000e+01
      vertex   2.096660e+01 3.966701e+01 2.790000e+01
    endloop
  endfacet
  facet normal 0.000000e+00 0.000000e+00 1.000000e+00
    outer loop
      vertex   2.096660e+01 3.966701e+01 2.790000e+01
      vertex   1.887566e+01 3.573554e+01 2.790000e+01
      vertex   2.020790e+01 3.503143e+01 2.790000e+01
    endloop
  endfacet
  facet normal 0.000000e+00 0.000000e+00 1.000000e+00
    outer loop
      vertex   2.096660e+01 3.966701e+01 2.790000e+01
      vertex   2.020790e+01 3.503143e+01 2.790000e+01
      vertex   2.243290e+01 3.888524e+01 2.790000e+01
    endloop
  endfacet
  facet normal 0.000000e+00 0.000000e+00 1.000000e+00
    outer loop
      vertex   2.243290e+01 3.888524e+01 2.790000e+01
      vertex   2.020790e+01 3.503143e+01 2.790000e+01
      vertex   2.384308e+01 3.800627e+01 2.790000e+01
    endloop
  endfacet
  facet normal 0.000000e+00 0.000000e+00 1.000000e+00
    outer loop
      vertex   2.384308e+01 3.800627e+01 2.790000e+01
      vertex   2.020790e+01 3.503143e+01 2.790000e+01
      vertex   2.148380e+01 3.422973e+01 2.790000e+01
    endloop
  endfacet
  facet normal 0.000000e+00 0.000000e+00 1.000000e+00
    outer loop
      vertex   2.384308e+01 3.800627e+01 2.790000e+01
      vertex   2.148380e+01 3.422973e+01 2.790000e+01
      vertex   2.519071e+01 3.703410e+01 2.790000e+01
    endloop
  endfacet
  facet normal 0.000000e+00 0.000000e+00 1.000000e+00
    outer loop
      vertex   2.519071e+01 3.703410e+01 2.790000e+01
      vertex   2.148380e+01 3.422973e+01 2.790000e+01
      vertex   2.269622e+01 3.333492e+01 2.790000e+01
    endloop
  endfacet
  facet normal 0.000000e+00 0.000000e+00 1.000000e+00
    outer loop
      vertex   2.519071e+01 3.703410e+01 2.790000e+01
      vertex   2.269622e+01 3.333492e+01 2.790000e+01
      vertex   2.646963e+01 3.597317e+01 2.790000e+01
    endloop
  endfacet
  facet normal 0.000000e+00 0.000000e+00 1.000000e+00
    outer loop
      vertex   2.646963e+01 3.597317e+01 2.790000e+01
      vertex   2.269622e+01 3.333492e+01 2.790000e+01
      vertex   2.383838e+01 3.235201e+01 2.790000e+01
    endloop
  endfacet
  facet normal 0.000000e+00 0.000000e+00 1.000000e+00
    outer loop
      vertex   2.646963e+01 3.597317e+01 2.790000e+01
      vertex   2.383838e+01 3.235201e+01 2.790000e+01
      vertex   2.767401e+01 3.482833e+01 2.790000e+01
    endloop
  endfacet
  facet normal 0.000000e+00 0.000000e+00 1.000000e+00
    outer loop
      vertex   2.767401e+01 3.482833e+01 2.790000e+01
      vertex   2.383838e+01 3.235201e+01 2.790000e+01
      vertex   2.490390e+01 3.128650e+01 2.790000e+01
    endloop
  endfacet
  facet normal 0.000000e+00 0.000000e+00 1.000000e+00
    outer loop
      vertex   2.767401e+01 3.482833e+01 2.790000e+01
      vertex   2.490390e+01 3.128650e+01 2.790000e+01
      vertex   2.879835e+01 3.360478e+01 2.790000e+01
    endloop
  endfacet
  facet normal 0.000000e+00 0.000000e+00 1.000000e+00
    outer loop
      vertex   2.879835e+01 3.360478e+01 2.790000e+01
      vertex   2.490390e+01 3.128650e+01 2.790000e+01
      vertex   2.588681e+01 3.014434e+01 2.790000e+01
    endloop
  endfacet
  facet normal 0.000000e+00 0.000000e+00 1.000000e+00
    outer loop
      vertex   2.879835e+01 3.360478e+01 2.790000e+01
      vertex   2.588681e+01 3.014434e+01 2.790000e+01
      vertex   2.983753e+01 3.230813e+01 2.790000e+01
    endloop
  endfacet
  facet normal 0.000000e+00 0.000000e+00 1.000000e+00
    outer loop
      vertex   2.983753e+01 3.230813e+01 2.790000e+01
      vertex   2.588681e+01 3.014434e+01 2.790000e+01
      vertex   2.678161e+01 2.893192e+01 2.790000e+01
    endloop
  endfacet
  facet normal 0.000000e+00 0.000000e+00 1.000000e+00
    outer loop
      vertex   2.983753e+01 3.230813e+01 2.790000e+01
      vertex   2.678161e+01 2.893192e+01 2.790000e+01
      vertex   3.078680e+01 3.094427e+01 2.790000e+01
    endloop
  endfacet
  facet normal 0.000000e+00 0.000000e+00 1.000000e+00
    outer loop
      vertex   3.078680e+01 3.094427e+01 2.790000e+01
      vertex   2.678161e+01 2.893192e+01 2.790000e+01
      vertex   2.758331e+01 2.765602e+01 2.790000e+01
    endloop
  endfacet
  facet normal 0.000000e+00 0.000000e+00 1.000000e+00
    outer loop
      vertex   3.078680e+01 3.094427e+01 2.790000e+01
      vertex   2.758331e+01 2.765602e+01 2.790000e+01
      vertex   3.164183e+01 2.951945e+01 2.790000e+01
    endloop
  endfacet
  facet normal 0.000000e+00 0.000000e+00 1.000000e+00
    outer loop
      vertex   3.164183e+01 2.951945e+01 2.790000e+01
      vertex   2.758331e+01 2.765602e+01 2.790000e+01
      vertex   2.828743e+01 2.632378e+01 2.790000e+01
    endloop
  endfacet
  facet normal 0.000000e+00 0.000000e+00 1.000000e+00
    outer loop
      vertex   3.164183e+01 2.951945e+01 2.790000e+01
      vertex   2.828743e+01 2.632378e+01 2.790000e+01
      vertex   3.239872e+01 2.804015e+01 2.790000e+01
    endloop
  endfacet
  facet normal 0.000000e+00 0.000000e+00 1.000000e+00
    outer loop
      vertex   3.239872e+01 2.804015e+01 2.790000e+01
      vertex   2.828743e+01 2.632378e+01 2.790000e+01
      vertex   2.889001e+01 2.494264e+01 2.790000e+01
    endloop
  endfacet
  facet normal 0.000000e+00 0.000000e+00 1.000000e+00
    outer loop
      vertex   3.239872e+01 2.804015e+01 2.790000e+01
      vertex   2.889001e+01 2.494264e+01 2.790000e+01
      vertex   3.305402e+01 2.651313e+01 2.790000e+01
    endloop
  endfacet
  facet normal 0.000000e+00 0.000000e+00 1.000000e+00
    outer loop
      vertex   3.305402e+01 2.651313e+01 2.790000e+01
      vertex   2.889001e+01 2.494264e+01 2.790000e+01
      vertex   3.360473e+01 2.494535e+01 2.790000e+01
    endloop
  endfacet
  facet normal 0.000000e+00 0.000000e+00 1.000000e+00
    outer loop
      vertex   3.360473e+01 2.494535e+01 2.790000e+01
      vertex   2.889001e+01 2.494264e+01 2.790000e+01
      vertex   2.938769e+01 2.352034e+01 2.790000e+01
    endloop
  endfacet
  facet normal 0.000000e+00 0.000000e+00 1.000000e+00
    outer loop
      vertex   3.360473e+01 2.494535e+01 2.790000e+01
      vertex   2.938769e+01 2.352034e+01 2.790000e+01
      vertex   3.404834e+01 2.334397e+01 2.790000e+01
    endloop
  endfacet
  facet normal 0.000000e+00 0.000000e+00 1.000000e+00
    outer loop
      vertex   3.404834e+01 2.334397e+01 2.790000e+01
      vertex   2.938769e+01 2.352034e+01 2.790000e+01
      vertex   2.977770e+01 2.206482e+01 2.790000e+01
    endloop
  endfacet
  facet normal 0.000000e+00 0.000000e+00 1.000000e+00
    outer loop
      vertex   3.404834e+01 2.334397e+01 2.790000e+01
      vertex   2.977770e+01 2.206482e+01 2.790000e+01
      vertex   3.438284e+01 2.171630e+01 2.790000e+01
    endloop
  endfacet
  facet normal 0.000000e+00 0.000000e+00 1.000000e+00
    outer loop
      vertex   3.438284e+01 2.171630e+01 2.790000e+01
      vertex   2.977770e+01 2.206482e+01 2.790000e+01
      vertex   3.005784e+01 2.058422e+01 2.790000e+01
    endloop
  endfacet
  facet normal 0.000000e+00 0.000000e+00 1.000000e+00
    outer loop
      vertex   3.438284e+01 2.171630e+01 2.790000e+01
      vertex   3.005784e+01 2.058422e+01 2.790000e+01
      vertex   3.460669e+01 2.006976e+01 2.790000e+01
    endloop
  endfacet
  facet normal 0.000000e+00 0.000000e+00 1.000000e+00
    outer loop
      vertex   3.460669e+01 2.006976e+01 2.790000e+01
      vertex   3.005784e+01 2.058422e+01 2.790000e+01
      vertex   3.022656e+01 1.908683e+01 2.790000e+01
    endloop
  endfacet
  facet normal 0.000000e+00 0.000000e+00 1.000000e+00
    outer loop
      vertex   3.460669e+01 2.006976e+01 2.790000e+01
      vertex   3.022656e+01 1.908683e+01 2.790000e+01
      vertex   3.471887e+01 1.841186e+01 2.790000e+01
    endloop
  endfacet
  facet normal 0.000000e+00 0.000000e+00 1.000000e+00
    outer loop
      vertex   3.471887e+01 1.841186e+01 2.790000e+01
      vertex   3.022656e+01 1.908683e+01 2.790000e+01
      vertex   3.028290e+01 1.758102e+01 2.790000e+01
    endloop
  endfacet
  facet normal 0.000000e+00 0.000000e+00 1.000000e+00
    outer loop
      vertex   3.471887e+01 1.841186e+01 2.790000e+01
      vertex   3.028290e+01 1.758102e+01 2.790000e+01
      vertex   3.471887e+01 1.675018e+01 2.790000e+01
    endloop
  endfacet
  facet normal 0.000000e+00 0.000000e+00 1.000000e+00
    outer loop
      vertex   3.471887e+01 1.675018e+01 2.790000e+01
      vertex   3.028290e+01 1.758102e+01 2.790000e+01
      vertex   3.022656e+01 1.607521e+01 2.790000e+01
    endloop
  endfacet
  facet normal 0.000000e+00 0.000000e+00 1.000000e+00
    outer loop
      vertex   3.471887e+01 1.675018e+01 2.790000e+01
      vertex   3.022656e+01 1.607521e+01 2.790000e+01
      vertex   3.460669e+01 1.509228e+01 2.790000e+01
    endloop
  endfacet
  facet normal 0.000000e+00 0.000000e+00 1.000000e+00
    outer loop
      vertex   3.460669e+01 1.509228e+01 2.790000e+01
      vertex   3.022656e+01 1.607521e+01 2.790000e+01
      vertex   3.005784e+01 1.457782e+01 2.790000e+01
    endloop
  endfacet
  facet normal 0.000000e+00 0.000000e+00 1.000000e+00
    outer loop
      vertex   3.460669e+01 1.509228e+01 2.790000e+01
      vertex   3.005784e+01 1.457782e+01 2.790000e+01
      vertex   3.438284e+01 1.344574e+01 2.790000e+01
    endloop
  endfacet
  facet normal 0.000000e+00 0.000000e+00 1.000000e+00
    outer loop
      vertex   3.438284e+01 1.344574e+01 2.790000e+01
      vertex   3.005784e+01 1.457782e+01 2.790000e+01
      vertex   2.977770e+01 1.309722e+01 2.790000e+01
    endloop
  endfacet
  facet normal 0.000000e+00 0.000000e+00 1.000000e+00
    outer loop
      vertex   3.438284e+01 1.344574e+01 2.790000e+01
      vertex   2.977770e+01 1.309722e+01 2.790000e+01
      vertex   3.404834e+01 1.181806e+01 2.790000e+01
    endloop
  endfacet
  facet normal 0.000000e+00 0.000000e+00 1.000000e+00
    outer loop
      vertex   3.404834e+01 1.181806e+01 2.790000e+01
      vertex   2.977770e+01 1.309722e+01 2.790000e+01
      vertex   2.938769e+01 1.164170e+01 2.790000e+01
    endloop
  endfacet
  facet normal 0.000000e+00 0.000000e+00 1.000000e+00
    outer loop
      vertex   3.404834e+01 1.181806e+01 2.790000e+01
      vertex   2.938769e+01 1.164170e+01 2.790000e+01
      vertex   3.360473e+01 1.021669e+01 2.790000e+01
    endloop
  endfacet
  facet normal 0.000000e+00 0.000000e+00 1.000000e+00
    outer loop
      vertex   3.360473e+01 1.021669e+01 2.790000e+01
      vertex   2.938769e+01 1.164170e+01 2.790000e+01
      vertex   2.889001e+01 1.021940e+01 2.790000e+01
    endloop
  endfacet
  facet normal 0.000000e+00 0.000000e+00 1.000000e+00
    outer loop
      vertex   3.360473e+01 1.021669e+01 2.790000e+01
      vertex   2.889001e+01 1.021940e+01 2.790000e+01
      vertex   3.305402e+01 8.648910e+00 2.790000e+01
    endloop
  endfacet
  facet normal 0.000000e+00 0.000000e+00 1.000000e+00
    outer loop
      vertex   3.305402e+01 8.648910e+00 2.790000e+01
      vertex   2.889001e+01 1.021940e+01 2.790000e+01
      vertex   3.239872e+01 7.121890e+00 2.790000e+01
    endloop
  endfacet
  facet normal 0.000000e+00 0.000000e+00 1.000000e+00
    outer loop
      vertex   3.239872e+01 7.121890e+00 2.790000e+01
      vertex   2.889001e+01 1.021940e+01 2.790000e+01
      vertex   2.828743e+01 8.838262e+00 2.790000e+01
    endloop
  endfacet
  facet normal 0.000000e+00 0.000000e+00 1.000000e+00
    outer loop
      vertex   3.239872e+01 7.121890e+00 2.790000e+01
      vertex   2.828743e+01 8.838262e+00 2.790000e+01
      vertex   3.164183e+01 5.642591e+00 2.790000e+01
    endloop
  endfacet
  facet normal 0.000000e+00 0.000000e+00 1.000000e+00
    outer loop
      vertex   3.164183e+01 5.642591e+00 2.790000e+01
      vertex   2.828743e+01 8.838262e+00 2.790000e+01
      vertex   2.758331e+01 7.506019e+00 2.790000e+01
    endloop
  endfacet
  facet normal 0.000000e+00 0.000000e+00 1.000000e+00
    outer loop
      vertex   3.164183e+01 5.642591e+00 2.790000e+01
      vertex   2.758331e+01 7.506019e+00 2.790000e+01
      vertex   3.078680e+01 4.217765e+00 2.790000e+01
    endloop
  endfacet
  facet normal 0.000000e+00 0.000000e+00 1.000000e+00
    outer loop
      vertex   3.078680e+01 4.217765e+00 2.790000e+01
      vertex   2.758331e+01 7.506019e+00 2.790000e+01
      vertex   2.678161e+01 6.230120e+00 2.790000e+01
    endloop
  endfacet
  facet normal 0.000000e+00 0.000000e+00 1.000000e+00
    outer loop
      vertex   3.078680e+01 4.217765e+00 2.790000e+01
      vertex   2.678161e+01 6.230120e+00 2.790000e+01
      vertex   2.983753e+01 2.853913e+00 2.790000e+01
    endloop
  endfacet
  facet normal 0.000000e+00 0.000000e+00 1.000000e+00
    outer loop
      vertex   2.983753e+01 2.853913e+00 2.790000e+01
      vertex   2.678161e+01 6.230120e+00 2.790000e+01
      vertex   2.588681e+01 5.017700e+00 2.790000e+01
    endloop
  endfacet
  facet normal 0.000000e+00 0.000000e+00 1.000000e+00
    outer loop
      vertex   2.983753e+01 2.853913e+00 2.790000e+01
      vertex   2.588681e+01 5.017700e+00 2.790000e+01
      vertex   2.879835e+01 1.557256e+00 2.790000e+01
    endloop
  endfacet
  facet normal 0.000000e+00 0.000000e+00 1.000000e+00
    outer loop
      vertex   2.879835e+01 1.557256e+00 2.790000e+01
      vertex   2.588681e+01 5.017700e+00 2.790000e+01
      vertex   2.490390e+01 3.875539e+00 2.790000e+01
    endloop
  endfacet
  facet normal 0.000000e+00 0.000000e+00 1.000000e+00
    outer loop
      vertex   2.879835e+01 1.557256e+00 2.790000e+01
      vertex   2.490390e+01 3.875539e+00 2.790000e+01
      vertex   2.767401e+01 3.337130e-01 2.790000e+01
    endloop
  endfacet
  facet normal 0.000000e+00 0.000000e+00 1.000000e+00
    outer loop
      vertex   2.767401e+01 3.337130e-01 2.790000e+01
      vertex   2.490390e+01 3.875539e+00 2.790000e+01
      vertex   2.383838e+01 2.810024e+00 2.790000e+01
    endloop
  endfacet
  facet normal 0.000000e+00 0.000000e+00 1.000000e+00
    outer loop
      vertex   2.767401e+01 3.337130e-01 2.790000e+01
      vertex   2.383838e+01 2.810024e+00 2.790000e+01
      vertex   2.646963e+01 -8.111349e-01 2.790000e+01
    endloop
  endfacet
  facet normal 0.000000e+00 0.000000e+00 1.000000e+00
    outer loop
      vertex   2.646963e+01 -8.111349e-01 2.790000e+01
      vertex   2.383838e+01 2.810024e+00 2.790000e+01
      vertex   2.269622e+01 1.827115e+00 2.790000e+01
    endloop
  endfacet
  facet normal 0.000000e+00 0.000000e+00 1.000000e+00
    outer loop
      vertex   2.646963e+01 -8.111349e-01 2.790000e+01
      vertex   2.269622e+01 1.827115e+00 2.790000e+01
      vertex   2.519071e+01 -1.872064e+00 2.790000e+01
    endloop
  endfacet
  facet normal 0.000000e+00 0.000000e+00 1.000000e+00
    outer loop
      vertex   2.519071e+01 -1.872064e+00 2.790000e+01
      vertex   2.269622e+01 1.827115e+00 2.790000e+01
      vertex   2.148380e+01 9.323081e-01 2.790000e+01
    endloop
  endfacet
  facet normal 0.000000e+00 0.000000e+00 1.000000e+00
    outer loop
      vertex   2.519071e+01 -1.872064e+00 2.790000e+01
      vertex   2.148380e+01 9.323081e-01 2.790000e+01
      vertex   2.384308e+01 -2.844232e+00 2.790000e+01
    endloop
  endfacet
  facet normal 0.000000e+00 0.000000e+00 1.000000e+00
    outer loop
      vertex   2.384308e+01 -2.844232e+00 2.790000e+01
      vertex   2.148380e+01 9.323081e-01 2.790000e+01
      vertex   2.020790e+01 1.306076e-01 2.790000e+01
    endloop
  endfacet
  facet normal 0.000000e+00 0.000000e+00 1.000000e+00
    outer loop
      vertex   2.384308e+01 -2.844232e+00 2.790000e+01
      vertex   2.020790e+01 1.306076e-01 2.790000e+01
      vertex   2.243290e+01 -3.723205e+00 2.790000e+01
    endloop
  endfacet
  facet normal 0.000000e+00 0.000000e+00 1.000000e+00
    outer loop
      vertex   2.243290e+01 -3.723205e+00 2.790000e+01
      vertex   2.020790e+01 1.306076e-01 2.790000e+01
      vertex   2.096660e+01 -4.504972e+00 2.790000e+01
    endloop
  endfacet
  facet normal 0.000000e+00 0.000000e+00 1.000000e+00
    outer loop
      vertex   2.096660e+01 -4.504972e+00 2.790000e+01
      vertex   2.020790e+01 1.306076e-01 2.790000e+01
      vertex   1.887566e+01 -5.735032e-01 2.790000e+01
    endloop
  endfacet
  facet normal 0.000000e+00 0.000000e+00 1.000000e+00
    outer loop
      vertex   2.096660e+01 -4.504972e+00 2.790000e+01
      vertex   1.887566e+01 -5.735032e-01 2.790000e+01
      vertex   1.945086e+01 -5.185966e+00 2.790000e+01
    endloop
  endfacet
  facet normal 0.000000e+00 0.000000e+00 1.000000e+00
    outer loop
      vertex   1.945086e+01 -5.185966e+00 2.790000e+01
      vertex   1.887566e+01 -5.735032e-01 2.790000e+01
      vertex   1.749452e+01 -1.176087e+00 2.790000e+01
    endloop
  endfacet
  facet normal 0.000000e+00 0.000000e+00 1.000000e+00
    outer loop
      vertex   1.945086e+01 -5.185966e+00 2.790000e+01
      vertex   1.749452e+01 -1.176087e+00 2.790000e+01
      vertex   1.789261e+01 -5.763079e+00 2.790000e+01
    endloop
  endfacet
  facet normal 0.000000e+00 0.000000e+00 1.000000e+00
    outer loop
      vertex   1.789261e+01 -5.763079e+00 2.790000e+01
      vertex   1.749452e+01 -1.176087e+00 2.790000e+01
      vertex   1.607222e+01 -1.673773e+00 2.790000e+01
    endloop
  endfacet
  facet normal 0.000000e+00 0.000000e+00 1.000000e+00
    outer loop
      vertex   1.789261e+01 -5.763079e+00 2.790000e+01
      vertex   1.607222e+01 -1.673773e+00 2.790000e+01
      vertex   1.629896e+01 -6.233678e+00 2.790000e+01
    endloop
  endfacet
  facet normal 0.000000e+00 0.000000e+00 1.000000e+00
    outer loop
      vertex   1.629896e+01 -6.233678e+00 2.790000e+01
      vertex   1.607222e+01 -1.673773e+00 2.790000e+01
      vertex   1.461670e+01 -2.063778e+00 2.790000e+01
    endloop
  endfacet
  facet normal 0.000000e+00 0.000000e+00 1.000000e+00
    outer loop
      vertex   1.629896e+01 -6.233678e+00 2.790000e+01
      vertex   1.461670e+01 -2.063778e+00 2.790000e+01
      vertex   1.467716e+01 -6.595616e+00 2.790000e+01
    endloop
  endfacet
  facet normal 0.000000e+00 0.000000e+00 1.000000e+00
    outer loop
      vertex   1.467716e+01 -6.595616e+00 2.790000e+01
      vertex   1.461670e+01 -2.063778e+00 2.790000e+01
      vertex   1.313610e+01 -2.343922e+00 2.790000e+01
    endloop
  endfacet
  facet normal 0.000000e+00 0.000000e+00 1.000000e+00
    outer loop
      vertex   1.467716e+01 -6.595616e+00 2.790000e+01
      vertex   1.313610e+01 -2.343922e+00 2.790000e+01
      vertex   1.303464e+01 -6.847241e+00 2.790000e+01
    endloop
  endfacet
  facet normal 0.000000e+00 -0.000000e+00 1.000000e+00
    outer loop
      vertex   1.303464e+01 -6.847241e+00 2.790000e+01
      vertex   1.313610e+01 -2.343922e+00 2.790000e+01
      vertex   1.163871e+01 -2.512637e+00 2.790000e+01
    endloop
  endfacet
  facet normal 0.000000e+00 0.000000e+00 1.000000e+00
    outer loop
      vertex   1.303464e+01 -6.847241e+00 2.790000e+01
      vertex   1.163871e+01 -2.512637e+00 2.790000e+01
      vertex   1.137887e+01 -6.987407e+00 2.790000e+01
    endloop
  endfacet
  facet normal 0.000000e+00 -0.000000e+00 1.000000e+00
    outer loop
      vertex   1.137887e+01 -6.987407e+00 2.790000e+01
      vertex   1.163871e+01 -2.512637e+00 2.790000e+01
      vertex   1.013290e+01 -2.568981e+00 2.790000e+01
    endloop
  endfacet
  facet normal 0.000000e+00 0.000000e+00 1.000000e+00
    outer loop
      vertex   1.137887e+01 -6.987407e+00 2.790000e+01
      vertex   1.013290e+01 -2.568981e+00 2.790000e+01
      vertex   9.717422e+00 -7.015472e+00 2.790000e+01
    endloop
  endfacet
  facet normal 0.000000e+00 -0.000000e+00 1.000000e+00
    outer loop
      vertex   9.717422e+00 -7.015472e+00 2.790000e+01
      vertex   1.013290e+01 -2.568981e+00 2.790000e+01
      vertex   8.627091e+00 -2.512637e+00 2.790000e+01
    endloop
  endfacet
  facet normal 0.000000e+00 0.000000e+00 1.000000e+00
    outer loop
      vertex   9.717422e+00 -7.015472e+00 2.790000e+01
      vertex   8.627091e+00 -2.512637e+00 2.790000e+01
      vertex   8.057867e+00 -6.931309e+00 2.790000e+01
    endloop
  endfacet
  facet normal 0.000000e+00 -0.000000e+00 1.000000e+00
    outer loop
      vertex   8.057867e+00 -6.931309e+00 2.790000e+01
      vertex   8.627091e+00 -2.512637e+00 2.790000e+01
      vertex   7.129701e+00 -2.343922e+00 2.790000e+01
    endloop
  endfacet
  facet normal 0.000000e+00 0.000000e+00 1.000000e+00
    outer loop
      vertex   8.057867e+00 -6.931309e+00 2.790000e+01
      vertex   7.129701e+00 -2.343922e+00 2.790000e+01
      vertex   6.407780e+00 -6.735301e+00 2.790000e+01
    endloop
  endfacet
  facet normal 0.000000e+00 -0.000000e+00 1.000000e+00
    outer loop
      vertex   6.407780e+00 -6.735301e+00 2.790000e+01
      vertex   7.129701e+00 -2.343922e+00 2.790000e+01
      vertex   4.774689e+00 -6.428344e+00 2.790000e+01
    endloop
  endfacet
  facet normal 0.000000e+00 0.000000e+00 1.000000e+00
    outer loop
      vertex   4.774689e+00 -6.428344e+00 2.790000e+01
      vertex   7.129701e+00 -2.343922e+00 2.790000e+01
      vertex   5.649106e+00 -2.063778e+00 2.790000e+01
    endloop
  endfacet
  facet normal 0.000000e+00 -0.000000e+00 1.000000e+00
    outer loop
      vertex   4.774689e+00 -6.428344e+00 2.790000e+01
      vertex   5.649106e+00 -2.063778e+00 2.790000e+01
      vertex   3.166047e+00 -6.011838e+00 2.790000e+01
    endloop
  endfacet
  facet normal 0.000000e+00 0.000000e+00 1.000000e+00
    outer loop
      vertex   3.166047e+00 -6.011838e+00 2.790000e+01
      vertex   5.649106e+00 -2.063778e+00 2.790000e+01
      vertex   4.193586e+00 -1.673773e+00 2.790000e+01
    endloop
  endfacet
  facet normal 0.000000e+00 -0.000000e+00 1.000000e+00
    outer loop
      vertex   3.166047e+00 -6.011838e+00 2.790000e+01
      vertex   4.193586e+00 -1.673773e+00 2.790000e+01
      vertex   1.589194e+00 -5.487683e+00 2.790000e+01
    endloop
  endfacet
  facet normal 0.000000e+00 0.000000e+00 1.000000e+00
    outer loop
      vertex   1.589194e+00 -5.487683e+00 2.790000e+01
      vertex   4.193586e+00 -1.673773e+00 2.790000e+01
      vertex   2.771281e+00 -1.176087e+00 2.790000e+01
    endloop
  endfacet
  facet normal 0.000000e+00 -0.000000e+00 1.000000e+00
    outer loop
      vertex   1.589194e+00 -5.487683e+00 2.790000e+01
      vertex   2.771281e+00 -1.176087e+00 2.790000e+01
      vertex   5.132285e-02 -4.858271e+00 2.790000e+01
    endloop
  endfacet
  facet normal 0.000000e+00 0.000000e+00 1.000000e+00
    outer loop
      vertex   5.132285e-02 -4.858271e+00 2.790000e+01
      vertex   2.771281e+00 -1.176087e+00 2.790000e+01
      vertex   1.390145e+00 -5.735032e-01 2.790000e+01
    endloop
  endfacet
  facet normal 0.000000e+00 -0.000000e+00 1.000000e+00
    outer loop
      vertex   5.132285e-02 -4.858271e+00 2.790000e+01
      vertex   1.390145e+00 -5.735032e-01 2.790000e+01
      vertex   -1.440548e+00 -4.126473e+00 2.790000e+01
    endloop
  endfacet
  facet normal 0.000000e+00 0.000000e+00 1.000000e+00
    outer loop
      vertex   -1.440548e+00 -4.126473e+00 2.790000e+01
      vertex   1.390145e+00 -5.735032e-01 2.790000e+01
      vertex   5.790284e-02 1.306076e-01 2.790000e+01
    endloop
  endfacet
  facet normal 0.000000e+00 -0.000000e+00 1.000000e+00
    outer loop
      vertex   -1.440548e+00 -4.126473e+00 2.790000e+01
      vertex   5.790284e-02 1.306076e-01 2.790000e+01
      vertex   -2.879612e+00 -3.295629e+00 2.790000e+01
    endloop
  endfacet
  facet normal 0.000000e+00 0.000000e+00 1.000000e+00
    outer loop
      vertex   -2.879612e+00 -3.295629e+00 2.790000e+01
      vertex   5.790284e-02 1.306076e-01 2.790000e+01
      vertex   -1.217996e+00 9.323081e-01 2.790000e+01
    endloop
  endfacet
  facet normal 0.000000e+00 -0.000000e+00 1.000000e+00
    outer loop
      vertex   -2.879612e+00 -3.295629e+00 2.790000e+01
      vertex   -1.217996e+00 9.323081e-01 2.790000e+01
      vertex   -4.259303e+00 -2.369530e+00 2.790000e+01
    endloop
  endfacet
  facet normal 0.000000e+00 0.000000e+00 1.000000e+00
    outer loop
      vertex   -4.259303e+00 -2.369530e+00 2.790000e+01
      vertex   -1.217996e+00 9.323081e-01 2.790000e+01
      vertex   -2.430417e+00 1.827115e+00 2.790000e+01
    endloop
  endfacet
  facet normal 0.000000e+00 -0.000000e+00 1.000000e+00
    outer loop
      vertex   -4.259303e+00 -2.369530e+00 2.790000e+01
      vertex   -2.430417e+00 1.827115e+00 2.790000e+01
      vertex   -5.573325e+00 -1.352401e+00 2.790000e+01
    endloop
  endfacet
  facet normal 0.000000e+00 0.000000e+00 1.000000e+00
    outer loop
      vertex   -5.573325e+00 -1.352401e+00 2.790000e+01
      vertex   -2.430417e+00 1.827115e+00 2.790000e+01
      vertex   -3.572578e+00 2.810024e+00 2.790000e+01
    endloop
  endfacet
  facet normal 0.000000e+00 -0.000000e+00 1.000000e+00
    outer loop
      vertex   -5.573325e+00 -1.352401e+00 2.790000e+01
      vertex   -3.572578e+00 2.810024e+00 2.790000e+01
      vertex   -6.815683e+00 -2.488831e-01 2.790000e+01
    endloop
  endfacet
  facet normal 0.000000e+00 0.000000e+00 1.000000e+00
    outer loop
      vertex   -6.815683e+00 -2.488831e-01 2.790000e+01
      vertex   -3.572578e+00 2.810024e+00 2.790000e+01
      vertex   -4.638092e+00 3.875539e+00 2.790000e+01
    endloop
  endfacet
  facet normal 0.000000e+00 -0.000000e+00 1.000000e+00
    outer loop
      vertex   -6.815683e+00 -2.488831e-01 2.790000e+01
      vertex   -4.638092e+00 3.875539e+00 2.790000e+01
      vertex   -7.980709e+00 9.359885e-01 2.790000e+01
    endloop
  endfacet
  facet normal 0.000000e+00 0.000000e+00 1.000000e+00
    outer loop
      vertex   -7.980709e+00 9.359885e-01 2.790000e+01
      vertex   -4.638092e+00 3.875539e+00 2.790000e+01
      vertex   -5.621002e+00 5.017700e+00 2.790000e+01
    endloop
  endfacet
  facet normal 0.000000e+00 -0.000000e+00 1.000000e+00
    outer loop
      vertex   -7.980709e+00 9.359885e-01 2.790000e+01
      vertex   -5.621002e+00 5.017700e+00 2.790000e+01
      vertex   -9.063087e+00 2.196808e+00 2.790000e+01
    endloop
  endfacet
  facet normal 0.000000e+00 -0.000000e+00 1.000000e+00
    outer loop
      vertex   -9.063087e+00 2.196808e+00 2.790000e+01
      vertex   -5.621002e+00 5.017700e+00 2.790000e+01
      vertex   -1.005788e+01 3.527821e+00 2.790000e+01
    endloop
  endfacet
  facet normal 0.000000e+00 0.000000e+00 1.000000e+00
    outer loop
      vertex   -1.005788e+01 3.527821e+00 2.790000e+01
      vertex   -5.621002e+00 5.017700e+00 2.790000e+01
      vertex   -6.515808e+00 6.230120e+00 2.790000e+01
    endloop
  endfacet
  facet normal 0.000000e+00 -0.000000e+00 1.000000e+00
    outer loop
      vertex   -1.005788e+01 3.527821e+00 2.790000e+01
      vertex   -6.515808e+00 6.230120e+00 2.790000e+01
      vertex   -1.096054e+01 4.922957e+00 2.790000e+01
    endloop
  endfacet
  facet normal 0.000000e+00 0.000000e+00 1.000000e+00
    outer loop
      vertex   -1.096054e+01 4.922957e+00 2.790000e+01
      vertex   -6.515808e+00 6.230120e+00 2.790000e+01
      vertex   -7.317509e+00 7.506019e+00 2.790000e+01
    endloop
  endfacet
  facet normal 0.000000e+00 -0.000000e+00 1.000000e+00
    outer loop
      vertex   -1.096054e+01 4.922957e+00 2.790000e+01
      vertex   -7.317509e+00 7.506019e+00 2.790000e+01
      vertex   -1.176696e+01 6.375848e+00 2.790000e+01
    endloop
  endfacet
  facet normal 0.000000e+00 0.000000e+00 1.000000e+00
    outer loop
      vertex   -1.176696e+01 6.375848e+00 2.790000e+01
      vertex   -7.317509e+00 7.506019e+00 2.790000e+01
      vertex   -8.021620e+00 8.838262e+00 2.790000e+01
    endloop
  endfacet
  facet normal 0.000000e+00 -0.000000e+00 1.000000e+00
    outer loop
      vertex   -1.176696e+01 6.375848e+00 2.790000e+01
      vertex   -8.021620e+00 8.838262e+00 2.790000e+01
      vertex   -1.247346e+01 7.879865e+00 2.790000e+01
    endloop
  endfacet
  facet normal 0.000000e+00 0.000000e+00 1.000000e+00
    outer loop
      vertex   -1.247346e+01 7.879865e+00 2.790000e+01
      vertex   -8.021620e+00 8.838262e+00 2.790000e+01
      vertex   -8.624203e+00 1.021940e+01 2.790000e+01
    endloop
  endfacet
  facet normal 0.000000e+00 -0.000000e+00 1.000000e+00
    outer loop
      vertex   -1.247346e+01 7.879865e+00 2.790000e+01
      vertex   -8.624203e+00 1.021940e+01 2.790000e+01
      vertex   -1.307681e+01 9.428147e+00 2.790000e+01
    endloop
  endfacet
  facet normal 0.000000e+00 0.000000e+00 1.000000e+00
    outer loop
      vertex   -1.307681e+01 9.428147e+00 2.790000e+01
      vertex   -8.624203e+00 1.021940e+01 2.790000e+01
      vertex   -9.121889e+00 1.164170e+01 2.790000e+01
    endloop
  endfacet
  facet normal 0.000000e+00 -0.000000e+00 1.000000e+00
    outer loop
      vertex   -1.307681e+01 9.428147e+00 2.790000e+01
      vertex   -9.121889e+00 1.164170e+01 2.790000e+01
      vertex   -1.357426e+01 1.101363e+01 2.790000e+01
    endloop
  endfacet
  facet normal 0.000000e+00 0.000000e+00 1.000000e+00
    outer loop
      vertex   -1.357426e+01 1.101363e+01 2.790000e+01
      vertex   -9.121889e+00 1.164170e+01 2.790000e+01
      vertex   -9.511895e+00 1.309722e+01 2.790000e+01
    endloop
  endfacet
  facet normal 0.000000e+00 -0.000000e+00 1.000000e+00
    outer loop
      vertex   -1.357426e+01 1.101363e+01 2.790000e+01
      vertex   -9.511895e+00 1.309722e+01 2.790000e+01
      vertex   -1.396353e+01 1.262908e+01 2.790000e+01
    endloop
  endfacet
  facet normal 0.000000e+00 0.000000e+00 1.000000e+00
    outer loop
      vertex   -1.396353e+01 1.262908e+01 2.790000e+01
      vertex   -9.511895e+00 1.309722e+01 2.790000e+01
      vertex   -9.792038e+00 1.457782e+01 2.790000e+01
    endloop
  endfacet
  facet normal 0.000000e+00 -0.000000e+00 1.000000e+00
    outer loop
      vertex   -1.396353e+01 1.262908e+01 2.790000e+01
      vertex   -9.792038e+00 1.457782e+01 2.790000e+01
      vertex   -1.424286e+01 1.426712e+01 2.790000e+01
    endloop
  endfacet
  facet normal 0.000000e+00 0.000000e+00 1.000000e+00
    outer loop
      vertex   -1.424286e+01 1.426712e+01 2.790000e+01
      vertex   -9.792038e+00 1.457782e+01 2.790000e+01
      vertex   -9.960754e+00 1.607521e+01 2.790000e+01
    endloop
  endfacet
  facet normal 0.000000e+00 -0.000000e+00 1.000000e+00
    outer loop
      vertex   -1.424286e+01 1.426712e+01 2.790000e+01
      vertex   -9.960754e+00 1.607521e+01 2.790000e+01
      vertex   -1.441098e+01 1.592028e+01 2.790000e+01
    endloop
  endfacet
  facet normal 0.000000e+00 0.000000e+00 1.000000e+00
    outer loop
      vertex   -1.441098e+01 1.592028e+01 2.790000e+01
      vertex   -9.960754e+00 1.607521e+01 2.790000e+01
      vertex   -1.001710e+01 1.758102e+01 2.790000e+01
    endloop
  endfacet
  facet normal 0.000000e+00 -0.000000e+00 1.000000e+00
    outer loop
      vertex   -6.561363e+00 1.621574e+01 2.790000e+01
      vertex   2.686896e+01 1.689781e+01 2.790000e+01
      vertex   -6.617097e+00 1.758102e+01 2.790000e+01
    endloop
  endfacet
  facet normal -0.000000e+00 0.000000e+00 1.000000e+00
    outer loop
      vertex   -6.617097e+00 1.758102e+01 2.790000e+01
      vertex   2.686896e+01 1.689781e+01 2.790000e+01
      vertex   2.686896e+01 1.826423e+01 2.790000e+01
    endloop
  endfacet
  facet normal 0.000000e+00 0.000000e+00 1.000000e+00
    outer loop
      vertex   -6.617097e+00 1.758102e+01 2.790000e+01
      vertex   2.686896e+01 1.826423e+01 2.790000e+01
      vertex   -6.561363e+00 1.894630e+01 2.790000e+01
    endloop
  endfacet
  facet normal -0.000000e+00 0.000000e+00 1.000000e+00
    outer loop
      vertex   -6.561363e+00 1.894630e+01 2.790000e+01
      vertex   2.686896e+01 1.826423e+01 2.790000e+01
      vertex   2.675759e+01 1.962610e+01 2.790000e+01
    endloop
  endfacet
  facet normal 0.000000e+00 0.000000e+00 1.000000e+00
    outer loop
      vertex   -6.561363e+00 1.894630e+01 2.790000e+01
      vertex   2.675759e+01 1.962610e+01 2.790000e+01
      vertex   -6.394531e+00 2.030249e+01 2.790000e+01
    endloop
  endfacet
  facet normal -0.000000e+00 0.000000e+00 1.000000e+00
    outer loop
      vertex   -6.394531e+00 2.030249e+01 2.790000e+01
      vertex   2.675759e+01 1.962610e+01 2.790000e+01
      vertex   -6.117712e+00 2.164058e+01 2.790000e+01
    endloop
  endfacet
  facet normal -0.000000e+00 0.000000e+00 1.000000e+00
    outer loop
      vertex   -6.117712e+00 2.164058e+01 2.790000e+01
      vertex   2.675759e+01 1.962610e+01 2.790000e+01
      vertex   -5.732748e+00 2.295165e+01 2.790000e+01
    endloop
  endfacet
  facet normal -0.000000e+00 0.000000e+00 1.000000e+00
    outer loop
      vertex   -5.732748e+00 2.295165e+01 2.790000e+01
      vertex   2.675759e+01 1.962610e+01 2.790000e+01
      vertex   -5.242200e+00 2.422697e+01 2.790000e+01
    endloop
  endfacet
  facet normal -0.000000e+00 0.000000e+00 1.000000e+00
    outer loop
      vertex   -5.242200e+00 2.422697e+01 2.790000e+01
      vertex   2.675759e+01 1.962610e+01 2.790000e+01
      vertex   -4.649334e+00 2.545807e+01 2.790000e+01
    endloop
  endfacet
  facet normal -0.000000e+00 0.000000e+00 1.000000e+00
    outer loop
      vertex   -4.649334e+00 2.545807e+01 2.790000e+01
      vertex   2.675759e+01 1.962610e+01 2.790000e+01
      vertex   -3.958094e+00 2.663675e+01 2.790000e+01
    endloop
  endfacet
  facet normal -0.000000e+00 0.000000e+00 1.000000e+00
    outer loop
      vertex   -3.958094e+00 2.663675e+01 2.790000e+01
      vertex   2.675759e+01 1.962610e+01 2.790000e+01
      vertex   -3.173081e+00 2.775517e+01 2.790000e+01
    endloop
  endfacet
  facet normal -0.000000e+00 0.000000e+00 1.000000e+00
    outer loop
      vertex   -3.173081e+00 2.775517e+01 2.790000e+01
      vertex   2.675759e+01 1.962610e+01 2.790000e+01
      vertex   -2.299519e+00 2.880588e+01 2.790000e+01
    endloop
  endfacet
  facet normal -0.000000e+00 0.000000e+00 1.000000e+00
    outer loop
      vertex   -2.299519e+00 2.880588e+01 2.790000e+01
      vertex   2.675759e+01 1.962610e+01 2.790000e+01
      vertex   -1.343221e+00 2.978188e+01 2.790000e+01
    endloop
  endfacet
  facet normal -0.000000e+00 0.000000e+00 1.000000e+00
    outer loop
      vertex   -1.343221e+00 2.978188e+01 2.790000e+01
      vertex   2.675759e+01 1.962610e+01 2.790000e+01
      vertex   -3.105513e-01 3.067670e+01 2.790000e+01
    endloop
  endfacet
  facet normal -0.000000e+00 0.000000e+00 1.000000e+00
    outer loop
      vertex   -3.105513e-01 3.067670e+01 2.790000e+01
      vertex   2.675759e+01 1.962610e+01 2.790000e+01
      vertex   7.916177e-01 3.148436e+01 2.790000e+01
    endloop
  endfacet
  facet normal -0.000000e+00 0.000000e+00 1.000000e+00
    outer loop
      vertex   7.916177e-01 3.148436e+01 2.790000e+01
      vertex   2.675759e+01 1.962610e+01 2.790000e+01
      vertex   1.955951e+00 3.219950e+01 2.790000e+01
    endloop
  endfacet
  facet normal -0.000000e+00 0.000000e+00 1.000000e+00
    outer loop
      vertex   1.955951e+00 3.219950e+01 2.790000e+01
      vertex   2.675759e+01 1.962610e+01 2.790000e+01
      vertex   3.174701e+00 3.281736e+01 2.790000e+01
    endloop
  endfacet
  facet normal -0.000000e+00 0.000000e+00 1.000000e+00
    outer loop
      vertex   3.174701e+00 3.281736e+01 2.790000e+01
      vertex   2.675759e+01 1.962610e+01 2.790000e+01
      vertex   4.439757e+00 3.333382e+01 2.790000e+01
    endloop
  endfacet
  facet normal -0.000000e+00 0.000000e+00 1.000000e+00
    outer loop
      vertex   4.439757e+00 3.333382e+01 2.790000e+01
      vertex   2.675759e+01 1.962610e+01 2.790000e+01
      vertex   5.742700e+00 3.374544e+01 2.790000e+01
    endloop
  endfacet
  facet normal -0.000000e+00 0.000000e+00 1.000000e+00
    outer loop
      vertex   5.742700e+00 3.374544e+01 2.790000e+01
      vertex   2.675759e+01 1.962610e+01 2.790000e+01
      vertex   7.074858e+00 3.404950e+01 2.790000e+01
    endloop
  endfacet
  facet normal -0.000000e+00 0.000000e+00 1.000000e+00
    outer loop
      vertex   7.074858e+00 3.404950e+01 2.790000e+01
      vertex   2.675759e+01 1.962610e+01 2.790000e+01
      vertex   8.427368e+00 3.424396e+01 2.790000e+01
    endloop
  endfacet
  facet normal -0.000000e+00 0.000000e+00 1.000000e+00
    outer loop
      vertex   8.427368e+00 3.424396e+01 2.790000e+01
      vertex   2.675759e+01 1.962610e+01 2.790000e+01
      vertex   9.791227e+00 3.432753e+01 2.790000e+01
    endloop
  endfacet
  facet normal 0.000000e+00 0.000000e+00 1.000000e+00
    outer loop
      vertex   9.791227e+00 3.432753e+01 2.790000e+01
      vertex   2.675759e+01 1.962610e+01 2.790000e+01
      vertex   1.115736e+01 3.429966e+01 2.790000e+01
    endloop
  endfacet
  facet normal 0.000000e+00 0.000000e+00 1.000000e+00
    outer loop
      vertex   1.115736e+01 3.429966e+01 2.790000e+01
      vertex   2.675759e+01 1.962610e+01 2.790000e+01
      vertex   1.251668e+01 3.416053e+01 2.790000e+01
    endloop
  endfacet
  facet normal 0.000000e+00 0.000000e+00 1.000000e+00
    outer loop
      vertex   1.251668e+01 3.416053e+01 2.790000e+01
      vertex   2.675759e+01 1.962610e+01 2.790000e+01
      vertex   1.386013e+01 3.391106e+01 2.790000e+01
    endloop
  endfacet
  facet normal 0.000000e+00 0.000000e+00 1.000000e+00
    outer loop
      vertex   1.386013e+01 3.391106e+01 2.790000e+01
      vertex   2.675759e+01 1.962610e+01 2.790000e+01
      vertex   1.517878e+01 3.355292e+01 2.790000e+01
    endloop
  endfacet
  facet normal 0.000000e+00 0.000000e+00 1.000000e+00
    outer loop
      vertex   1.517878e+01 3.355292e+01 2.790000e+01
      vertex   2.675759e+01 1.962610e+01 2.790000e+01
      vertex   1.646385e+01 3.308849e+01 2.790000e+01
    endloop
  endfacet
  facet normal 0.000000e+00 0.000000e+00 1.000000e+00
    outer loop
      vertex   1.646385e+01 3.308849e+01 2.790000e+01
      vertex   2.675759e+01 1.962610e+01 2.790000e+01
      vertex   1.770678e+01 3.252086e+01 2.790000e+01
    endloop
  endfacet
  facet normal 0.000000e+00 0.000000e+00 1.000000e+00
    outer loop
      vertex   1.770678e+01 3.252086e+01 2.790000e+01
      vertex   2.675759e+01 1.962610e+01 2.790000e+01
      vertex   1.889932e+01 3.185381e+01 2.790000e+01
    endloop
  endfacet
  facet normal 0.000000e+00 0.000000e+00 1.000000e+00
    outer loop
      vertex   1.889932e+01 3.185381e+01 2.790000e+01
      vertex   2.675759e+01 1.962610e+01 2.790000e+01
      vertex   2.003351e+01 3.109177e+01 2.790000e+01
    endloop
  endfacet
  facet normal 0.000000e+00 0.000000e+00 1.000000e+00
    outer loop
      vertex   2.003351e+01 3.109177e+01 2.790000e+01
      vertex   2.675759e+01 1.962610e+01 2.790000e+01
      vertex   2.110182e+01 3.023982e+01 2.790000e+01
    endloop
  endfacet
  facet normal 0.000000e+00 0.000000e+00 1.000000e+00
    outer loop
      vertex   2.110182e+01 3.023982e+01 2.790000e+01
      vertex   2.675759e+01 1.962610e+01 2.790000e+01
      vertex   2.209713e+01 2.930364e+01 2.790000e+01
    endloop
  endfacet
  facet normal 0.000000e+00 0.000000e+00 1.000000e+00
    outer loop
      vertex   2.209713e+01 2.930364e+01 2.790000e+01
      vertex   2.675759e+01 1.962610e+01 2.790000e+01
      vertex   2.301282e+01 2.828943e+01 2.790000e+01
    endloop
  endfacet
  facet normal 0.000000e+00 0.000000e+00 1.000000e+00
    outer loop
      vertex   2.301282e+01 2.828943e+01 2.790000e+01
      vertex   2.675759e+01 1.962610e+01 2.790000e+01
      vertex   2.384280e+01 2.720397e+01 2.790000e+01
    endloop
  endfacet
  facet normal 0.000000e+00 0.000000e+00 1.000000e+00
    outer loop
      vertex   2.384280e+01 2.720397e+01 2.790000e+01
      vertex   2.675759e+01 1.962610e+01 2.790000e+01
      vertex   2.458154e+01 2.605447e+01 2.790000e+01
    endloop
  endfacet
  facet normal 0.000000e+00 0.000000e+00 1.000000e+00
    outer loop
      vertex   2.458154e+01 2.605447e+01 2.790000e+01
      vertex   2.675759e+01 1.962610e+01 2.790000e+01
      vertex   2.522413e+01 2.484857e+01 2.790000e+01
    endloop
  endfacet
  facet normal 0.000000e+00 0.000000e+00 1.000000e+00
    outer loop
      vertex   2.522413e+01 2.484857e+01 2.790000e+01
      vertex   2.675759e+01 1.962610e+01 2.790000e+01
      vertex   2.576629e+01 2.359431e+01 2.790000e+01
    endloop
  endfacet
  facet normal 0.000000e+00 0.000000e+00 1.000000e+00
    outer loop
      vertex   2.576629e+01 2.359431e+01 2.790000e+01
      vertex   2.675759e+01 1.962610e+01 2.790000e+01
      vertex   2.620441e+01 2.230004e+01 2.790000e+01
    endloop
  endfacet
  facet normal 0.000000e+00 0.000000e+00 1.000000e+00
    outer loop
      vertex   2.620441e+01 2.230004e+01 2.790000e+01
      vertex   2.675759e+01 1.962610e+01 2.790000e+01
      vertex   2.653558e+01 2.097436e+01 2.790000e+01
    endloop
  endfacet
  facet normal 0.000000e+00 0.000000e+00 1.000000e+00
    outer loop
      vertex   2.686896e+01 1.689781e+01 2.790000e+01
      vertex   -6.561363e+00 1.621574e+01 2.790000e+01
      vertex   2.675759e+01 1.553594e+01 2.790000e+01
    endloop
  endfacet
  facet normal 0.000000e+00 0.000000e+00 1.000000e+00
    outer loop
      vertex   2.675759e+01 1.553594e+01 2.790000e+01
      vertex   -6.561363e+00 1.621574e+01 2.790000e+01
      vertex   -6.394531e+00 1.485954e+01 2.790000e+01
    endloop
  endfacet
  facet normal 0.000000e+00 0.000000e+00 1.000000e+00
    outer loop
      vertex   2.675759e+01 1.553594e+01 2.790000e+01
      vertex   -6.394531e+00 1.485954e+01 2.790000e+01
      vertex   2.653558e+01 1.418768e+01 2.790000e+01
    endloop
  endfacet
  facet normal 0.000000e+00 0.000000e+00 1.000000e+00
    outer loop
      vertex   2.653558e+01 1.418768e+01 2.790000e+01
      vertex   -6.394531e+00 1.485954e+01 2.790000e+01
      vertex   -6.117712e+00 1.352146e+01 2.790000e+01
    endloop
  endfacet
  facet normal 0.000000e+00 0.000000e+00 1.000000e+00
    outer loop
      vertex   2.653558e+01 1.418768e+01 2.790000e+01
      vertex   -6.117712e+00 1.352146e+01 2.790000e+01
      vertex   2.620441e+01 1.286200e+01 2.790000e+01
    endloop
  endfacet
  facet normal 0.000000e+00 0.000000e+00 1.000000e+00
    outer loop
      vertex   2.620441e+01 1.286200e+01 2.790000e+01
      vertex   -6.117712e+00 1.352146e+01 2.790000e+01
      vertex   -5.732748e+00 1.221039e+01 2.790000e+01
    endloop
  endfacet
  facet normal 0.000000e+00 0.000000e+00 1.000000e+00
    outer loop
      vertex   2.620441e+01 1.286200e+01 2.790000e+01
      vertex   -5.732748e+00 1.221039e+01 2.790000e+01
      vertex   2.576629e+01 1.156772e+01 2.790000e+01
    endloop
  endfacet
  facet normal 0.000000e+00 0.000000e+00 1.000000e+00
    outer loop
      vertex   2.576629e+01 1.156772e+01 2.790000e+01
      vertex   -5.732748e+00 1.221039e+01 2.790000e+01
      vertex   -5.242200e+00 1.093506e+01 2.790000e+01
    endloop
  endfacet
  facet normal 0.000000e+00 0.000000e+00 1.000000e+00
    outer loop
      vertex   2.576629e+01 1.156772e+01 2.790000e+01
      vertex   -5.242200e+00 1.093506e+01 2.790000e+01
      vertex   2.522413e+01 1.031347e+01 2.790000e+01
    endloop
  endfacet
  facet normal 0.000000e+00 0.000000e+00 1.000000e+00
    outer loop
      vertex   2.522413e+01 1.031347e+01 2.790000e+01
      vertex   -5.242200e+00 1.093506e+01 2.790000e+01
      vertex   -4.649334e+00 9.703965e+00 2.790000e+01
    endloop
  endfacet
  facet normal 0.000000e+00 0.000000e+00 1.000000e+00
    outer loop
      vertex   2.522413e+01 1.031347e+01 2.790000e+01
      vertex   -4.649334e+00 9.703965e+00 2.790000e+01
      vertex   2.458154e+01 9.107574e+00 2.790000e+01
    endloop
  endfacet
  facet normal 0.000000e+00 0.000000e+00 1.000000e+00
    outer loop
      vertex   2.458154e+01 9.107574e+00 2.790000e+01
      vertex   -4.649334e+00 9.703965e+00 2.790000e+01
      vertex   -3.958094e+00 8.525286e+00 2.790000e+01
    endloop
  endfacet
  facet normal 0.000000e+00 0.000000e+00 1.000000e+00
    outer loop
      vertex   2.458154e+01 9.107574e+00 2.790000e+01
      vertex   -3.958094e+00 8.525286e+00 2.790000e+01
      vertex   2.384280e+01 7.958070e+00 2.790000e+01
    endloop
  endfacet
  facet normal 0.000000e+00 0.000000e+00 1.000000e+00
    outer loop
      vertex   2.384280e+01 7.958070e+00 2.790000e+01
      vertex   -3.958094e+00 8.525286e+00 2.790000e+01
      vertex   -3.173081e+00 7.406871e+00 2.790000e+01
    endloop
  endfacet
  facet normal 0.000000e+00 0.000000e+00 1.000000e+00
    outer loop
      vertex   2.384280e+01 7.958070e+00 2.790000e+01
      vertex   -3.173081e+00 7.406871e+00 2.790000e+01
      vertex   2.301282e+01 6.872606e+00 2.790000e+01
    endloop
  endfacet
  facet normal 0.000000e+00 0.000000e+00 1.000000e+00
    outer loop
      vertex   2.301282e+01 6.872606e+00 2.790000e+01
      vertex   -3.173081e+00 7.406871e+00 2.790000e+01
      vertex   -2.299519e+00 6.356163e+00 2.790000e+01
    endloop
  endfacet
  facet normal 0.000000e+00 0.000000e+00 1.000000e+00
    outer loop
      vertex   2.301282e+01 6.872606e+00 2.790000e+01
      vertex   -2.299519e+00 6.356163e+00 2.790000e+01
      vertex   2.209713e+01 5.858404e+00 2.790000e+01
    endloop
  endfacet
  facet normal 0.000000e+00 0.000000e+00 1.000000e+00
    outer loop
      vertex   2.209713e+01 5.858404e+00 2.790000e+01
      vertex   -2.299519e+00 6.356163e+00 2.790000e+01
      vertex   -1.343221e+00 5.380155e+00 2.790000e+01
    endloop
  endfacet
  facet normal 0.000000e+00 0.000000e+00 1.000000e+00
    outer loop
      vertex   2.209713e+01 5.858404e+00 2.790000e+01
      vertex   -1.343221e+00 5.380155e+00 2.790000e+01
      vertex   2.110182e+01 4.922214e+00 2.790000e+01
    endloop
  endfacet
  facet normal 0.000000e+00 0.000000e+00 1.000000e+00
    outer loop
      vertex   2.110182e+01 4.922214e+00 2.790000e+01
      vertex   -1.343221e+00 5.380155e+00 2.790000e+01
      vertex   -3.105513e-01 4.485342e+00 2.790000e+01
    endloop
  endfacet
  facet normal 0.000000e+00 0.000000e+00 1.000000e+00
    outer loop
      vertex   2.110182e+01 4.922214e+00 2.790000e+01
      vertex   -3.105513e-01 4.485342e+00 2.790000e+01
      vertex   2.003351e+01 4.070267e+00 2.790000e+01
    endloop
  endfacet
  facet normal 0.000000e+00 0.000000e+00 1.000000e+00
    outer loop
      vertex   2.003351e+01 4.070267e+00 2.790000e+01
      vertex   -3.105513e-01 4.485342e+00 2.790000e+01
      vertex   7.916177e-01 3.677678e+00 2.790000e+01
    endloop
  endfacet
  facet normal 0.000000e+00 0.000000e+00 1.000000e+00
    outer loop
      vertex   2.003351e+01 4.070267e+00 2.790000e+01
      vertex   7.916177e-01 3.677678e+00 2.790000e+01
      vertex   1.889932e+01 3.308231e+00 2.790000e+01
    endloop
  endfacet
  facet normal 0.000000e+00 0.000000e+00 1.000000e+00
    outer loop
      vertex   1.889932e+01 3.308231e+00 2.790000e+01
      vertex   7.916177e-01 3.677678e+00 2.790000e+01
      vertex   1.955951e+00 2.962539e+00 2.790000e+01
    endloop
  endfacet
  facet normal 0.000000e+00 0.000000e+00 1.000000e+00
    outer loop
      vertex   1.889932e+01 3.308231e+00 2.790000e+01
      vertex   1.955951e+00 2.962539e+00 2.790000e+01
      vertex   1.770678e+01 2.641178e+00 2.790000e+01
    endloop
  endfacet
  facet normal 0.000000e+00 0.000000e+00 1.000000e+00
    outer loop
      vertex   1.770678e+01 2.641178e+00 2.790000e+01
      vertex   1.955951e+00 2.962539e+00 2.790000e+01
      vertex   3.174701e+00 2.344684e+00 2.790000e+01
    endloop
  endfacet
  facet normal 0.000000e+00 0.000000e+00 1.000000e+00
    outer loop
      vertex   1.770678e+01 2.641178e+00 2.790000e+01
      vertex   3.174701e+00 2.344684e+00 2.790000e+01
      vertex   1.646385e+01 2.073548e+00 2.790000e+01
    endloop
  endfacet
  facet normal 0.000000e+00 0.000000e+00 1.000000e+00
    outer loop
      vertex   1.646385e+01 2.073548e+00 2.790000e+01
      vertex   3.174701e+00 2.344684e+00 2.790000e+01
      vertex   4.439757e+00 1.828223e+00 2.790000e+01
    endloop
  endfacet
  facet normal 0.000000e+00 0.000000e+00 1.000000e+00
    outer loop
      vertex   1.646385e+01 2.073548e+00 2.790000e+01
      vertex   4.439757e+00 1.828223e+00 2.790000e+01
      vertex   1.517878e+01 1.609117e+00 2.790000e+01
    endloop
  endfacet
  facet normal 0.000000e+00 0.000000e+00 1.000000e+00
    outer loop
      vertex   1.517878e+01 1.609117e+00 2.790000e+01
      vertex   4.439757e+00 1.828223e+00 2.790000e+01
      vertex   5.742700e+00 1.416595e+00 2.790000e+01
    endloop
  endfacet
  facet normal 0.000000e+00 0.000000e+00 1.000000e+00
    outer loop
      vertex   1.517878e+01 1.609117e+00 2.790000e+01
      vertex   5.742700e+00 1.416595e+00 2.790000e+01
      vertex   1.386013e+01 1.250977e+00 2.790000e+01
    endloop
  endfacet
  facet normal 0.000000e+00 0.000000e+00 1.000000e+00
    outer loop
      vertex   1.386013e+01 1.250977e+00 2.790000e+01
      vertex   5.742700e+00 1.416595e+00 2.790000e+01
      vertex   7.074858e+00 1.112539e+00 2.790000e+01
    endloop
  endfacet
  facet normal 0.000000e+00 0.000000e+00 1.000000e+00
    outer loop
      vertex   1.386013e+01 1.250977e+00 2.790000e+01
      vertex   7.074858e+00 1.112539e+00 2.790000e+01
      vertex   1.251668e+01 1.001510e+00 2.790000e+01
    endloop
  endfacet
  facet normal 0.000000e+00 0.000000e+00 1.000000e+00
    outer loop
      vertex   1.251668e+01 1.001510e+00 2.790000e+01
      vertex   7.074858e+00 1.112539e+00 2.790000e+01
      vertex   8.427368e+00 9.180770e-01 2.790000e+01
    endloop
  endfacet
  facet normal 0.000000e+00 0.000000e+00 1.000000e+00
    outer loop
      vertex   1.251668e+01 1.001510e+00 2.790000e+01
      vertex   8.427368e+00 9.180770e-01 2.790000e+01
      vertex   1.115736e+01 8.623776e-01 2.790000e+01
    endloop
  endfacet
  facet normal 0.000000e+00 0.000000e+00 1.000000e+00
    outer loop
      vertex   1.115736e+01 8.623776e-01 2.790000e+01
      vertex   8.427368e+00 9.180770e-01 2.790000e+01
      vertex   9.791227e+00 8.345047e-01 2.790000e+01
    endloop
  endfacet
  facet normal 0.000000e+00 -0.000000e+00 -1.000000e+00
    outer loop
      vertex   -6.561363e+00 1.894630e+01 -2.790000e+01
      vertex   2.686896e+01 1.826423e+01 -2.790000e+01
      vertex   -6.617097e+00 1.758102e+01 -2.790000e+01
    endloop
  endfacet
  facet normal 0.000000e+00 0.000000e+00 -1.000000e+00
    outer loop
      vertex   -6.617097e+00 1.758102e+01 -2.790000e+01
      vertex   2.686896e+01 1.826423e+01 -2.790000e+01
      vertex   2.686896e+01 1.689781e+01 -2.790000e+01
    endloop
  endfacet
  facet normal 0.000000e+00 0.000000e+00 -1.000000e+00
    outer loop
      vertex   -6.617097e+00 1.758102e+01 -2.790000e+01
      vertex   2.686896e+01 1.689781e+01 -2.790000e+01
      vertex   -6.561363e+00 1.621574e+01 -2.790000e+01
    endloop
  endfacet
  facet normal 0.000000e+00 0.000000e+00 -1.000000e+00
    outer loop
      vertex   -6.561363e+00 1.621574e+01 -2.790000e+01
      vertex   2.686896e+01 1.689781e+01 -2.790000e+01
      vertex   2.675759e+01 1.553594e+01 -2.790000e+01
    endloop
  endfacet
  facet normal 0.000000e+00 0.000000e+00 -1.000000e+00
    outer loop
      vertex   -6.561363e+00 1.621574e+01 -2.790000e+01
      vertex   2.675759e+01 1.553594e+01 -2.790000e+01
      vertex   -6.394531e+00 1.485954e+01 -2.790000e+01
    endloop
  endfacet
  facet normal 0.000000e+00 0.000000e+00 -1.000000e+00
    outer loop
      vertex   -6.394531e+00 1.485954e+01 -2.790000e+01
      vertex   2.675759e+01 1.553594e+01 -2.790000e+01
      vertex   2.653558e+01 1.418768e+01 -2.790000e+01
    endloop
  endfacet
  facet normal 0.000000e+00 0.000000e+00 -1.000000e+00
    outer loop
      vertex   -6.394531e+00 1.485954e+01 -2.790000e+01
      vertex   2.653558e+01 1.418768e+01 -2.790000e+01
      vertex   -6.117712e+00 1.352146e+01 -2.790000e+01
    endloop
  endfacet
  facet normal 0.000000e+00 0.000000e+00 -1.000000e+00
    outer loop
      vertex   -6.117712e+00 1.352146e+01 -2.790000e+01
      vertex   2.653558e+01 1.418768e+01 -2.790000e+01
      vertex   2.620441e+01 1.286200e+01 -2.790000e+01
    endloop
  endfacet
  facet normal 0.000000e+00 0.000000e+00 -1.000000e+00
    outer loop
      vertex   -6.117712e+00 1.352146e+01 -2.790000e+01
      vertex   2.620441e+01 1.286200e+01 -2.790000e+01
      vertex   -5.732748e+00 1.221039e+01 -2.790000e+01
    endloop
  endfacet
  facet normal 0.000000e+00 0.000000e+00 -1.000000e+00
    outer loop
      vertex   -5.732748e+00 1.221039e+01 -2.790000e+01
      vertex   2.620441e+01 1.286200e+01 -2.790000e+01
      vertex   2.576629e+01 1.156772e+01 -2.790000e+01
    endloop
  endfacet
  facet normal 0.000000e+00 0.000000e+00 -1.000000e+00
    outer loop
      vertex   -5.732748e+00 1.221039e+01 -2.790000e+01
      vertex   2.576629e+01 1.156772e+01 -2.790000e+01
      vertex   -5.242200e+00 1.093506e+01 -2.790000e+01
    endloop
  endfacet
  facet normal 0.000000e+00 0.000000e+00 -1.000000e+00
    outer loop
      vertex   -5.242200e+00 1.093506e+01 -2.790000e+01
      vertex   2.576629e+01 1.156772e+01 -2.790000e+01
      vertex   2.522413e+01 1.031347e+01 -2.790000e+01
    endloop
  endfacet
  facet normal 0.000000e+00 0.000000e+00 -1.000000e+00
    outer loop
      vertex   -5.242200e+00 1.093506e+01 -2.790000e+01
      vertex   2.522413e+01 1.031347e+01 -2.790000e+01
      vertex   -4.649334e+00 9.703965e+00 -2.790000e+01
    endloop
  endfacet
  facet normal 0.000000e+00 0.000000e+00 -1.000000e+00
    outer loop
      vertex   -4.649334e+00 9.703965e+00 -2.790000e+01
      vertex   2.522413e+01 1.031347e+01 -2.790000e+01
      vertex   2.458154e+01 9.107574e+00 -2.790000e+01
    endloop
  endfacet
  facet normal 0.000000e+00 0.000000e+00 -1.000000e+00
    outer loop
      vertex   -4.649334e+00 9.703965e+00 -2.790000e+01
      vertex   2.458154e+01 9.107574e+00 -2.790000e+01
      vertex   -3.958094e+00 8.525286e+00 -2.790000e+01
    endloop
  endfacet
  facet normal 0.000000e+00 0.000000e+00 -1.000000e+00
    outer loop
      vertex   -3.958094e+00 8.525286e+00 -2.790000e+01
      vertex   2.458154e+01 9.107574e+00 -2.790000e+01
      vertex   2.384280e+01 7.958070e+00 -2.790000e+01
    endloop
  endfacet
  facet normal 0.000000e+00 0.000000e+00 -1.000000e+00
    outer loop
      vertex   -3.958094e+00 8.525286e+00 -2.790000e+01
      vertex   2.384280e+01 7.958070e+00 -2.790000e+01
      vertex   -3.173081e+00 7.406871e+00 -2.790000e+01
    endloop
  endfacet
  facet normal 0.000000e+00 0.000000e+00 -1.000000e+00
    outer loop
      vertex   -3.173081e+00 7.406871e+00 -2.790000e+01
      vertex   2.384280e+01 7.958070e+00 -2.790000e+01
      vertex   2.301282e+01 6.872606e+00 -2.790000e+01
    endloop
  endfacet
  facet normal 0.000000e+00 0.000000e+00 -1.000000e+00
    outer loop
      vertex   -3.173081e+00 7.406871e+00 -2.790000e+01
      vertex   2.301282e+01 6.872606e+00 -2.790000e+01
      vertex   -2.299519e+00 6.356163e+00 -2.790000e+01
    endloop
  endfacet
  facet normal 0.000000e+00 0.000000e+00 -1.000000e+00
    outer loop
      vertex   -2.299519e+00 6.356163e+00 -2.790000e+01
      vertex   2.301282e+01 6.872606e+00 -2.790000e+01
      vertex   2.209713e+01 5.858404e+00 -2.790000e+01
    endloop
  endfacet
  facet normal 0.000000e+00 0.000000e+00 -1.000000e+00
    outer loop
      vertex   -2.299519e+00 6.356163e+00 -2.790000e+01
      vertex   2.209713e+01 5.858404e+00 -2.790000e+01
      vertex   -1.343221e+00 5.380155e+00 -2.790000e+01
    endloop
  endfacet
  facet normal 0.000000e+00 0.000000e+00 -1.000000e+00
    outer loop
      vertex   -1.343221e+00 5.380155e+00 -2.790000e+01
      vertex   2.209713e+01 5.858404e+00 -2.790000e+01
      vertex   2.110182e+01 4.922214e+00 -2.790000e+01
    endloop
  endfacet
  facet normal 0.000000e+00 0.000000e+00 -1.000000e+00
    outer loop
      vertex   -1.343221e+00 5.380155e+00 -2.790000e+01
      vertex   2.110182e+01 4.922214e+00 -2.790000e+01
      vertex   -3.105513e-01 4.485342e+00 -2.790000e+01
    endloop
  endfacet
  facet normal 0.000000e+00 0.000000e+00 -1.000000e+00
    outer loop
      vertex   -3.105513e-01 4.485342e+00 -2.790000e+01
      vertex   2.110182e+01 4.922214e+00 -2.790000e+01
      vertex   2.003351e+01 4.070267e+00 -2.790000e+01
    endloop
  endfacet
  facet normal 0.000000e+00 0.000000e+00 -1.000000e+00
    outer loop
      vertex   -3.105513e-01 4.485342e+00 -2.790000e+01
      vertex   2.003351e+01 4.070267e+00 -2.790000e+01
      vertex   7.916177e-01 3.677678e+00 -2.790000e+01
    endloop
  endfacet
  facet normal 0.000000e+00 0.000000e+00 -1.000000e+00
    outer loop
      vertex   7.916177e-01 3.677678e+00 -2.790000e+01
      vertex   2.003351e+01 4.070267e+00 -2.790000e+01
      vertex   1.889932e+01 3.308231e+00 -2.790000e+01
    endloop
  endfacet
  facet normal 0.000000e+00 0.000000e+00 -1.000000e+00
    outer loop
      vertex   7.916177e-01 3.677678e+00 -2.790000e+01
      vertex   1.889932e+01 3.308231e+00 -2.790000e+01
      vertex   1.955951e+00 2.962539e+00 -2.790000e+01
    endloop
  endfacet
  facet normal 0.000000e+00 0.000000e+00 -1.000000e+00
    outer loop
      vertex   1.955951e+00 2.962539e+00 -2.790000e+01
      vertex   1.889932e+01 3.308231e+00 -2.790000e+01
      vertex   1.770678e+01 2.641178e+00 -2.790000e+01
    endloop
  endfacet
  facet normal 0.000000e+00 0.000000e+00 -1.000000e+00
    outer loop
      vertex   1.955951e+00 2.962539e+00 -2.790000e+01
      vertex   1.770678e+01 2.641178e+00 -2.790000e+01
      vertex   3.174701e+00 2.344684e+00 -2.790000e+01
    endloop
  endfacet
  facet normal 0.000000e+00 0.000000e+00 -1.000000e+00
    outer loop
      vertex   3.174701e+00 2.344684e+00 -2.790000e+01
      vertex   1.770678e+01 2.641178e+00 -2.790000e+01
      vertex   1.646385e+01 2.073548e+00 -2.790000e+01
    endloop
  endfacet
  facet normal 0.000000e+00 0.000000e+00 -1.000000e+00
    outer loop
      vertex   3.174701e+00 2.344684e+00 -2.790000e+01
      vertex   1.646385e+01 2.073548e+00 -2.790000e+01
      vertex   4.439757e+00 1.828223e+00 -2.790000e+01
    endloop
  endfacet
  facet normal 0.000000e+00 0.000000e+00 -1.000000e+00
    outer loop
      vertex   4.439757e+00 1.828223e+00 -2.790000e+01
      vertex   1.646385e+01 2.073548e+00 -2.790000e+01
      vertex   1.517878e+01 1.609117e+00 -2.790000e+01
    endloop
  endfacet
  facet normal 0.000000e+00 0.000000e+00 -1.000000e+00
    outer loop
      vertex   4.439757e+00 1.828223e+00 -2.790000e+01
      vertex   1.517878e+01 1.609117e+00 -2.790000e+01
      vertex   5.742700e+00 1.416595e+00 -2.790000e+01
    endloop
  endfacet
  facet normal 0.000000e+00 0.000000e+00 -1.000000e+00
    outer loop
      vertex   5.742700e+00 1.416595e+00 -2.790000e+01
      vertex   1.517878e+01 1.609117e+00 -2.790000e+01
      vertex   1.386013e+01 1.250977e+00 -2.790000e+01
    endloop
  endfacet
  facet normal 0.000000e+00 0.000000e+00 -1.000000e+00
    outer loop
      vertex   5.742700e+00 1.416595e+00 -2.790000e+01
      vertex   1.386013e+01 1.250977e+00 -2.790000e+01
      vertex   7.074858e+00 1.112539e+00 -2.790000e+01
    endloop
  endfacet
  facet normal 0.000000e+00 0.000000e+00 -1.000000e+00
    outer loop
      vertex   7.074858e+00 1.112539e+00 -2.790000e+01
      vertex   1.386013e+01 1.250977e+00 -2.790000e+01
      vertex   1.251668e+01 1.001510e+00 -2.790000e+01
    endloop
  endfacet
  facet normal 0.000000e+00 0.000000e+00 -1.000000e+00
    outer loop
      vertex   7.074858e+00 1.112539e+00 -2.790000e+01
      vertex   1.251668e+01 1.001510e+00 -2.790000e+01
      vertex   8.427368e+00 9.180770e-01 -2.790000e+01
    endloop
  endfacet
  facet normal 0.000000e+00 0.000000e+00 -1.000000e+00
    outer loop
      vertex   8.427368e+00 9.180770e-01 -2.790000e+01
      vertex   1.251668e+01 1.001510e+00 -2.790000e+01
      vertex   1.115736e+01 8.623776e-01 -2.790000e+01
    endloop
  endfacet
  facet normal 0.000000e+00 0.000000e+00 -1.000000e+00
    outer loop
      vertex   8.427368e+00 9.180770e-01 -2.790000e+01
      vertex   1.115736e+01 8.623776e-01 -2.790000e+01
      vertex   9.791227e+00 8.345047e-01 -2.790000e+01
    endloop
  endfacet
  facet normal 0.000000e+00 0.000000e+00 -1.000000e+00
    outer loop
      vertex   2.686896e+01 1.826423e+01 -2.790000e+01
      vertex   -6.561363e+00 1.894630e+01 -2.790000e+01
      vertex   2.675759e+01 1.962610e+01 -2.790000e+01
    endloop
  endfacet
  facet normal -0.000000e+00 0.000000e+00 -1.000000e+00
    outer loop
      vertex   2.675759e+01 1.962610e+01 -2.790000e+01
      vertex   -6.561363e+00 1.894630e+01 -2.790000e+01
      vertex   -6.394531e+00 2.030249e+01 -2.790000e+01
    endloop
  endfacet
  facet normal 0.000000e+00 0.000000e+00 -1.000000e+00
    outer loop
      vertex   2.675759e+01 1.962610e+01 -2.790000e+01
      vertex   -6.394531e+00 2.030249e+01 -2.790000e+01
      vertex   -6.117712e+00 2.164058e+01 -2.790000e+01
    endloop
  endfacet
  facet normal 0.000000e+00 0.000000e+00 -1.000000e+00
    outer loop
      vertex   -6.117712e+00 2.164058e+01 -2.790000e+01
      vertex   -5.732748e+00 2.295165e+01 -2.790000e+01
      vertex   2.675759e+01 1.962610e+01 -2.790000e+01
    endloop
  endfacet
  facet normal 0.000000e+00 0.000000e+00 -1.000000e+00
    outer loop
      vertex   2.675759e+01 1.962610e+01 -2.790000e+01
      vertex   -5.732748e+00 2.295165e+01 -2.790000e+01
      vertex   -5.242200e+00 2.422697e+01 -2.790000e+01
    endloop
  endfacet
  facet normal 0.000000e+00 0.000000e+00 -1.000000e+00
    outer loop
      vertex   2.675759e+01 1.962610e+01 -2.790000e+01
      vertex   -5.242200e+00 2.422697e+01 -2.790000e+01
      vertex   -4.649334e+00 2.545807e+01 -2.790000e+01
    endloop
  endfacet
  facet normal 0.000000e+00 0.000000e+00 -1.000000e+00
    outer loop
      vertex   -4.649334e+00 2.545807e+01 -2.790000e+01
      vertex   -3.958094e+00 2.663675e+01 -2.790000e+01
      vertex   2.675759e+01 1.962610e+01 -2.790000e+01
    endloop
  endfacet
  facet normal 0.000000e+00 0.000000e+00 -1.000000e+00
    outer loop
      vertex   2.675759e+01 1.962610e+01 -2.790000e+01
      vertex   -3.958094e+00 2.663675e+01 -2.790000e+01
      vertex   -3.173081e+00 2.775517e+01 -2.790000e+01
    endloop
  endfacet
  facet normal 0.000000e+00 0.000000e+00 -1.000000e+00
    outer loop
      vertex   2.675759e+01 1.962610e+01 -2.790000e+01
      vertex   -3.173081e+00 2.775517e+01 -2.790000e+01
      vertex   -2.299519e+00 2.880588e+01 -2.790000e+01
    endloop
  endfacet
  facet normal 0.000000e+00 0.000000e+00 -1.000000e+00
    outer loop
      vertex   -2.299519e+00 2.880588e+01 -2.790000e+01
      vertex   -1.343221e+00 2.978188e+01 -2.790000e+01
      vertex   2.675759e+01 1.962610e+01 -2.790000e+01
    endloop
  endfacet
  facet normal 0.000000e+00 0.000000e+00 -1.000000e+00
    outer loop
      vertex   2.675759e+01 1.962610e+01 -2.790000e+01
      vertex   -1.343221e+00 2.978188e+01 -2.790000e+01
      vertex   -3.105513e-01 3.067670e+01 -2.790000e+01
    endloop
  endfacet
  facet normal 0.000000e+00 0.000000e+00 -1.000000e+00
    outer loop
      vertex   2.675759e+01 1.962610e+01 -2.790000e+01
      vertex   -3.105513e-01 3.067670e+01 -2.790000e+01
      vertex   7.916177e-01 3.148436e+01 -2.790000e+01
    endloop
  endfacet
  facet normal 0.000000e+00 0.000000e+00 -1.000000e+00
    outer loop
      vertex   7.916177e-01 3.148436e+01 -2.790000e+01
      vertex   1.955951e+00 3.219950e+01 -2.790000e+01
      vertex   2.675759e+01 1.962610e+01 -2.790000e+01
    endloop
  endfacet
  facet normal 0.000000e+00 0.000000e+00 -1.000000e+00
    outer loop
      vertex   2.675759e+01 1.962610e+01 -2.790000e+01
      vertex   1.955951e+00 3.219950e+01 -2.790000e+01
      vertex   3.174701e+00 3.281736e+01 -2.790000e+01
    endloop
  endfacet
  facet normal 0.000000e+00 0.000000e+00 -1.000000e+00
    outer loop
      vertex   2.675759e+01 1.962610e+01 -2.790000e+01
      vertex   3.174701e+00 3.281736e+01 -2.790000e+01
      vertex   4.439757e+00 3.333382e+01 -2.790000e+01
    endloop
  endfacet
  facet normal 0.000000e+00 0.000000e+00 -1.000000e+00
    outer loop
      vertex   4.439757e+00 3.333382e+01 -2.790000e+01
      vertex   5.742700e+00 3.374544e+01 -2.790000e+01
      vertex   2.675759e+01 1.962610e+01 -2.790000e+01
    endloop
  endfacet
  facet normal 0.000000e+00 0.000000e+00 -1.000000e+00
    outer loop
      vertex   2.675759e+01 1.962610e+01 -2.790000e+01
      vertex   5.742700e+00 3.374544e+01 -2.790000e+01
      vertex   7.074858e+00 3.404950e+01 -2.790000e+01
    endloop
  endfacet
  facet normal 0.000000e+00 0.000000e+00 -1.000000e+00
    outer loop
      vertex   2.675759e+01 1.962610e+01 -2.790000e+01
      vertex   7.074858e+00 3.404950e+01 -2.790000e+01
      vertex   8.427368e+00 3.424396e+01 -2.790000e+01
    endloop
  endfacet
  facet normal 0.000000e+00 0.000000e+00 -1.000000e+00
    outer loop
      vertex   8.427368e+00 3.424396e+01 -2.790000e+01
      vertex   9.791227e+00 3.432753e+01 -2.790000e+01
      vertex   2.675759e+01 1.962610e+01 -2.790000e+01
    endloop
  endfacet
  facet normal 0.000000e+00 0.000000e+00 -1.000000e+00
    outer loop
      vertex   2.675759e+01 1.962610e+01 -2.790000e+01
      vertex   9.791227e+00 3.432753e+01 -2.790000e+01
      vertex   1.115736e+01 3.429966e+01 -2.790000e+01
    endloop
  endfacet
  facet normal 0.000000e+00 0.000000e+00 -1.000000e+00
    outer loop
      vertex   2.675759e+01 1.962610e+01 -2.790000e+01
      vertex   1.115736e+01 3.429966e+01 -2.790000e+01
      vertex   1.251668e+01 3.416053e+01 -2.790000e+01
    endloop
  endfacet
  facet normal 0.000000e+00 0.000000e+00 -1.000000e+00
    outer loop
      vertex   1.251668e+01 3.416053e+01 -2.790000e+01
      vertex   1.386013e+01 3.391106e+01 -2.790000e+01
      vertex   2.675759e+01 1.962610e+01 -2.790000e+01
    endloop
  endfacet
  facet normal 0.000000e+00 0.000000e+00 -1.000000e+00
    outer loop
      vertex   2.675759e+01 1.962610e+01 -2.790000e+01
      vertex   1.386013e+01 3.391106e+01 -2.790000e+01
      vertex   1.517878e+01 3.355292e+01 -2.790000e+01
    endloop
  endfacet
  facet normal 0.000000e+00 0.000000e+00 -1.000000e+00
    outer loop
      vertex   2.675759e+01 1.962610e+01 -2.790000e+01
      vertex   1.517878e+01 3.355292e+01 -2.790000e+01
      vertex   1.646385e+01 3.308849e+01 -2.790000e+01
    endloop
  endfacet
  facet normal 0.000000e+00 0.000000e+00 -1.000000e+00
    outer loop
      vertex   1.646385e+01 3.308849e+01 -2.790000e+01
      vertex   1.770678e+01 3.252086e+01 -2.790000e+01
      vertex   2.675759e+01 1.962610e+01 -2.790000e+01
    endloop
  endfacet
  facet normal 0.000000e+00 0.000000e+00 -1.000000e+00
    outer loop
      vertex   2.675759e+01 1.962610e+01 -2.790000e+01
      vertex   1.770678e+01 3.252086e+01 -2.790000e+01
      vertex   1.889932e+01 3.185381e+01 -2.790000e+01
    endloop
  endfacet
  facet normal 0.000000e+00 0.000000e+00 -1.000000e+00
    outer loop
      vertex   2.675759e+01 1.962610e+01 -2.790000e+01
      vertex   1.889932e+01 3.185381e+01 -2.790000e+01
      vertex   2.003351e+01 3.109177e+01 -2.790000e+01
    endloop
  endfacet
  facet normal 0.000000e+00 0.000000e+00 -1.000000e+00
    outer loop
      vertex   2.003351e+01 3.109177e+01 -2.790000e+01
      vertex   2.110182e+01 3.023982e+01 -2.790000e+01
      vertex   2.675759e+01 1.962610e+01 -2.790000e+01
    endloop
  endfacet
  facet normal 0.000000e+00 0.000000e+00 -1.000000e+00
    outer loop
      vertex   2.675759e+01 1.962610e+01 -2.790000e+01
      vertex   2.110182e+01 3.023982e+01 -2.790000e+01
      vertex   2.209713e+01 2.930364e+01 -2.790000e+01
    endloop
  endfacet
  facet normal 0.000000e+00 0.000000e+00 -1.000000e+00
    outer loop
      vertex   2.675759e+01 1.962610e+01 -2.790000e+01
      vertex   2.209713e+01 2.930364e+01 -2.790000e+01
      vertex   2.301282e+01 2.828943e+01 -2.790000e+01
    endloop
  endfacet
  facet normal 0.000000e+00 0.000000e+00 -1.000000e+00
    outer loop
      vertex   2.301282e+01 2.828943e+01 -2.790000e+01
      vertex   2.384280e+01 2.720397e+01 -2.790000e+01
      vertex   2.675759e+01 1.962610e+01 -2.790000e+01
    endloop
  endfacet
  facet normal 0.000000e+00 0.000000e+00 -1.000000e+00
    outer loop
      vertex   2.675759e+01 1.962610e+01 -2.790000e+01
      vertex   2.384280e+01 2.720397e+01 -2.790000e+01
      vertex   2.458154e+01 2.605447e+01 -2.790000e+01
    endloop
  endfacet
  facet normal 0.000000e+00 0.000000e+00 -1.000000e+00
    outer loop
      vertex   2.675759e+01 1.962610e+01 -2.790000e+01
      vertex   2.458154e+01 2.605447e+01 -2.790000e+01
      vertex   2.522413e+01 2.484857e+01 -2.790000e+01
    endloop
  endfacet
  facet normal 0.000000e+00 0.000000e+00 -1.000000e+00
    outer loop
      vertex   2.522413e+01 2.484857e+01 -2.790000e+01
      vertex   2.576629e+01 2.359431e+01 -2.790000e+01
      vertex   2.675759e+01 1.962610e+01 -2.790000e+01
    endloop
  endfacet
  facet normal 0.000000e+00 0.000000e+00 -1.000000e+00
    outer loop
      vertex   2.675759e+01 1.962610e+01 -2.790000e+01
      vertex   2.576629e+01 2.359431e+01 -2.790000e+01
      vertex   2.620441e+01 2.230004e+01 -2.790000e+01
    endloop
  endfacet
  facet normal 0.000000e+00 0.000000e+00 -1.000000e+00
    outer loop
      vertex   2.675759e+01 1.962610e+01 -2.790000e+01
      vertex   2.620441e+01 2.230004e+01 -2.790000e+01
      vertex   2.653558e+01 2.097436e+01 -2.790000e+01
    endloop
  endfacet
  facet normal -9.991678e-01 4.078859e-02 0.000000e+00
    outer loop
      vertex   -6.561363e+00 1.894630e+01 -2.500000e+00
      vertex   -6.561363e+00 1.894630e+01 -2.790000e+01
      vertex   -6.617097e+00 1.758102e+01 -2.500000e+00
    endloop
  endfacet
  facet normal -9.991678e-01 4.078859e-02 -1.141025e-17
    outer loop
      vertex   -6.617097e+00 1.758102e+01 -2.500000e+00
      vertex   -6.561363e+00 1.894630e+01 -2.790000e+01
      vertex   -6.617097e+00 1.758102e+01 -2.790000e+01
    endloop
  endfacet
  facet normal -9.991678e-01 -4.078859e-02 1.141025e-17
    outer loop
      vertex   -6.617097e+00 1.758102e+01 -2.500000e+00
      vertex   -6.617097e+00 1.758102e+01 -2.790000e+01
      vertex   -6.561363e+00 1.621574e+01 -2.500000e+00
    endloop
  endfacet
  facet normal -9.991678e-01 -4.078859e-02 -0.000000e+00
    outer loop
      vertex   -6.561363e+00 1.621574e+01 -2.500000e+00
      vertex   -6.617097e+00 1.758102e+01 -2.790000e+01
      vertex   -6.561363e+00 1.621574e+01 -2.790000e+01
    endloop
  endfacet
  facet normal -9.925185e-01 -1.220943e-01 -0.000000e+00
    outer loop
      vertex   -6.561363e+00 1.621574e+01 -2.500000e+00
      vertex   -6.561363e+00 1.621574e+01 -2.790000e+01
      vertex   -6.394531e+00 1.485954e+01 -2.500000e+00
    endloop
  endfacet
  facet normal -9.925185e-01 -1.220943e-01 -0.000000e+00
    outer loop
      vertex   -6.394531e+00 1.485954e+01 -2.500000e+00
      vertex   -6.561363e+00 1.621574e+01 -2.790000e+01
      vertex   -6.394531e+00 1.485954e+01 -2.790000e+01
    endloop
  endfacet
  facet normal -9.792642e-01 -2.025875e-01 -0.000000e+00
    outer loop
      vertex   -6.394531e+00 1.485954e+01 -2.500000e+00
      vertex   -6.394531e+00 1.485954e+01 -2.790000e+01
      vertex   -6.117712e+00 1.352146e+01 -2.500000e+00
    endloop
  endfacet
  facet normal -9.792642e-01 -2.025875e-01 -0.000000e+00
    outer loop
      vertex   -6.117712e+00 1.352146e+01 -2.500000e+00
      vertex   -6.394531e+00 1.485954e+01 -2.790000e+01
      vertex   -6.117712e+00 1.352146e+01 -2.790000e+01
    endloop
  endfacet
  facet normal -9.594930e-01 -2.817326e-01 -0.000000e+00
    outer loop
      vertex   -6.117712e+00 1.352146e+01 -2.500000e+00
      vertex   -6.117712e+00 1.352146e+01 -2.790000e+01
      vertex   -5.732748e+00 1.221039e+01 -2.500000e+00
    endloop
  endfacet
  facet normal -9.594930e-01 -2.817326e-01 -0.000000e+00
    outer loop
      vertex   -5.732748e+00 1.221039e+01 -2.500000e+00
      vertex   -6.117712e+00 1.352146e+01 -2.790000e+01
      vertex   -5.732748e+00 1.221039e+01 -2.790000e+01
    endloop
  endfacet
  facet normal -9.333365e-01 -3.590027e-01 -0.000000e+00
    outer loop
      vertex   -5.732748e+00 1.221039e+01 -2.500000e+00
      vertex   -5.732748e+00 1.221039e+01 -2.790000e+01
      vertex   -5.242200e+00 1.093506e+01 -2.500000e+00
    endloop
  endfacet
  facet normal -9.333365e-01 -3.590027e-01 -0.000000e+00
    outer loop
      vertex   -5.242200e+00 1.093506e+01 -2.500000e+00
      vertex   -5.732748e+00 1.221039e+01 -2.790000e+01
      vertex   -5.242200e+00 1.093506e+01 -2.790000e+01
    endloop
  endfacet
  facet normal -9.009689e-01 -4.338837e-01 -0.000000e+00
    outer loop
      vertex   -5.242200e+00 1.093506e+01 -2.500000e+00
      vertex   -5.242200e+00 1.093506e+01 -2.790000e+01
      vertex   -4.649334e+00 9.703965e+00 -2.500000e+00
    endloop
  endfacet
  facet normal -9.009689e-01 -4.338837e-01 -0.000000e+00
    outer loop
      vertex   -4.649334e+00 9.703965e+00 -2.500000e+00
      vertex   -5.242200e+00 1.093506e+01 -2.790000e+01
      vertex   -4.649334e+00 9.703965e+00 -2.790000e+01
    endloop
  endfacet
  facet normal -8.626054e-01 -5.058774e-01 -0.000000e+00
    outer loop
      vertex   -4.649334e+00 9.703965e+00 -2.500000e+00
      vertex   -4.649334e+00 9.703965e+00 -2.790000e+01
      vertex   -3.958094e+00 8.525286e+00 -2.500000e+00
    endloop
  endfacet
  facet normal -8.626054e-01 -5.058774e-01 -0.000000e+00
    outer loop
      vertex   -3.958094e+00 8.525286e+00 -2.500000e+00
      vertex   -4.649334e+00 9.703965e+00 -2.790000e+01
      vertex   -3.958094e+00 8.525286e+00 -2.790000e+01
    endloop
  endfacet
  facet normal -8.185015e-01 -5.745044e-01 -0.000000e+00
    outer loop
      vertex   -3.958094e+00 8.525286e+00 -2.500000e+00
      vertex   -3.958094e+00 8.525286e+00 -2.790000e+01
      vertex   -3.173081e+00 7.406871e+00 -2.500000e+00
    endloop
  endfacet
  facet normal -8.185015e-01 -5.745044e-01 -0.000000e+00
    outer loop
      vertex   -3.173081e+00 7.406871e+00 -2.500000e+00
      vertex   -3.958094e+00 8.525286e+00 -2.790000e+01
      vertex   -3.173081e+00 7.406871e+00 -2.790000e+01
    endloop
  endfacet
  facet normal -7.689505e-01 -6.393083e-01 -0.000000e+00
    outer loop
      vertex   -3.173081e+00 7.406871e+00 -2.500000e+00
      vertex   -3.173081e+00 7.406871e+00 -2.790000e+01
      vertex   -2.299519e+00 6.356163e+00 -2.500000e+00
    endloop
  endfacet
  facet normal -7.689505e-01 -6.393083e-01 -0.000000e+00
    outer loop
      vertex   -2.299519e+00 6.356163e+00 -2.500000e+00
      vertex   -3.173081e+00 7.406871e+00 -2.790000e+01
      vertex   -2.299519e+00 6.356163e+00 -2.790000e+01
    endloop
  endfacet
  facet normal -7.142823e-01 -6.998577e-01 -0.000000e+00
    outer loop
      vertex   -2.299519e+00 6.356163e+00 -2.500000e+00
      vertex   -2.299519e+00 6.356163e+00 -2.790000e+01
      vertex   -1.343221e+00 5.380155e+00 -2.500000e+00
    endloop
  endfacet
  facet normal -7.142823e-01 -6.998577e-01 -0.000000e+00
    outer loop
      vertex   -1.343221e+00 5.380155e+00 -2.500000e+00
      vertex   -2.299519e+00 6.356163e+00 -2.790000e+01
      vertex   -1.343221e+00 5.380155e+00 -2.790000e+01
    endloop
  endfacet
  facet normal -6.548607e-01 -7.557496e-01 -0.000000e+00
    outer loop
      vertex   -1.343221e+00 5.380155e+00 -2.500000e+00
      vertex   -1.343221e+00 5.380155e+00 -2.790000e+01
      vertex   -3.105513e-01 4.485342e+00 -2.500000e+00
    endloop
  endfacet
  facet normal -6.548607e-01 -7.557496e-01 -0.000000e+00
    outer loop
      vertex   -3.105513e-01 4.485342e+00 -2.500000e+00
      vertex   -1.343221e+00 5.380155e+00 -2.790000e+01
      vertex   -3.105513e-01 4.485342e+00 -2.790000e+01
    endloop
  endfacet
  facet normal -5.910811e-01 -8.066121e-01 -0.000000e+00
    outer loop
      vertex   -3.105513e-01 4.485342e+00 -2.500000e+00
      vertex   -3.105513e-01 4.485342e+00 -2.790000e+01
      vertex   7.916177e-01 3.677678e+00 -2.500000e+00
    endloop
  endfacet
  facet normal -5.910811e-01 -8.066121e-01 -0.000000e+00
    outer loop
      vertex   7.916177e-01 3.677678e+00 -2.500000e+00
      vertex   -3.105513e-01 4.485342e+00 -2.790000e+01
      vertex   7.916177e-01 3.677678e+00 -2.790000e+01
    endloop
  endfacet
  facet normal -5.233680e-01 -8.521068e-01 -0.000000e+00
    outer loop
      vertex   7.916177e-01 3.677678e+00 -2.500000e+00
      vertex   7.916177e-01 3.677678e+00 -2.790000e+01
      vertex   1.955951e+00 2.962539e+00 -2.500000e+00
    endloop
  endfacet
  facet normal -5.233680e-01 -8.521068e-01 -0.000000e+00
    outer loop
      vertex   1.955951e+00 2.962539e+00 -2.500000e+00
      vertex   7.916177e-01 3.677678e+00 -2.790000e+01
      vertex   1.955951e+00 2.962539e+00 -2.790000e+01
    endloop
  endfacet
  facet normal -4.521719e-01 -8.919308e-01 -0.000000e+00
    outer loop
      vertex   1.955951e+00 2.962539e+00 -2.500000e+00
      vertex   1.955951e+00 2.962539e+00 -2.790000e+01
      vertex   3.174701e+00 2.344684e+00 -2.500000e+00
    endloop
  endfacet
  facet normal -4.521719e-01 -8.919308e-01 -0.000000e+00
    outer loop
      vertex   3.174701e+00 2.344684e+00 -2.500000e+00
      vertex   1.955951e+00 2.962539e+00 -2.790000e+01
      vertex   3.174701e+00 2.344684e+00 -2.790000e+01
    endloop
  endfacet
  facet normal -3.779667e-01 -9.258192e-01 -0.000000e+00
    outer loop
      vertex   3.174701e+00 2.344684e+00 -2.500000e+00
      vertex   3.174701e+00 2.344684e+00 -2.790000e+01
      vertex   4.439757e+00 1.828223e+00 -2.500000e+00
    endloop
  endfacet
  facet normal -3.779667e-01 -9.258192e-01 -0.000000e+00
    outer loop
      vertex   4.439757e+00 1.828223e+00 -2.500000e+00
      vertex   3.174701e+00 2.344684e+00 -2.790000e+01
      vertex   4.439757e+00 1.828223e+00 -2.790000e+01
    endloop
  endfacet
  facet normal -3.012462e-01 -9.535464e-01 -0.000000e+00
    outer loop
      vertex   4.439757e+00 1.828223e+00 -2.500000e+00
      vertex   4.439757e+00 1.828223e+00 -2.790000e+01
      vertex   5.742700e+00 1.416595e+00 -2.500000e+00
    endloop
  endfacet
  facet normal -3.012462e-01 -9.535464e-01 -0.000000e+00
    outer loop
      vertex   5.742700e+00 1.416595e+00 -2.500000e+00
      vertex   4.439757e+00 1.828223e+00 -2.790000e+01
      vertex   5.742700e+00 1.416595e+00 -2.790000e+01
    endloop
  endfacet
  facet normal -2.225209e-01 -9.749279e-01 -0.000000e+00
    outer loop
      vertex   5.742700e+00 1.416595e+00 -2.500000e+00
      vertex   5.742700e+00 1.416595e+00 -2.790000e+01
      vertex   7.074858e+00 1.112539e+00 -2.500000e+00
    endloop
  endfacet
  facet normal -2.225209e-01 -9.749279e-01 -0.000000e+00
    outer loop
      vertex   7.074858e+00 1.112539e+00 -2.500000e+00
      vertex   5.742700e+00 1.416595e+00 -2.790000e+01
      vertex   7.074858e+00 1.112539e+00 -2.790000e+01
    endloop
  endfacet
  facet normal -1.423148e-01 -9.898214e-01 -0.000000e+00
    outer loop
      vertex   7.074858e+00 1.112539e+00 -2.500000e+00
      vertex   7.074858e+00 1.112539e+00 -2.790000e+01
      vertex   8.427368e+00 9.180770e-01 -2.500000e+00
    endloop
  endfacet
  facet normal -1.423148e-01 -9.898214e-01 -0.000000e+00
    outer loop
      vertex   8.427368e+00 9.180770e-01 -2.500000e+00
      vertex   7.074858e+00 1.112539e+00 -2.790000e+01
      vertex   8.427368e+00 9.180770e-01 -2.790000e+01
    endloop
  endfacet
  facet normal -6.116166e-02 -9.981279e-01 -0.000000e+00
    outer loop
      vertex   8.427368e+00 9.180770e-01 -2.500000e+00
      vertex   8.427368e+00 9.180770e-01 -2.790000e+01
      vertex   9.791227e+00 8.345047e-01 -2.500000e+00
    endloop
  endfacet
  facet normal -6.116166e-02 -9.981279e-01 -0.000000e+00
    outer loop
      vertex   9.791227e+00 8.345047e-01 -2.500000e+00
      vertex   8.427368e+00 9.180770e-01 -2.790000e+01
      vertex   9.791227e+00 8.345047e-01 -2.790000e+01
    endloop
  endfacet
  facet normal 2.039854e-02 -9.997919e-01 0.000000e+00
    outer loop
      vertex   9.791227e+00 8.345047e-01 -2.500000e+00
      vertex   9.791227e+00 8.345047e-01 -2.790000e+01
      vertex   1.115736e+01 8.623776e-01 -2.500000e+00
    endloop
  endfacet
  facet normal 2.039854e-02 -9.997919e-01 0.000000e+00
    outer loop
      vertex   1.115736e+01 8.623776e-01 -2.500000e+00
      vertex   9.791227e+00 8.345047e-01 -2.790000e+01
      vertex   1.115736e+01 8.623776e-01 -2.790000e+01
    endloop
  endfacet
  facet normal 1.018230e-01 -9.948025e-01 0.000000e+00
    outer loop
      vertex   1.115736e+01 8.623776e-01 -2.500000e+00
      vertex   1.115736e+01 8.623776e-01 -2.790000e+01
      vertex   1.251668e+01 1.001510e+00 -2.500000e+00
    endloop
  endfacet
  facet normal 1.018230e-01 -9.948025e-01 0.000000e+00
    outer loop
      vertex   1.251668e+01 1.001510e+00 -2.500000e+00
      vertex   1.115736e+01 8.623776e-01 -2.790000e+01
      vertex   1.251668e+01 1.001510e+00 -2.790000e+01
    endloop
  endfacet
  facet normal 1.825698e-01 -9.831929e-01 0.000000e+00
    outer loop
      vertex   1.251668e+01 1.001510e+00 -2.500000e+00
      vertex   1.251668e+01 1.001510e+00 -2.790000e+01
      vertex   1.386013e+01 1.250977e+00 -2.500000e+00
    endloop
  endfacet
  facet normal 1.825698e-01 -9.831929e-01 0.000000e+00
    outer loop
      vertex   1.386013e+01 1.250977e+00 -2.500000e+00
      vertex   1.251668e+01 1.001510e+00 -2.790000e+01
      vertex   1.386013e+01 1.250977e+00 -2.790000e+01
    endloop
  endfacet
  facet normal 2.621017e-01 -9.650403e-01 0.000000e+00
    outer loop
      vertex   1.386013e+01 1.250977e+00 -2.500000e+00
      vertex   1.386013e+01 1.250977e+00 -2.790000e+01
      vertex   1.517878e+01 1.609117e+00 -2.500000e+00
    endloop
  endfacet
  facet normal 2.621017e-01 -9.650403e-01 0.000000e+00
    outer loop
      vertex   1.517878e+01 1.609117e+00 -2.500000e+00
      vertex   1.386013e+01 1.250977e+00 -2.790000e+01
      vertex   1.517878e+01 1.609117e+00 -2.790000e+01
    endloop
  endfacet
  facet normal 3.398893e-01 -9.404655e-01 0.000000e+00
    outer loop
      vertex   1.517878e+01 1.609117e+00 -2.500000e+00
      vertex   1.517878e+01 1.609117e+00 -2.790000e+01
      vertex   1.646385e+01 2.073548e+00 -2.500000e+00
    endloop
  endfacet
  facet normal 3.398893e-01 -9.404655e-01 0.000000e+00
    outer loop
      vertex   1.646385e+01 2.073548e+00 -2.500000e+00
      vertex   1.517878e+01 1.609117e+00 -2.790000e+01
      vertex   1.646385e+01 2.073548e+00 -2.790000e+01
    endloop
  endfacet
  facet normal 4.154150e-01 -9.096320e-01 0.000000e+00
    outer loop
      vertex   1.646385e+01 2.073548e+00 -2.500000e+00
      vertex   1.646385e+01 2.073548e+00 -2.790000e+01
      vertex   1.770678e+01 2.641178e+00 -2.500000e+00
    endloop
  endfacet
  facet normal 4.154150e-01 -9.096320e-01 0.000000e+00
    outer loop
      vertex   1.770678e+01 2.641178e+00 -2.500000e+00
      vertex   1.646385e+01 2.073548e+00 -2.790000e+01
      vertex   1.770678e+01 2.641178e+00 -2.790000e+01
    endloop
  endfacet
  facet normal 4.881762e-01 -8.727451e-01 0.000000e+00
    outer loop
      vertex   1.770678e+01 2.641178e+00 -2.500000e+00
      vertex   1.770678e+01 2.641178e+00 -2.790000e+01
      vertex   1.889932e+01 3.308231e+00 -2.500000e+00
    endloop
  endfacet
  facet normal 4.881762e-01 -8.727451e-01 0.000000e+00
    outer loop
      vertex   1.889932e+01 3.308231e+00 -2.500000e+00
      vertex   1.770678e+01 2.641178e+00 -2.790000e+01
      vertex   1.889932e+01 3.308231e+00 -2.790000e+01
    endloop
  endfacet
  facet normal 5.576887e-01 -8.300502e-01 0.000000e+00
    outer loop
      vertex   1.889932e+01 3.308231e+00 -2.500000e+00
      vertex   1.889932e+01 3.308231e+00 -2.790000e+01
      vertex   2.003351e+01 4.070267e+00 -2.500000e+00
    endloop
  endfacet
  facet normal 5.576887e-01 -8.300502e-01 0.000000e+00
    outer loop
      vertex   2.003351e+01 4.070267e+00 -2.500000e+00
      vertex   1.889932e+01 3.308231e+00 -2.790000e+01
      vertex   2.003351e+01 4.070267e+00 -2.790000e+01
    endloop
  endfacet
  facet normal 6.234898e-01 -7.818315e-01 0.000000e+00
    outer loop
      vertex   2.003351e+01 4.070267e+00 -2.500000e+00
      vertex   2.003351e+01 4.070267e+00 -2.790000e+01
      vertex   2.110182e+01 4.922214e+00 -2.500000e+00
    endloop
  endfacet
  facet normal 6.234898e-01 -7.818315e-01 0.000000e+00
    outer loop
      vertex   2.110182e+01 4.922214e+00 -2.500000e+00
      vertex   2.003351e+01 4.070267e+00 -2.790000e+01
      vertex   2.110182e+01 4.922214e+00 -2.790000e+01
    endloop
  endfacet
  facet normal 6.851417e-01 -7.284098e-01 0.000000e+00
    outer loop
      vertex   2.110182e+01 4.922214e+00 -2.500000e+00
      vertex   2.110182e+01 4.922214e+00 -2.790000e+01
      vertex   2.209713e+01 5.858404e+00 -2.500000e+00
    endloop
  endfacet
  facet normal 6.851417e-01 -7.284098e-01 0.000000e+00
    outer loop
      vertex   2.209713e+01 5.858404e+00 -2.500000e+00
      vertex   2.110182e+01 4.922214e+00 -2.790000e+01
      vertex   2.209713e+01 5.858404e+00 -2.790000e+01
    endloop
  endfacet
  facet normal 7.422341e-01 -6.701407e-01 0.000000e+00
    outer loop
      vertex   2.209713e+01 5.858404e+00 -2.500000e+00
      vertex   2.209713e+01 5.858404e+00 -2.790000e+01
      vertex   2.301282e+01 6.872606e+00 -2.500000e+00
    endloop
  endfacet
  facet normal 7.422341e-01 -6.701407e-01 0.000000e+00
    outer loop
      vertex   2.301282e+01 6.872606e+00 -2.500000e+00
      vertex   2.209713e+01 5.858404e+00 -2.790000e+01
      vertex   2.301282e+01 6.872606e+00 -2.790000e+01
    endloop
  endfacet
  facet normal 7.943871e-01 -6.074119e-01 0.000000e+00
    outer loop
      vertex   2.301282e+01 6.872606e+00 -2.500000e+00
      vertex   2.301282e+01 6.872606e+00 -2.790000e+01
      vertex   2.384280e+01 7.958070e+00 -2.500000e+00
    endloop
  endfacet
  facet normal 7.943871e-01 -6.074119e-01 0.000000e+00
    outer loop
      vertex   2.384280e+01 7.958070e+00 -2.500000e+00
      vertex   2.301282e+01 6.872606e+00 -2.790000e+01
      vertex   2.384280e+01 7.958070e+00 -2.790000e+01
    endloop
  endfacet
  facet normal 8.412535e-01 -5.406408e-01 0.000000e+00
    outer loop
      vertex   2.384280e+01 7.958070e+00 -2.500000e+00
      vertex   2.384280e+01 7.958070e+00 -2.790000e+01
      vertex   2.458154e+01 9.107574e+00 -2.500000e+00
    endloop
  endfacet
  facet normal 8.412535e-01 -5.406408e-01 0.000000e+00
    outer loop
      vertex   2.458154e+01 9.107574e+00 -2.500000e+00
      vertex   2.384280e+01 7.958070e+00 -2.790000e+01
      vertex   2.458154e+01 9.107574e+00 -2.790000e+01
    endloop
  endfacet
  facet normal 8.825216e-01 -4.702719e-01 0.000000e+00
    outer loop
      vertex   2.458154e+01 9.107574e+00 -2.500000e+00
      vertex   2.458154e+01 9.107574e+00 -2.790000e+01
      vertex   2.522413e+01 1.031347e+01 -2.500000e+00
    endloop
  endfacet
  facet normal 8.825216e-01 -4.702719e-01 0.000000e+00
    outer loop
      vertex   2.522413e+01 1.031347e+01 -2.500000e+00
      vertex   2.458154e+01 9.107574e+00 -2.790000e+01
      vertex   2.522413e+01 1.031347e+01 -2.790000e+01
    endloop
  endfacet
  facet normal 9.179166e-01 -3.967734e-01 0.000000e+00
    outer loop
      vertex   2.522413e+01 1.031347e+01 -2.500000e+00
      vertex   2.522413e+01 1.031347e+01 -2.790000e+01
      vertex   2.576629e+01 1.156772e+01 -2.500000e+00
    endloop
  endfacet
  facet normal 9.179166e-01 -3.967734e-01 0.000000e+00
    outer loop
      vertex   2.576629e+01 1.156772e+01 -2.500000e+00
      vertex   2.522413e+01 1.031347e+01 -2.790000e+01
      vertex   2.576629e+01 1.156772e+01 -2.790000e+01
    endloop
  endfacet
  facet normal 9.472030e-01 -3.206345e-01 0.000000e+00
    outer loop
      vertex   2.576629e+01 1.156772e+01 -2.500000e+00
      vertex   2.576629e+01 1.156772e+01 -2.790000e+01
      vertex   2.620441e+01 1.286200e+01 -2.500000e+00
    endloop
  endfacet
  facet normal 9.472030e-01 -3.206345e-01 0.000000e+00
    outer loop
      vertex   2.620441e+01 1.286200e+01 -2.500000e+00
      vertex   2.576629e+01 1.156772e+01 -2.790000e+01
      vertex   2.620441e+01 1.286200e+01 -2.790000e+01
    endloop
  endfacet
  facet normal 9.701860e-01 -2.423617e-01 0.000000e+00
    outer loop
      vertex   2.620441e+01 1.286200e+01 -2.500000e+00
      vertex   2.620441e+01 1.286200e+01 -2.790000e+01
      vertex   2.653558e+01 1.418768e+01 -2.500000e+00
    endloop
  endfacet
  facet normal 9.701860e-01 -2.423617e-01 0.000000e+00
    outer loop
      vertex   2.653558e+01 1.418768e+01 -2.500000e+00
      vertex   2.620441e+01 1.286200e+01 -2.790000e+01
      vertex   2.653558e+01 1.418768e+01 -2.790000e+01
    endloop
  endfacet
  facet normal 9.867125e-01 -1.624761e-01 0.000000e+00
    outer loop
      vertex   2.653558e+01 1.418768e+01 -2.500000e+00
      vertex   2.653558e+01 1.418768e+01 -2.790000e+01
      vertex   2.675759e+01 1.553594e+01 -2.500000e+00
    endloop
  endfacet
  facet normal 9.867125e-01 -1.624761e-01 0.000000e+00
    outer loop
      vertex   2.675759e+01 1.553594e+01 -2.500000e+00
      vertex   2.653558e+01 1.418768e+01 -2.790000e+01
      vertex   2.675759e+01 1.553594e+01 -2.790000e+01
    endloop
  endfacet
  facet normal 9.966726e-01 -8.150928e-02 0.000000e+00
    outer loop
      vertex   2.675759e+01 1.553594e+01 -2.500000e+00
      vertex   2.675759e+01 1.553594e+01 -2.790000e+01
      vertex   2.686896e+01 1.689781e+01 -2.500000e+00
    endloop
  endfacet
  facet normal 9.966726e-01 -8.150928e-02 0.000000e+00
    outer loop
      vertex   2.686896e+01 1.689781e+01 -2.500000e+00
      vertex   2.675759e+01 1.553594e+01 -2.790000e+01
      vertex   2.686896e+01 1.689781e+01 -2.790000e+01
    endloop
  endfacet
  facet normal 1.000000e+00 -0.000000e+00 0.000000e+00
    outer loop
      vertex   2.686896e+01 1.689781e+01 -2.500000e+00
      vertex   2.686896e+01 1.689781e+01 -2.790000e+01
      vertex   2.686896e+01 1.826423e+01 -2.500000e+00
    endloop
  endfacet
  facet normal 1.000000e+00 0.000000e+00 0.000000e+00
    outer loop
      vertex   2.686896e+01 1.826423e+01 -2.500000e+00
      vertex   2.686896e+01 1.689781e+01 -2.790000e+01
      vertex   2.686896e+01 1.826423e+01 -2.790000e+01
    endloop
  endfacet
  facet normal 9.966726e-01 8.150928e-02 0.000000e+00
    outer loop
      vertex   2.686896e+01 1.826423e+01 -2.500000e+00
      vertex   2.686896e+01 1.826423e+01 -2.790000e+01
      vertex   2.675759e+01 1.962610e+01 -2.500000e+00
    endloop
  endfacet
  facet normal 9.966726e-01 8.150928e-02 0.000000e+00
    outer loop
      vertex   2.675759e+01 1.962610e+01 -2.500000e+00
      vertex   2.686896e+01 1.826423e+01 -2.790000e+01
      vertex   2.675759e+01 1.962610e+01 -2.790000e+01
    endloop
  endfacet
  facet normal 9.867125e-01 1.624761e-01 0.000000e+00
    outer loop
      vertex   2.675759e+01 1.962610e+01 -2.500000e+00
      vertex   2.675759e+01 1.962610e+01 -2.790000e+01
      vertex   2.653558e+01 2.097436e+01 -2.500000e+00
    endloop
  endfacet
  facet normal 9.867125e-01 1.624761e-01 0.000000e+00
    outer loop
      vertex   2.653558e+01 2.097436e+01 -2.500000e+00
      vertex   2.675759e+01 1.962610e+01 -2.790000e+01
      vertex   2.653558e+01 2.097436e+01 -2.790000e+01
    endloop
  endfacet
  facet normal 9.701860e-01 2.423617e-01 0.000000e+00
    outer loop
      vertex   2.653558e+01 2.097436e+01 -2.500000e+00
      vertex   2.653558e+01 2.097436e+01 -2.790000e+01
      vertex   2.620441e+01 2.230004e+01 -2.500000e+00
    endloop
  endfacet
  facet normal 9.701860e-01 2.423617e-01 0.000000e+00
    outer loop
      vertex   2.620441e+01 2.230004e+01 -2.500000e+00
      vertex   2.653558e+01 2.097436e+01 -2.790000e+01
      vertex   2.620441e+01 2.230004e+01 -2.790000e+01
    endloop
  endfacet
  facet normal 9.472030e-01 3.206345e-01 0.000000e+00
    outer loop
      vertex   2.620441e+01 2.230004e+01 -2.500000e+00
      vertex   2.620441e+01 2.230004e+01 -2.790000e+01
      vertex   2.576629e+01 2.359431e+01 -2.500000e+00
    endloop
  endfacet
  facet normal 9.472030e-01 3.206345e-01 0.000000e+00
    outer loop
      vertex   2.576629e+01 2.359431e+01 -2.500000e+00
      vertex   2.620441e+01 2.230004e+01 -2.790000e+01
      vertex   2.576629e+01 2.359431e+01 -2.790000e+01
    endloop
  endfacet
  facet normal 9.179166e-01 3.967734e-01 0.000000e+00
    outer loop
      vertex   2.576629e+01 2.359431e+01 -2.500000e+00
      vertex   2.576629e+01 2.359431e+01 -2.790000e+01
      vertex   2.522413e+01 2.484857e+01 -2.500000e+00
    endloop
  endfacet
  facet normal 9.179166e-01 3.967734e-01 0.000000e+00
    outer loop
      vertex   2.522413e+01 2.484857e+01 -2.500000e+00
      vertex   2.576629e+01 2.359431e+01 -2.790000e+01
      vertex   2.522413e+01 2.484857e+01 -2.790000e+01
    endloop
  endfacet
  facet normal 8.825216e-01 4.702719e-01 0.000000e+00
    outer loop
      vertex   2.522413e+01 2.484857e+01 -2.500000e+00
      vertex   2.522413e+01 2.484857e+01 -2.790000e+01
      vertex   2.458154e+01 2.605447e+01 -2.500000e+00
    endloop
  endfacet
  facet normal 8.825216e-01 4.702719e-01 0.000000e+00
    outer loop
      vertex   2.458154e+01 2.605447e+01 -2.500000e+00
      vertex   2.522413e+01 2.484857e+01 -2.790000e+01
      vertex   2.458154e+01 2.605447e+01 -2.790000e+01
    endloop
  endfacet
  facet normal 8.412535e-01 5.406408e-01 0.000000e+00
    outer loop
      vertex   2.458154e+01 2.605447e+01 -2.500000e+00
      vertex   2.458154e+01 2.605447e+01 -2.790000e+01
      vertex   2.384280e+01 2.720397e+01 -2.500000e+00
    endloop
  endfacet
  facet normal 8.412535e-01 5.406408e-01 0.000000e+00
    outer loop
      vertex   2.384280e+01 2.720397e+01 -2.500000e+00
      vertex   2.458154e+01 2.605447e+01 -2.790000e+01
      vertex   2.384280e+01 2.720397e+01 -2.790000e+01
    endloop
  endfacet
  facet normal 7.943871e-01 6.074119e-01 0.000000e+00
    outer loop
      vertex   2.384280e+01 2.720397e+01 -2.500000e+00
      vertex   2.384280e+01 2.720397e+01 -2.790000e+01
      vertex   2.301282e+01 2.828943e+01 -2.500000e+00
    endloop
  endfacet
  facet normal 7.943871e-01 6.074119e-01 0.000000e+00
    outer loop
      vertex   2.301282e+01 2.828943e+01 -2.500000e+00
      vertex   2.384280e+01 2.720397e+01 -2.790000e+01
      vertex   2.301282e+01 2.828943e+01 -2.790000e+01
    endloop
  endfacet
  facet normal 7.422341e-01 6.701407e-01 0.000000e+00
    outer loop
      vertex   2.301282e+01 2.828943e+01 -2.500000e+00
      vertex   2.301282e+01 2.828943e+01 -2.790000e+01
      vertex   2.209713e+01 2.930364e+01 -2.500000e+00
    endloop
  endfacet
  facet normal 7.422341e-01 6.701407e-01 0.000000e+00
    outer loop
      vertex   2.209713e+01 2.930364e+01 -2.500000e+00
      vertex   2.301282e+01 2.828943e+01 -2.790000e+01
      vertex   2.209713e+01 2.930364e+01 -2.790000e+01
    endloop
  endfacet
  facet normal 6.851417e-01 7.284098e-01 0.000000e+00
    outer loop
      vertex   2.209713e+01 2.930364e+01 -2.500000e+00
      vertex   2.209713e+01 2.930364e+01 -2.790000e+01
      vertex   2.110182e+01 3.023982e+01 -2.500000e+00
    endloop
  endfacet
  facet normal 6.851417e-01 7.284098e-01 0.000000e+00
    outer loop
      vertex   2.110182e+01 3.023982e+01 -2.500000e+00
      vertex   2.209713e+01 2.930364e+01 -2.790000e+01
      vertex   2.110182e+01 3.023982e+01 -2.790000e+01
    endloop
  endfacet
  facet normal 6.234898e-01 7.818315e-01 0.000000e+00
    outer loop
      vertex   2.110182e+01 3.023982e+01 -2.500000e+00
      vertex   2.110182e+01 3.023982e+01 -2.790000e+01
      vertex   2.003351e+01 3.109177e+01 -2.500000e+00
    endloop
  endfacet
  facet normal 6.234898e-01 7.818315e-01 0.000000e+00
    outer loop
      vertex   2.003351e+01 3.109177e+01 -2.500000e+00
      vertex   2.110182e+01 3.023982e+01 -2.790000e+01
      vertex   2.003351e+01 3.109177e+01 -2.790000e+01
    endloop
  endfacet
  facet normal 5.576887e-01 8.300502e-01 0.000000e+00
    outer loop
      vertex   2.003351e+01 3.109177e+01 -2.500000e+00
      vertex   2.003351e+01 3.109177e+01 -2.790000e+01
      vertex   1.889932e+01 3.185381e+01 -2.500000e+00
    endloop
  endfacet
  facet normal 5.576887e-01 8.300502e-01 0.000000e+00
    outer loop
      vertex   1.889932e+01 3.185381e+01 -2.500000e+00
      vertex   2.003351e+01 3.109177e+01 -2.790000e+01
      vertex   1.889932e+01 3.185381e+01 -2.790000e+01
    endloop
  endfacet
  facet normal 4.881762e-01 8.727451e-01 0.000000e+00
    outer loop
      vertex   1.889932e+01 3.185381e+01 -2.500000e+00
      vertex   1.889932e+01 3.185381e+01 -2.790000e+01
      vertex   1.770678e+01 3.252086e+01 -2.500000e+00
    endloop
  endfacet
  facet normal 4.881762e-01 8.727451e-01 0.000000e+00
    outer loop
      vertex   1.770678e+01 3.252086e+01 -2.500000e+00
      vertex   1.889932e+01 3.185381e+01 -2.790000e+01
      vertex   1.770678e+01 3.252086e+01 -2.790000e+01
    endloop
  endfacet
  facet normal 4.154150e-01 9.096320e-01 0.000000e+00
    outer loop
      vertex   1.770678e+01 3.252086e+01 -2.500000e+00
      vertex   1.770678e+01 3.252086e+01 -2.790000e+01
      vertex   1.646385e+01 3.308849e+01 -2.500000e+00
    endloop
  endfacet
  facet normal 4.154150e-01 9.096320e-01 0.000000e+00
    outer loop
      vertex   1.646385e+01 3.308849e+01 -2.500000e+00
      vertex   1.770678e+01 3.252086e+01 -2.790000e+01
      vertex   1.646385e+01 3.308849e+01 -2.790000e+01
    endloop
  endfacet
  facet normal 3.398893e-01 9.404655e-01 0.000000e+00
    outer loop
      vertex   1.646385e+01 3.308849e+01 -2.500000e+00
      vertex   1.646385e+01 3.308849e+01 -2.790000e+01
      vertex   1.517878e+01 3.355292e+01 -2.500000e+00
    endloop
  endfacet
  facet normal 3.398893e-01 9.404655e-01 0.000000e+00
    outer loop
      vertex   1.517878e+01 3.355292e+01 -2.500000e+00
      vertex   1.646385e+01 3.308849e+01 -2.790000e+01
      vertex   1.517878e+01 3.355292e+01 -2.790000e+01
    endloop
  endfacet
  facet normal 2.621017e-01 9.650403e-01 0.000000e+00
    outer loop
      vertex   1.517878e+01 3.355292e+01 -2.500000e+00
      vertex   1.517878e+01 3.355292e+01 -2.790000e+01
      vertex   1.386013e+01 3.391106e+01 -2.500000e+00
    endloop
  endfacet
  facet normal 2.621017e-01 9.650403e-01 0.000000e+00
    outer loop
      vertex   1.386013e+01 3.391106e+01 -2.500000e+00
      vertex   1.517878e+01 3.355292e+01 -2.790000e+01
      vertex   1.386013e+01 3.391106e+01 -2.790000e+01
    endloop
  endfacet
  facet normal 1.825698e-01 9.831929e-01 0.000000e+00
    outer loop
      vertex   1.386013e+01 3.391106e+01 -2.500000e+00
      vertex   1.386013e+01 3.391106e+01 -2.790000e+01
      vertex   1.251668e+01 3.416053e+01 -2.500000e+00
    endloop
  endfacet
  facet normal 1.825698e-01 9.831929e-01 0.000000e+00
    outer loop
      vertex   1.251668e+01 3.416053e+01 -2.500000e+00
      vertex   1.386013e+01 3.391106e+01 -2.790000e+01
      vertex   1.251668e+01 3.416053e+01 -2.790000e+01
    endloop
  endfacet
  facet normal 1.018230e-01 9.948025e-01 0.000000e+00
    outer loop
      vertex   1.251668e+01 3.416053e+01 -2.500000e+00
      vertex   1.251668e+01 3.416053e+01 -2.790000e+01
      vertex   1.115736e+01 3.429966e+01 -2.500000e+00
    endloop
  endfacet
  facet normal 1.018230e-01 9.948025e-01 0.000000e+00
    outer loop
      vertex   1.115736e+01 3.429966e+01 -2.500000e+00
      vertex   1.251668e+01 3.416053e+01 -2.790000e+01
      vertex   1.115736e+01 3.429966e+01 -2.790000e+01
    endloop
  endfacet
  facet normal 2.039854e-02 9.997919e-01 0.000000e+00
    outer loop
      vertex   1.115736e+01 3.429966e+01 -2.500000e+00
      vertex   1.115736e+01 3.429966e+01 -2.790000e+01
      vertex   9.791227e+00 3.432753e+01 -2.500000e+00
    endloop
  endfacet
  facet normal 2.039854e-02 9.997919e-01 0.000000e+00
    outer loop
      vertex   9.791227e+00 3.432753e+01 -2.500000e+00
      vertex   1.115736e+01 3.429966e+01 -2.790000e+01
      vertex   9.791227e+00 3.432753e+01 -2.790000e+01
    endloop
  endfacet
  facet normal -6.116166e-02 9.981279e-01 0.000000e+00
    outer loop
      vertex   9.791227e+00 3.432753e+01 -2.500000e+00
      vertex   9.791227e+00 3.432753e+01 -2.790000e+01
      vertex   8.427368e+00 3.424396e+01 -2.500000e+00
    endloop
  endfacet
  facet normal -6.116166e-02 9.981279e-01 0.000000e+00
    outer loop
      vertex   8.427368e+00 3.424396e+01 -2.500000e+00
      vertex   9.791227e+00 3.432753e+01 -2.790000e+01
      vertex   8.427368e+00 3.424396e+01 -2.790000e+01
    endloop
  endfacet
  facet normal -1.423148e-01 9.898214e-01 0.000000e+00
    outer loop
      vertex   8.427368e+00 3.424396e+01 -2.500000e+00
      vertex   8.427368e+00 3.424396e+01 -2.790000e+01
      vertex   7.074858e+00 3.404950e+01 -2.500000e+00
    endloop
  endfacet
  facet normal -1.423148e-01 9.898214e-01 0.000000e+00
    outer loop
      vertex   7.074858e+00 3.404950e+01 -2.500000e+00
      vertex   8.427368e+00 3.424396e+01 -2.790000e+01
      vertex   7.074858e+00 3.404950e+01 -2.790000e+01
    endloop
  endfacet
  facet normal -2.225209e-01 9.749279e-01 0.000000e+00
    outer loop
      vertex   7.074858e+00 3.404950e+01 -2.500000e+00
      vertex   7.074858e+00 3.404950e+01 -2.790000e+01
      vertex   5.742700e+00 3.374544e+01 -2.500000e+00
    endloop
  endfacet
  facet normal -2.225209e-01 9.749279e-01 0.000000e+00
    outer loop
      vertex   5.742700e+00 3.374544e+01 -2.500000e+00
      vertex   7.074858e+00 3.404950e+01 -2.790000e+01
      vertex   5.742700e+00 3.374544e+01 -2.790000e+01
    endloop
  endfacet
  facet normal -3.012462e-01 9.535464e-01 0.000000e+00
    outer loop
      vertex   5.742700e+00 3.374544e+01 -2.500000e+00
      vertex   5.742700e+00 3.374544e+01 -2.790000e+01
      vertex   4.439757e+00 3.333382e+01 -2.500000e+00
    endloop
  endfacet
  facet normal -3.012462e-01 9.535464e-01 0.000000e+00
    outer loop
      vertex   4.439757e+00 3.333382e+01 -2.500000e+00
      vertex   5.742700e+00 3.374544e+01 -2.790000e+01
      vertex   4.439757e+00 3.333382e+01 -2.790000e+01
    endloop
  endfacet
  facet normal -3.779667e-01 9.258192e-01 0.000000e+00
    outer loop
      vertex   4.439757e+00 3.333382e+01 -2.500000e+00
      vertex   4.439757e+00 3.333382e+01 -2.790000e+01
      vertex   3.174701e+00 3.281736e+01 -2.500000e+00
    endloop
  endfacet
  facet normal -3.779667e-01 9.258192e-01 0.000000e+00
    outer loop
      vertex   3.174701e+00 3.281736e+01 -2.500000e+00
      vertex   4.439757e+00 3.333382e+01 -2.790000e+01
      vertex   3.174701e+00 3.281736e+01 -2.790000e+01
    endloop
  endfacet
  facet normal -4.521719e-01 8.919308e-01 0.000000e+00
    outer loop
      vertex   3.174701e+00 3.281736e+01 -2.500000e+00
      vertex   3.174701e+00 3.281736e+01 -2.790000e+01
      vertex   1.955951e+00 3.219950e+01 -2.500000e+00
    endloop
  endfacet
  facet normal -4.521719e-01 8.919308e-01 0.000000e+00
    outer loop
      vertex   1.955951e+00 3.219950e+01 -2.500000e+00
      vertex   3.174701e+00 3.281736e+01 -2.790000e+01
      vertex   1.955951e+00 3.219950e+01 -2.790000e+01
    endloop
  endfacet
  facet normal -5.233680e-01 8.521068e-01 0.000000e+00
    outer loop
      vertex   1.955951e+00 3.219950e+01 -2.500000e+00
      vertex   1.955951e+00 3.219950e+01 -2.790000e+01
      vertex   7.916177e-01 3.148436e+01 -2.500000e+00
    endloop
  endfacet
  facet normal -5.233680e-01 8.521068e-01 0.000000e+00
    outer loop
      vertex   7.916177e-01 3.148436e+01 -2.500000e+00
      vertex   1.955951e+00 3.219950e+01 -2.790000e+01
      vertex   7.916177e-01 3.148436e+01 -2.790000e+01
    endloop
  endfacet
  facet normal -5.910811e-01 8.066121e-01 0.000000e+00
    outer loop
      vertex   7.916177e-01 3.148436e+01 -2.500000e+00
      vertex   7.916177e-01 3.148436e+01 -2.790000e+01
      vertex   -3.105513e-01 3.067670e+01 -2.500000e+00
    endloop
  endfacet
  facet normal -5.910811e-01 8.066121e-01 0.000000e+00
    outer loop
      vertex   -3.105513e-01 3.067670e+01 -2.500000e+00
      vertex   7.916177e-01 3.148436e+01 -2.790000e+01
      vertex   -3.105513e-01 3.067670e+01 -2.790000e+01
    endloop
  endfacet
  facet normal -6.548607e-01 7.557496e-01 0.000000e+00
    outer loop
      vertex   -3.105513e-01 3.067670e+01 -2.500000e+00
      vertex   -3.105513e-01 3.067670e+01 -2.790000e+01
      vertex   -1.343221e+00 2.978188e+01 -2.500000e+00
    endloop
  endfacet
  facet normal -6.548607e-01 7.557496e-01 0.000000e+00
    outer loop
      vertex   -1.343221e+00 2.978188e+01 -2.500000e+00
      vertex   -3.105513e-01 3.067670e+01 -2.790000e+01
      vertex   -1.343221e+00 2.978188e+01 -2.790000e+01
    endloop
  endfacet
  facet normal -7.142823e-01 6.998577e-01 0.000000e+00
    outer loop
      vertex   -1.343221e+00 2.978188e+01 -2.500000e+00
      vertex   -1.343221e+00 2.978188e+01 -2.790000e+01
      vertex   -2.299519e+00 2.880588e+01 -2.500000e+00
    endloop
  endfacet
  facet normal -7.142823e-01 6.998577e-01 0.000000e+00
    outer loop
      vertex   -2.299519e+00 2.880588e+01 -2.500000e+00
      vertex   -1.343221e+00 2.978188e+01 -2.790000e+01
      vertex   -2.299519e+00 2.880588e+01 -2.790000e+01
    endloop
  endfacet
  facet normal -7.689505e-01 6.393083e-01 0.000000e+00
    outer loop
      vertex   -2.299519e+00 2.880588e+01 -2.500000e+00
      vertex   -2.299519e+00 2.880588e+01 -2.790000e+01
      vertex   -3.173081e+00 2.775517e+01 -2.500000e+00
    endloop
  endfacet
  facet normal -7.689505e-01 6.393083e-01 0.000000e+00
    outer loop
      vertex   -3.173081e+00 2.775517e+01 -2.500000e+00
      vertex   -2.299519e+00 2.880588e+01 -2.790000e+01
      vertex   -3.173081e+00 2.775517e+01 -2.790000e+01
    endloop
  endfacet
  facet normal -8.185015e-01 5.745044e-01 0.000000e+00
    outer loop
      vertex   -3.173081e+00 2.775517e+01 -2.500000e+00
      vertex   -3.173081e+00 2.775517e+01 -2.790000e+01
      vertex   -3.958094e+00 2.663675e+01 -2.500000e+00
    endloop
  endfacet
  facet normal -8.185015e-01 5.745044e-01 0.000000e+00
    outer loop
      vertex   -3.958094e+00 2.663675e+01 -2.500000e+00
      vertex   -3.173081e+00 2.775517e+01 -2.790000e+01
      vertex   -3.958094e+00 2.663675e+01 -2.790000e+01
    endloop
  endfacet
  facet normal -8.626054e-01 5.058774e-01 0.000000e+00
    outer loop
      vertex   -3.958094e+00 2.663675e+01 -2.500000e+00
      vertex   -3.958094e+00 2.663675e+01 -2.790000e+01
      vertex   -4.649334e+00 2.545807e+01 -2.500000e+00
    endloop
  endfacet
  facet normal -8.626054e-01 5.058774e-01 0.000000e+00
    outer loop
      vertex   -4.649334e+00 2.545807e+01 -2.500000e+00
      vertex   -3.958094e+00 2.663675e+01 -2.790000e+01
      vertex   -4.649334e+00 2.545807e+01 -2.790000e+01
    endloop
  endfacet
  facet normal -9.009689e-01 4.338837e-01 0.000000e+00
    outer loop
      vertex   -4.649334e+00 2.545807e+01 -2.500000e+00
      vertex   -4.649334e+00 2.545807e+01 -2.790000e+01
      vertex   -5.242200e+00 2.422697e+01 -2.500000e+00
    endloop
  endfacet
  facet normal -9.009689e-01 4.338837e-01 0.000000e+00
    outer loop
      vertex   -5.242200e+00 2.422697e+01 -2.500000e+00
      vertex   -4.649334e+00 2.545807e+01 -2.790000e+01
      vertex   -5.242200e+00 2.422697e+01 -2.790000e+01
    endloop
  endfacet
  facet normal -9.333365e-01 3.590027e-01 0.000000e+00
    outer loop
      vertex   -5.242200e+00 2.422697e+01 -2.500000e+00
      vertex   -5.242200e+00 2.422697e+01 -2.790000e+01
      vertex   -5.732748e+00 2.295165e+01 -2.500000e+00
    endloop
  endfacet
  facet normal -9.333365e-01 3.590027e-01 0.000000e+00
    outer loop
      vertex   -5.732748e+00 2.295165e+01 -2.500000e+00
      vertex   -5.242200e+00 2.422697e+01 -2.790000e+01
      vertex   -5.732748e+00 2.295165e+01 -2.790000e+01
    endloop
  endfacet
  facet normal -9.594930e-01 2.817326e-01 0.000000e+00
    outer loop
      vertex   -5.732748e+00 2.295165e+01 -2.500000e+00
      vertex   -5.732748e+00 2.295165e+01 -2.790000e+01
      vertex   -6.117712e+00 2.164058e+01 -2.500000e+00
    endloop
  endfacet
  facet normal -9.594930e-01 2.817326e-01 0.000000e+00
    outer loop
      vertex   -6.117712e+00 2.164058e+01 -2.500000e+00
      vertex   -5.732748e+00 2.295165e+01 -2.790000e+01
      vertex   -6.117712e+00 2.164058e+01 -2.790000e+01
    endloop
  endfacet
  facet normal -9.792642e-01 2.025875e-01 0.000000e+00
    outer loop
      vertex   -6.117712e+00 2.164058e+01 -2.500000e+00
      vertex   -6.117712e+00 2.164058e+01 -2.790000e+01
      vertex   -6.394531e+00 2.030249e+01 -2.500000e+00
    endloop
  endfacet
  facet normal -9.792642e-01 2.025875e-01 0.000000e+00
    outer loop
      vertex   -6.394531e+00 2.030249e+01 -2.500000e+00
      vertex   -6.117712e+00 2.164058e+01 -2.790000e+01
      vertex   -6.394531e+00 2.030249e+01 -2.790000e+01
    endloop
  endfacet
  facet normal -9.925185e-01 1.220943e-01 0.000000e+00
    outer loop
      vertex   -6.394531e+00 2.030249e+01 -2.500000e+00
      vertex   -6.394531e+00 2.030249e+01 -2.790000e+01
      vertex   -6.561363e+00 1.894630e+01 -2.500000e+00
    endloop
  endfacet
  facet normal -9.925185e-01 1.220943e-01 0.000000e+00
    outer loop
      vertex   -6.561363e+00 1.894630e+01 -2.500000e+00
      vertex   -6.394531e+00 2.030249e+01 -2.790000e+01
      vertex   -6.561363e+00 1.894630e+01 -2.790000e+01
    endloop
  endfacet
  facet normal -9.994295e-01 3.377414e-02 0.000000e+00
    outer loop
      vertex   -1.441098e+01 1.924176e+01 2.790000e+01
      vertex   -1.441098e+01 1.924176e+01 0.000000e+00
      vertex   -1.446710e+01 1.758102e+01 2.790000e+01
    endloop
  endfacet
  facet normal -9.994295e-01 3.377414e-02 0.000000e+00
    outer loop
      vertex   -1.446710e+01 1.758102e+01 2.790000e+01
      vertex   -1.441098e+01 1.924176e+01 0.000000e+00
      vertex   -1.446710e+01 1.758102e+01 0.000000e+00
    endloop
  endfacet
  facet normal -9.994295e-01 -3.377414e-02 -0.000000e+00
    outer loop
      vertex   -1.446710e+01 1.758102e+01 2.790000e+01
      vertex   -1.446710e+01 1.758102e+01 0.000000e+00
      vertex   -1.441098e+01 1.592028e+01 2.790000e+01
    endloop
  endfacet
  facet normal -9.994295e-01 -3.377414e-02 -1.290214e-17
    outer loop
      vertex   -1.441098e+01 1.592028e+01 2.790000e+01
      vertex   -1.446710e+01 1.758102e+01 0.000000e+00
      vertex   -1.441098e+01 1.592028e+01 0.000000e+00
    endloop
  endfacet
  facet normal -9.948693e-01 -1.011683e-01 -3.864754e-17
    outer loop
      vertex   -1.441098e+01 1.592028e+01 2.790000e+01
      vertex   -1.441098e+01 1.592028e+01 0.000000e+00
      vertex   -1.424286e+01 1.426712e+01 2.790000e+01
    endloop
  endfacet
  facet normal -9.948693e-01 -1.011683e-01 3.864754e-17
    outer loop
      vertex   -1.424286e+01 1.426712e+01 2.790000e+01
      vertex   -1.441098e+01 1.592028e+01 0.000000e+00
      vertex   -1.424286e+01 1.426712e+01 0.000000e+00
    endloop
  endfacet
  facet normal -9.857698e-01 -1.681009e-01 6.421660e-17
    outer loop
      vertex   -1.424286e+01 1.426712e+01 2.790000e+01
      vertex   -1.424286e+01 1.426712e+01 0.000000e+00
      vertex   -1.396353e+01 1.262908e+01 2.790000e+01
    endloop
  endfacet
  facet normal -9.857698e-01 -1.681009e-01 -0.000000e+00
    outer loop
      vertex   -1.396353e+01 1.262908e+01 2.790000e+01
      vertex   -1.424286e+01 1.426712e+01 0.000000e+00
      vertex   -1.396353e+01 1.262908e+01 0.000000e+00
    endloop
  endfacet
  facet normal -9.721724e-01 -2.342665e-01 -0.000000e+00
    outer loop
      vertex   -1.396353e+01 1.262908e+01 2.790000e+01
      vertex   -1.396353e+01 1.262908e+01 0.000000e+00
      vertex   -1.357426e+01 1.101363e+01 2.790000e+01
    endloop
  endfacet
  facet normal -9.721724e-01 -2.342665e-01 9.619822e-17
    outer loop
      vertex   -1.357426e+01 1.101363e+01 2.790000e+01
      vertex   -1.396353e+01 1.262908e+01 0.000000e+00
      vertex   -1.357426e+01 1.101363e+01 0.000000e+00
    endloop
  endfacet
  facet normal -9.541393e-01 -2.993631e-01 6.788606e-17
    outer loop
      vertex   -1.357426e+01 1.101363e+01 2.790000e+01
      vertex   -1.357426e+01 1.101363e+01 0.000000e+00
      vertex   -1.307681e+01 9.428147e+00 2.790000e+01
    endloop
  endfacet
  facet normal -9.541393e-01 -2.993631e-01 -0.000000e+00
    outer loop
      vertex   -1.307681e+01 9.428147e+00 2.790000e+01
      vertex   -1.357426e+01 1.101363e+01 0.000000e+00
      vertex   -1.307681e+01 9.428147e+00 0.000000e+00
    endloop
  endfacet
  facet normal -9.317526e-01 -3.630939e-01 -0.000000e+00
    outer loop
      vertex   -1.307681e+01 9.428147e+00 2.790000e+01
      vertex   -1.307681e+01 9.428147e+00 0.000000e+00
      vertex   -1.247346e+01 7.879865e+00 2.790000e+01
    endloop
  endfacet
  facet normal -9.317526e-01 -3.630939e-01 -0.000000e+00
    outer loop
      vertex   -1.247346e+01 7.879865e+00 2.790000e+01
      vertex   -1.307681e+01 9.428147e+00 0.000000e+00
      vertex   -1.247346e+01 7.879865e+00 0.000000e+00
    endloop
  endfacet
  facet normal -9.051145e-01 -4.251679e-01 -0.000000e+00
    outer loop
      vertex   -1.247346e+01 7.879865e+00 2.790000e+01
      vertex   -1.247346e+01 7.879865e+00 0.000000e+00
      vertex   -1.176696e+01 6.375848e+00 2.790000e+01
    endloop
  endfacet
  facet normal -9.051145e-01 -4.251679e-01 -3.071870e-18
    outer loop
      vertex   -1.176696e+01 6.375848e+00 2.790000e+01
      vertex   -1.247346e+01 7.879865e+00 0.000000e+00
      vertex   -1.176696e+01 6.375848e+00 0.000000e+00
    endloop
  endfacet
  facet normal -8.743466e-01 -4.853020e-01 -3.383501e-17
    outer loop
      vertex   -1.176696e+01 6.375848e+00 2.790000e+01
      vertex   -1.176696e+01 6.375848e+00 0.000000e+00
      vertex   -1.096054e+01 4.922957e+00 2.790000e+01
    endloop
  endfacet
  facet normal -8.743466e-01 -4.853020e-01 -0.000000e+00
    outer loop
      vertex   -1.096054e+01 4.922957e+00 2.790000e+01
      vertex   -1.176696e+01 6.375848e+00 0.000000e+00
      vertex   -1.096054e+01 4.922957e+00 0.000000e+00
    endloop
  endfacet
  facet normal -8.395893e-01 -5.432217e-01 -0.000000e+00
    outer loop
      vertex   -1.096054e+01 4.922957e+00 2.790000e+01
      vertex   -1.096054e+01 4.922957e+00 0.000000e+00
      vertex   -1.005788e+01 3.527821e+00 2.790000e+01
    endloop
  endfacet
  facet normal -8.395893e-01 -5.432217e-01 -0.000000e+00
    outer loop
      vertex   -1.005788e+01 3.527821e+00 2.790000e+01
      vertex   -1.096054e+01 4.922957e+00 0.000000e+00
      vertex   -1.005788e+01 3.527821e+00 0.000000e+00
    endloop
  endfacet
  facet normal -8.010011e-01 -5.986629e-01 -0.000000e+00
    outer loop
      vertex   -1.005788e+01 3.527821e+00 2.790000e+01
      vertex   -1.005788e+01 3.527821e+00 0.000000e+00
      vertex   -9.063087e+00 2.196808e+00 2.790000e+01
    endloop
  endfacet
  facet normal -8.010011e-01 -5.986629e-01 -3.423076e-17
    outer loop
      vertex   -9.063087e+00 2.196808e+00 2.790000e+01
      vertex   -1.005788e+01 3.527821e+00 0.000000e+00
      vertex   -9.063087e+00 2.196808e+00 0.000000e+00
    endloop
  endfacet
  facet normal -7.587581e-01 -6.513725e-01 -6.596368e-17
    outer loop
      vertex   -9.063087e+00 2.196808e+00 2.790000e+01
      vertex   -9.063087e+00 2.196808e+00 0.000000e+00
      vertex   -7.980709e+00 9.359885e-01 2.790000e+01
    endloop
  endfacet
  facet normal -7.587581e-01 -6.513725e-01 -0.000000e+00
    outer loop
      vertex   -7.980709e+00 9.359885e-01 2.790000e+01
      vertex   -9.063087e+00 2.196808e+00 0.000000e+00
      vertex   -7.980709e+00 9.359885e-01 0.000000e+00
    endloop
  endfacet
  facet normal -7.130531e-01 -7.011100e-01 -0.000000e+00
    outer loop
      vertex   -7.980709e+00 9.359885e-01 2.790000e+01
      vertex   -7.980709e+00 9.359885e-01 0.000000e+00
      vertex   -6.815683e+00 -2.488831e-01 2.790000e+01
    endloop
  endfacet
  facet normal -7.130531e-01 -7.011100e-01 -0.000000e+00
    outer loop
      vertex   -6.815683e+00 -2.488831e-01 2.790000e+01
      vertex   -7.980709e+00 9.359885e-01 0.000000e+00
      vertex   -6.815683e+00 -2.488831e-01 0.000000e+00
    endloop
  endfacet
  facet normal -6.640946e-01 -7.476486e-01 -0.000000e+00
    outer loop
      vertex   -6.815683e+00 -2.488831e-01 2.790000e+01
      vertex   -6.815683e+00 -2.488831e-01 0.000000e+00
      vertex   -5.573325e+00 -1.352401e+00 2.790000e+01
    endloop
  endfacet
  facet normal -6.640946e-01 -7.476486e-01 9.240568e-17
    outer loop
      vertex   -5.573325e+00 -1.352401e+00 2.790000e+01
      vertex   -6.815683e+00 -2.488831e-01 0.000000e+00
      vertex   -5.573325e+00 -1.352401e+00 0.000000e+00
    endloop
  endfacet
  facet normal -6.121060e-01 -7.907757e-01 6.899081e-17
    outer loop
      vertex   -5.573325e+00 -1.352401e+00 2.790000e+01
      vertex   -5.573325e+00 -1.352401e+00 0.000000e+00
      vertex   -4.259303e+00 -2.369530e+00 2.790000e+01
    endloop
  endfacet
  facet normal -6.121060e-01 -7.907757e-01 -0.000000e+00
    outer loop
      vertex   -4.259303e+00 -2.369530e+00 2.790000e+01
      vertex   -5.573325e+00 -1.352401e+00 0.000000e+00
      vertex   -4.259303e+00 -2.369530e+00 0.000000e+00
    endloop
  endfacet
  facet normal -5.573245e-01 -8.302948e-01 -0.000000e+00
    outer loop
      vertex   -4.259303e+00 -2.369530e+00 2.790000e+01
      vertex   -4.259303e+00 -2.369530e+00 0.000000e+00
      vertex   -2.879612e+00 -3.295629e+00 2.790000e+01
    endloop
  endfacet
  facet normal -5.573245e-01 -8.302948e-01 -0.000000e+00
    outer loop
      vertex   -2.879612e+00 -3.295629e+00 2.790000e+01
      vertex   -4.259303e+00 -2.369530e+00 0.000000e+00
      vertex   -2.879612e+00 -3.295629e+00 0.000000e+00
    endloop
  endfacet
  facet normal -5.000000e-01 -8.660254e-01 -0.000000e+00
    outer loop
      vertex   -2.879612e+00 -3.295629e+00 2.790000e+01
      vertex   -2.879612e+00 -3.295629e+00 0.000000e+00
      vertex   -1.440548e+00 -4.126473e+00 2.790000e+01
    endloop
  endfacet
  facet normal -5.000000e-01 -8.660254e-01 -2.132497e-17
    outer loop
      vertex   -1.440548e+00 -4.126473e+00 2.790000e+01
      vertex   -2.879612e+00 -3.295629e+00 0.000000e+00
      vertex   -1.440548e+00 -4.126473e+00 0.000000e+00
    endloop
  endfacet
  facet normal -4.403942e-01 -8.978045e-01 2.708504e-18
    outer loop
      vertex   -1.440548e+00 -4.126473e+00 2.790000e+01
      vertex   -1.440548e+00 -4.126473e+00 0.000000e+00
      vertex   5.132285e-02 -4.858271e+00 2.790000e+01
    endloop
  endfacet
  facet normal -4.403942e-01 -8.978045e-01 -7.009831e-17
    outer loop
      vertex   5.132285e-02 -4.858271e+00 2.790000e+01
      vertex   -1.440548e+00 -4.126473e+00 0.000000e+00
      vertex   5.132285e-02 -4.858271e+00 0.000000e+00
    endloop
  endfacet
  facet normal -3.787789e-01 -9.254872e-01 -6.029090e-17
    outer loop
      vertex   5.132285e-02 -4.858271e+00 2.790000e+01
      vertex   5.132285e-02 -4.858271e+00 0.000000e+00
      vertex   1.589194e+00 -5.487683e+00 2.790000e+01
    endloop
  endfacet
  facet normal -3.787789e-01 -9.254872e-01 7.536363e-17
    outer loop
      vertex   1.589194e+00 -5.487683e+00 2.790000e+01
      vertex   5.132285e-02 -4.858271e+00 0.000000e+00
      vertex   1.589194e+00 -5.487683e+00 0.000000e+00
    endloop
  endfacet
  facet normal -3.154353e-01 -9.489471e-01 6.276050e-17
    outer loop
      vertex   1.589194e+00 -5.487683e+00 2.790000e+01
      vertex   1.589194e+00 -5.487683e+00 0.000000e+00
      vertex   3.166047e+00 -6.011838e+00 2.790000e+01
    endloop
  endfacet
  facet normal -3.154353e-01 -9.489471e-01 -6.025008e-17
    outer loop
      vertex   3.166047e+00 -6.011838e+00 2.790000e+01
      vertex   1.589194e+00 -5.487683e+00 0.000000e+00
      vertex   3.166047e+00 -6.011838e+00 0.000000e+00
    endloop
  endfacet
  facet normal -2.506525e-01 -9.680771e-01 -4.787617e-17
    outer loop
      vertex   3.166047e+00 -6.011838e+00 2.790000e+01
      vertex   3.166047e+00 -6.011838e+00 0.000000e+00
      vertex   4.774689e+00 -6.428344e+00 2.790000e+01
    endloop
  endfacet
  facet normal -2.506525e-01 -9.680771e-01 -0.000000e+00
    outer loop
      vertex   4.774689e+00 -6.428344e+00 2.790000e+01
      vertex   3.166047e+00 -6.011838e+00 0.000000e+00
      vertex   4.774689e+00 -6.428344e+00 0.000000e+00
    endloop
  endfacet
  facet normal -1.847261e-01 -9.827901e-01 -0.000000e+00
    outer loop
      vertex   4.774689e+00 -6.428344e+00 2.790000e+01
      vertex   4.774689e+00 -6.428344e+00 0.000000e+00
      vertex   6.407780e+00 -6.735301e+00 2.790000e+01
    endloop
  endfacet
  facet normal -1.847261e-01 -9.827901e-01 3.528381e-17
    outer loop
      vertex   6.407780e+00 -6.735301e+00 2.790000e+01
      vertex   4.774689e+00 -6.428344e+00 0.000000e+00
      vertex   6.407780e+00 -6.735301e+00 0.000000e+00
    endloop
  endfacet
  facet normal -1.179567e-01 -9.930187e-01 2.253045e-17
    outer loop
      vertex   6.407780e+00 -6.735301e+00 2.790000e+01
      vertex   6.407780e+00 -6.735301e+00 0.000000e+00
      vertex   8.057867e+00 -6.931309e+00 2.790000e+01
    endloop
  endfacet
  facet normal -1.179567e-01 -9.930187e-01 -2.253045e-17
    outer loop
      vertex   8.057867e+00 -6.931309e+00 2.790000e+01
      vertex   6.407780e+00 -6.735301e+00 0.000000e+00
      vertex   8.057867e+00 -6.931309e+00 0.000000e+00
    endloop
  endfacet
  facet normal -5.064917e-02 -9.987165e-01 -9.674301e-18
    outer loop
      vertex   8.057867e+00 -6.931309e+00 2.790000e+01
      vertex   8.057867e+00 -6.931309e+00 0.000000e+00
      vertex   9.717422e+00 -7.015472e+00 2.790000e+01
    endloop
  endfacet
  facet normal -5.064917e-02 -9.987165e-01 -0.000000e+00
    outer loop
      vertex   9.717422e+00 -7.015472e+00 2.790000e+01
      vertex   8.057867e+00 -6.931309e+00 0.000000e+00
      vertex   9.717422e+00 -7.015472e+00 0.000000e+00
    endloop
  endfacet
  facet normal 1.688948e-02 -9.998574e-01 0.000000e+00
    outer loop
      vertex   9.717422e+00 -7.015472e+00 2.790000e+01
      vertex   9.717422e+00 -7.015472e+00 0.000000e+00
      vertex   1.137887e+01 -6.987407e+00 2.790000e+01
    endloop
  endfacet
  facet normal 1.688948e-02 -9.998574e-01 1.559231e-16
    outer loop
      vertex   1.137887e+01 -6.987407e+00 2.790000e+01
      vertex   9.717422e+00 -7.015472e+00 0.000000e+00
      vertex   1.137887e+01 -6.987407e+00 0.000000e+00
    endloop
  endfacet
  facet normal 8.435107e-02 -9.964361e-01 1.424929e-16
    outer loop
      vertex   1.137887e+01 -6.987407e+00 2.790000e+01
      vertex   1.137887e+01 -6.987407e+00 0.000000e+00
      vertex   1.303464e+01 -6.847241e+00 2.790000e+01
    endloop
  endfacet
  facet normal 8.435107e-02 -9.964361e-01 2.148209e-17
    outer loop
      vertex   1.303464e+01 -6.847241e+00 2.790000e+01
      vertex   1.137887e+01 -6.987407e+00 0.000000e+00
      vertex   1.303464e+01 -6.847241e+00 0.000000e+00
    endloop
  endfacet
  facet normal 1.514278e-01 -9.884683e-01 3.856484e-17
    outer loop
      vertex   1.303464e+01 -6.847241e+00 2.790000e+01
      vertex   1.303464e+01 -6.847241e+00 0.000000e+00
      vertex   1.467716e+01 -6.595616e+00 2.790000e+01
    endloop
  endfacet
  facet normal 1.514278e-01 -9.884683e-01 0.000000e+00
    outer loop
      vertex   1.467716e+01 -6.595616e+00 2.790000e+01
      vertex   1.303464e+01 -6.847241e+00 0.000000e+00
      vertex   1.467716e+01 -6.595616e+00 0.000000e+00
    endloop
  endfacet
  facet normal 2.178136e-01 -9.759904e-01 0.000000e+00
    outer loop
      vertex   1.467716e+01 -6.595616e+00 2.790000e+01
      vertex   1.467716e+01 -6.595616e+00 0.000000e+00
      vertex   1.629896e+01 -6.233678e+00 2.790000e+01
    endloop
  endfacet
  facet normal 2.178136e-01 -9.759904e-01 1.553501e-16
    outer loop
      vertex   1.629896e+01 -6.233678e+00 2.790000e+01
      vertex   1.467716e+01 -6.595616e+00 0.000000e+00
      vertex   1.629896e+01 -6.233678e+00 0.000000e+00
    endloop
  endfacet
  facet normal 2.832055e-01 -9.590592e-01 1.526551e-16
    outer loop
      vertex   1.629896e+01 -6.233678e+00 2.790000e+01
      vertex   1.629896e+01 -6.233678e+00 0.000000e+00
      vertex   1.789261e+01 -5.763079e+00 2.790000e+01
    endloop
  endfacet
  facet normal 2.832055e-01 -9.590592e-01 -8.052984e-17
    outer loop
      vertex   1.789261e+01 -5.763079e+00 2.790000e+01
      vertex   1.629896e+01 -6.233678e+00 0.000000e+00
      vertex   1.789261e+01 -5.763079e+00 0.000000e+00
    endloop
  endfacet
  facet normal 3.473053e-01 -9.377521e-01 -6.081376e-17
    outer loop
      vertex   1.789261e+01 -5.763079e+00 2.790000e+01
      vertex   1.789261e+01 -5.763079e+00 0.000000e+00
      vertex   1.945086e+01 -5.185966e+00 2.790000e+01
    endloop
  endfacet
  facet normal 3.473053e-01 -9.377521e-01 0.000000e+00
    outer loop
      vertex   1.945086e+01 -5.185966e+00 2.790000e+01
      vertex   1.789261e+01 -5.763079e+00 0.000000e+00
      vertex   1.945086e+01 -5.185966e+00 0.000000e+00
    endloop
  endfacet
  facet normal 4.098203e-01 -9.121663e-01 0.000000e+00
    outer loop
      vertex   1.945086e+01 -5.185966e+00 2.790000e+01
      vertex   1.945086e+01 -5.185966e+00 0.000000e+00
      vertex   2.096660e+01 -4.504972e+00 2.790000e+01
    endloop
  endfacet
  facet normal 4.098203e-01 -9.121663e-01 0.000000e+00
    outer loop
      vertex   2.096660e+01 -4.504972e+00 2.790000e+01
      vertex   1.945086e+01 -5.185966e+00 0.000000e+00
      vertex   2.096660e+01 -4.504972e+00 0.000000e+00
    endloop
  endfacet
  facet normal 4.704655e-01 -8.824184e-01 0.000000e+00
    outer loop
      vertex   2.096660e+01 -4.504972e+00 2.790000e+01
      vertex   2.096660e+01 -4.504972e+00 0.000000e+00
      vertex   2.243290e+01 -3.723205e+00 2.790000e+01
    endloop
  endfacet
  facet normal 4.704655e-01 -8.824184e-01 1.198157e-16
    outer loop
      vertex   2.243290e+01 -3.723205e+00 2.790000e+01
      vertex   2.096660e+01 -4.504972e+00 0.000000e+00
      vertex   2.243290e+01 -3.723205e+00 0.000000e+00
    endloop
  endfacet
  facet normal 5.289640e-01 -8.486443e-01 1.347138e-16
    outer loop
      vertex   2.243290e+01 -3.723205e+00 2.790000e+01
      vertex   2.243290e+01 -3.723205e+00 0.000000e+00
      vertex   2.384308e+01 -2.844232e+00 2.790000e+01
    endloop
  endfacet
  facet normal 5.289640e-01 -8.486443e-01 0.000000e+00
    outer loop
      vertex   2.384308e+01 -2.844232e+00 2.790000e+01
      vertex   2.243290e+01 -3.723205e+00 0.000000e+00
      vertex   2.384308e+01 -2.844232e+00 0.000000e+00
    endloop
  endfacet
  facet normal 5.850490e-01 -8.109979e-01 0.000000e+00
    outer loop
      vertex   2.384308e+01 -2.844232e+00 2.790000e+01
      vertex   2.384308e+01 -2.844232e+00 0.000000e+00
      vertex   2.519071e+01 -1.872064e+00 2.790000e+01
    endloop
  endfacet
  facet normal 5.850490e-01 -8.109979e-01 -8.445326e-17
    outer loop
      vertex   2.519071e+01 -1.872064e+00 2.790000e+01
      vertex   2.384308e+01 -2.844232e+00 0.000000e+00
      vertex   2.519071e+01 -1.872064e+00 0.000000e+00
    endloop
  endfacet
  facet normal 6.384645e-01 -7.696512e-01 -1.013475e-16
    outer loop
      vertex   2.519071e+01 -1.872064e+00 2.790000e+01
      vertex   2.519071e+01 -1.872064e+00 0.000000e+00
      vertex   2.646963e+01 -8.111349e-01 2.790000e+01
    endloop
  endfacet
  facet normal 6.384645e-01 -7.696512e-01 0.000000e+00
    outer loop
      vertex   2.646963e+01 -8.111349e-01 2.790000e+01
      vertex   2.519071e+01 -1.872064e+00 0.000000e+00
      vertex   2.646963e+01 -8.111349e-01 0.000000e+00
    endloop
  endfacet
  facet normal 6.889669e-01 -7.247928e-01 0.000000e+00
    outer loop
      vertex   2.646963e+01 -8.111349e-01 2.790000e+01
      vertex   2.646963e+01 -8.111349e-01 0.000000e+00
      vertex   2.767401e+01 3.337130e-01 2.790000e+01
    endloop
  endfacet
  facet normal 6.889669e-01 -7.247928e-01 0.000000e+00
    outer loop
      vertex   2.767401e+01 3.337130e-01 2.790000e+01
      vertex   2.646963e+01 -8.111349e-01 0.000000e+00
      vertex   2.767401e+01 3.337130e-01 0.000000e+00
    endloop
  endfacet
  facet normal 7.363257e-01 -6.766273e-01 0.000000e+00
    outer loop
      vertex   2.767401e+01 3.337130e-01 2.790000e+01
      vertex   2.767401e+01 3.337130e-01 0.000000e+00
      vertex   2.879835e+01 1.557256e+00 2.790000e+01
    endloop
  endfacet
  facet normal 7.363257e-01 -6.766273e-01 0.000000e+00
    outer loop
      vertex   2.879835e+01 1.557256e+00 2.790000e+01
      vertex   2.767401e+01 3.337130e-01 0.000000e+00
      vertex   2.879835e+01 1.557256e+00 0.000000e+00
    endloop
  endfacet
  facet normal 7.803248e-01 -6.253745e-01 0.000000e+00
    outer loop
      vertex   2.879835e+01 1.557256e+00 2.790000e+01
      vertex   2.879835e+01 1.557256e+00 0.000000e+00
      vertex   2.983753e+01 2.853913e+00 2.790000e+01
    endloop
  endfacet
  facet normal 7.803248e-01 -6.253745e-01 -1.493129e-16
    outer loop
      vertex   2.983753e+01 2.853913e+00 2.790000e+01
      vertex   2.879835e+01 1.557256e+00 0.000000e+00
      vertex   2.983753e+01 2.853913e+00 0.000000e+00
    endloop
  endfacet
  facet normal 8.207634e-01 -5.712682e-01 -1.363947e-16
    outer loop
      vertex   2.983753e+01 2.853913e+00 2.790000e+01
      vertex   2.983753e+01 2.853913e+00 0.000000e+00
      vertex   3.078680e+01 4.217765e+00 2.790000e+01
    endloop
  endfacet
  facet normal 8.207634e-01 -5.712682e-01 0.000000e+00
    outer loop
      vertex   3.078680e+01 4.217765e+00 2.790000e+01
      vertex   2.983753e+01 2.853913e+00 0.000000e+00
      vertex   3.078680e+01 4.217765e+00 0.000000e+00
    endloop
  endfacet
  facet normal 8.574571e-01 -5.145554e-01 0.000000e+00
    outer loop
      vertex   3.078680e+01 4.217765e+00 2.790000e+01
      vertex   3.078680e+01 4.217765e+00 0.000000e+00
      vertex   3.164183e+01 5.642591e+00 2.790000e+01
    endloop
  endfacet
  facet normal 8.574571e-01 -5.145554e-01 0.000000e+00
    outer loop
      vertex   3.164183e+01 5.642591e+00 2.790000e+01
      vertex   3.078680e+01 4.217765e+00 0.000000e+00
      vertex   3.164183e+01 5.642591e+00 0.000000e+00
    endloop
  endfacet
  facet normal 8.902385e-01 -4.554948e-01 0.000000e+00
    outer loop
      vertex   3.164183e+01 5.642591e+00 2.790000e+01
      vertex   3.164183e+01 5.642591e+00 0.000000e+00
      vertex   3.239872e+01 7.121890e+00 2.790000e+01
    endloop
  endfacet
  facet normal 8.902385e-01 -4.554948e-01 0.000000e+00
    outer loop
      vertex   3.239872e+01 7.121890e+00 2.790000e+01
      vertex   3.164183e+01 5.642591e+00 0.000000e+00
      vertex   3.239872e+01 7.121890e+00 0.000000e+00
    endloop
  endfacet
  facet normal 9.189578e-01 -3.943559e-01 0.000000e+00
    outer loop
      vertex   3.239872e+01 7.121890e+00 2.790000e+01
      vertex   3.239872e+01 7.121890e+00 0.000000e+00
      vertex   3.305402e+01 8.648910e+00 2.790000e+01
    endloop
  endfacet
  facet normal 9.189578e-01 -3.943559e-01 0.000000e+00
    outer loop
      vertex   3.305402e+01 8.648910e+00 2.790000e+01
      vertex   3.239872e+01 7.121890e+00 0.000000e+00
      vertex   3.305402e+01 8.648910e+00 0.000000e+00
    endloop
  endfacet
  facet normal 9.434842e-01 -3.314176e-01 0.000000e+00
    outer loop
      vertex   3.305402e+01 8.648910e+00 2.790000e+01
      vertex   3.305402e+01 8.648910e+00 0.000000e+00
      vertex   3.360473e+01 1.021669e+01 2.790000e+01
    endloop
  endfacet
  facet normal 9.434842e-01 -3.314176e-01 0.000000e+00
    outer loop
      vertex   3.360473e+01 1.021669e+01 2.790000e+01
      vertex   3.305402e+01 8.648910e+00 0.000000e+00
      vertex   3.360473e+01 1.021669e+01 0.000000e+00
    endloop
  endfacet
  facet normal 9.637056e-01 -2.669671e-01 0.000000e+00
    outer loop
      vertex   3.360473e+01 1.021669e+01 2.790000e+01
      vertex   3.360473e+01 1.021669e+01 0.000000e+00
      vertex   3.404834e+01 1.181806e+01 2.790000e+01
    endloop
  endfacet
  facet normal 9.637056e-01 -2.669671e-01 0.000000e+00
    outer loop
      vertex   3.404834e+01 1.181806e+01 2.790000e+01
      vertex   3.360473e+01 1.021669e+01 0.000000e+00
      vertex   3.404834e+01 1.181806e+01 0.000000e+00
    endloop
  endfacet
  facet normal 9.795299e-01 -2.012985e-01 0.000000e+00
    outer loop
      vertex   3.404834e+01 1.181806e+01 2.790000e+01
      vertex   3.404834e+01 1.181806e+01 0.000000e+00
      vertex   3.438284e+01 1.344574e+01 2.790000e+01
    endloop
  endfacet
  facet normal 9.795299e-01 -2.012985e-01 0.000000e+00
    outer loop
      vertex   3.438284e+01 1.344574e+01 2.790000e+01
      vertex   3.404834e+01 1.181806e+01 0.000000e+00
      vertex   3.438284e+01 1.344574e+01 0.000000e+00
    endloop
  endfacet
  facet normal 9.908849e-01 -1.347115e-01 0.000000e+00
    outer loop
      vertex   3.438284e+01 1.344574e+01 2.790000e+01
      vertex   3.438284e+01 1.344574e+01 0.000000e+00
      vertex   3.460669e+01 1.509228e+01 2.790000e+01
    endloop
  endfacet
  facet normal 9.908849e-01 -1.347115e-01 0.000000e+00
    outer loop
      vertex   3.460669e+01 1.509228e+01 2.790000e+01
      vertex   3.438284e+01 1.344574e+01 0.000000e+00
      vertex   3.460669e+01 1.509228e+01 0.000000e+00
    endloop
  endfacet
  facet normal 9.977186e-01 -6.750975e-02 0.000000e+00
    outer loop
      vertex   3.460669e+01 1.509228e+01 2.790000e+01
      vertex   3.460669e+01 1.509228e+01 0.000000e+00
      vertex   3.471887e+01 1.675018e+01 2.790000e+01
    endloop
  endfacet
  facet normal 9.977186e-01 -6.750975e-02 0.000000e+00
    outer loop
      vertex   3.471887e+01 1.675018e+01 2.790000e+01
      vertex   3.460669e+01 1.509228e+01 0.000000e+00
      vertex   3.471887e+01 1.675018e+01 0.000000e+00
    endloop
  endfacet
  facet normal 1.000000e+00 -0.000000e+00 0.000000e+00
    outer loop
      vertex   3.471887e+01 1.675018e+01 2.790000e+01
      vertex   3.471887e+01 1.675018e+01 0.000000e+00
      vertex   3.471887e+01 1.841186e+01 2.790000e+01
    endloop
  endfacet
  facet normal 1.000000e+00 0.000000e+00 0.000000e+00
    outer loop
      vertex   3.471887e+01 1.841186e+01 2.790000e+01
      vertex   3.471887e+01 1.675018e+01 0.000000e+00
      vertex   3.471887e+01 1.841186e+01 0.000000e+00
    endloop
  endfacet
  facet normal 9.977186e-01 6.750975e-02 0.000000e+00
    outer loop
      vertex   3.471887e+01 1.841186e+01 2.790000e+01
      vertex   3.471887e+01 1.841186e+01 0.000000e+00
      vertex   3.460669e+01 2.006976e+01 2.790000e+01
    endloop
  endfacet
  facet normal 9.977186e-01 6.750975e-02 0.000000e+00
    outer loop
      vertex   3.460669e+01 2.006976e+01 2.790000e+01
      vertex   3.471887e+01 1.841186e+01 0.000000e+00
      vertex   3.460669e+01 2.006976e+01 0.000000e+00
    endloop
  endfacet
  facet normal 9.908849e-01 1.347115e-01 0.000000e+00
    outer loop
      vertex   3.460669e+01 2.006976e+01 2.790000e+01
      vertex   3.460669e+01 2.006976e+01 0.000000e+00
      vertex   3.438284e+01 2.171630e+01 2.790000e+01
    endloop
  endfacet
  facet normal 9.908849e-01 1.347115e-01 0.000000e+00
    outer loop
      vertex   3.438284e+01 2.171630e+01 2.790000e+01
      vertex   3.460669e+01 2.006976e+01 0.000000e+00
      vertex   3.438284e+01 2.171630e+01 0.000000e+00
    endloop
  endfacet
  facet normal 9.795299e-01 2.012985e-01 0.000000e+00
    outer loop
      vertex   3.438284e+01 2.171630e+01 2.790000e+01
      vertex   3.438284e+01 2.171630e+01 0.000000e+00
      vertex   3.404834e+01 2.334397e+01 2.790000e+01
    endloop
  endfacet
  facet normal 9.795299e-01 2.012985e-01 0.000000e+00
    outer loop
      vertex   3.404834e+01 2.334397e+01 2.790000e+01
      vertex   3.438284e+01 2.171630e+01 0.000000e+00
      vertex   3.404834e+01 2.334397e+01 0.000000e+00
    endloop
  endfacet
  facet normal 9.637056e-01 2.669671e-01 0.000000e+00
    outer loop
      vertex   3.404834e+01 2.334397e+01 2.790000e+01
      vertex   3.404834e+01 2.334397e+01 0.000000e+00
      vertex   3.360473e+01 2.494535e+01 2.790000e+01
    endloop
  endfacet
  facet normal 9.637056e-01 2.669671e-01 0.000000e+00
    outer loop
      vertex   3.360473e+01 2.494535e+01 2.790000e+01
      vertex   3.404834e+01 2.334397e+01 0.000000e+00
      vertex   3.360473e+01 2.494535e+01 0.000000e+00
    endloop
  endfacet
  facet normal 9.434842e-01 3.314176e-01 0.000000e+00
    outer loop
      vertex   3.360473e+01 2.494535e+01 2.790000e+01
      vertex   3.360473e+01 2.494535e+01 0.000000e+00
      vertex   3.305402e+01 2.651313e+01 2.790000e+01
    endloop
  endfacet
  facet normal 9.434842e-01 3.314176e-01 0.000000e+00
    outer loop
      vertex   3.305402e+01 2.651313e+01 2.790000e+01
      vertex   3.360473e+01 2.494535e+01 0.000000e+00
      vertex   3.305402e+01 2.651313e+01 0.000000e+00
    endloop
  endfacet
  facet normal 9.189578e-01 3.943559e-01 0.000000e+00
    outer loop
      vertex   3.305402e+01 2.651313e+01 2.790000e+01
      vertex   3.305402e+01 2.651313e+01 0.000000e+00
      vertex   3.239872e+01 2.804015e+01 2.790000e+01
    endloop
  endfacet
  facet normal 9.189578e-01 3.943559e-01 0.000000e+00
    outer loop
      vertex   3.239872e+01 2.804015e+01 2.790000e+01
      vertex   3.305402e+01 2.651313e+01 0.000000e+00
      vertex   3.239872e+01 2.804015e+01 0.000000e+00
    endloop
  endfacet
  facet normal 8.902385e-01 4.554948e-01 0.000000e+00
    outer loop
      vertex   3.239872e+01 2.804015e+01 2.790000e+01
      vertex   3.239872e+01 2.804015e+01 0.000000e+00
      vertex   3.164183e+01 2.951945e+01 2.790000e+01
    endloop
  endfacet
  facet normal 8.902385e-01 4.554948e-01 0.000000e+00
    outer loop
      vertex   3.164183e+01 2.951945e+01 2.790000e+01
      vertex   3.239872e+01 2.804015e+01 0.000000e+00
      vertex   3.164183e+01 2.951945e+01 0.000000e+00
    endloop
  endfacet
  facet normal 8.574571e-01 5.145554e-01 0.000000e+00
    outer loop
      vertex   3.164183e+01 2.951945e+01 2.790000e+01
      vertex   3.164183e+01 2.951945e+01 0.000000e+00
      vertex   3.078680e+01 3.094427e+01 2.790000e+01
    endloop
  endfacet
  facet normal 8.574571e-01 5.145554e-01 0.000000e+00
    outer loop
      vertex   3.078680e+01 3.094427e+01 2.790000e+01
      vertex   3.164183e+01 2.951945e+01 0.000000e+00
      vertex   3.078680e+01 3.094427e+01 0.000000e+00
    endloop
  endfacet
  facet normal 8.207634e-01 5.712682e-01 0.000000e+00
    outer loop
      vertex   3.078680e+01 3.094427e+01 2.790000e+01
      vertex   3.078680e+01 3.094427e+01 0.000000e+00
      vertex   2.983753e+01 3.230813e+01 2.790000e+01
    endloop
  endfacet
  facet normal 8.207634e-01 5.712682e-01 4.097374e-17
    outer loop
      vertex   2.983753e+01 3.230813e+01 2.790000e+01
      vertex   3.078680e+01 3.094427e+01 0.000000e+00
      vertex   2.983753e+01 3.230813e+01 0.000000e+00
    endloop
  endfacet
  facet normal 7.803248e-01 6.253745e-01 5.990259e-17
    outer loop
      vertex   2.983753e+01 3.230813e+01 2.790000e+01
      vertex   2.983753e+01 3.230813e+01 0.000000e+00
      vertex   2.879835e+01 3.360478e+01 2.790000e+01
    endloop
  endfacet
  facet normal 7.803248e-01 6.253745e-01 0.000000e+00
    outer loop
      vertex   2.879835e+01 3.360478e+01 2.790000e+01
      vertex   2.983753e+01 3.230813e+01 0.000000e+00
      vertex   2.879835e+01 3.360478e+01 0.000000e+00
    endloop
  endfacet
  facet normal 7.363257e-01 6.766273e-01 0.000000e+00
    outer loop
      vertex   2.879835e+01 3.360478e+01 2.790000e+01
      vertex   2.879835e+01 3.360478e+01 0.000000e+00
      vertex   2.767401e+01 3.482833e+01 2.790000e+01
    endloop
  endfacet
  facet normal 7.363257e-01 6.766273e-01 0.000000e+00
    outer loop
      vertex   2.767401e+01 3.482833e+01 2.790000e+01
      vertex   2.879835e+01 3.360478e+01 0.000000e+00
      vertex   2.767401e+01 3.482833e+01 0.000000e+00
    endloop
  endfacet
  facet normal 6.889669e-01 7.247928e-01 0.000000e+00
    outer loop
      vertex   2.767401e+01 3.482833e+01 2.790000e+01
      vertex   2.767401e+01 3.482833e+01 0.000000e+00
      vertex   2.646963e+01 3.597317e+01 2.790000e+01
    endloop
  endfacet
  facet normal 6.889669e-01 7.247928e-01 0.000000e+00
    outer loop
      vertex   2.646963e+01 3.597317e+01 2.790000e+01
      vertex   2.767401e+01 3.482833e+01 0.000000e+00
      vertex   2.646963e+01 3.597317e+01 0.000000e+00
    endloop
  endfacet
  facet normal 6.384645e-01 7.696512e-01 0.000000e+00
    outer loop
      vertex   2.646963e+01 3.597317e+01 2.790000e+01
      vertex   2.646963e+01 3.597317e+01 0.000000e+00
      vertex   2.519071e+01 3.703410e+01 2.790000e+01
    endloop
  endfacet
  facet normal 6.384645e-01 7.696512e-01 1.626008e-16
    outer loop
      vertex   2.519071e+01 3.703410e+01 2.790000e+01
      vertex   2.646963e+01 3.597317e+01 0.000000e+00
      vertex   2.519071e+01 3.703410e+01 0.000000e+00
    endloop
  endfacet
  facet normal 5.850490e-01 8.109979e-01 1.489972e-16
    outer loop
      vertex   2.519071e+01 3.703410e+01 2.790000e+01
      vertex   2.519071e+01 3.703410e+01 0.000000e+00
      vertex   2.384308e+01 3.800627e+01 2.790000e+01
    endloop
  endfacet
  facet normal 5.850490e-01 8.109979e-01 0.000000e+00
    outer loop
      vertex   2.384308e+01 3.800627e+01 2.790000e+01
      vertex   2.519071e+01 3.703410e+01 0.000000e+00
      vertex   2.384308e+01 3.800627e+01 0.000000e+00
    endloop
  endfacet
  facet normal 5.289640e-01 8.486443e-01 0.000000e+00
    outer loop
      vertex   2.384308e+01 3.800627e+01 2.790000e+01
      vertex   2.384308e+01 3.800627e+01 0.000000e+00
      vertex   2.243290e+01 3.888524e+01 2.790000e+01
    endloop
  endfacet
  facet normal 5.289640e-01 8.486443e-01 -6.735691e-17
    outer loop
      vertex   2.243290e+01 3.888524e+01 2.790000e+01
      vertex   2.384308e+01 3.800627e+01 0.000000e+00
      vertex   2.243290e+01 3.888524e+01 0.000000e+00
    endloop
  endfacet
  facet normal 4.704655e-01 8.824184e-01 -5.990785e-17
    outer loop
      vertex   2.243290e+01 3.888524e+01 2.790000e+01
      vertex   2.243290e+01 3.888524e+01 0.000000e+00
      vertex   2.096660e+01 3.966701e+01 2.790000e+01
    endloop
  endfacet
  facet normal 4.704655e-01 8.824184e-01 1.198157e-16
    outer loop
      vertex   2.096660e+01 3.966701e+01 2.790000e+01
      vertex   2.243290e+01 3.888524e+01 0.000000e+00
      vertex   2.096660e+01 3.966701e+01 0.000000e+00
    endloop
  endfacet
  facet normal 4.098203e-01 9.121663e-01 1.043709e-16
    outer loop
      vertex   2.096660e+01 3.966701e+01 2.790000e+01
      vertex   2.096660e+01 3.966701e+01 0.000000e+00
      vertex   1.945086e+01 4.034800e+01 2.790000e+01
    endloop
  endfacet
  facet normal 4.098203e-01 9.121663e-01 0.000000e+00
    outer loop
      vertex   1.945086e+01 4.034800e+01 2.790000e+01
      vertex   2.096660e+01 3.966701e+01 0.000000e+00
      vertex   1.945086e+01 4.034800e+01 0.000000e+00
    endloop
  endfacet
  facet normal 3.473053e-01 9.377521e-01 0.000000e+00
    outer loop
      vertex   1.945086e+01 4.034800e+01 2.790000e+01
      vertex   1.945086e+01 4.034800e+01 0.000000e+00
      vertex   1.789261e+01 4.092512e+01 2.790000e+01
    endloop
  endfacet
  facet normal 3.473053e-01 9.377521e-01 -4.422495e-17
    outer loop
      vertex   1.789261e+01 4.092512e+01 2.790000e+01
      vertex   1.945086e+01 4.034800e+01 0.000000e+00
      vertex   1.789261e+01 4.092512e+01 0.000000e+00
    endloop
  endfacet
  facet normal 2.832055e-01 9.590592e-01 -3.606266e-17
    outer loop
      vertex   1.789261e+01 4.092512e+01 2.790000e+01
      vertex   1.789261e+01 4.092512e+01 0.000000e+00
      vertex   1.629896e+01 4.139572e+01 2.790000e+01
    endloop
  endfacet
  facet normal 2.832055e-01 9.590592e-01 0.000000e+00
    outer loop
      vertex   1.629896e+01 4.139572e+01 2.790000e+01
      vertex   1.789261e+01 4.092512e+01 0.000000e+00
      vertex   1.629896e+01 4.139572e+01 0.000000e+00
    endloop
  endfacet
  facet normal 2.178136e-01 9.759904e-01 0.000000e+00
    outer loop
      vertex   1.629896e+01 4.139572e+01 2.790000e+01
      vertex   1.629896e+01 4.139572e+01 0.000000e+00
      vertex   1.467716e+01 4.175765e+01 2.790000e+01
    endloop
  endfacet
  facet normal 2.178136e-01 9.759904e-01 0.000000e+00
    outer loop
      vertex   1.467716e+01 4.175765e+01 2.790000e+01
      vertex   1.629896e+01 4.139572e+01 0.000000e+00
      vertex   1.467716e+01 4.175765e+01 0.000000e+00
    endloop
  endfacet
  facet normal 1.514278e-01 9.884683e-01 0.000000e+00
    outer loop
      vertex   1.467716e+01 4.175765e+01 2.790000e+01
      vertex   1.467716e+01 4.175765e+01 0.000000e+00
      vertex   1.303464e+01 4.200928e+01 2.790000e+01
    endloop
  endfacet
  facet normal 1.514278e-01 9.884683e-01 -1.928242e-17
    outer loop
      vertex   1.303464e+01 4.200928e+01 2.790000e+01
      vertex   1.467716e+01 4.175765e+01 0.000000e+00
      vertex   1.303464e+01 4.200928e+01 0.000000e+00
    endloop
  endfacet
  facet normal 8.435107e-02 9.964361e-01 -1.074105e-17
    outer loop
      vertex   1.303464e+01 4.200928e+01 2.790000e+01
      vertex   1.303464e+01 4.200928e+01 0.000000e+00
      vertex   1.137887e+01 4.214945e+01 2.790000e+01
    endloop
  endfacet
  facet normal 8.435107e-02 9.964361e-01 0.000000e+00
    outer loop
      vertex   1.137887e+01 4.214945e+01 2.790000e+01
      vertex   1.303464e+01 4.200928e+01 0.000000e+00
      vertex   1.137887e+01 4.214945e+01 0.000000e+00
    endloop
  endfacet
  facet normal 1.688948e-02 9.998574e-01 0.000000e+00
    outer loop
      vertex   1.137887e+01 4.214945e+01 2.790000e+01
      vertex   1.137887e+01 4.214945e+01 0.000000e+00
      vertex   9.717422e+00 4.217751e+01 2.790000e+01
    endloop
  endfacet
  facet normal 1.688948e-02 9.998574e-01 0.000000e+00
    outer loop
      vertex   9.717422e+00 4.217751e+01 2.790000e+01
      vertex   1.137887e+01 4.214945e+01 0.000000e+00
      vertex   9.717422e+00 4.217751e+01 0.000000e+00
    endloop
  endfacet
  facet normal -5.064917e-02 9.987165e-01 0.000000e+00
    outer loop
      vertex   9.717422e+00 4.217751e+01 2.790000e+01
      vertex   9.717422e+00 4.217751e+01 0.000000e+00
      vertex   8.057867e+00 4.209335e+01 2.790000e+01
    endloop
  endfacet
  facet normal -5.064917e-02 9.987165e-01 9.674301e-18
    outer loop
      vertex   8.057867e+00 4.209335e+01 2.790000e+01
      vertex   9.717422e+00 4.217751e+01 0.000000e+00
      vertex   8.057867e+00 4.209335e+01 0.000000e+00
    endloop
  endfacet
  facet normal -1.179567e-01 9.930187e-01 2.253045e-17
    outer loop
      vertex   8.057867e+00 4.209335e+01 2.790000e+01
      vertex   8.057867e+00 4.209335e+01 0.000000e+00
      vertex   6.407780e+00 4.189734e+01 2.790000e+01
    endloop
  endfacet
  facet normal -1.179567e-01 9.930187e-01 0.000000e+00
    outer loop
      vertex   6.407780e+00 4.189734e+01 2.790000e+01
      vertex   8.057867e+00 4.209335e+01 0.000000e+00
      vertex   6.407780e+00 4.189734e+01 0.000000e+00
    endloop
  endfacet
  facet normal -1.847261e-01 9.827901e-01 0.000000e+00
    outer loop
      vertex   6.407780e+00 4.189734e+01 2.790000e+01
      vertex   6.407780e+00 4.189734e+01 0.000000e+00
      vertex   4.774689e+00 4.159038e+01 2.790000e+01
    endloop
  endfacet
  facet normal -1.847261e-01 9.827901e-01 0.000000e+00
    outer loop
      vertex   4.774689e+00 4.159038e+01 2.790000e+01
      vertex   6.407780e+00 4.189734e+01 0.000000e+00
      vertex   4.774689e+00 4.159038e+01 0.000000e+00
    endloop
  endfacet
  facet normal -2.506525e-01 9.680771e-01 0.000000e+00
    outer loop
      vertex   4.774689e+00 4.159038e+01 2.790000e+01
      vertex   4.774689e+00 4.159038e+01 0.000000e+00
      vertex   3.166047e+00 4.117388e+01 2.790000e+01
    endloop
  endfacet
  facet normal -2.506525e-01 9.680771e-01 4.787617e-17
    outer loop
      vertex   3.166047e+00 4.117388e+01 2.790000e+01
      vertex   4.774689e+00 4.159038e+01 0.000000e+00
      vertex   3.166047e+00 4.117388e+01 0.000000e+00
    endloop
  endfacet
  facet normal -3.154353e-01 9.489471e-01 6.025008e-17
    outer loop
      vertex   3.166047e+00 4.117388e+01 2.790000e+01
      vertex   3.166047e+00 4.117388e+01 0.000000e+00
      vertex   1.589194e+00 4.064972e+01 2.790000e+01
    endloop
  endfacet
  facet normal -3.154353e-01 9.489471e-01 0.000000e+00
    outer loop
      vertex   1.589194e+00 4.064972e+01 2.790000e+01
      vertex   3.166047e+00 4.117388e+01 0.000000e+00
      vertex   1.589194e+00 4.064972e+01 0.000000e+00
    endloop
  endfacet
  facet normal -3.787789e-01 9.254872e-01 0.000000e+00
    outer loop
      vertex   1.589194e+00 4.064972e+01 2.790000e+01
      vertex   1.589194e+00 4.064972e+01 0.000000e+00
      vertex   5.132285e-02 4.002031e+01 2.790000e+01
    endloop
  endfacet
  facet normal -3.787789e-01 9.254872e-01 0.000000e+00
    outer loop
      vertex   5.132285e-02 4.002031e+01 2.790000e+01
      vertex   1.589194e+00 4.064972e+01 0.000000e+00
      vertex   5.132285e-02 4.002031e+01 0.000000e+00
    endloop
  endfacet
  facet normal -4.403942e-01 8.978045e-01 0.000000e+00
    outer loop
      vertex   5.132285e-02 4.002031e+01 2.790000e+01
      vertex   5.132285e-02 4.002031e+01 0.000000e+00
      vertex   -1.440548e+00 3.928851e+01 2.790000e+01
    endloop
  endfacet
  facet normal -4.403942e-01 8.978045e-01 0.000000e+00
    outer loop
      vertex   -1.440548e+00 3.928851e+01 2.790000e+01
      vertex   5.132285e-02 4.002031e+01 0.000000e+00
      vertex   -1.440548e+00 3.928851e+01 0.000000e+00
    endloop
  endfacet
  facet normal -5.000000e-01 8.660254e-01 0.000000e+00
    outer loop
      vertex   -1.440548e+00 3.928851e+01 2.790000e+01
      vertex   -1.440548e+00 3.928851e+01 0.000000e+00
      vertex   -2.879612e+00 3.845767e+01 2.790000e+01
    endloop
  endfacet
  facet normal -5.000000e-01 8.660254e-01 0.000000e+00
    outer loop
      vertex   -2.879612e+00 3.845767e+01 2.790000e+01
      vertex   -1.440548e+00 3.928851e+01 0.000000e+00
      vertex   -2.879612e+00 3.845767e+01 0.000000e+00
    endloop
  endfacet
  facet normal -5.573245e-01 8.302948e-01 0.000000e+00
    outer loop
      vertex   -2.879612e+00 3.845767e+01 2.790000e+01
      vertex   -2.879612e+00 3.845767e+01 0.000000e+00
      vertex   -4.259303e+00 3.753157e+01 2.790000e+01
    endloop
  endfacet
  facet normal -5.573245e-01 8.302948e-01 0.000000e+00
    outer loop
      vertex   -4.259303e+00 3.753157e+01 2.790000e+01
      vertex   -2.879612e+00 3.845767e+01 0.000000e+00
      vertex   -4.259303e+00 3.753157e+01 0.000000e+00
    endloop
  endfacet
  facet normal -6.121060e-01 7.907757e-01 0.000000e+00
    outer loop
      vertex   -4.259303e+00 3.753157e+01 2.790000e+01
      vertex   -4.259303e+00 3.753157e+01 0.000000e+00
      vertex   -5.573325e+00 3.651444e+01 2.790000e+01
    endloop
  endfacet
  facet normal -6.121060e-01 7.907757e-01 0.000000e+00
    outer loop
      vertex   -5.573325e+00 3.651444e+01 2.790000e+01
      vertex   -4.259303e+00 3.753157e+01 0.000000e+00
      vertex   -5.573325e+00 3.651444e+01 0.000000e+00
    endloop
  endfacet
  facet normal -6.640946e-01 7.476486e-01 0.000000e+00
    outer loop
      vertex   -5.573325e+00 3.651444e+01 2.790000e+01
      vertex   -5.573325e+00 3.651444e+01 0.000000e+00
      vertex   -6.815683e+00 3.541092e+01 2.790000e+01
    endloop
  endfacet
  facet normal -6.640946e-01 7.476486e-01 0.000000e+00
    outer loop
      vertex   -6.815683e+00 3.541092e+01 2.790000e+01
      vertex   -5.573325e+00 3.651444e+01 0.000000e+00
      vertex   -6.815683e+00 3.541092e+01 0.000000e+00
    endloop
  endfacet
  facet normal -7.130531e-01 7.011100e-01 0.000000e+00
    outer loop
      vertex   -6.815683e+00 3.541092e+01 2.790000e+01
      vertex   -6.815683e+00 3.541092e+01 0.000000e+00
      vertex   -7.980709e+00 3.422605e+01 2.790000e+01
    endloop
  endfacet
  facet normal -7.130531e-01 7.011100e-01 0.000000e+00
    outer loop
      vertex   -7.980709e+00 3.422605e+01 2.790000e+01
      vertex   -6.815683e+00 3.541092e+01 0.000000e+00
      vertex   -7.980709e+00 3.422605e+01 0.000000e+00
    endloop
  endfacet
  facet normal -7.587581e-01 6.513725e-01 0.000000e+00
    outer loop
      vertex   -7.980709e+00 3.422605e+01 2.790000e+01
      vertex   -7.980709e+00 3.422605e+01 0.000000e+00
      vertex   -9.063087e+00 3.296523e+01 2.790000e+01
    endloop
  endfacet
  facet normal -7.587581e-01 6.513725e-01 0.000000e+00
    outer loop
      vertex   -9.063087e+00 3.296523e+01 2.790000e+01
      vertex   -7.980709e+00 3.422605e+01 0.000000e+00
      vertex   -9.063087e+00 3.296523e+01 0.000000e+00
    endloop
  endfacet
  facet normal -8.010011e-01 5.986629e-01 0.000000e+00
    outer loop
      vertex   -9.063087e+00 3.296523e+01 2.790000e+01
      vertex   -9.063087e+00 3.296523e+01 0.000000e+00
      vertex   -1.005788e+01 3.163422e+01 2.790000e+01
    endloop
  endfacet
  facet normal -8.010011e-01 5.986629e-01 0.000000e+00
    outer loop
      vertex   -1.005788e+01 3.163422e+01 2.790000e+01
      vertex   -9.063087e+00 3.296523e+01 0.000000e+00
      vertex   -1.005788e+01 3.163422e+01 0.000000e+00
    endloop
  endfacet
  facet normal -8.395893e-01 5.432217e-01 0.000000e+00
    outer loop
      vertex   -1.005788e+01 3.163422e+01 2.790000e+01
      vertex   -1.005788e+01 3.163422e+01 0.000000e+00
      vertex   -1.096054e+01 3.023908e+01 2.790000e+01
    endloop
  endfacet
  facet normal -8.395893e-01 5.432217e-01 0.000000e+00
    outer loop
      vertex   -1.096054e+01 3.023908e+01 2.790000e+01
      vertex   -1.005788e+01 3.163422e+01 0.000000e+00
      vertex   -1.096054e+01 3.023908e+01 0.000000e+00
    endloop
  endfacet
  facet normal -8.743466e-01 4.853020e-01 0.000000e+00
    outer loop
      vertex   -1.096054e+01 3.023908e+01 2.790000e+01
      vertex   -1.096054e+01 3.023908e+01 0.000000e+00
      vertex   -1.176696e+01 2.878619e+01 2.790000e+01
    endloop
  endfacet
  facet normal -8.743466e-01 4.853020e-01 0.000000e+00
    outer loop
      vertex   -1.176696e+01 2.878619e+01 2.790000e+01
      vertex   -1.096054e+01 3.023908e+01 0.000000e+00
      vertex   -1.176696e+01 2.878619e+01 0.000000e+00
    endloop
  endfacet
  facet normal -9.051145e-01 4.251679e-01 0.000000e+00
    outer loop
      vertex   -1.176696e+01 2.878619e+01 2.790000e+01
      vertex   -1.176696e+01 2.878619e+01 0.000000e+00
      vertex   -1.247346e+01 2.728217e+01 2.790000e+01
    endloop
  endfacet
  facet normal -9.051145e-01 4.251679e-01 0.000000e+00
    outer loop
      vertex   -1.247346e+01 2.728217e+01 2.790000e+01
      vertex   -1.176696e+01 2.878619e+01 0.000000e+00
      vertex   -1.247346e+01 2.728217e+01 0.000000e+00
    endloop
  endfacet
  facet normal -9.317526e-01 3.630939e-01 0.000000e+00
    outer loop
      vertex   -1.247346e+01 2.728217e+01 2.790000e+01
      vertex   -1.247346e+01 2.728217e+01 0.000000e+00
      vertex   -1.307681e+01 2.573389e+01 2.790000e+01
    endloop
  endfacet
  facet normal -9.317526e-01 3.630939e-01 0.000000e+00
    outer loop
      vertex   -1.307681e+01 2.573389e+01 2.790000e+01
      vertex   -1.247346e+01 2.728217e+01 0.000000e+00
      vertex   -1.307681e+01 2.573389e+01 0.000000e+00
    endloop
  endfacet
  facet normal -9.541393e-01 2.993631e-01 0.000000e+00
    outer loop
      vertex   -1.307681e+01 2.573389e+01 2.790000e+01
      vertex   -1.307681e+01 2.573389e+01 0.000000e+00
      vertex   -1.357426e+01 2.414841e+01 2.790000e+01
    endloop
  endfacet
  facet normal -9.541393e-01 2.993631e-01 0.000000e+00
    outer loop
      vertex   -1.357426e+01 2.414841e+01 2.790000e+01
      vertex   -1.307681e+01 2.573389e+01 0.000000e+00
      vertex   -1.357426e+01 2.414841e+01 0.000000e+00
    endloop
  endfacet
  facet normal -9.721724e-01 2.342665e-01 0.000000e+00
    outer loop
      vertex   -1.357426e+01 2.414841e+01 2.790000e+01
      vertex   -1.357426e+01 2.414841e+01 0.000000e+00
      vertex   -1.396353e+01 2.253296e+01 2.790000e+01
    endloop
  endfacet
  facet normal -9.721724e-01 2.342665e-01 0.000000e+00
    outer loop
      vertex   -1.396353e+01 2.253296e+01 2.790000e+01
      vertex   -1.357426e+01 2.414841e+01 0.000000e+00
      vertex   -1.396353e+01 2.253296e+01 0.000000e+00
    endloop
  endfacet
  facet normal -9.857698e-01 1.681009e-01 0.000000e+00
    outer loop
      vertex   -1.396353e+01 2.253296e+01 2.790000e+01
      vertex   -1.396353e+01 2.253296e+01 0.000000e+00
      vertex   -1.424286e+01 2.089492e+01 2.790000e+01
    endloop
  endfacet
  facet normal -9.857698e-01 1.681009e-01 0.000000e+00
    outer loop
      vertex   -1.424286e+01 2.089492e+01 2.790000e+01
      vertex   -1.396353e+01 2.253296e+01 0.000000e+00
      vertex   -1.424286e+01 2.089492e+01 0.000000e+00
    endloop
  endfacet
  facet normal -9.948693e-01 1.011683e-01 0.000000e+00
    outer loop
      vertex   -1.424286e+01 2.089492e+01 2.790000e+01
      vertex   -1.424286e+01 2.089492e+01 0.000000e+00
      vertex   -1.441098e+01 1.924176e+01 2.790000e+01
    endloop
  endfacet
  facet normal -9.948693e-01 1.011683e-01 0.000000e+00
    outer loop
      vertex   -1.441098e+01 1.924176e+01 2.790000e+01
      vertex   -1.424286e+01 2.089492e+01 0.000000e+00
      vertex   -1.441098e+01 1.924176e+01 0.000000e+00
    endloop
  endfacet
  facet normal -9.994295e-01 -3.377414e-02 0.000000e+00
    outer loop
      vertex   -1.441098e+01 1.592028e+01 -2.790000e+01
      vertex   -1.441098e+01 1.592028e+01 0.000000e+00
      vertex   -1.446710e+01 1.758102e+01 -2.790000e+01
    endloop
  endfacet
  facet normal -9.994295e-01 -3.377414e-02 0.000000e+00
    outer loop
      vertex   -1.446710e+01 1.758102e+01 -2.790000e+01
      vertex   -1.441098e+01 1.592028e+01 0.000000e+00
      vertex   -1.446710e+01 1.758102e+01 0.000000e+00
    endloop
  endfacet
  facet normal -9.994295e-01 3.377414e-02 0.000000e+00
    outer loop
      vertex   -1.446710e+01 1.758102e+01 -2.790000e+01
      vertex   -1.446710e+01 1.758102e+01 0.000000e+00
      vertex   -1.441098e+01 1.924176e+01 -2.790000e+01
    endloop
  endfacet
  facet normal -9.994295e-01 3.377414e-02 1.290214e-17
    outer loop
      vertex   -1.441098e+01 1.924176e+01 -2.790000e+01
      vertex   -1.446710e+01 1.758102e+01 0.000000e+00
      vertex   -1.441098e+01 1.924176e+01 0.000000e+00
    endloop
  endfacet
  facet normal -9.948693e-01 1.011683e-01 3.864754e-17
    outer loop
      vertex   -1.441098e+01 1.924176e+01 -2.790000e+01
      vertex   -1.441098e+01 1.924176e+01 0.000000e+00
      vertex   -1.424286e+01 2.089492e+01 -2.790000e+01
    endloop
  endfacet
  facet normal -9.948693e-01 1.011683e-01 -3.864754e-17
    outer loop
      vertex   -1.424286e+01 2.089492e+01 -2.790000e+01
      vertex   -1.441098e+01 1.924176e+01 0.000000e+00
      vertex   -1.424286e+01 2.089492e+01 0.000000e+00
    endloop
  endfacet
  facet normal -9.857698e-01 1.681009e-01 -6.421660e-17
    outer loop
      vertex   -1.424286e+01 2.089492e+01 -2.790000e+01
      vertex   -1.424286e+01 2.089492e+01 0.000000e+00
      vertex   -1.396353e+01 2.253296e+01 -2.790000e+01
    endloop
  endfacet
  facet normal -9.857698e-01 1.681009e-01 0.000000e+00
    outer loop
      vertex   -1.396353e+01 2.253296e+01 -2.790000e+01
      vertex   -1.424286e+01 2.089492e+01 0.000000e+00
      vertex   -1.396353e+01 2.253296e+01 0.000000e+00
    endloop
  endfacet
  facet normal -9.721724e-01 2.342665e-01 0.000000e+00
    outer loop
      vertex   -1.396353e+01 2.253296e+01 -2.790000e+01
      vertex   -1.396353e+01 2.253296e+01 0.000000e+00
      vertex   -1.357426e+01 2.414841e+01 -2.790000e+01
    endloop
  endfacet
  facet normal -9.721724e-01 2.342665e-01 -9.619822e-17
    outer loop
      vertex   -1.357426e+01 2.414841e+01 -2.790000e+01
      vertex   -1.396353e+01 2.253296e+01 0.000000e+00
      vertex   -1.357426e+01 2.414841e+01 0.000000e+00
    endloop
  endfacet
  facet normal -9.541393e-01 2.993631e-01 -6.788606e-17
    outer loop
      vertex   -1.357426e+01 2.414841e+01 -2.790000e+01
      vertex   -1.357426e+01 2.414841e+01 0.000000e+00
      vertex   -1.307681e+01 2.573389e+01 -2.790000e+01
    endloop
  endfacet
  facet normal -9.541393e-01 2.993631e-01 0.000000e+00
    outer loop
      vertex   -1.307681e+01 2.573389e+01 -2.790000e+01
      vertex   -1.357426e+01 2.414841e+01 0.000000e+00
      vertex   -1.307681e+01 2.573389e+01 0.000000e+00
    endloop
  endfacet
  facet normal -9.317526e-01 3.630939e-01 0.000000e+00
    outer loop
      vertex   -1.307681e+01 2.573389e+01 -2.790000e+01
      vertex   -1.307681e+01 2.573389e+01 0.000000e+00
      vertex   -1.247346e+01 2.728217e+01 -2.790000e+01
    endloop
  endfacet
  facet normal -9.317526e-01 3.630939e-01 0.000000e+00
    outer loop
      vertex   -1.247346e+01 2.728217e+01 -2.790000e+01
      vertex   -1.307681e+01 2.573389e+01 0.000000e+00
      vertex   -1.247346e+01 2.728217e+01 0.000000e+00
    endloop
  endfacet
  facet normal -9.051145e-01 4.251679e-01 0.000000e+00
    outer loop
      vertex   -1.247346e+01 2.728217e+01 -2.790000e+01
      vertex   -1.247346e+01 2.728217e+01 0.000000e+00
      vertex   -1.176696e+01 2.878619e+01 -2.790000e+01
    endloop
  endfacet
  facet normal -9.051145e-01 4.251679e-01 4.367670e-17
    outer loop
      vertex   -1.176696e+01 2.878619e+01 -2.790000e+01
      vertex   -1.247346e+01 2.728217e+01 0.000000e+00
      vertex   -1.176696e+01 2.878619e+01 0.000000e+00
    endloop
  endfacet
  facet normal -8.743466e-01 4.853020e-01 8.018283e-17
    outer loop
      vertex   -1.176696e+01 2.878619e+01 -2.790000e+01
      vertex   -1.176696e+01 2.878619e+01 0.000000e+00
      vertex   -1.096054e+01 3.023908e+01 -2.790000e+01
    endloop
  endfacet
  facet normal -8.743466e-01 4.853020e-01 0.000000e+00
    outer loop
      vertex   -1.096054e+01 3.023908e+01 -2.790000e+01
      vertex   -1.176696e+01 2.878619e+01 0.000000e+00
      vertex   -1.096054e+01 3.023908e+01 0.000000e+00
    endloop
  endfacet
  facet normal -8.395893e-01 5.432217e-01 0.000000e+00
    outer loop
      vertex   -1.096054e+01 3.023908e+01 -2.790000e+01
      vertex   -1.096054e+01 3.023908e+01 0.000000e+00
      vertex   -1.005788e+01 3.163422e+01 -2.790000e+01
    endloop
  endfacet
  facet normal -8.395893e-01 5.432217e-01 0.000000e+00
    outer loop
      vertex   -1.005788e+01 3.163422e+01 -2.790000e+01
      vertex   -1.096054e+01 3.023908e+01 0.000000e+00
      vertex   -1.005788e+01 3.163422e+01 0.000000e+00
    endloop
  endfacet
  facet normal -8.010011e-01 5.986629e-01 0.000000e+00
    outer loop
      vertex   -1.005788e+01 3.163422e+01 -2.790000e+01
      vertex   -1.005788e+01 3.163422e+01 0.000000e+00
      vertex   -9.063087e+00 3.296523e+01 -2.790000e+01
    endloop
  endfacet
  facet normal -8.010011e-01 5.986629e-01 -5.153045e-17
    outer loop
      vertex   -9.063087e+00 3.296523e+01 -2.790000e+01
      vertex   -1.005788e+01 3.163422e+01 0.000000e+00
      vertex   -9.063087e+00 3.296523e+01 0.000000e+00
    endloop
  endfacet
  facet normal -7.587581e-01 6.513725e-01 -2.734842e-17
    outer loop
      vertex   -9.063087e+00 3.296523e+01 -2.790000e+01
      vertex   -9.063087e+00 3.296523e+01 0.000000e+00
      vertex   -7.980709e+00 3.422605e+01 -2.790000e+01
    endloop
  endfacet
  facet normal -7.587581e-01 6.513725e-01 0.000000e+00
    outer loop
      vertex   -7.980709e+00 3.422605e+01 -2.790000e+01
      vertex   -9.063087e+00 3.296523e+01 0.000000e+00
      vertex   -7.980709e+00 3.422605e+01 0.000000e+00
    endloop
  endfacet
  facet normal -7.130531e-01 7.011100e-01 0.000000e+00
    outer loop
      vertex   -7.980709e+00 3.422605e+01 -2.790000e+01
      vertex   -7.980709e+00 3.422605e+01 0.000000e+00
      vertex   -6.815683e+00 3.541092e+01 -2.790000e+01
    endloop
  endfacet
  facet normal -7.130531e-01 7.011100e-01 0.000000e+00
    outer loop
      vertex   -6.815683e+00 3.541092e+01 -2.790000e+01
      vertex   -7.980709e+00 3.422605e+01 0.000000e+00
      vertex   -6.815683e+00 3.541092e+01 0.000000e+00
    endloop
  endfacet
  facet normal -6.640946e-01 7.476486e-01 0.000000e+00
    outer loop
      vertex   -6.815683e+00 3.541092e+01 -2.790000e+01
      vertex   -6.815683e+00 3.541092e+01 0.000000e+00
      vertex   -5.573325e+00 3.651444e+01 -2.790000e+01
    endloop
  endfacet
  facet normal -6.640946e-01 7.476486e-01 -2.100296e-17
    outer loop
      vertex   -5.573325e+00 3.651444e+01 -2.790000e+01
      vertex   -6.815683e+00 3.541092e+01 0.000000e+00
      vertex   -5.573325e+00 3.651444e+01 0.000000e+00
    endloop
  endfacet
  facet normal -6.121060e-01 7.907757e-01 6.530692e-18
    outer loop
      vertex   -5.573325e+00 3.651444e+01 -2.790000e+01
      vertex   -5.573325e+00 3.651444e+01 0.000000e+00
      vertex   -4.259303e+00 3.753157e+01 -2.790000e+01
    endloop
  endfacet
  facet normal -6.121060e-01 7.907757e-01 0.000000e+00
    outer loop
      vertex   -4.259303e+00 3.753157e+01 -2.790000e+01
      vertex   -5.573325e+00 3.651444e+01 0.000000e+00
      vertex   -4.259303e+00 3.753157e+01 0.000000e+00
    endloop
  endfacet
  facet normal -5.573245e-01 8.302948e-01 0.000000e+00
    outer loop
      vertex   -4.259303e+00 3.753157e+01 -2.790000e+01
      vertex   -4.259303e+00 3.753157e+01 0.000000e+00
      vertex   -2.879612e+00 3.845767e+01 -2.790000e+01
    endloop
  endfacet
  facet normal -5.573245e-01 8.302948e-01 0.000000e+00
    outer loop
      vertex   -2.879612e+00 3.845767e+01 -2.790000e+01
      vertex   -4.259303e+00 3.753157e+01 0.000000e+00
      vertex   -2.879612e+00 3.845767e+01 0.000000e+00
    endloop
  endfacet
  facet normal -5.000000e-01 8.660254e-01 0.000000e+00
    outer loop
      vertex   -2.879612e+00 3.845767e+01 -2.790000e+01
      vertex   -2.879612e+00 3.845767e+01 0.000000e+00
      vertex   -1.440548e+00 3.928851e+01 -2.790000e+01
    endloop
  endfacet
  facet normal -5.000000e-01 8.660254e-01 -6.138310e-17
    outer loop
      vertex   -1.440548e+00 3.928851e+01 -2.790000e+01
      vertex   -2.879612e+00 3.845767e+01 0.000000e+00
      vertex   -1.440548e+00 3.928851e+01 0.000000e+00
    endloop
  endfacet
  facet normal -4.403942e-01 8.978045e-01 -8.845158e-17
    outer loop
      vertex   -1.440548e+00 3.928851e+01 -2.790000e+01
      vertex   -1.440548e+00 3.928851e+01 0.000000e+00
      vertex   5.132285e-02 4.002031e+01 -2.790000e+01
    endloop
  endfacet
  facet normal -4.403942e-01 8.978045e-01 7.009831e-17
    outer loop
      vertex   5.132285e-02 4.002031e+01 -2.790000e+01
      vertex   -1.440548e+00 3.928851e+01 0.000000e+00
      vertex   5.132285e-02 4.002031e+01 0.000000e+00
    endloop
  endfacet
  facet normal -3.787789e-01 9.254872e-01 6.029090e-17
    outer loop
      vertex   5.132285e-02 4.002031e+01 -2.790000e+01
      vertex   5.132285e-02 4.002031e+01 0.000000e+00
      vertex   1.589194e+00 4.064972e+01 -2.790000e+01
    endloop
  endfacet
  facet normal -3.787789e-01 9.254872e-01 -7.536363e-17
    outer loop
      vertex   1.589194e+00 4.064972e+01 -2.790000e+01
      vertex   5.132285e-02 4.002031e+01 0.000000e+00
      vertex   1.589194e+00 4.064972e+01 0.000000e+00
    endloop
  endfacet
  facet normal -3.154353e-01 9.489471e-01 -6.276050e-17
    outer loop
      vertex   1.589194e+00 4.064972e+01 -2.790000e+01
      vertex   1.589194e+00 4.064972e+01 0.000000e+00
      vertex   3.166047e+00 4.117388e+01 -2.790000e+01
    endloop
  endfacet
  facet normal -3.154353e-01 9.489471e-01 6.025008e-17
    outer loop
      vertex   3.166047e+00 4.117388e+01 -2.790000e+01
      vertex   1.589194e+00 4.064972e+01 0.000000e+00
      vertex   3.166047e+00 4.117388e+01 0.000000e+00
    endloop
  endfacet
  facet normal -2.506525e-01 9.680771e-01 4.787617e-17
    outer loop
      vertex   3.166047e+00 4.117388e+01 -2.790000e+01
      vertex   3.166047e+00 4.117388e+01 0.000000e+00
      vertex   4.774689e+00 4.159038e+01 -2.790000e+01
    endloop
  endfacet
  facet normal -2.506525e-01 9.680771e-01 0.000000e+00
    outer loop
      vertex   4.774689e+00 4.159038e+01 -2.790000e+01
      vertex   3.166047e+00 4.117388e+01 0.000000e+00
      vertex   4.774689e+00 4.159038e+01 0.000000e+00
    endloop
  endfacet
  facet normal -1.847261e-01 9.827901e-01 0.000000e+00
    outer loop
      vertex   4.774689e+00 4.159038e+01 -2.790000e+01
      vertex   4.774689e+00 4.159038e+01 0.000000e+00
      vertex   6.407780e+00 4.189734e+01 -2.790000e+01
    endloop
  endfacet
  facet normal -1.847261e-01 9.827901e-01 -3.528381e-17
    outer loop
      vertex   6.407780e+00 4.189734e+01 -2.790000e+01
      vertex   4.774689e+00 4.159038e+01 0.000000e+00
      vertex   6.407780e+00 4.189734e+01 0.000000e+00
    endloop
  endfacet
  facet normal -1.179567e-01 9.930187e-01 -2.253045e-17
    outer loop
      vertex   6.407780e+00 4.189734e+01 -2.790000e+01
      vertex   6.407780e+00 4.189734e+01 0.000000e+00
      vertex   8.057867e+00 4.209335e+01 -2.790000e+01
    endloop
  endfacet
  facet normal -1.179567e-01 9.930187e-01 2.253045e-17
    outer loop
      vertex   8.057867e+00 4.209335e+01 -2.790000e+01
      vertex   6.407780e+00 4.189734e+01 0.000000e+00
      vertex   8.057867e+00 4.209335e+01 0.000000e+00
    endloop
  endfacet
  facet normal -5.064917e-02 9.987165e-01 9.674301e-18
    outer loop
      vertex   8.057867e+00 4.209335e+01 -2.790000e+01
      vertex   8.057867e+00 4.209335e+01 0.000000e+00
      vertex   9.717422e+00 4.217751e+01 -2.790000e+01
    endloop
  endfacet
  facet normal -5.064917e-02 9.987165e-01 0.000000e+00
    outer loop
      vertex   9.717422e+00 4.217751e+01 -2.790000e+01
      vertex   8.057867e+00 4.209335e+01 0.000000e+00
      vertex   9.717422e+00 4.217751e+01 0.000000e+00
    endloop
  endfacet
  facet normal 1.688948e-02 9.998574e-01 -0.000000e+00
    outer loop
      vertex   9.717422e+00 4.217751e+01 -2.790000e+01
      vertex   9.717422e+00 4.217751e+01 0.000000e+00
      vertex   1.137887e+01 4.214945e+01 -2.790000e+01
    endloop
  endfacet
  facet normal 1.688948e-02 9.998574e-01 -5.060510e-16
    outer loop
      vertex   1.137887e+01 4.214945e+01 -2.790000e+01
      vertex   9.717422e+00 4.217751e+01 0.000000e+00
      vertex   1.137887e+01 4.214945e+01 0.000000e+00
    endloop
  endfacet
  facet normal 8.435107e-02 9.964361e-01 -4.914228e-16
    outer loop
      vertex   1.137887e+01 4.214945e+01 -2.790000e+01
      vertex   1.137887e+01 4.214945e+01 0.000000e+00
      vertex   1.303464e+01 4.200928e+01 -2.790000e+01
    endloop
  endfacet
  facet normal 8.435107e-02 9.964361e-01 -2.148209e-17
    outer loop
      vertex   1.303464e+01 4.200928e+01 -2.790000e+01
      vertex   1.137887e+01 4.214945e+01 0.000000e+00
      vertex   1.303464e+01 4.200928e+01 0.000000e+00
    endloop
  endfacet
  facet normal 1.514278e-01 9.884683e-01 -3.856484e-17
    outer loop
      vertex   1.303464e+01 4.200928e+01 -2.790000e+01
      vertex   1.303464e+01 4.200928e+01 0.000000e+00
      vertex   1.467716e+01 4.175765e+01 -2.790000e+01
    endloop
  endfacet
  facet normal 1.514278e-01 9.884683e-01 -0.000000e+00
    outer loop
      vertex   1.467716e+01 4.175765e+01 -2.790000e+01
      vertex   1.303464e+01 4.200928e+01 0.000000e+00
      vertex   1.467716e+01 4.175765e+01 0.000000e+00
    endloop
  endfacet
  facet normal 2.178136e-01 9.759904e-01 -0.000000e+00
    outer loop
      vertex   1.467716e+01 4.175765e+01 -2.790000e+01
      vertex   1.467716e+01 4.175765e+01 0.000000e+00
      vertex   1.629896e+01 4.139572e+01 -2.790000e+01
    endloop
  endfacet
  facet normal 2.178136e-01 9.759904e-01 -2.485602e-16
    outer loop
      vertex   1.629896e+01 4.139572e+01 -2.790000e+01
      vertex   1.467716e+01 4.175765e+01 0.000000e+00
      vertex   1.629896e+01 4.139572e+01 0.000000e+00
    endloop
  endfacet
  facet normal 2.832055e-01 9.590592e-01 -2.442482e-16
    outer loop
      vertex   1.629896e+01 4.139572e+01 -2.790000e+01
      vertex   1.629896e+01 4.139572e+01 0.000000e+00
      vertex   1.789261e+01 4.092512e+01 -2.790000e+01
    endloop
  endfacet
  facet normal 2.832055e-01 9.590592e-01 -7.212531e-17
    outer loop
      vertex   1.789261e+01 4.092512e+01 -2.790000e+01
      vertex   1.629896e+01 4.139572e+01 0.000000e+00
      vertex   1.789261e+01 4.092512e+01 0.000000e+00
    endloop
  endfacet
  facet normal 3.473053e-01 9.377521e-01 -8.844990e-17
    outer loop
      vertex   1.789261e+01 4.092512e+01 -2.790000e+01
      vertex   1.789261e+01 4.092512e+01 0.000000e+00
      vertex   1.945086e+01 4.034800e+01 -2.790000e+01
    endloop
  endfacet
  facet normal 3.473053e-01 9.377521e-01 -0.000000e+00
    outer loop
      vertex   1.945086e+01 4.034800e+01 -2.790000e+01
      vertex   1.789261e+01 4.092512e+01 0.000000e+00
      vertex   1.945086e+01 4.034800e+01 0.000000e+00
    endloop
  endfacet
  facet normal 4.098203e-01 9.121663e-01 -0.000000e+00
    outer loop
      vertex   1.945086e+01 4.034800e+01 -2.790000e+01
      vertex   1.945086e+01 4.034800e+01 0.000000e+00
      vertex   2.096660e+01 3.966701e+01 -2.790000e+01
    endloop
  endfacet
  facet normal 4.098203e-01 9.121663e-01 -0.000000e+00
    outer loop
      vertex   2.096660e+01 3.966701e+01 -2.790000e+01
      vertex   1.945086e+01 4.034800e+01 0.000000e+00
      vertex   2.096660e+01 3.966701e+01 0.000000e+00
    endloop
  endfacet
  facet normal 4.704655e-01 8.824184e-01 -0.000000e+00
    outer loop
      vertex   2.096660e+01 3.966701e+01 -2.790000e+01
      vertex   2.096660e+01 3.966701e+01 0.000000e+00
      vertex   2.243290e+01 3.888524e+01 -2.790000e+01
    endloop
  endfacet
  facet normal 4.704655e-01 8.824184e-01 -1.198157e-16
    outer loop
      vertex   2.243290e+01 3.888524e+01 -2.790000e+01
      vertex   2.096660e+01 3.966701e+01 0.000000e+00
      vertex   2.243290e+01 3.888524e+01 0.000000e+00
    endloop
  endfacet
  facet normal 5.289640e-01 8.486443e-01 -1.347138e-16
    outer loop
      vertex   2.243290e+01 3.888524e+01 -2.790000e+01
      vertex   2.243290e+01 3.888524e+01 0.000000e+00
      vertex   2.384308e+01 3.800627e+01 -2.790000e+01
    endloop
  endfacet
  facet normal 5.289640e-01 8.486443e-01 -0.000000e+00
    outer loop
      vertex   2.384308e+01 3.800627e+01 -2.790000e+01
      vertex   2.243290e+01 3.888524e+01 0.000000e+00
      vertex   2.384308e+01 3.800627e+01 0.000000e+00
    endloop
  endfacet
  facet normal 5.850490e-01 8.109979e-01 -0.000000e+00
    outer loop
      vertex   2.384308e+01 3.800627e+01 -2.790000e+01
      vertex   2.384308e+01 3.800627e+01 0.000000e+00
      vertex   2.519071e+01 3.703410e+01 -2.790000e+01
    endloop
  endfacet
  facet normal 5.850490e-01 8.109979e-01 1.489972e-16
    outer loop
      vertex   2.519071e+01 3.703410e+01 -2.790000e+01
      vertex   2.384308e+01 3.800627e+01 0.000000e+00
      vertex   2.519071e+01 3.703410e+01 0.000000e+00
    endloop
  endfacet
  facet normal 6.384645e-01 7.696512e-01 1.626008e-16
    outer loop
      vertex   2.519071e+01 3.703410e+01 -2.790000e+01
      vertex   2.519071e+01 3.703410e+01 0.000000e+00
      vertex   2.646963e+01 3.597317e+01 -2.790000e+01
    endloop
  endfacet
  facet normal 6.384645e-01 7.696512e-01 -0.000000e+00
    outer loop
      vertex   2.646963e+01 3.597317e+01 -2.790000e+01
      vertex   2.519071e+01 3.703410e+01 0.000000e+00
      vertex   2.646963e+01 3.597317e+01 0.000000e+00
    endloop
  endfacet
  facet normal 6.889669e-01 7.247928e-01 -0.000000e+00
    outer loop
      vertex   2.646963e+01 3.597317e+01 -2.790000e+01
      vertex   2.646963e+01 3.597317e+01 0.000000e+00
      vertex   2.767401e+01 3.482833e+01 -2.790000e+01
    endloop
  endfacet
  facet normal 6.889669e-01 7.247928e-01 -0.000000e+00
    outer loop
      vertex   2.767401e+01 3.482833e+01 -2.790000e+01
      vertex   2.646963e+01 3.597317e+01 0.000000e+00
      vertex   2.767401e+01 3.482833e+01 0.000000e+00
    endloop
  endfacet
  facet normal 7.363257e-01 6.766273e-01 -0.000000e+00
    outer loop
      vertex   2.767401e+01 3.482833e+01 -2.790000e+01
      vertex   2.767401e+01 3.482833e+01 0.000000e+00
      vertex   2.879835e+01 3.360478e+01 -2.790000e+01
    endloop
  endfacet
  facet normal 7.363257e-01 6.766273e-01 -0.000000e+00
    outer loop
      vertex   2.879835e+01 3.360478e+01 -2.790000e+01
      vertex   2.767401e+01 3.482833e+01 0.000000e+00
      vertex   2.879835e+01 3.360478e+01 0.000000e+00
    endloop
  endfacet
  facet normal 7.803248e-01 6.253745e-01 -0.000000e+00
    outer loop
      vertex   2.879835e+01 3.360478e+01 -2.790000e+01
      vertex   2.879835e+01 3.360478e+01 0.000000e+00
      vertex   2.983753e+01 3.230813e+01 -2.790000e+01
    endloop
  endfacet
  facet normal 7.803248e-01 6.253745e-01 1.592671e-16
    outer loop
      vertex   2.983753e+01 3.230813e+01 -2.790000e+01
      vertex   2.879835e+01 3.360478e+01 0.000000e+00
      vertex   2.983753e+01 3.230813e+01 0.000000e+00
    endloop
  endfacet
  facet normal 8.207634e-01 5.712682e-01 1.454876e-16
    outer loop
      vertex   2.983753e+01 3.230813e+01 -2.790000e+01
      vertex   2.983753e+01 3.230813e+01 0.000000e+00
      vertex   3.078680e+01 3.094427e+01 -2.790000e+01
    endloop
  endfacet
  facet normal 8.207634e-01 5.712682e-01 -0.000000e+00
    outer loop
      vertex   3.078680e+01 3.094427e+01 -2.790000e+01
      vertex   2.983753e+01 3.230813e+01 0.000000e+00
      vertex   3.078680e+01 3.094427e+01 0.000000e+00
    endloop
  endfacet
  facet normal 8.574571e-01 5.145554e-01 -0.000000e+00
    outer loop
      vertex   3.078680e+01 3.094427e+01 -2.790000e+01
      vertex   3.078680e+01 3.094427e+01 0.000000e+00
      vertex   3.164183e+01 2.951945e+01 -2.790000e+01
    endloop
  endfacet
  facet normal 8.574571e-01 5.145554e-01 -0.000000e+00
    outer loop
      vertex   3.164183e+01 2.951945e+01 -2.790000e+01
      vertex   3.078680e+01 3.094427e+01 0.000000e+00
      vertex   3.164183e+01 2.951945e+01 0.000000e+00
    endloop
  endfacet
  facet normal 8.902385e-01 4.554948e-01 -0.000000e+00
    outer loop
      vertex   3.164183e+01 2.951945e+01 -2.790000e+01
      vertex   3.164183e+01 2.951945e+01 0.000000e+00
      vertex   3.239872e+01 2.804015e+01 -2.790000e+01
    endloop
  endfacet
  facet normal 8.902385e-01 4.554948e-01 -0.000000e+00
    outer loop
      vertex   3.239872e+01 2.804015e+01 -2.790000e+01
      vertex   3.164183e+01 2.951945e+01 0.000000e+00
      vertex   3.239872e+01 2.804015e+01 0.000000e+00
    endloop
  endfacet
  facet normal 9.189578e-01 3.943559e-01 -0.000000e+00
    outer loop
      vertex   3.239872e+01 2.804015e+01 -2.790000e+01
      vertex   3.239872e+01 2.804015e+01 0.000000e+00
      vertex   3.305402e+01 2.651313e+01 -2.790000e+01
    endloop
  endfacet
  facet normal 9.189578e-01 3.943559e-01 -0.000000e+00
    outer loop
      vertex   3.305402e+01 2.651313e+01 -2.790000e+01
      vertex   3.239872e+01 2.804015e+01 0.000000e+00
      vertex   3.305402e+01 2.651313e+01 0.000000e+00
    endloop
  endfacet
  facet normal 9.434842e-01 3.314176e-01 -0.000000e+00
    outer loop
      vertex   3.305402e+01 2.651313e+01 -2.790000e+01
      vertex   3.305402e+01 2.651313e+01 0.000000e+00
      vertex   3.360473e+01 2.494535e+01 -2.790000e+01
    endloop
  endfacet
  facet normal 9.434842e-01 3.314176e-01 -0.000000e+00
    outer loop
      vertex   3.360473e+01 2.494535e+01 -2.790000e+01
      vertex   3.305402e+01 2.651313e+01 0.000000e+00
      vertex   3.360473e+01 2.494535e+01 0.000000e+00
    endloop
  endfacet
  facet normal 9.637056e-01 2.669671e-01 -0.000000e+00
    outer loop
      vertex   3.360473e+01 2.494535e+01 -2.790000e+01
      vertex   3.360473e+01 2.494535e+01 0.000000e+00
      vertex   3.404834e+01 2.334397e+01 -2.790000e+01
    endloop
  endfacet
  facet normal 9.637056e-01 2.669671e-01 -0.000000e+00
    outer loop
      vertex   3.404834e+01 2.334397e+01 -2.790000e+01
      vertex   3.360473e+01 2.494535e+01 0.000000e+00
      vertex   3.404834e+01 2.334397e+01 0.000000e+00
    endloop
  endfacet
  facet normal 9.795299e-01 2.012985e-01 -0.000000e+00
    outer loop
      vertex   3.404834e+01 2.334397e+01 -2.790000e+01
      vertex   3.404834e+01 2.334397e+01 0.000000e+00
      vertex   3.438284e+01 2.171630e+01 -2.790000e+01
    endloop
  endfacet
  facet normal 9.795299e-01 2.012985e-01 -0.000000e+00
    outer loop
      vertex   3.438284e+01 2.171630e+01 -2.790000e+01
      vertex   3.404834e+01 2.334397e+01 0.000000e+00
      vertex   3.438284e+01 2.171630e+01 0.000000e+00
    endloop
  endfacet
  facet normal 9.908849e-01 1.347115e-01 -0.000000e+00
    outer loop
      vertex   3.438284e+01 2.171630e+01 -2.790000e+01
      vertex   3.438284e+01 2.171630e+01 0.000000e+00
      vertex   3.460669e+01 2.006976e+01 -2.790000e+01
    endloop
  endfacet
  facet normal 9.908849e-01 1.347115e-01 -0.000000e+00
    outer loop
      vertex   3.460669e+01 2.006976e+01 -2.790000e+01
      vertex   3.438284e+01 2.171630e+01 0.000000e+00
      vertex   3.460669e+01 2.006976e+01 0.000000e+00
    endloop
  endfacet
  facet normal 9.977186e-01 6.750975e-02 -0.000000e+00
    outer loop
      vertex   3.460669e+01 2.006976e+01 -2.790000e+01
      vertex   3.460669e+01 2.006976e+01 0.000000e+00
      vertex   3.471887e+01 1.841186e+01 -2.790000e+01
    endloop
  endfacet
  facet normal 9.977186e-01 6.750975e-02 -0.000000e+00
    outer loop
      vertex   3.471887e+01 1.841186e+01 -2.790000e+01
      vertex   3.460669e+01 2.006976e+01 0.000000e+00
      vertex   3.471887e+01 1.841186e+01 0.000000e+00
    endloop
  endfacet
  facet normal 1.000000e+00 0.000000e+00 -0.000000e+00
    outer loop
      vertex   3.471887e+01 1.841186e+01 -2.790000e+01
      vertex   3.471887e+01 1.841186e+01 0.000000e+00
      vertex   3.471887e+01 1.675018e+01 -2.790000e+01
    endloop
  endfacet
  facet normal 1.000000e+00 0.000000e+00 0.000000e+00
    outer loop
      vertex   3.471887e+01 1.675018e+01 -2.790000e+01
      vertex   3.471887e+01 1.841186e+01 0.000000e+00
      vertex   3.471887e+01 1.675018e+01 0.000000e+00
    endloop
  endfacet
  facet normal 9.977186e-01 -6.750975e-02 0.000000e+00
    outer loop
      vertex   3.471887e+01 1.675018e+01 -2.790000e+01
      vertex   3.471887e+01 1.675018e+01 0.000000e+00
      vertex   3.460669e+01 1.509228e+01 -2.790000e+01
    endloop
  endfacet
  facet normal 9.977186e-01 -6.750975e-02 0.000000e+00
    outer loop
      vertex   3.460669e+01 1.509228e+01 -2.790000e+01
      vertex   3.471887e+01 1.675018e+01 0.000000e+00
      vertex   3.460669e+01 1.509228e+01 0.000000e+00
    endloop
  endfacet
  facet normal 9.908849e-01 -1.347115e-01 0.000000e+00
    outer loop
      vertex   3.460669e+01 1.509228e+01 -2.790000e+01
      vertex   3.460669e+01 1.509228e+01 0.000000e+00
      vertex   3.438284e+01 1.344574e+01 -2.790000e+01
    endloop
  endfacet
  facet normal 9.908849e-01 -1.347115e-01 0.000000e+00
    outer loop
      vertex   3.438284e+01 1.344574e+01 -2.790000e+01
      vertex   3.460669e+01 1.509228e+01 0.000000e+00
      vertex   3.438284e+01 1.344574e+01 0.000000e+00
    endloop
  endfacet
  facet normal 9.795299e-01 -2.012985e-01 0.000000e+00
    outer loop
      vertex   3.438284e+01 1.344574e+01 -2.790000e+01
      vertex   3.438284e+01 1.344574e+01 0.000000e+00
      vertex   3.404834e+01 1.181806e+01 -2.790000e+01
    endloop
  endfacet
  facet normal 9.795299e-01 -2.012985e-01 0.000000e+00
    outer loop
      vertex   3.404834e+01 1.181806e+01 -2.790000e+01
      vertex   3.438284e+01 1.344574e+01 0.000000e+00
      vertex   3.404834e+01 1.181806e+01 0.000000e+00
    endloop
  endfacet
  facet normal 9.637056e-01 -2.669671e-01 0.000000e+00
    outer loop
      vertex   3.404834e+01 1.181806e+01 -2.790000e+01
      vertex   3.404834e+01 1.181806e+01 0.000000e+00
      vertex   3.360473e+01 1.021669e+01 -2.790000e+01
    endloop
  endfacet
  facet normal 9.637056e-01 -2.669671e-01 0.000000e+00
    outer loop
      vertex   3.360473e+01 1.021669e+01 -2.790000e+01
      vertex   3.404834e+01 1.181806e+01 0.000000e+00
      vertex   3.360473e+01 1.021669e+01 0.000000e+00
    endloop
  endfacet
  facet normal 9.434842e-01 -3.314176e-01 0.000000e+00
    outer loop
      vertex   3.360473e+01 1.021669e+01 -2.790000e+01
      vertex   3.360473e+01 1.021669e+01 0.000000e+00
      vertex   3.305402e+01 8.648910e+00 -2.790000e+01
    endloop
  endfacet
  facet normal 9.434842e-01 -3.314176e-01 0.000000e+00
    outer loop
      vertex   3.305402e+01 8.648910e+00 -2.790000e+01
      vertex   3.360473e+01 1.021669e+01 0.000000e+00
      vertex   3.305402e+01 8.648910e+00 0.000000e+00
    endloop
  endfacet
  facet normal 9.189578e-01 -3.943559e-01 0.000000e+00
    outer loop
      vertex   3.305402e+01 8.648910e+00 -2.790000e+01
      vertex   3.305402e+01 8.648910e+00 0.000000e+00
      vertex   3.239872e+01 7.121890e+00 -2.790000e+01
    endloop
  endfacet
  facet normal 9.189578e-01 -3.943559e-01 0.000000e+00
    outer loop
      vertex   3.239872e+01 7.121890e+00 -2.790000e+01
      vertex   3.305402e+01 8.648910e+00 0.000000e+00
      vertex   3.239872e+01 7.121890e+00 0.000000e+00
    endloop
  endfacet
  facet normal 8.902385e-01 -4.554948e-01 0.000000e+00
    outer loop
      vertex   3.239872e+01 7.121890e+00 -2.790000e+01
      vertex   3.239872e+01 7.121890e+00 0.000000e+00
      vertex   3.164183e+01 5.642591e+00 -2.790000e+01
    endloop
  endfacet
  facet normal 8.902385e-01 -4.554948e-01 0.000000e+00
    outer loop
      vertex   3.164183e+01 5.642591e+00 -2.790000e+01
      vertex   3.239872e+01 7.121890e+00 0.000000e+00
      vertex   3.164183e+01 5.642591e+00 0.000000e+00
    endloop
  endfacet
  facet normal 8.574571e-01 -5.145554e-01 0.000000e+00
    outer loop
      vertex   3.164183e+01 5.642591e+00 -2.790000e+01
      vertex   3.164183e+01 5.642591e+00 0.000000e+00
      vertex   3.078680e+01 4.217765e+00 -2.790000e+01
    endloop
  endfacet
  facet normal 8.574571e-01 -5.145554e-01 0.000000e+00
    outer loop
      vertex   3.078680e+01 4.217765e+00 -2.790000e+01
      vertex   3.164183e+01 5.642591e+00 0.000000e+00
      vertex   3.078680e+01 4.217765e+00 0.000000e+00
    endloop
  endfacet
  facet normal 8.207634e-01 -5.712682e-01 0.000000e+00
    outer loop
      vertex   3.078680e+01 4.217765e+00 -2.790000e+01
      vertex   3.078680e+01 4.217765e+00 0.000000e+00
      vertex   2.983753e+01 2.853913e+00 -2.790000e+01
    endloop
  endfacet
  facet normal 8.207634e-01 -5.712682e-01 5.904901e-17
    outer loop
      vertex   2.983753e+01 2.853913e+00 -2.790000e+01
      vertex   3.078680e+01 4.217765e+00 0.000000e+00
      vertex   2.983753e+01 2.853913e+00 0.000000e+00
    endloop
  endfacet
  facet normal 7.803248e-01 -6.253745e-01 4.959356e-17
    outer loop
      vertex   2.983753e+01 2.853913e+00 -2.790000e+01
      vertex   2.983753e+01 2.853913e+00 0.000000e+00
      vertex   2.879835e+01 1.557256e+00 -2.790000e+01
    endloop
  endfacet
  facet normal 7.803248e-01 -6.253745e-01 0.000000e+00
    outer loop
      vertex   2.879835e+01 1.557256e+00 -2.790000e+01
      vertex   2.983753e+01 2.853913e+00 0.000000e+00
      vertex   2.879835e+01 1.557256e+00 0.000000e+00
    endloop
  endfacet
  facet normal 7.363257e-01 -6.766273e-01 0.000000e+00
    outer loop
      vertex   2.879835e+01 1.557256e+00 -2.790000e+01
      vertex   2.879835e+01 1.557256e+00 0.000000e+00
      vertex   2.767401e+01 3.337130e-01 -2.790000e+01
    endloop
  endfacet
  facet normal 7.363257e-01 -6.766273e-01 0.000000e+00
    outer loop
      vertex   2.767401e+01 3.337130e-01 -2.790000e+01
      vertex   2.879835e+01 1.557256e+00 0.000000e+00
      vertex   2.767401e+01 3.337130e-01 0.000000e+00
    endloop
  endfacet
  facet normal 6.889669e-01 -7.247928e-01 0.000000e+00
    outer loop
      vertex   2.767401e+01 3.337130e-01 -2.790000e+01
      vertex   2.767401e+01 3.337130e-01 0.000000e+00
      vertex   2.646963e+01 -8.111349e-01 -2.790000e+01
    endloop
  endfacet
  facet normal 6.889669e-01 -7.247928e-01 0.000000e+00
    outer loop
      vertex   2.646963e+01 -8.111349e-01 -2.790000e+01
      vertex   2.767401e+01 3.337130e-01 0.000000e+00
      vertex   2.646963e+01 -8.111349e-01 0.000000e+00
    endloop
  endfacet
  facet normal 6.384645e-01 -7.696512e-01 0.000000e+00
    outer loop
      vertex   2.646963e+01 -8.111349e-01 -2.790000e+01
      vertex   2.646963e+01 -8.111349e-01 0.000000e+00
      vertex   2.519071e+01 -1.872064e+00 -2.790000e+01
    endloop
  endfacet
  facet normal 6.384645e-01 -7.696512e-01 -4.009410e-17
    outer loop
      vertex   2.519071e+01 -1.872064e+00 -2.790000e+01
      vertex   2.646963e+01 -8.111349e-01 0.000000e+00
      vertex   2.519071e+01 -1.872064e+00 0.000000e+00
    endloop
  endfacet
  facet normal 5.850490e-01 -8.109979e-01 -1.990928e-17
    outer loop
      vertex   2.519071e+01 -1.872064e+00 -2.790000e+01
      vertex   2.519071e+01 -1.872064e+00 0.000000e+00
      vertex   2.384308e+01 -2.844232e+00 -2.790000e+01
    endloop
  endfacet
  facet normal 5.850490e-01 -8.109979e-01 0.000000e+00
    outer loop
      vertex   2.384308e+01 -2.844232e+00 -2.790000e+01
      vertex   2.519071e+01 -1.872064e+00 0.000000e+00
      vertex   2.384308e+01 -2.844232e+00 0.000000e+00
    endloop
  endfacet
  facet normal 5.289640e-01 -8.486443e-01 0.000000e+00
    outer loop
      vertex   2.384308e+01 -2.844232e+00 -2.790000e+01
      vertex   2.384308e+01 -2.844232e+00 0.000000e+00
      vertex   2.243290e+01 -3.723205e+00 -2.790000e+01
    endloop
  endfacet
  facet normal 5.289640e-01 -8.486443e-01 -6.772329e-17
    outer loop
      vertex   2.243290e+01 -3.723205e+00 -2.790000e+01
      vertex   2.384308e+01 -2.844232e+00 0.000000e+00
      vertex   2.243290e+01 -3.723205e+00 0.000000e+00
    endloop
  endfacet
  facet normal 4.704655e-01 -8.824184e-01 -8.054823e-17
    outer loop
      vertex   2.243290e+01 -3.723205e+00 -2.790000e+01
      vertex   2.243290e+01 -3.723205e+00 0.000000e+00
      vertex   2.096660e+01 -4.504972e+00 -2.790000e+01
    endloop
  endfacet
  facet normal 4.704655e-01 -8.824184e-01 2.064038e-17
    outer loop
      vertex   2.096660e+01 -4.504972e+00 -2.790000e+01
      vertex   2.243290e+01 -3.723205e+00 0.000000e+00
      vertex   2.096660e+01 -4.504972e+00 0.000000e+00
    endloop
  endfacet
  facet normal 4.098203e-01 -9.121663e-01 4.082019e-17
    outer loop
      vertex   2.096660e+01 -4.504972e+00 -2.790000e+01
      vertex   2.096660e+01 -4.504972e+00 0.000000e+00
      vertex   1.945086e+01 -5.185966e+00 -2.790000e+01
    endloop
  endfacet
  facet normal 4.098203e-01 -9.121663e-01 0.000000e+00
    outer loop
      vertex   1.945086e+01 -5.185966e+00 -2.790000e+01
      vertex   2.096660e+01 -4.504972e+00 0.000000e+00
      vertex   1.945086e+01 -5.185966e+00 0.000000e+00
    endloop
  endfacet
  facet normal 3.473053e-01 -9.377521e-01 0.000000e+00
    outer loop
      vertex   1.945086e+01 -5.185966e+00 -2.790000e+01
      vertex   1.945086e+01 -5.185966e+00 0.000000e+00
      vertex   1.789261e+01 -5.763079e+00 -2.790000e+01
    endloop
  endfacet
  facet normal 3.473053e-01 -9.377521e-01 4.422495e-17
    outer loop
      vertex   1.789261e+01 -5.763079e+00 -2.790000e+01
      vertex   1.945086e+01 -5.185966e+00 0.000000e+00
      vertex   1.789261e+01 -5.763079e+00 0.000000e+00
    endloop
  endfacet
  facet normal 2.832055e-01 -9.590592e-01 3.606266e-17
    outer loop
      vertex   1.789261e+01 -5.763079e+00 -2.790000e+01
      vertex   1.789261e+01 -5.763079e+00 0.000000e+00
      vertex   1.629896e+01 -6.233678e+00 -2.790000e+01
    endloop
  endfacet
  facet normal 2.832055e-01 -9.590592e-01 0.000000e+00
    outer loop
      vertex   1.629896e+01 -6.233678e+00 -2.790000e+01
      vertex   1.789261e+01 -5.763079e+00 0.000000e+00
      vertex   1.629896e+01 -6.233678e+00 0.000000e+00
    endloop
  endfacet
  facet normal 2.178136e-01 -9.759904e-01 0.000000e+00
    outer loop
      vertex   1.629896e+01 -6.233678e+00 -2.790000e+01
      vertex   1.629896e+01 -6.233678e+00 0.000000e+00
      vertex   1.467716e+01 -6.595616e+00 -2.790000e+01
    endloop
  endfacet
  facet normal 2.178136e-01 -9.759904e-01 0.000000e+00
    outer loop
      vertex   1.467716e+01 -6.595616e+00 -2.790000e+01
      vertex   1.629896e+01 -6.233678e+00 0.000000e+00
      vertex   1.467716e+01 -6.595616e+00 0.000000e+00
    endloop
  endfacet
  facet normal 1.514278e-01 -9.884683e-01 0.000000e+00
    outer loop
      vertex   1.467716e+01 -6.595616e+00 -2.790000e+01
      vertex   1.467716e+01 -6.595616e+00 0.000000e+00
      vertex   1.303464e+01 -6.847241e+00 -2.790000e+01
    endloop
  endfacet
  facet normal 1.514278e-01 -9.884683e-01 1.928242e-17
    outer loop
      vertex   1.303464e+01 -6.847241e+00 -2.790000e+01
      vertex   1.467716e+01 -6.595616e+00 0.000000e+00
      vertex   1.303464e+01 -6.847241e+00 0.000000e+00
    endloop
  endfacet
  facet normal 8.435107e-02 -9.964361e-01 1.074105e-17
    outer loop
      vertex   1.303464e+01 -6.847241e+00 -2.790000e+01
      vertex   1.303464e+01 -6.847241e+00 0.000000e+00
      vertex   1.137887e+01 -6.987407e+00 -2.790000e+01
    endloop
  endfacet
  facet normal 8.435107e-02 -9.964361e-01 0.000000e+00
    outer loop
      vertex   1.137887e+01 -6.987407e+00 -2.790000e+01
      vertex   1.303464e+01 -6.847241e+00 0.000000e+00
      vertex   1.137887e+01 -6.987407e+00 0.000000e+00
    endloop
  endfacet
  facet normal 1.688948e-02 -9.998574e-01 0.000000e+00
    outer loop
      vertex   1.137887e+01 -6.987407e+00 -2.790000e+01
      vertex   1.137887e+01 -6.987407e+00 0.000000e+00
      vertex   9.717422e+00 -7.015472e+00 -2.790000e+01
    endloop
  endfacet
  facet normal 1.688948e-02 -9.998574e-01 0.000000e+00
    outer loop
      vertex   9.717422e+00 -7.015472e+00 -2.790000e+01
      vertex   1.137887e+01 -6.987407e+00 0.000000e+00
      vertex   9.717422e+00 -7.015472e+00 0.000000e+00
    endloop
  endfacet
  facet normal -5.064917e-02 -9.987165e-01 0.000000e+00
    outer loop
      vertex   9.717422e+00 -7.015472e+00 -2.790000e+01
      vertex   9.717422e+00 -7.015472e+00 0.000000e+00
      vertex   8.057867e+00 -6.931309e+00 -2.790000e+01
    endloop
  endfacet
  facet normal -5.064917e-02 -9.987165e-01 -9.674301e-18
    outer loop
      vertex   8.057867e+00 -6.931309e+00 -2.790000e+01
      vertex   9.717422e+00 -7.015472e+00 0.000000e+00
      vertex   8.057867e+00 -6.931309e+00 0.000000e+00
    endloop
  endfacet
  facet normal -1.179567e-01 -9.930187e-01 -2.253045e-17
    outer loop
      vertex   8.057867e+00 -6.931309e+00 -2.790000e+01
      vertex   8.057867e+00 -6.931309e+00 0.000000e+00
      vertex   6.407780e+00 -6.735301e+00 -2.790000e+01
    endloop
  endfacet
  facet normal -1.179567e-01 -9.930187e-01 0.000000e+00
    outer loop
      vertex   6.407780e+00 -6.735301e+00 -2.790000e+01
      vertex   8.057867e+00 -6.931309e+00 0.000000e+00
      vertex   6.407780e+00 -6.735301e+00 0.000000e+00
    endloop
  endfacet
  facet normal -1.847261e-01 -9.827901e-01 0.000000e+00
    outer loop
      vertex   6.407780e+00 -6.735301e+00 -2.790000e+01
      vertex   6.407780e+00 -6.735301e+00 0.000000e+00
      vertex   4.774689e+00 -6.428344e+00 -2.790000e+01
    endloop
  endfacet
  facet normal -1.847261e-01 -9.827901e-01 0.000000e+00
    outer loop
      vertex   4.774689e+00 -6.428344e+00 -2.790000e+01
      vertex   6.407780e+00 -6.735301e+00 0.000000e+00
      vertex   4.774689e+00 -6.428344e+00 0.000000e+00
    endloop
  endfacet
  facet normal -2.506525e-01 -9.680771e-01 0.000000e+00
    outer loop
      vertex   4.774689e+00 -6.428344e+00 -2.790000e+01
      vertex   4.774689e+00 -6.428344e+00 0.000000e+00
      vertex   3.166047e+00 -6.011838e+00 -2.790000e+01
    endloop
  endfacet
  facet normal -2.506525e-01 -9.680771e-01 -4.787617e-17
    outer loop
      vertex   3.166047e+00 -6.011838e+00 -2.790000e+01
      vertex   4.774689e+00 -6.428344e+00 0.000000e+00
      vertex   3.166047e+00 -6.011838e+00 0.000000e+00
    endloop
  endfacet
  facet normal -3.154353e-01 -9.489471e-01 -6.025008e-17
    outer loop
      vertex   3.166047e+00 -6.011838e+00 -2.790000e+01
      vertex   3.166047e+00 -6.011838e+00 0.000000e+00
      vertex   1.589194e+00 -5.487683e+00 -2.790000e+01
    endloop
  endfacet
  facet normal -3.154353e-01 -9.489471e-01 0.000000e+00
    outer loop
      vertex   1.589194e+00 -5.487683e+00 -2.790000e+01
      vertex   3.166047e+00 -6.011838e+00 0.000000e+00
      vertex   1.589194e+00 -5.487683e+00 0.000000e+00
    endloop
  endfacet
  facet normal -3.787789e-01 -9.254872e-01 0.000000e+00
    outer loop
      vertex   1.589194e+00 -5.487683e+00 -2.790000e+01
      vertex   1.589194e+00 -5.487683e+00 0.000000e+00
      vertex   5.132285e-02 -4.858271e+00 -2.790000e+01
    endloop
  endfacet
  facet normal -3.787789e-01 -9.254872e-01 0.000000e+00
    outer loop
      vertex   5.132285e-02 -4.858271e+00 -2.790000e+01
      vertex   1.589194e+00 -5.487683e+00 0.000000e+00
      vertex   5.132285e-02 -4.858271e+00 0.000000e+00
    endloop
  endfacet
  facet normal -4.403942e-01 -8.978045e-01 0.000000e+00
    outer loop
      vertex   5.132285e-02 -4.858271e+00 -2.790000e+01
      vertex   5.132285e-02 -4.858271e+00 0.000000e+00
      vertex   -1.440548e+00 -4.126473e+00 -2.790000e+01
    endloop
  endfacet
  facet normal -4.403942e-01 -8.978045e-01 0.000000e+00
    outer loop
      vertex   -1.440548e+00 -4.126473e+00 -2.790000e+01
      vertex   5.132285e-02 -4.858271e+00 0.000000e+00
      vertex   -1.440548e+00 -4.126473e+00 0.000000e+00
    endloop
  endfacet
  facet normal -5.000000e-01 -8.660254e-01 0.000000e+00
    outer loop
      vertex   -1.440548e+00 -4.126473e+00 -2.790000e+01
      vertex   -1.440548e+00 -4.126473e+00 0.000000e+00
      vertex   -2.879612e+00 -3.295629e+00 -2.790000e+01
    endloop
  endfacet
  facet normal -5.000000e-01 -8.660254e-01 0.000000e+00
    outer loop
      vertex   -2.879612e+00 -3.295629e+00 -2.790000e+01
      vertex   -1.440548e+00 -4.126473e+00 0.000000e+00
      vertex   -2.879612e+00 -3.295629e+00 0.000000e+00
    endloop
  endfacet
  facet normal -5.573245e-01 -8.302948e-01 0.000000e+00
    outer loop
      vertex   -2.879612e+00 -3.295629e+00 -2.790000e+01
      vertex   -2.879612e+00 -3.295629e+00 0.000000e+00
      vertex   -4.259303e+00 -2.369530e+00 -2.790000e+01
    endloop
  endfacet
  facet normal -5.573245e-01 -8.302948e-01 0.000000e+00
    outer loop
      vertex   -4.259303e+00 -2.369530e+00 -2.790000e+01
      vertex   -2.879612e+00 -3.295629e+00 0.000000e+00
      vertex   -4.259303e+00 -2.369530e+00 0.000000e+00
    endloop
  endfacet
  facet normal -6.121060e-01 -7.907757e-01 0.000000e+00
    outer loop
      vertex   -4.259303e+00 -2.369530e+00 -2.790000e+01
      vertex   -4.259303e+00 -2.369530e+00 0.000000e+00
      vertex   -5.573325e+00 -1.352401e+00 -2.790000e+01
    endloop
  endfacet
  facet normal -6.121060e-01 -7.907757e-01 0.000000e+00
    outer loop
      vertex   -5.573325e+00 -1.352401e+00 -2.790000e+01
      vertex   -4.259303e+00 -2.369530e+00 0.000000e+00
      vertex   -5.573325e+00 -1.352401e+00 0.000000e+00
    endloop
  endfacet
  facet normal -6.640946e-01 -7.476486e-01 0.000000e+00
    outer loop
      vertex   -5.573325e+00 -1.352401e+00 -2.790000e+01
      vertex   -5.573325e+00 -1.352401e+00 0.000000e+00
      vertex   -6.815683e+00 -2.488831e-01 -2.790000e+01
    endloop
  endfacet
  facet normal -6.640946e-01 -7.476486e-01 0.000000e+00
    outer loop
      vertex   -6.815683e+00 -2.488831e-01 -2.790000e+01
      vertex   -5.573325e+00 -1.352401e+00 0.000000e+00
      vertex   -6.815683e+00 -2.488831e-01 0.000000e+00
    endloop
  endfacet
  facet normal -7.130531e-01 -7.011100e-01 0.000000e+00
    outer loop
      vertex   -6.815683e+00 -2.488831e-01 -2.790000e+01
      vertex   -6.815683e+00 -2.488831e-01 0.000000e+00
      vertex   -7.980709e+00 9.359885e-01 -2.790000e+01
    endloop
  endfacet
  facet normal -7.130531e-01 -7.011100e-01 0.000000e+00
    outer loop
      vertex   -7.980709e+00 9.359885e-01 -2.790000e+01
      vertex   -6.815683e+00 -2.488831e-01 0.000000e+00
      vertex   -7.980709e+00 9.359885e-01 0.000000e+00
    endloop
  endfacet
  facet normal -7.587581e-01 -6.513725e-01 0.000000e+00
    outer loop
      vertex   -7.980709e+00 9.359885e-01 -2.790000e+01
      vertex   -7.980709e+00 9.359885e-01 0.000000e+00
      vertex   -9.063087e+00 2.196808e+00 -2.790000e+01
    endloop
  endfacet
  facet normal -7.587581e-01 -6.513725e-01 0.000000e+00
    outer loop
      vertex   -9.063087e+00 2.196808e+00 -2.790000e+01
      vertex   -7.980709e+00 9.359885e-01 0.000000e+00
      vertex   -9.063087e+00 2.196808e+00 0.000000e+00
    endloop
  endfacet
  facet normal -8.010011e-01 -5.986629e-01 0.000000e+00
    outer loop
      vertex   -9.063087e+00 2.196808e+00 -2.790000e+01
      vertex   -9.063087e+00 2.196808e+00 0.000000e+00
      vertex   -1.005788e+01 3.527821e+00 -2.790000e+01
    endloop
  endfacet
  facet normal -8.010011e-01 -5.986629e-01 0.000000e+00
    outer loop
      vertex   -1.005788e+01 3.527821e+00 -2.790000e+01
      vertex   -9.063087e+00 2.196808e+00 0.000000e+00
      vertex   -1.005788e+01 3.527821e+00 0.000000e+00
    endloop
  endfacet
  facet normal -8.395893e-01 -5.432217e-01 0.000000e+00
    outer loop
      vertex   -1.005788e+01 3.527821e+00 -2.790000e+01
      vertex   -1.005788e+01 3.527821e+00 0.000000e+00
      vertex   -1.096054e+01 4.922957e+00 -2.790000e+01
    endloop
  endfacet
  facet normal -8.395893e-01 -5.432217e-01 0.000000e+00
    outer loop
      vertex   -1.096054e+01 4.922957e+00 -2.790000e+01
      vertex   -1.005788e+01 3.527821e+00 0.000000e+00
      vertex   -1.096054e+01 4.922957e+00 0.000000e+00
    endloop
  endfacet
  facet normal -8.743466e-01 -4.853020e-01 0.000000e+00
    outer loop
      vertex   -1.096054e+01 4.922957e+00 -2.790000e+01
      vertex   -1.096054e+01 4.922957e+00 0.000000e+00
      vertex   -1.176696e+01 6.375848e+00 -2.790000e+01
    endloop
  endfacet
  facet normal -8.743466e-01 -4.853020e-01 0.000000e+00
    outer loop
      vertex   -1.176696e+01 6.375848e+00 -2.790000e+01
      vertex   -1.096054e+01 4.922957e+00 0.000000e+00
      vertex   -1.176696e+01 6.375848e+00 0.000000e+00
    endloop
  endfacet
  facet normal -9.051145e-01 -4.251679e-01 0.000000e+00
    outer loop
      vertex   -1.176696e+01 6.375848e+00 -2.790000e+01
      vertex   -1.176696e+01 6.375848e+00 0.000000e+00
      vertex   -1.247346e+01 7.879865e+00 -2.790000e+01
    endloop
  endfacet
  facet normal -9.051145e-01 -4.251679e-01 0.000000e+00
    outer loop
      vertex   -1.247346e+01 7.879865e+00 -2.790000e+01
      vertex   -1.176696e+01 6.375848e+00 0.000000e+00
      vertex   -1.247346e+01 7.879865e+00 0.000000e+00
    endloop
  endfacet
  facet normal -9.317526e-01 -3.630939e-01 0.000000e+00
    outer loop
      vertex   -1.247346e+01 7.879865e+00 -2.790000e+01
      vertex   -1.247346e+01 7.879865e+00 0.000000e+00
      vertex   -1.307681e+01 9.428147e+00 -2.790000e+01
    endloop
  endfacet
  facet normal -9.317526e-01 -3.630939e-01 0.000000e+00
    outer loop
      vertex   -1.307681e+01 9.428147e+00 -2.790000e+01
      vertex   -1.247346e+01 7.879865e+00 0.000000e+00
      vertex   -1.307681e+01 9.428147e+00 0.000000e+00
    endloop
  endfacet
  facet normal -9.541393e-01 -2.993631e-01 0.000000e+00
    outer loop
      vertex   -1.307681e+01 9.428147e+00 -2.790000e+01
      vertex   -1.307681e+01 9.428147e+00 0.000000e+00
      vertex   -1.357426e+01 1.101363e+01 -2.790000e+01
    endloop
  endfacet
  facet normal -9.541393e-01 -2.993631e-01 0.000000e+00
    outer loop
      vertex   -1.357426e+01 1.101363e+01 -2.790000e+01
      vertex   -1.307681e+01 9.428147e+00 0.000000e+00
      vertex   -1.357426e+01 1.101363e+01 0.000000e+00
    endloop
  endfacet
  facet normal -9.721724e-01 -2.342665e-01 0.000000e+00
    outer loop
      vertex   -1.357426e+01 1.101363e+01 -2.790000e+01
      vertex   -1.357426e+01 1.101363e+01 0.000000e+00
      vertex   -1.396353e+01 1.262908e+01 -2.790000e+01
    endloop
  endfacet
  facet normal -9.721724e-01 -2.342665e-01 0.000000e+00
    outer loop
      vertex   -1.396353e+01 1.262908e+01 -2.790000e+01
      vertex   -1.357426e+01 1.101363e+01 0.000000e+00
      vertex   -1.396353e+01 1.262908e+01 0.000000e+00
    endloop
  endfacet
  facet normal -9.857698e-01 -1.681009e-01 0.000000e+00
    outer loop
      vertex   -1.396353e+01 1.262908e+01 -2.790000e+01
      vertex   -1.396353e+01 1.262908e+01 0.000000e+00
      vertex   -1.424286e+01 1.426712e+01 -2.790000e+01
    endloop
  endfacet
  facet normal -9.857698e-01 -1.681009e-01 0.000000e+00
    outer loop
      vertex   -1.424286e+01 1.426712e+01 -2.790000e+01
      vertex   -1.396353e+01 1.262908e+01 0.000000e+00
      vertex   -1.424286e+01 1.426712e+01 0.000000e+00
    endloop
  endfacet
  facet normal -9.948693e-01 -1.011683e-01 0.000000e+00
    outer loop
      vertex   -1.424286e+01 1.426712e+01 -2.790000e+01
      vertex   -1.424286e+01 1.426712e+01 0.000000e+00
      vertex   -1.441098e+01 1.592028e+01 -2.790000e+01
    endloop
  endfacet
  facet normal -9.948693e-01 -1.011683e-01 0.000000e+00
    outer loop
      vertex   -1.441098e+01 1.592028e+01 -2.790000e+01
      vertex   -1.424286e+01 1.426712e+01 0.000000e+00
      vertex   -1.441098e+01 1.592028e+01 0.000000e+00
    endloop
  endfacet
  facet normal 0.000000e+00 0.000000e+00 1.000000e+00
    outer loop
      vertex   -9.960754e+00 1.908683e+01 2.500000e+00
      vertex   -1.001710e+01 1.758102e+01 2.500000e+00
      vertex   -6.617097e+00 1.758102e+01 2.500000e+00
    endloop
  endfacet
  facet normal 0.000000e+00 0.000000e+00 1.000000e+00
    outer loop
      vertex   -6.617097e+00 1.758102e+01 2.500000e+00
      vertex   -1.001710e+01 1.758102e+01 2.500000e+00
      vertex   -9.960754e+00 1.607521e+01 2.500000e+00
    endloop
  endfacet
  facet normal 0.000000e+00 0.000000e+00 1.000000e+00
    outer loop
      vertex   -6.617097e+00 1.758102e+01 2.500000e+00
      vertex   -9.960754e+00 1.607521e+01 2.500000e+00
      vertex   -6.561363e+00 1.621574e+01 2.500000e+00
    endloop
  endfacet
  facet normal 0.000000e+00 0.000000e+00 1.000000e+00
    outer loop
      vertex   -6.561363e+00 1.621574e+01 2.500000e+00
      vertex   -9.960754e+00 1.607521e+01 2.500000e+00
      vertex   -9.792038e+00 1.457782e+01 2.500000e+00
    endloop
  endfacet
  facet normal 0.000000e+00 0.000000e+00 1.000000e+00
    outer loop
      vertex   -6.561363e+00 1.621574e+01 2.500000e+00
      vertex   -9.792038e+00 1.457782e+01 2.500000e+00
      vertex   -6.394531e+00 1.485954e+01 2.500000e+00
    endloop
  endfacet
  facet normal 0.000000e+00 0.000000e+00 1.000000e+00
    outer loop
      vertex   -6.394531e+00 1.485954e+01 2.500000e+00
      vertex   -9.792038e+00 1.457782e+01 2.500000e+00
      vertex   -9.511895e+00 1.309722e+01 2.500000e+00
    endloop
  endfacet
  facet normal 0.000000e+00 0.000000e+00 1.000000e+00
    outer loop
      vertex   -6.394531e+00 1.485954e+01 2.500000e+00
      vertex   -9.511895e+00 1.309722e+01 2.500000e+00
      vertex   -6.117712e+00 1.352146e+01 2.500000e+00
    endloop
  endfacet
  facet normal 0.000000e+00 0.000000e+00 1.000000e+00
    outer loop
      vertex   -6.117712e+00 1.352146e+01 2.500000e+00
      vertex   -9.511895e+00 1.309722e+01 2.500000e+00
      vertex   -9.121889e+00 1.164170e+01 2.500000e+00
    endloop
  endfacet
  facet normal 0.000000e+00 0.000000e+00 1.000000e+00
    outer loop
      vertex   -6.117712e+00 1.352146e+01 2.500000e+00
      vertex   -9.121889e+00 1.164170e+01 2.500000e+00
      vertex   -5.732748e+00 1.221039e+01 2.500000e+00
    endloop
  endfacet
  facet normal 0.000000e+00 0.000000e+00 1.000000e+00
    outer loop
      vertex   -5.732748e+00 1.221039e+01 2.500000e+00
      vertex   -9.121889e+00 1.164170e+01 2.500000e+00
      vertex   -8.624203e+00 1.021940e+01 2.500000e+00
    endloop
  endfacet
  facet normal 0.000000e+00 0.000000e+00 1.000000e+00
    outer loop
      vertex   -5.732748e+00 1.221039e+01 2.500000e+00
      vertex   -8.624203e+00 1.021940e+01 2.500000e+00
      vertex   -5.242200e+00 1.093506e+01 2.500000e+00
    endloop
  endfacet
  facet normal 0.000000e+00 0.000000e+00 1.000000e+00
    outer loop
      vertex   -5.242200e+00 1.093506e+01 2.500000e+00
      vertex   -8.624203e+00 1.021940e+01 2.500000e+00
      vertex   -8.021620e+00 8.838262e+00 2.500000e+00
    endloop
  endfacet
  facet normal 0.000000e+00 0.000000e+00 1.000000e+00
    outer loop
      vertex   -5.242200e+00 1.093506e+01 2.500000e+00
      vertex   -8.021620e+00 8.838262e+00 2.500000e+00
      vertex   -4.649334e+00 9.703965e+00 2.500000e+00
    endloop
  endfacet
  facet normal 0.000000e+00 0.000000e+00 1.000000e+00
    outer loop
      vertex   -4.649334e+00 9.703965e+00 2.500000e+00
      vertex   -8.021620e+00 8.838262e+00 2.500000e+00
      vertex   -7.317509e+00 7.506019e+00 2.500000e+00
    endloop
  endfacet
  facet normal 0.000000e+00 0.000000e+00 1.000000e+00
    outer loop
      vertex   -4.649334e+00 9.703965e+00 2.500000e+00
      vertex   -7.317509e+00 7.506019e+00 2.500000e+00
      vertex   -3.958094e+00 8.525286e+00 2.500000e+00
    endloop
  endfacet
  facet normal 0.000000e+00 0.000000e+00 1.000000e+00
    outer loop
      vertex   -3.958094e+00 8.525286e+00 2.500000e+00
      vertex   -7.317509e+00 7.506019e+00 2.500000e+00
      vertex   -6.515808e+00 6.230120e+00 2.500000e+00
    endloop
  endfacet
  facet normal 0.000000e+00 0.000000e+00 1.000000e+00
    outer loop
      vertex   -3.958094e+00 8.525286e+00 2.500000e+00
      vertex   -6.515808e+00 6.230120e+00 2.500000e+00
      vertex   -3.173081e+00 7.406871e+00 2.500000e+00
    endloop
  endfacet
  facet normal 0.000000e+00 0.000000e+00 1.000000e+00
    outer loop
      vertex   -3.173081e+00 7.406871e+00 2.500000e+00
      vertex   -6.515808e+00 6.230120e+00 2.500000e+00
      vertex   -5.621002e+00 5.017700e+00 2.500000e+00
    endloop
  endfacet
  facet normal 0.000000e+00 0.000000e+00 1.000000e+00
    outer loop
      vertex   -3.173081e+00 7.406871e+00 2.500000e+00
      vertex   -5.621002e+00 5.017700e+00 2.500000e+00
      vertex   -2.299519e+00 6.356163e+00 2.500000e+00
    endloop
  endfacet
  facet normal 0.000000e+00 0.000000e+00 1.000000e+00
    outer loop
      vertex   -2.299519e+00 6.356163e+00 2.500000e+00
      vertex   -5.621002e+00 5.017700e+00 2.500000e+00
      vertex   -4.638092e+00 3.875539e+00 2.500000e+00
    endloop
  endfacet
  facet normal 0.000000e+00 0.000000e+00 1.000000e+00
    outer loop
      vertex   -2.299519e+00 6.356163e+00 2.500000e+00
      vertex   -4.638092e+00 3.875539e+00 2.500000e+00
      vertex   -1.343221e+00 5.380155e+00 2.500000e+00
    endloop
  endfacet
  facet normal 0.000000e+00 0.000000e+00 1.000000e+00
    outer loop
      vertex   -1.343221e+00 5.380155e+00 2.500000e+00
      vertex   -4.638092e+00 3.875539e+00 2.500000e+00
      vertex   -3.572578e+00 2.810024e+00 2.500000e+00
    endloop
  endfacet
  facet normal 0.000000e+00 0.000000e+00 1.000000e+00
    outer loop
      vertex   -1.343221e+00 5.380155e+00 2.500000e+00
      vertex   -3.572578e+00 2.810024e+00 2.500000e+00
      vertex   -3.105513e-01 4.485342e+00 2.500000e+00
    endloop
  endfacet
  facet normal 0.000000e+00 0.000000e+00 1.000000e+00
    outer loop
      vertex   -3.105513e-01 4.485342e+00 2.500000e+00
      vertex   -3.572578e+00 2.810024e+00 2.500000e+00
      vertex   -2.430417e+00 1.827115e+00 2.500000e+00
    endloop
  endfacet
  facet normal 0.000000e+00 0.000000e+00 1.000000e+00
    outer loop
      vertex   -3.105513e-01 4.485342e+00 2.500000e+00
      vertex   -2.430417e+00 1.827115e+00 2.500000e+00
      vertex   -1.217996e+00 9.323081e-01 2.500000e+00
    endloop
  endfacet
  facet normal 0.000000e+00 0.000000e+00 1.000000e+00
    outer loop
      vertex   -3.105513e-01 4.485342e+00 2.500000e+00
      vertex   -1.217996e+00 9.323081e-01 2.500000e+00
      vertex   7.916177e-01 3.677678e+00 2.500000e+00
    endloop
  endfacet
  facet normal 0.000000e+00 0.000000e+00 1.000000e+00
    outer loop
      vertex   7.916177e-01 3.677678e+00 2.500000e+00
      vertex   -1.217996e+00 9.323081e-01 2.500000e+00
      vertex   5.790284e-02 1.306076e-01 2.500000e+00
    endloop
  endfacet
  facet normal 0.000000e+00 0.000000e+00 1.000000e+00
    outer loop
      vertex   7.916177e-01 3.677678e+00 2.500000e+00
      vertex   5.790284e-02 1.306076e-01 2.500000e+00
      vertex   1.955951e+00 2.962539e+00 2.500000e+00
    endloop
  endfacet
  facet normal 0.000000e+00 0.000000e+00 1.000000e+00
    outer loop
      vertex   1.955951e+00 2.962539e+00 2.500000e+00
      vertex   5.790284e-02 1.306076e-01 2.500000e+00
      vertex   1.390145e+00 -5.735032e-01 2.500000e+00
    endloop
  endfacet
  facet normal 0.000000e+00 0.000000e+00 1.000000e+00
    outer loop
      vertex   1.955951e+00 2.962539e+00 2.500000e+00
      vertex   1.390145e+00 -5.735032e-01 2.500000e+00
      vertex   3.174701e+00 2.344684e+00 2.500000e+00
    endloop
  endfacet
  facet normal 0.000000e+00 0.000000e+00 1.000000e+00
    outer loop
      vertex   3.174701e+00 2.344684e+00 2.500000e+00
      vertex   1.390145e+00 -5.735032e-01 2.500000e+00
      vertex   2.771281e+00 -1.176087e+00 2.500000e+00
    endloop
  endfacet
  facet normal 0.000000e+00 0.000000e+00 1.000000e+00
    outer loop
      vertex   3.174701e+00 2.344684e+00 2.500000e+00
      vertex   2.771281e+00 -1.176087e+00 2.500000e+00
      vertex   4.439757e+00 1.828223e+00 2.500000e+00
    endloop
  endfacet
  facet normal 0.000000e+00 0.000000e+00 1.000000e+00
    outer loop
      vertex   4.439757e+00 1.828223e+00 2.500000e+00
      vertex   2.771281e+00 -1.176087e+00 2.500000e+00
      vertex   4.193586e+00 -1.673773e+00 2.500000e+00
    endloop
  endfacet
  facet normal 0.000000e+00 0.000000e+00 1.000000e+00
    outer loop
      vertex   4.439757e+00 1.828223e+00 2.500000e+00
      vertex   4.193586e+00 -1.673773e+00 2.500000e+00
      vertex   5.742700e+00 1.416595e+00 2.500000e+00
    endloop
  endfacet
  facet normal 0.000000e+00 0.000000e+00 1.000000e+00
    outer loop
      vertex   5.742700e+00 1.416595e+00 2.500000e+00
      vertex   4.193586e+00 -1.673773e+00 2.500000e+00
      vertex   5.649106e+00 -2.063778e+00 2.500000e+00
    endloop
  endfacet
  facet normal 0.000000e+00 0.000000e+00 1.000000e+00
    outer loop
      vertex   5.742700e+00 1.416595e+00 2.500000e+00
      vertex   5.649106e+00 -2.063778e+00 2.500000e+00
      vertex   7.074858e+00 1.112539e+00 2.500000e+00
    endloop
  endfacet
  facet normal 0.000000e+00 0.000000e+00 1.000000e+00
    outer loop
      vertex   7.074858e+00 1.112539e+00 2.500000e+00
      vertex   5.649106e+00 -2.063778e+00 2.500000e+00
      vertex   7.129701e+00 -2.343922e+00 2.500000e+00
    endloop
  endfacet
  facet normal 0.000000e+00 0.000000e+00 1.000000e+00
    outer loop
      vertex   7.074858e+00 1.112539e+00 2.500000e+00
      vertex   7.129701e+00 -2.343922e+00 2.500000e+00
      vertex   8.427368e+00 9.180770e-01 2.500000e+00
    endloop
  endfacet
  facet normal 0.000000e+00 0.000000e+00 1.000000e+00
    outer loop
      vertex   8.427368e+00 9.180770e-01 2.500000e+00
      vertex   7.129701e+00 -2.343922e+00 2.500000e+00
      vertex   8.627091e+00 -2.512637e+00 2.500000e+00
    endloop
  endfacet
  facet normal 0.000000e+00 0.000000e+00 1.000000e+00
    outer loop
      vertex   8.427368e+00 9.180770e-01 2.500000e+00
      vertex   8.627091e+00 -2.512637e+00 2.500000e+00
      vertex   9.791227e+00 8.345047e-01 2.500000e+00
    endloop
  endfacet
  facet normal 0.000000e+00 0.000000e+00 1.000000e+00
    outer loop
      vertex   9.791227e+00 8.345047e-01 2.500000e+00
      vertex   8.627091e+00 -2.512637e+00 2.500000e+00
      vertex   1.013290e+01 -2.568981e+00 2.500000e+00
    endloop
  endfacet
  facet normal -0.000000e+00 0.000000e+00 1.000000e+00
    outer loop
      vertex   9.791227e+00 8.345047e-01 2.500000e+00
      vertex   1.013290e+01 -2.568981e+00 2.500000e+00
      vertex   1.115736e+01 8.623776e-01 2.500000e+00
    endloop
  endfacet
  facet normal 0.000000e+00 0.000000e+00 1.000000e+00
    outer loop
      vertex   1.115736e+01 8.623776e-01 2.500000e+00
      vertex   1.013290e+01 -2.568981e+00 2.500000e+00
      vertex   1.163871e+01 -2.512637e+00 2.500000e+00
    endloop
  endfacet
  facet normal -0.000000e+00 0.000000e+00 1.000000e+00
    outer loop
      vertex   1.115736e+01 8.623776e-01 2.500000e+00
      vertex   1.163871e+01 -2.512637e+00 2.500000e+00
      vertex   1.251668e+01 1.001510e+00 2.500000e+00
    endloop
  endfacet
  facet normal 0.000000e+00 0.000000e+00 1.000000e+00
    outer loop
      vertex   1.251668e+01 1.001510e+00 2.500000e+00
      vertex   1.163871e+01 -2.512637e+00 2.500000e+00
      vertex   1.313610e+01 -2.343922e+00 2.500000e+00
    endloop
  endfacet
  facet normal -0.000000e+00 0.000000e+00 1.000000e+00
    outer loop
      vertex   1.251668e+01 1.001510e+00 2.500000e+00
      vertex   1.313610e+01 -2.343922e+00 2.500000e+00
      vertex   1.386013e+01 1.250977e+00 2.500000e+00
    endloop
  endfacet
  facet normal 0.000000e+00 0.000000e+00 1.000000e+00
    outer loop
      vertex   1.386013e+01 1.250977e+00 2.500000e+00
      vertex   1.313610e+01 -2.343922e+00 2.500000e+00
      vertex   1.461670e+01 -2.063778e+00 2.500000e+00
    endloop
  endfacet
  facet normal 0.000000e+00 0.000000e+00 1.000000e+00
    outer loop
      vertex   1.386013e+01 1.250977e+00 2.500000e+00
      vertex   1.461670e+01 -2.063778e+00 2.500000e+00
      vertex   1.607222e+01 -1.673773e+00 2.500000e+00
    endloop
  endfacet
  facet normal -0.000000e+00 0.000000e+00 1.000000e+00
    outer loop
      vertex   1.386013e+01 1.250977e+00 2.500000e+00
      vertex   1.607222e+01 -1.673773e+00 2.500000e+00
      vertex   1.517878e+01 1.609117e+00 2.500000e+00
    endloop
  endfacet
  facet normal 0.000000e+00 0.000000e+00 1.000000e+00
    outer loop
      vertex   1.517878e+01 1.609117e+00 2.500000e+00
      vertex   1.607222e+01 -1.673773e+00 2.500000e+00
      vertex   1.749452e+01 -1.176087e+00 2.500000e+00
    endloop
  endfacet
  facet normal -0.000000e+00 0.000000e+00 1.000000e+00
    outer loop
      vertex   1.517878e+01 1.609117e+00 2.500000e+00
      vertex   1.749452e+01 -1.176087e+00 2.500000e+00
      vertex   1.646385e+01 2.073548e+00 2.500000e+00
    endloop
  endfacet
  facet normal 0.000000e+00 0.000000e+00 1.000000e+00
    outer loop
      vertex   1.646385e+01 2.073548e+00 2.500000e+00
      vertex   1.749452e+01 -1.176087e+00 2.500000e+00
      vertex   1.887566e+01 -5.735032e-01 2.500000e+00
    endloop
  endfacet
  facet normal -0.000000e+00 0.000000e+00 1.000000e+00
    outer loop
      vertex   1.646385e+01 2.073548e+00 2.500000e+00
      vertex   1.887566e+01 -5.735032e-01 2.500000e+00
      vertex   1.770678e+01 2.641178e+00 2.500000e+00
    endloop
  endfacet
  facet normal 0.000000e+00 0.000000e+00 1.000000e+00
    outer loop
      vertex   1.770678e+01 2.641178e+00 2.500000e+00
      vertex   1.887566e+01 -5.735032e-01 2.500000e+00
      vertex   2.020790e+01 1.306076e-01 2.500000e+00
    endloop
  endfacet
  facet normal -0.000000e+00 0.000000e+00 1.000000e+00
    outer loop
      vertex   1.770678e+01 2.641178e+00 2.500000e+00
      vertex   2.020790e+01 1.306076e-01 2.500000e+00
      vertex   1.889932e+01 3.308231e+00 2.500000e+00
    endloop
  endfacet
  facet normal 0.000000e+00 0.000000e+00 1.000000e+00
    outer loop
      vertex   1.889932e+01 3.308231e+00 2.500000e+00
      vertex   2.020790e+01 1.306076e-01 2.500000e+00
      vertex   2.148380e+01 9.323081e-01 2.500000e+00
    endloop
  endfacet
  facet normal -0.000000e+00 0.000000e+00 1.000000e+00
    outer loop
      vertex   1.889932e+01 3.308231e+00 2.500000e+00
      vertex   2.148380e+01 9.323081e-01 2.500000e+00
      vertex   2.003351e+01 4.070267e+00 2.500000e+00
    endloop
  endfacet
  facet normal 0.000000e+00 0.000000e+00 1.000000e+00
    outer loop
      vertex   2.003351e+01 4.070267e+00 2.500000e+00
      vertex   2.148380e+01 9.323081e-01 2.500000e+00
      vertex   2.269622e+01 1.827115e+00 2.500000e+00
    endloop
  endfacet
  facet normal -0.000000e+00 0.000000e+00 1.000000e+00
    outer loop
      vertex   2.003351e+01 4.070267e+00 2.500000e+00
      vertex   2.269622e+01 1.827115e+00 2.500000e+00
      vertex   2.110182e+01 4.922214e+00 2.500000e+00
    endloop
  endfacet
  facet normal 0.000000e+00 0.000000e+00 1.000000e+00
    outer loop
      vertex   2.110182e+01 4.922214e+00 2.500000e+00
      vertex   2.269622e+01 1.827115e+00 2.500000e+00
      vertex   2.383838e+01 2.810024e+00 2.500000e+00
    endloop
  endfacet
  facet normal -0.000000e+00 0.000000e+00 1.000000e+00
    outer loop
      vertex   2.110182e+01 4.922214e+00 2.500000e+00
      vertex   2.383838e+01 2.810024e+00 2.500000e+00
      vertex   2.209713e+01 5.858404e+00 2.500000e+00
    endloop
  endfacet
  facet normal 0.000000e+00 0.000000e+00 1.000000e+00
    outer loop
      vertex   2.209713e+01 5.858404e+00 2.500000e+00
      vertex   2.383838e+01 2.810024e+00 2.500000e+00
      vertex   2.490390e+01 3.875539e+00 2.500000e+00
    endloop
  endfacet
  facet normal -0.000000e+00 0.000000e+00 1.000000e+00
    outer loop
      vertex   2.209713e+01 5.858404e+00 2.500000e+00
      vertex   2.490390e+01 3.875539e+00 2.500000e+00
      vertex   2.301282e+01 6.872606e+00 2.500000e+00
    endloop
  endfacet
  facet normal 0.000000e+00 0.000000e+00 1.000000e+00
    outer loop
      vertex   2.301282e+01 6.872606e+00 2.500000e+00
      vertex   2.490390e+01 3.875539e+00 2.500000e+00
      vertex   2.588681e+01 5.017700e+00 2.500000e+00
    endloop
  endfacet
  facet normal -0.000000e+00 0.000000e+00 1.000000e+00
    outer loop
      vertex   2.301282e+01 6.872606e+00 2.500000e+00
      vertex   2.588681e+01 5.017700e+00 2.500000e+00
      vertex   2.384280e+01 7.958070e+00 2.500000e+00
    endloop
  endfacet
  facet normal 0.000000e+00 0.000000e+00 1.000000e+00
    outer loop
      vertex   2.384280e+01 7.958070e+00 2.500000e+00
      vertex   2.588681e+01 5.017700e+00 2.500000e+00
      vertex   2.678161e+01 6.230120e+00 2.500000e+00
    endloop
  endfacet
  facet normal -0.000000e+00 0.000000e+00 1.000000e+00
    outer loop
      vertex   2.384280e+01 7.958070e+00 2.500000e+00
      vertex   2.678161e+01 6.230120e+00 2.500000e+00
      vertex   2.458154e+01 9.107574e+00 2.500000e+00
    endloop
  endfacet
  facet normal 0.000000e+00 0.000000e+00 1.000000e+00
    outer loop
      vertex   2.458154e+01 9.107574e+00 2.500000e+00
      vertex   2.678161e+01 6.230120e+00 2.500000e+00
      vertex   2.758331e+01 7.506019e+00 2.500000e+00
    endloop
  endfacet
  facet normal -0.000000e+00 0.000000e+00 1.000000e+00
    outer loop
      vertex   2.458154e+01 9.107574e+00 2.500000e+00
      vertex   2.758331e+01 7.506019e+00 2.500000e+00
      vertex   2.522413e+01 1.031347e+01 2.500000e+00
    endloop
  endfacet
  facet normal 0.000000e+00 0.000000e+00 1.000000e+00
    outer loop
      vertex   2.522413e+01 1.031347e+01 2.500000e+00
      vertex   2.758331e+01 7.506019e+00 2.500000e+00
      vertex   2.828743e+01 8.838262e+00 2.500000e+00
    endloop
  endfacet
  facet normal 0.000000e+00 0.000000e+00 1.000000e+00
    outer loop
      vertex   2.522413e+01 1.031347e+01 2.500000e+00
      vertex   2.828743e+01 8.838262e+00 2.500000e+00
      vertex   2.889001e+01 1.021940e+01 2.500000e+00
    endloop
  endfacet
  facet normal -0.000000e+00 0.000000e+00 1.000000e+00
    outer loop
      vertex   2.522413e+01 1.031347e+01 2.500000e+00
      vertex   2.889001e+01 1.021940e+01 2.500000e+00
      vertex   2.576629e+01 1.156772e+01 2.500000e+00
    endloop
  endfacet
  facet normal -0.000000e+00 0.000000e+00 1.000000e+00
    outer loop
      vertex   2.576629e+01 1.156772e+01 2.500000e+00
      vertex   2.889001e+01 1.021940e+01 2.500000e+00
      vertex   2.938769e+01 1.164170e+01 2.500000e+00
    endloop
  endfacet
  facet normal 0.000000e+00 0.000000e+00 1.000000e+00
    outer loop
      vertex   2.576629e+01 1.156772e+01 2.500000e+00
      vertex   2.938769e+01 1.164170e+01 2.500000e+00
      vertex   2.620441e+01 1.286200e+01 2.500000e+00
    endloop
  endfacet
  facet normal -0.000000e+00 0.000000e+00 1.000000e+00
    outer loop
      vertex   2.620441e+01 1.286200e+01 2.500000e+00
      vertex   2.938769e+01 1.164170e+01 2.500000e+00
      vertex   2.977770e+01 1.309722e+01 2.500000e+00
    endloop
  endfacet
  facet normal 0.000000e+00 0.000000e+00 1.000000e+00
    outer loop
      vertex   2.620441e+01 1.286200e+01 2.500000e+00
      vertex   2.977770e+01 1.309722e+01 2.500000e+00
      vertex   2.653558e+01 1.418768e+01 2.500000e+00
    endloop
  endfacet
  facet normal -0.000000e+00 0.000000e+00 1.000000e+00
    outer loop
      vertex   2.653558e+01 1.418768e+01 2.500000e+00
      vertex   2.977770e+01 1.309722e+01 2.500000e+00
      vertex   3.005784e+01 1.457782e+01 2.500000e+00
    endloop
  endfacet
  facet normal 0.000000e+00 0.000000e+00 1.000000e+00
    outer loop
      vertex   2.653558e+01 1.418768e+01 2.500000e+00
      vertex   3.005784e+01 1.457782e+01 2.500000e+00
      vertex   2.675759e+01 1.553594e+01 2.500000e+00
    endloop
  endfacet
  facet normal -0.000000e+00 0.000000e+00 1.000000e+00
    outer loop
      vertex   2.675759e+01 1.553594e+01 2.500000e+00
      vertex   3.005784e+01 1.457782e+01 2.500000e+00
      vertex   3.022656e+01 1.607521e+01 2.500000e+00
    endloop
  endfacet
  facet normal 0.000000e+00 0.000000e+00 1.000000e+00
    outer loop
      vertex   2.675759e+01 1.553594e+01 2.500000e+00
      vertex   3.022656e+01 1.607521e+01 2.500000e+00
      vertex   2.686896e+01 1.689781e+01 2.500000e+00
    endloop
  endfacet
  facet normal -0.000000e+00 0.000000e+00 1.000000e+00
    outer loop
      vertex   2.686896e+01 1.689781e+01 2.500000e+00
      vertex   3.022656e+01 1.607521e+01 2.500000e+00
      vertex   3.028290e+01 1.758102e+01 2.500000e+00
    endloop
  endfacet
  facet normal 0.000000e+00 0.000000e+00 1.000000e+00
    outer loop
      vertex   2.686896e+01 1.689781e+01 2.500000e+00
      vertex   3.028290e+01 1.758102e+01 2.500000e+00
      vertex   2.686896e+01 1.826423e+01 2.500000e+00
    endloop
  endfacet
  facet normal -0.000000e+00 0.000000e+00 1.000000e+00
    outer loop
      vertex   2.686896e+01 1.826423e+01 2.500000e+00
      vertex   3.028290e+01 1.758102e+01 2.500000e+00
      vertex   3.022656e+01 1.908683e+01 2.500000e+00
    endloop
  endfacet
  facet normal 0.000000e+00 -0.000000e+00 1.000000e+00
    outer loop
      vertex   2.686896e+01 1.826423e+01 2.500000e+00
      vertex   3.022656e+01 1.908683e+01 2.500000e+00
      vertex   2.675759e+01 1.962610e+01 2.500000e+00
    endloop
  endfacet
  facet normal -0.000000e+00 0.000000e+00 1.000000e+00
    outer loop
      vertex   2.675759e+01 1.962610e+01 2.500000e+00
      vertex   3.022656e+01 1.908683e+01 2.500000e+00
      vertex   3.005784e+01 2.058422e+01 2.500000e+00
    endloop
  endfacet
  facet normal 0.000000e+00 -0.000000e+00 1.000000e+00
    outer loop
      vertex   2.675759e+01 1.962610e+01 2.500000e+00
      vertex   3.005784e+01 2.058422e+01 2.500000e+00
      vertex   2.653558e+01 2.097436e+01 2.500000e+00
    endloop
  endfacet
  facet normal -0.000000e+00 0.000000e+00 1.000000e+00
    outer loop
      vertex   2.653558e+01 2.097436e+01 2.500000e+00
      vertex   3.005784e+01 2.058422e+01 2.500000e+00
      vertex   2.977770e+01 2.206482e+01 2.500000e+00
    endloop
  endfacet
  facet normal 0.000000e+00 -0.000000e+00 1.000000e+00
    outer loop
      vertex   2.653558e+01 2.097436e+01 2.500000e+00
      vertex   2.977770e+01 2.206482e+01 2.500000e+00
      vertex   2.620441e+01 2.230004e+01 2.500000e+00
    endloop
  endfacet
  facet normal -0.000000e+00 0.000000e+00 1.000000e+00
    outer loop
      vertex   2.620441e+01 2.230004e+01 2.500000e+00
      vertex   2.977770e+01 2.206482e+01 2.500000e+00
      vertex   2.938769e+01 2.352034e+01 2.500000e+00
    endloop
  endfacet
  facet normal 0.000000e+00 -0.000000e+00 1.000000e+00
    outer loop
      vertex   2.620441e+01 2.230004e+01 2.500000e+00
      vertex   2.938769e+01 2.352034e+01 2.500000e+00
      vertex   2.576629e+01 2.359431e+01 2.500000e+00
    endloop
  endfacet
  facet normal -0.000000e+00 0.000000e+00 1.000000e+00
    outer loop
      vertex   2.576629e+01 2.359431e+01 2.500000e+00
      vertex   2.938769e+01 2.352034e+01 2.500000e+00
      vertex   2.889001e+01 2.494264e+01 2.500000e+00
    endloop
  endfacet
  facet normal 0.000000e+00 -0.000000e+00 1.000000e+00
    outer loop
      vertex   2.576629e+01 2.359431e+01 2.500000e+00
      vertex   2.889001e+01 2.494264e+01 2.500000e+00
      vertex   2.522413e+01 2.484857e+01 2.500000e+00
    endloop
  endfacet
  facet normal 0.000000e+00 0.000000e+00 1.000000e+00
    outer loop
      vertex   2.522413e+01 2.484857e+01 2.500000e+00
      vertex   2.889001e+01 2.494264e+01 2.500000e+00
      vertex   2.828743e+01 2.632378e+01 2.500000e+00
    endloop
  endfacet
  facet normal 0.000000e+00 0.000000e+00 1.000000e+00
    outer loop
      vertex   2.522413e+01 2.484857e+01 2.500000e+00
      vertex   2.828743e+01 2.632378e+01 2.500000e+00
      vertex   2.758331e+01 2.765602e+01 2.500000e+00
    endloop
  endfacet
  facet normal 0.000000e+00 -0.000000e+00 1.000000e+00
    outer loop
      vertex   2.522413e+01 2.484857e+01 2.500000e+00
      vertex   2.758331e+01 2.765602e+01 2.500000e+00
      vertex   2.458154e+01 2.605447e+01 2.500000e+00
    endloop
  endfacet
  facet normal 0.000000e+00 0.000000e+00 1.000000e+00
    outer loop
      vertex   2.458154e+01 2.605447e+01 2.500000e+00
      vertex   2.758331e+01 2.765602e+01 2.500000e+00
      vertex   2.678161e+01 2.893192e+01 2.500000e+00
    endloop
  endfacet
  facet normal 0.000000e+00 -0.000000e+00 1.000000e+00
    outer loop
      vertex   2.458154e+01 2.605447e+01 2.500000e+00
      vertex   2.678161e+01 2.893192e+01 2.500000e+00
      vertex   2.384280e+01 2.720397e+01 2.500000e+00
    endloop
  endfacet
  facet normal 0.000000e+00 0.000000e+00 1.000000e+00
    outer loop
      vertex   2.384280e+01 2.720397e+01 2.500000e+00
      vertex   2.678161e+01 2.893192e+01 2.500000e+00
      vertex   2.588681e+01 3.014434e+01 2.500000e+00
    endloop
  endfacet
  facet normal 0.000000e+00 -0.000000e+00 1.000000e+00
    outer loop
      vertex   2.384280e+01 2.720397e+01 2.500000e+00
      vertex   2.588681e+01 3.014434e+01 2.500000e+00
      vertex   2.301282e+01 2.828943e+01 2.500000e+00
    endloop
  endfacet
  facet normal 0.000000e+00 0.000000e+00 1.000000e+00
    outer loop
      vertex   2.301282e+01 2.828943e+01 2.500000e+00
      vertex   2.588681e+01 3.014434e+01 2.500000e+00
      vertex   2.490390e+01 3.128650e+01 2.500000e+00
    endloop
  endfacet
  facet normal 0.000000e+00 -0.000000e+00 1.000000e+00
    outer loop
      vertex   2.301282e+01 2.828943e+01 2.500000e+00
      vertex   2.490390e+01 3.128650e+01 2.500000e+00
      vertex   2.209713e+01 2.930364e+01 2.500000e+00
    endloop
  endfacet
  facet normal 0.000000e+00 0.000000e+00 1.000000e+00
    outer loop
      vertex   2.209713e+01 2.930364e+01 2.500000e+00
      vertex   2.490390e+01 3.128650e+01 2.500000e+00
      vertex   2.383838e+01 3.235201e+01 2.500000e+00
    endloop
  endfacet
  facet normal 0.000000e+00 -0.000000e+00 1.000000e+00
    outer loop
      vertex   2.209713e+01 2.930364e+01 2.500000e+00
      vertex   2.383838e+01 3.235201e+01 2.500000e+00
      vertex   2.110182e+01 3.023982e+01 2.500000e+00
    endloop
  endfacet
  facet normal 0.000000e+00 0.000000e+00 1.000000e+00
    outer loop
      vertex   2.110182e+01 3.023982e+01 2.500000e+00
      vertex   2.383838e+01 3.235201e+01 2.500000e+00
      vertex   2.269622e+01 3.333492e+01 2.500000e+00
    endloop
  endfacet
  facet normal 0.000000e+00 -0.000000e+00 1.000000e+00
    outer loop
      vertex   2.110182e+01 3.023982e+01 2.500000e+00
      vertex   2.269622e+01 3.333492e+01 2.500000e+00
      vertex   2.003351e+01 3.109177e+01 2.500000e+00
    endloop
  endfacet
  facet normal 0.000000e+00 0.000000e+00 1.000000e+00
    outer loop
      vertex   2.003351e+01 3.109177e+01 2.500000e+00
      vertex   2.269622e+01 3.333492e+01 2.500000e+00
      vertex   2.148380e+01 3.422973e+01 2.500000e+00
    endloop
  endfacet
  facet normal 0.000000e+00 -0.000000e+00 1.000000e+00
    outer loop
      vertex   2.003351e+01 3.109177e+01 2.500000e+00
      vertex   2.148380e+01 3.422973e+01 2.500000e+00
      vertex   1.889932e+01 3.185381e+01 2.500000e+00
    endloop
  endfacet
  facet normal 0.000000e+00 0.000000e+00 1.000000e+00
    outer loop
      vertex   1.889932e+01 3.185381e+01 2.500000e+00
      vertex   2.148380e+01 3.422973e+01 2.500000e+00
      vertex   2.020790e+01 3.503143e+01 2.500000e+00
    endloop
  endfacet
  facet normal 0.000000e+00 -0.000000e+00 1.000000e+00
    outer loop
      vertex   1.889932e+01 3.185381e+01 2.500000e+00
      vertex   2.020790e+01 3.503143e+01 2.500000e+00
      vertex   1.770678e+01 3.252086e+01 2.500000e+00
    endloop
  endfacet
  facet normal 0.000000e+00 0.000000e+00 1.000000e+00
    outer loop
      vertex   1.770678e+01 3.252086e+01 2.500000e+00
      vertex   2.020790e+01 3.503143e+01 2.500000e+00
      vertex   1.887566e+01 3.573554e+01 2.500000e+00
    endloop
  endfacet
  facet normal 0.000000e+00 -0.000000e+00 1.000000e+00
    outer loop
      vertex   1.770678e+01 3.252086e+01 2.500000e+00
      vertex   1.887566e+01 3.573554e+01 2.500000e+00
      vertex   1.646385e+01 3.308849e+01 2.500000e+00
    endloop
  endfacet
  facet normal 0.000000e+00 0.000000e+00 1.000000e+00
    outer loop
      vertex   1.646385e+01 3.308849e+01 2.500000e+00
      vertex   1.887566e+01 3.573554e+01 2.500000e+00
      vertex   1.749452e+01 3.633813e+01 2.500000e+00
    endloop
  endfacet
  facet normal 0.000000e+00 -0.000000e+00 1.000000e+00
    outer loop
      vertex   1.646385e+01 3.308849e+01 2.500000e+00
      vertex   1.749452e+01 3.633813e+01 2.500000e+00
      vertex   1.517878e+01 3.355292e+01 2.500000e+00
    endloop
  endfacet
  facet normal 0.000000e+00 0.000000e+00 1.000000e+00
    outer loop
      vertex   1.517878e+01 3.355292e+01 2.500000e+00
      vertex   1.749452e+01 3.633813e+01 2.500000e+00
      vertex   1.607222e+01 3.683581e+01 2.500000e+00
    endloop
  endfacet
  facet normal 0.000000e+00 -0.000000e+00 1.000000e+00
    outer loop
      vertex   1.517878e+01 3.355292e+01 2.500000e+00
      vertex   1.607222e+01 3.683581e+01 2.500000e+00
      vertex   1.386013e+01 3.391106e+01 2.500000e+00
    endloop
  endfacet
  facet normal 0.000000e+00 0.000000e+00 1.000000e+00
    outer loop
      vertex   1.386013e+01 3.391106e+01 2.500000e+00
      vertex   1.607222e+01 3.683581e+01 2.500000e+00
      vertex   1.461670e+01 3.722582e+01 2.500000e+00
    endloop
  endfacet
  facet normal 0.000000e+00 -0.000000e+00 1.000000e+00
    outer loop
      vertex   1.386013e+01 3.391106e+01 2.500000e+00
      vertex   1.461670e+01 3.722582e+01 2.500000e+00
      vertex   1.313610e+01 3.750596e+01 2.500000e+00
    endloop
  endfacet
  facet normal 0.000000e+00 0.000000e+00 1.000000e+00
    outer loop
      vertex   1.386013e+01 3.391106e+01 2.500000e+00
      vertex   1.313610e+01 3.750596e+01 2.500000e+00
      vertex   1.251668e+01 3.416053e+01 2.500000e+00
    endloop
  endfacet
  facet normal 0.000000e+00 -0.000000e+00 1.000000e+00
    outer loop
      vertex   1.251668e+01 3.416053e+01 2.500000e+00
      vertex   1.313610e+01 3.750596e+01 2.500000e+00
      vertex   1.163871e+01 3.767468e+01 2.500000e+00
    endloop
  endfacet
  facet normal 0.000000e+00 0.000000e+00 1.000000e+00
    outer loop
      vertex   1.251668e+01 3.416053e+01 2.500000e+00
      vertex   1.163871e+01 3.767468e+01 2.500000e+00
      vertex   1.115736e+01 3.429966e+01 2.500000e+00
    endloop
  endfacet
  facet normal 0.000000e+00 -0.000000e+00 1.000000e+00
    outer loop
      vertex   1.115736e+01 3.429966e+01 2.500000e+00
      vertex   1.163871e+01 3.767468e+01 2.500000e+00
      vertex   1.013290e+01 3.773102e+01 2.500000e+00
    endloop
  endfacet
  facet normal 0.000000e+00 0.000000e+00 1.000000e+00
    outer loop
      vertex   1.115736e+01 3.429966e+01 2.500000e+00
      vertex   1.013290e+01 3.773102e+01 2.500000e+00
      vertex   9.791227e+00 3.432753e+01 2.500000e+00
    endloop
  endfacet
  facet normal 0.000000e+00 -0.000000e+00 1.000000e+00
    outer loop
      vertex   9.791227e+00 3.432753e+01 2.500000e+00
      vertex   1.013290e+01 3.773102e+01 2.500000e+00
      vertex   8.627091e+00 3.767468e+01 2.500000e+00
    endloop
  endfacet
  facet normal 0.000000e+00 0.000000e+00 1.000000e+00
    outer loop
      vertex   9.791227e+00 3.432753e+01 2.500000e+00
      vertex   8.627091e+00 3.767468e+01 2.500000e+00
      vertex   8.427368e+00 3.424396e+01 2.500000e+00
    endloop
  endfacet
  facet normal 0.000000e+00 -0.000000e+00 1.000000e+00
    outer loop
      vertex   8.427368e+00 3.424396e+01 2.500000e+00
      vertex   8.627091e+00 3.767468e+01 2.500000e+00
      vertex   7.129701e+00 3.750596e+01 2.500000e+00
    endloop
  endfacet
  facet normal 0.000000e+00 0.000000e+00 1.000000e+00
    outer loop
      vertex   8.427368e+00 3.424396e+01 2.500000e+00
      vertex   7.129701e+00 3.750596e+01 2.500000e+00
      vertex   7.074858e+00 3.404950e+01 2.500000e+00
    endloop
  endfacet
  facet normal 0.000000e+00 -0.000000e+00 1.000000e+00
    outer loop
      vertex   7.074858e+00 3.404950e+01 2.500000e+00
      vertex   7.129701e+00 3.750596e+01 2.500000e+00
      vertex   5.649106e+00 3.722582e+01 2.500000e+00
    endloop
  endfacet
  facet normal 0.000000e+00 0.000000e+00 1.000000e+00
    outer loop
      vertex   7.074858e+00 3.404950e+01 2.500000e+00
      vertex   5.649106e+00 3.722582e+01 2.500000e+00
      vertex   5.742700e+00 3.374544e+01 2.500000e+00
    endloop
  endfacet
  facet normal 0.000000e+00 0.000000e+00 1.000000e+00
    outer loop
      vertex   5.742700e+00 3.374544e+01 2.500000e+00
      vertex   5.649106e+00 3.722582e+01 2.500000e+00
      vertex   4.193586e+00 3.683581e+01 2.500000e+00
    endloop
  endfacet
  facet normal 0.000000e+00 0.000000e+00 1.000000e+00
    outer loop
      vertex   5.742700e+00 3.374544e+01 2.500000e+00
      vertex   4.193586e+00 3.683581e+01 2.500000e+00
      vertex   4.439757e+00 3.333382e+01 2.500000e+00
    endloop
  endfacet
  facet normal 0.000000e+00 0.000000e+00 1.000000e+00
    outer loop
      vertex   4.439757e+00 3.333382e+01 2.500000e+00
      vertex   4.193586e+00 3.683581e+01 2.500000e+00
      vertex   2.771281e+00 3.633813e+01 2.500000e+00
    endloop
  endfacet
  facet normal 0.000000e+00 0.000000e+00 1.000000e+00
    outer loop
      vertex   4.439757e+00 3.333382e+01 2.500000e+00
      vertex   2.771281e+00 3.633813e+01 2.500000e+00
      vertex   3.174701e+00 3.281736e+01 2.500000e+00
    endloop
  endfacet
  facet normal 0.000000e+00 0.000000e+00 1.000000e+00
    outer loop
      vertex   3.174701e+00 3.281736e+01 2.500000e+00
      vertex   2.771281e+00 3.633813e+01 2.500000e+00
      vertex   1.390145e+00 3.573554e+01 2.500000e+00
    endloop
  endfacet
  facet normal 0.000000e+00 0.000000e+00 1.000000e+00
    outer loop
      vertex   3.174701e+00 3.281736e+01 2.500000e+00
      vertex   1.390145e+00 3.573554e+01 2.500000e+00
      vertex   1.955951e+00 3.219950e+01 2.500000e+00
    endloop
  endfacet
  facet normal 0.000000e+00 0.000000e+00 1.000000e+00
    outer loop
      vertex   1.955951e+00 3.219950e+01 2.500000e+00
      vertex   1.390145e+00 3.573554e+01 2.500000e+00
      vertex   5.790284e-02 3.503143e+01 2.500000e+00
    endloop
  endfacet
  facet normal 0.000000e+00 0.000000e+00 1.000000e+00
    outer loop
      vertex   1.955951e+00 3.219950e+01 2.500000e+00
      vertex   5.790284e-02 3.503143e+01 2.500000e+00
      vertex   7.916177e-01 3.148436e+01 2.500000e+00
    endloop
  endfacet
  facet normal 0.000000e+00 0.000000e+00 1.000000e+00
    outer loop
      vertex   7.916177e-01 3.148436e+01 2.500000e+00
      vertex   5.790284e-02 3.503143e+01 2.500000e+00
      vertex   -1.217996e+00 3.422973e+01 2.500000e+00
    endloop
  endfacet
  facet normal 0.000000e+00 0.000000e+00 1.000000e+00
    outer loop
      vertex   7.916177e-01 3.148436e+01 2.500000e+00
      vertex   -1.217996e+00 3.422973e+01 2.500000e+00
      vertex   -3.105513e-01 3.067670e+01 2.500000e+00
    endloop
  endfacet
  facet normal 0.000000e+00 0.000000e+00 1.000000e+00
    outer loop
      vertex   -3.105513e-01 3.067670e+01 2.500000e+00
      vertex   -1.217996e+00 3.422973e+01 2.500000e+00
      vertex   -2.430417e+00 3.333492e+01 2.500000e+00
    endloop
  endfacet
  facet normal 0.000000e+00 0.000000e+00 1.000000e+00
    outer loop
      vertex   -3.105513e-01 3.067670e+01 2.500000e+00
      vertex   -2.430417e+00 3.333492e+01 2.500000e+00
      vertex   -3.572578e+00 3.235201e+01 2.500000e+00
    endloop
  endfacet
  facet normal 0.000000e+00 0.000000e+00 1.000000e+00
    outer loop
      vertex   -3.105513e-01 3.067670e+01 2.500000e+00
      vertex   -3.572578e+00 3.235201e+01 2.500000e+00
      vertex   -1.343221e+00 2.978188e+01 2.500000e+00
    endloop
  endfacet
  facet normal 0.000000e+00 0.000000e+00 1.000000e+00
    outer loop
      vertex   -1.343221e+00 2.978188e+01 2.500000e+00
      vertex   -3.572578e+00 3.235201e+01 2.500000e+00
      vertex   -4.638092e+00 3.128650e+01 2.500000e+00
    endloop
  endfacet
  facet normal 0.000000e+00 0.000000e+00 1.000000e+00
    outer loop
      vertex   -1.343221e+00 2.978188e+01 2.500000e+00
      vertex   -4.638092e+00 3.128650e+01 2.500000e+00
      vertex   -2.299519e+00 2.880588e+01 2.500000e+00
    endloop
  endfacet
  facet normal 0.000000e+00 0.000000e+00 1.000000e+00
    outer loop
      vertex   -2.299519e+00 2.880588e+01 2.500000e+00
      vertex   -4.638092e+00 3.128650e+01 2.500000e+00
      vertex   -5.621002e+00 3.014434e+01 2.500000e+00
    endloop
  endfacet
  facet normal 0.000000e+00 0.000000e+00 1.000000e+00
    outer loop
      vertex   -2.299519e+00 2.880588e+01 2.500000e+00
      vertex   -5.621002e+00 3.014434e+01 2.500000e+00
      vertex   -3.173081e+00 2.775517e+01 2.500000e+00
    endloop
  endfacet
  facet normal 0.000000e+00 0.000000e+00 1.000000e+00
    outer loop
      vertex   -3.173081e+00 2.775517e+01 2.500000e+00
      vertex   -5.621002e+00 3.014434e+01 2.500000e+00
      vertex   -6.515808e+00 2.893192e+01 2.500000e+00
    endloop
  endfacet
  facet normal 0.000000e+00 0.000000e+00 1.000000e+00
    outer loop
      vertex   -3.173081e+00 2.775517e+01 2.500000e+00
      vertex   -6.515808e+00 2.893192e+01 2.500000e+00
      vertex   -3.958094e+00 2.663675e+01 2.500000e+00
    endloop
  endfacet
  facet normal 0.000000e+00 0.000000e+00 1.000000e+00
    outer loop
      vertex   -3.958094e+00 2.663675e+01 2.500000e+00
      vertex   -6.515808e+00 2.893192e+01 2.500000e+00
      vertex   -7.317509e+00 2.765602e+01 2.500000e+00
    endloop
  endfacet
  facet normal 0.000000e+00 0.000000e+00 1.000000e+00
    outer loop
      vertex   -3.958094e+00 2.663675e+01 2.500000e+00
      vertex   -7.317509e+00 2.765602e+01 2.500000e+00
      vertex   -4.649334e+00 2.545807e+01 2.500000e+00
    endloop
  endfacet
  facet normal 0.000000e+00 0.000000e+00 1.000000e+00
    outer loop
      vertex   -4.649334e+00 2.545807e+01 2.500000e+00
      vertex   -7.317509e+00 2.765602e+01 2.500000e+00
      vertex   -8.021620e+00 2.632378e+01 2.500000e+00
    endloop
  endfacet
  facet normal 0.000000e+00 0.000000e+00 1.000000e+00
    outer loop
      vertex   -4.649334e+00 2.545807e+01 2.500000e+00
      vertex   -8.021620e+00 2.632378e+01 2.500000e+00
      vertex   -5.242200e+00 2.422697e+01 2.500000e+00
    endloop
  endfacet
  facet normal 0.000000e+00 0.000000e+00 1.000000e+00
    outer loop
      vertex   -5.242200e+00 2.422697e+01 2.500000e+00
      vertex   -8.021620e+00 2.632378e+01 2.500000e+00
      vertex   -8.624203e+00 2.494264e+01 2.500000e+00
    endloop
  endfacet
  facet normal 0.000000e+00 0.000000e+00 1.000000e+00
    outer loop
      vertex   -5.242200e+00 2.422697e+01 2.500000e+00
      vertex   -8.624203e+00 2.494264e+01 2.500000e+00
      vertex   -5.732748e+00 2.295165e+01 2.500000e+00
    endloop
  endfacet
  facet normal 0.000000e+00 0.000000e+00 1.000000e+00
    outer loop
      vertex   -5.732748e+00 2.295165e+01 2.500000e+00
      vertex   -8.624203e+00 2.494264e+01 2.500000e+00
      vertex   -9.121889e+00 2.352034e+01 2.500000e+00
    endloop
  endfacet
  facet normal 0.000000e+00 0.000000e+00 1.000000e+00
    outer loop
      vertex   -5.732748e+00 2.295165e+01 2.500000e+00
      vertex   -9.121889e+00 2.352034e+01 2.500000e+00
      vertex   -6.117712e+00 2.164058e+01 2.500000e+00
    endloop
  endfacet
  facet normal 0.000000e+00 0.000000e+00 1.000000e+00
    outer loop
      vertex   -6.117712e+00 2.164058e+01 2.500000e+00
      vertex   -9.121889e+00 2.352034e+01 2.500000e+00
      vertex   -9.511895e+00 2.206482e+01 2.500000e+00
    endloop
  endfacet
  facet normal 0.000000e+00 0.000000e+00 1.000000e+00
    outer loop
      vertex   -6.117712e+00 2.164058e+01 2.500000e+00
      vertex   -9.511895e+00 2.206482e+01 2.500000e+00
      vertex   -6.394531e+00 2.030249e+01 2.500000e+00
    endloop
  endfacet
  facet normal 0.000000e+00 0.000000e+00 1.000000e+00
    outer loop
      vertex   -6.394531e+00 2.030249e+01 2.500000e+00
      vertex   -9.511895e+00 2.206482e+01 2.500000e+00
      vertex   -9.792038e+00 2.058422e+01 2.500000e+00
    endloop
  endfacet
  facet normal 0.000000e+00 0.000000e+00 1.000000e+00
    outer loop
      vertex   -6.394531e+00 2.030249e+01 2.500000e+00
      vertex   -9.792038e+00 2.058422e+01 2.500000e+00
      vertex   -6.561363e+00 1.894630e+01 2.500000e+00
    endloop
  endfacet
  facet normal 0.000000e+00 0.000000e+00 1.000000e+00
    outer loop
      vertex   -6.561363e+00 1.894630e+01 2.500000e+00
      vertex   -9.792038e+00 2.058422e+01 2.500000e+00
      vertex   -9.960754e+00 1.908683e+01 2.500000e+00
    endloop
  endfacet
  facet normal 0.000000e+00 0.000000e+00 1.000000e+00
    outer loop
      vertex   -6.561363e+00 1.894630e+01 2.500000e+00
      vertex   -9.960754e+00 1.908683e+01 2.500000e+00
      vertex   -6.617097e+00 1.758102e+01 2.500000e+00
    endloop
  endfacet
endsolid
