solid ASCII
  facet normal -1.401454e-15 0.000000e+00 1.000000e+00
    outer loop
      vertex   1.126751e+01 3.430598e+01 4.999998e+00
      vertex   1.000000e+01 3.817801e+01 4.999998e+00
      vertex   1.000000e+01 3.432732e+01 4.999998e+00
    endloop
  endfacet
  facet normal 1.264520e-15 -0.000000e+00 1.000000e+00
    outer loop
      vertex   1.000000e+01 3.432732e+01 4.999998e+00
      vertex   1.000000e+01 3.817801e+01 4.999998e+00
      vertex   8.595232e+00 3.810598e+01 4.999998e+00
    endloop
  endfacet
  facet normal 1.400703e-15 5.062805e-17 1.000000e+00
    outer loop
      vertex   1.000000e+01 3.432732e+01 4.999998e+00
      vertex   8.595232e+00 3.810598e+01 4.999998e+00
      vertex   8.734506e+00 3.425274e+01 4.999998e+00
    endloop
  endfacet
  facet normal -6.332191e-16 -2.288754e-17 1.000000e+00
    outer loop
      vertex   8.734506e+00 3.425274e+01 4.999998e+00
      vertex   8.595232e+00 3.810598e+01 4.999998e+00
      vertex   7.198654e+00 3.793825e+01 4.999998e+00
    endloop
  endfacet
  facet normal -7.001449e-16 -5.077740e-17 1.000000e+00
    outer loop
      vertex   8.734506e+00 3.425274e+01 4.999998e+00
      vertex   7.198654e+00 3.793825e+01 4.999998e+00
      vertex   7.478277e+00 3.408267e+01 4.999998e+00
    endloop
  endfacet
  facet normal 0.000000e+00 0.000000e+00 1.000000e+00
    outer loop
      vertex   7.478277e+00 3.408267e+01 4.999998e+00
      vertex   7.198654e+00 3.793825e+01 4.999998e+00
      vertex   5.816779e+00 3.767560e+01 4.999998e+00
    endloop
  endfacet
  facet normal 0.000000e+00 0.000000e+00 1.000000e+00
    outer loop
      vertex   7.478277e+00 3.408267e+01 4.999998e+00
      vertex   5.816779e+00 3.767560e+01 4.999998e+00
      vertex   6.238507e+00 3.381808e+01 4.999998e+00
    endloop
  endfacet
  facet normal 0.000000e+00 0.000000e+00 1.000000e+00
    outer loop
      vertex   6.238507e+00 3.381808e+01 4.999998e+00
      vertex   5.816779e+00 3.767560e+01 4.999998e+00
      vertex   4.456049e+00 3.731927e+01 4.999998e+00
    endloop
  endfacet
  facet normal 0.000000e+00 0.000000e+00 1.000000e+00
    outer loop
      vertex   6.238507e+00 3.381808e+01 4.999998e+00
      vertex   4.456049e+00 3.731927e+01 4.999998e+00
      vertex   5.022300e+00 3.346048e+01 4.999998e+00
    endloop
  endfacet
  facet normal -6.348505e-16 -9.316012e-17 1.000000e+00
    outer loop
      vertex   5.022300e+00 3.346048e+01 4.999998e+00
      vertex   4.456049e+00 3.731927e+01 4.999998e+00
      vertex   3.122808e+00 3.687090e+01 4.999998e+00
    endloop
  endfacet
  facet normal -8.137661e-17 2.151068e-16 1.000000e+00
    outer loop
      vertex   5.022300e+00 3.346048e+01 4.999998e+00
      vertex   3.122808e+00 3.687090e+01 4.999998e+00
      vertex   3.836619e+00 3.301193e+01 4.999998e+00
    endloop
  endfacet
  facet normal -8.855318e-17 2.137793e-16 1.000000e+00
    outer loop
      vertex   3.836619e+00 3.301193e+01 4.999998e+00
      vertex   3.122808e+00 3.687090e+01 4.999998e+00
      vertex   1.823272e+00 3.633260e+01 4.999998e+00
    endloop
  endfacet
  facet normal -7.000376e-16 -1.569685e-16 1.000000e+00
    outer loop
      vertex   3.836619e+00 3.301193e+01 4.999998e+00
      vertex   1.823272e+00 3.633260e+01 4.999998e+00
      vertex   2.688258e+00 3.247499e+01 4.999998e+00
    endloop
  endfacet
  facet normal 0.000000e+00 0.000000e+00 1.000000e+00
    outer loop
      vertex   2.688258e+00 3.247499e+01 4.999998e+00
      vertex   1.823272e+00 3.633260e+01 4.999998e+00
      vertex   5.635014e-01 3.570687e+01 4.999998e+00
    endloop
  endfacet
  facet normal 0.000000e+00 0.000000e+00 1.000000e+00
    outer loop
      vertex   2.688258e+00 3.247499e+01 4.999998e+00
      vertex   5.635014e-01 3.570687e+01 4.999998e+00
      vertex   1.583794e+00 3.185274e+01 4.999998e+00
    endloop
  endfacet
  facet normal 0.000000e+00 0.000000e+00 1.000000e+00
    outer loop
      vertex   1.583794e+00 3.185274e+01 4.999998e+00
      vertex   5.635014e-01 3.570687e+01 4.999998e+00
      vertex   -6.506312e-01 3.499663e+01 4.999998e+00
    endloop
  endfacet
  facet normal 0.000000e+00 0.000000e+00 1.000000e+00
    outer loop
      vertex   1.583794e+00 3.185274e+01 4.999998e+00
      vertex   -6.506312e-01 3.499663e+01 4.999998e+00
      vertex   5.295534e-01 3.114874e+01 4.999998e+00
    endloop
  endfacet
  facet normal 0.000000e+00 0.000000e+00 1.000000e+00
    outer loop
      vertex   5.295534e-01 3.114874e+01 4.999998e+00
      vertex   -6.506312e-01 3.499663e+01 4.999998e+00
      vertex   -1.813465e+00 3.420518e+01 4.999998e+00
    endloop
  endfacet
  facet normal 0.000000e+00 0.000000e+00 1.000000e+00
    outer loop
      vertex   5.295534e-01 3.114874e+01 4.999998e+00
      vertex   -1.813465e+00 3.420518e+01 4.999998e+00
      vertex   -4.684258e-01 3.036703e+01 4.999998e+00
    endloop
  endfacet
  facet normal 0.000000e+00 0.000000e+00 1.000000e+00
    outer loop
      vertex   -4.684258e-01 3.036703e+01 4.999998e+00
      vertex   -1.813465e+00 3.420518e+01 4.999998e+00
      vertex   -2.919578e+00 3.333623e+01 4.999998e+00
    endloop
  endfacet
  facet normal 0.000000e+00 0.000000e+00 1.000000e+00
    outer loop
      vertex   -4.684258e-01 3.036703e+01 4.999998e+00
      vertex   -2.919578e+00 3.333623e+01 4.999998e+00
      vertex   -3.963812e+00 3.239382e+01 4.999998e+00
    endloop
  endfacet
  facet normal 0.000000e+00 -0.000000e+00 1.000000e+00
    outer loop
      vertex   1.252978e+01 3.418884e+01 4.999998e+00
      vertex   1.280790e+01 3.803409e+01 4.999998e+00
      vertex   1.126751e+01 3.430598e+01 4.999998e+00
    endloop
  endfacet
  facet normal 0.000000e+00 0.000000e+00 1.000000e+00
    outer loop
      vertex   1.126751e+01 3.430598e+01 4.999998e+00
      vertex   1.280790e+01 3.803409e+01 4.999998e+00
      vertex   1.140641e+01 3.815401e+01 4.999998e+00
    endloop
  endfacet
  facet normal -1.262267e-15 4.556295e-17 1.000000e+00
    outer loop
      vertex   1.126751e+01 3.430598e+01 4.999998e+00
      vertex   1.140641e+01 3.815401e+01 4.999998e+00
      vertex   1.000000e+01 3.817801e+01 4.999998e+00
    endloop
  endfacet
  facet normal 0.000000e+00 0.000000e+00 1.000000e+00
    outer loop
      vertex   1.280790e+01 3.803409e+01 4.999998e+00
      vertex   1.252978e+01 3.418884e+01 4.999998e+00
      vertex   1.419794e+01 3.781881e+01 4.999998e+00
    endloop
  endfacet
  facet normal 0.000000e+00 0.000000e+00 1.000000e+00
    outer loop
      vertex   1.419794e+01 3.781881e+01 4.999998e+00
      vertex   1.252978e+01 3.418884e+01 4.999998e+00
      vertex   1.377957e+01 3.397656e+01 4.999998e+00
    endloop
  endfacet
  facet normal 0.000000e+00 0.000000e+00 1.000000e+00
    outer loop
      vertex   1.419794e+01 3.781881e+01 4.999998e+00
      vertex   1.377957e+01 3.397656e+01 4.999998e+00
      vertex   1.557005e+01 3.750917e+01 4.999998e+00
    endloop
  endfacet
  facet normal 0.000000e+00 0.000000e+00 1.000000e+00
    outer loop
      vertex   1.557005e+01 3.750917e+01 4.999998e+00
      vertex   1.377957e+01 3.397656e+01 4.999998e+00
      vertex   1.500972e+01 3.367038e+01 4.999998e+00
    endloop
  endfacet
  facet normal 0.000000e+00 0.000000e+00 1.000000e+00
    outer loop
      vertex   1.557005e+01 3.750917e+01 4.999998e+00
      vertex   1.500972e+01 3.367038e+01 4.999998e+00
      vertex   1.691783e+01 3.710662e+01 4.999998e+00
    endloop
  endfacet
  facet normal 0.000000e+00 0.000000e+00 1.000000e+00
    outer loop
      vertex   1.691783e+01 3.710662e+01 4.999998e+00
      vertex   1.500972e+01 3.367038e+01 4.999998e+00
      vertex   1.621320e+01 3.327204e+01 4.999998e+00
    endloop
  endfacet
  facet normal -6.308675e-16 1.159264e-16 1.000000e+00
    outer loop
      vertex   1.691783e+01 3.710662e+01 4.999998e+00
      vertex   1.621320e+01 3.327204e+01 4.999998e+00
      vertex   1.823500e+01 3.661303e+01 4.999998e+00
    endloop
  endfacet
  facet normal -6.946922e-16 1.545498e-16 1.000000e+00
    outer loop
      vertex   1.823500e+01 3.661303e+01 4.999998e+00
      vertex   1.621320e+01 3.327204e+01 4.999998e+00
      vertex   1.738311e+01 3.278382e+01 4.999998e+00
    endloop
  endfacet
  facet normal 0.000000e+00 0.000000e+00 1.000000e+00
    outer loop
      vertex   1.823500e+01 3.661303e+01 4.999998e+00
      vertex   1.738311e+01 3.278382e+01 4.999998e+00
      vertex   1.951541e+01 3.603070e+01 4.999998e+00
    endloop
  endfacet
  facet normal 0.000000e+00 0.000000e+00 1.000000e+00
    outer loop
      vertex   1.951541e+01 3.603070e+01 4.999998e+00
      vertex   1.738311e+01 3.278382e+01 4.999998e+00
      vertex   1.851274e+01 3.220852e+01 4.999998e+00
    endloop
  endfacet
  facet normal 0.000000e+00 0.000000e+00 1.000000e+00
    outer loop
      vertex   1.951541e+01 3.603070e+01 4.999998e+00
      vertex   1.851274e+01 3.220852e+01 4.999998e+00
      vertex   2.075310e+01 3.536235e+01 4.999998e+00
    endloop
  endfacet
  facet normal 0.000000e+00 0.000000e+00 1.000000e+00
    outer loop
      vertex   2.075310e+01 3.536235e+01 4.999998e+00
      vertex   1.851274e+01 3.220852e+01 4.999998e+00
      vertex   1.959563e+01 3.154944e+01 4.999998e+00
    endloop
  endfacet
  facet normal 0.000000e+00 0.000000e+00 1.000000e+00
    outer loop
      vertex   2.075310e+01 3.536235e+01 4.999998e+00
      vertex   1.959563e+01 3.154944e+01 4.999998e+00
      vertex   2.194230e+01 3.461110e+01 4.999998e+00
    endloop
  endfacet
  facet normal 0.000000e+00 0.000000e+00 1.000000e+00
    outer loop
      vertex   2.194230e+01 3.461110e+01 4.999998e+00
      vertex   1.959563e+01 3.154944e+01 4.999998e+00
      vertex   2.062557e+01 3.081035e+01 4.999998e+00
    endloop
  endfacet
  facet normal 0.000000e+00 0.000000e+00 1.000000e+00
    outer loop
      vertex   2.194230e+01 3.461110e+01 4.999998e+00
      vertex   2.062557e+01 3.081035e+01 4.999998e+00
      vertex   2.307745e+01 3.378045e+01 4.999998e+00
    endloop
  endfacet
  facet normal 0.000000e+00 0.000000e+00 1.000000e+00
    outer loop
      vertex   2.307745e+01 3.378045e+01 4.999998e+00
      vertex   2.062557e+01 3.081035e+01 4.999998e+00
      vertex   2.159666e+01 2.999548e+01 4.999998e+00
    endloop
  endfacet
  facet normal 0.000000e+00 0.000000e+00 1.000000e+00
    outer loop
      vertex   2.307745e+01 3.378045e+01 4.999998e+00
      vertex   2.159666e+01 2.999548e+01 4.999998e+00
      vertex   2.415327e+01 3.287426e+01 4.999998e+00
    endloop
  endfacet
  facet normal 0.000000e+00 0.000000e+00 1.000000e+00
    outer loop
      vertex   2.415327e+01 3.287426e+01 4.999998e+00
      vertex   2.159666e+01 2.999548e+01 4.999998e+00
      vertex   2.516475e+01 3.189677e+01 4.999998e+00
    endloop
  endfacet
  facet normal 0.000000e+00 0.000000e+00 1.000000e+00
    outer loop
      vertex   2.516475e+01 3.189677e+01 4.999998e+00
      vertex   2.159666e+01 2.999548e+01 4.999998e+00
      vertex   2.250335e+01 2.910950e+01 4.999998e+00
    endloop
  endfacet
  facet normal 0.000000e+00 0.000000e+00 1.000000e+00
    outer loop
      vertex   2.516475e+01 3.189677e+01 4.999998e+00
      vertex   2.250335e+01 2.910950e+01 4.999998e+00
      vertex   2.610716e+01 3.085254e+01 4.999998e+00
    endloop
  endfacet
  facet normal 0.000000e+00 0.000000e+00 1.000000e+00
    outer loop
      vertex   2.610716e+01 3.085254e+01 4.999998e+00
      vertex   2.250335e+01 2.910950e+01 4.999998e+00
      vertex   2.334043e+01 2.815749e+01 4.999998e+00
    endloop
  endfacet
  facet normal -4.430968e-16 4.548802e-16 1.000000e+00
    outer loop
      vertex   2.610716e+01 3.085254e+01 4.999998e+00
      vertex   2.334043e+01 2.815749e+01 4.999998e+00
      vertex   2.697611e+01 2.974643e+01 4.999998e+00
    endloop
  endfacet
  facet normal -1.837940e-16 -1.384338e-16 1.000000e+00
    outer loop
      vertex   2.697611e+01 2.974643e+01 4.999998e+00
      vertex   2.334043e+01 2.815749e+01 4.999998e+00
      vertex   2.410312e+01 2.714489e+01 4.999998e+00
    endloop
  endfacet
  facet normal -1.912680e-16 -1.301799e-16 1.000000e+00
    outer loop
      vertex   2.697611e+01 2.974643e+01 4.999998e+00
      vertex   2.410312e+01 2.714489e+01 4.999998e+00
      vertex   2.776755e+01 2.858359e+01 4.999998e+00
    endloop
  endfacet
  facet normal -1.936599e-16 -1.240877e-16 1.000000e+00
    outer loop
      vertex   2.776755e+01 2.858359e+01 4.999998e+00
      vertex   2.410312e+01 2.714489e+01 4.999998e+00
      vertex   2.478704e+01 2.607752e+01 4.999998e+00
    endloop
  endfacet
  facet normal -1.997472e-16 -1.168480e-16 1.000000e+00
    outer loop
      vertex   2.776755e+01 2.858359e+01 4.999998e+00
      vertex   2.478704e+01 2.607752e+01 4.999998e+00
      vertex   2.847779e+01 2.736946e+01 4.999998e+00
    endloop
  endfacet
  facet normal -2.024683e-16 -1.090744e-16 1.000000e+00
    outer loop
      vertex   2.847779e+01 2.736946e+01 4.999998e+00
      vertex   2.478704e+01 2.607752e+01 4.999998e+00
      vertex   2.538828e+01 2.496148e+01 4.999998e+00
    endloop
  endfacet
  facet normal -2.072488e-16 -1.029410e-16 1.000000e+00
    outer loop
      vertex   2.847779e+01 2.736946e+01 4.999998e+00
      vertex   2.538828e+01 2.496148e+01 4.999998e+00
      vertex   2.910352e+01 2.610969e+01 4.999998e+00
    endloop
  endfacet
  facet normal -2.101767e-16 -9.346703e-17 1.000000e+00
    outer loop
      vertex   2.910352e+01 2.610969e+01 4.999998e+00
      vertex   2.538828e+01 2.496148e+01 4.999998e+00
      vertex   2.590339e+01 2.380316e+01 4.999998e+00
    endloop
  endfacet
  facet normal -2.137324e-16 -8.853376e-17 1.000000e+00
    outer loop
      vertex   2.910352e+01 2.610969e+01 4.999998e+00
      vertex   2.590339e+01 2.380316e+01 4.999998e+00
      vertex   2.964183e+01 2.481015e+01 4.999998e+00
    endloop
  endfacet
  facet normal -3.995543e-16 6.013241e-16 1.000000e+00
    outer loop
      vertex   2.964183e+01 2.481015e+01 4.999998e+00
      vertex   2.590339e+01 2.380316e+01 4.999998e+00
      vertex   2.632942e+01 2.260920e+01 4.999998e+00
    endloop
  endfacet
  facet normal 0.000000e+00 0.000000e+00 1.000000e+00
    outer loop
      vertex   2.964183e+01 2.481015e+01 4.999998e+00
      vertex   2.632942e+01 2.260920e+01 4.999998e+00
      vertex   3.009019e+01 2.347691e+01 4.999998e+00
    endloop
  endfacet
  facet normal 0.000000e+00 0.000000e+00 1.000000e+00
    outer loop
      vertex   3.009019e+01 2.347691e+01 4.999998e+00
      vertex   2.632942e+01 2.260920e+01 4.999998e+00
      vertex   2.666394e+01 2.138645e+01 4.999998e+00
    endloop
  endfacet
  facet normal 0.000000e+00 0.000000e+00 1.000000e+00
    outer loop
      vertex   3.009019e+01 2.347691e+01 4.999998e+00
      vertex   2.666394e+01 2.138645e+01 4.999998e+00
      vertex   3.044653e+01 2.211618e+01 4.999998e+00
    endloop
  endfacet
  facet normal 0.000000e+00 0.000000e+00 1.000000e+00
    outer loop
      vertex   3.044653e+01 2.211618e+01 4.999998e+00
      vertex   2.666394e+01 2.138645e+01 4.999998e+00
      vertex   2.690502e+01 2.014189e+01 4.999998e+00
    endloop
  endfacet
  facet normal 0.000000e+00 0.000000e+00 1.000000e+00
    outer loop
      vertex   3.044653e+01 2.211618e+01 4.999998e+00
      vertex   2.690502e+01 2.014189e+01 4.999998e+00
      vertex   3.070917e+01 2.073431e+01 4.999998e+00
    endloop
  endfacet
  facet normal -9.722029e-17 6.242916e-16 1.000000e+00
    outer loop
      vertex   3.070917e+01 2.073431e+01 4.999998e+00
      vertex   2.690502e+01 2.014189e+01 4.999998e+00
      vertex   3.087690e+01 1.933773e+01 4.999998e+00
    endloop
  endfacet
  facet normal -2.290022e-16 -2.660034e-17 1.000000e+00
    outer loop
      vertex   3.087690e+01 1.933773e+01 4.999998e+00
      vertex   2.690502e+01 2.014189e+01 4.999998e+00
      vertex   2.705129e+01 1.888267e+01 4.999998e+00
    endloop
  endfacet
  facet normal -2.307588e-16 -1.183286e-17 1.000000e+00
    outer loop
      vertex   3.087690e+01 1.933773e+01 4.999998e+00
      vertex   2.705129e+01 1.888267e+01 4.999998e+00
      vertex   3.094894e+01 1.793296e+01 4.999998e+00
    endloop
  endfacet
  facet normal -2.301162e-16 -9.195335e-18 1.000000e+00
    outer loop
      vertex   3.094894e+01 1.793296e+01 4.999998e+00
      vertex   2.705129e+01 1.888267e+01 4.999998e+00
      vertex   2.710191e+01 1.761599e+01 4.999998e+00
    endloop
  endfacet
  facet normal -2.311989e-16 3.945176e-18 1.000000e+00
    outer loop
      vertex   3.094894e+01 1.793296e+01 4.999998e+00
      vertex   2.710191e+01 1.761599e+01 4.999998e+00
      vertex   3.092494e+01 1.652655e+01 4.999998e+00
    endloop
  endfacet
  facet normal -2.299784e-16 8.228165e-18 1.000000e+00
    outer loop
      vertex   3.092494e+01 1.652655e+01 4.999998e+00
      vertex   2.710191e+01 1.761599e+01 4.999998e+00
      vertex   2.705658e+01 1.634911e+01 4.999998e+00
    endloop
  endfacet
  facet normal -2.305056e-16 1.972339e-17 1.000000e+00
    outer loop
      vertex   3.092494e+01 1.652655e+01 4.999998e+00
      vertex   2.705658e+01 1.634911e+01 4.999998e+00
      vertex   3.080502e+01 1.512506e+01 4.999998e+00
    endloop
  endfacet
  facet normal -2.285913e-16 2.558570e-17 1.000000e+00
    outer loop
      vertex   3.080502e+01 1.512506e+01 4.999998e+00
      vertex   2.705658e+01 1.634911e+01 4.999998e+00
      vertex   2.691557e+01 1.508929e+01 4.999998e+00
    endloop
  endfacet
  facet normal -2.227967e-16 -6.044526e-16 1.000000e+00
    outer loop
      vertex   3.080502e+01 1.512506e+01 4.999998e+00
      vertex   2.691557e+01 1.508929e+01 4.999998e+00
      vertex   3.058974e+01 1.373502e+01 4.999998e+00
    endloop
  endfacet
  facet normal 0.000000e+00 0.000000e+00 1.000000e+00
    outer loop
      vertex   3.058974e+01 1.373502e+01 4.999998e+00
      vertex   2.691557e+01 1.508929e+01 4.999998e+00
      vertex   2.667969e+01 1.384374e+01 4.999998e+00
    endloop
  endfacet
  facet normal 0.000000e+00 0.000000e+00 1.000000e+00
    outer loop
      vertex   3.058974e+01 1.373502e+01 4.999998e+00
      vertex   2.667969e+01 1.384374e+01 4.999998e+00
      vertex   3.028010e+01 1.236291e+01 4.999998e+00
    endloop
  endfacet
  facet normal 0.000000e+00 0.000000e+00 1.000000e+00
    outer loop
      vertex   3.028010e+01 1.236291e+01 4.999998e+00
      vertex   2.667969e+01 1.384374e+01 4.999998e+00
      vertex   2.635028e+01 1.261959e+01 4.999998e+00
    endloop
  endfacet
  facet normal 0.000000e+00 0.000000e+00 1.000000e+00
    outer loop
      vertex   3.028010e+01 1.236291e+01 4.999998e+00
      vertex   2.635028e+01 1.261959e+01 4.999998e+00
      vertex   2.987754e+01 1.101513e+01 4.999998e+00
    endloop
  endfacet
  facet normal -2.912319e-16 -6.402449e-16 1.000000e+00
    outer loop
      vertex   2.987754e+01 1.101513e+01 4.999998e+00
      vertex   2.635028e+01 1.261959e+01 4.999998e+00
      vertex   2.592923e+01 1.142387e+01 4.999998e+00
    endloop
  endfacet
  facet normal -2.165507e-16 8.114951e-17 1.000000e+00
    outer loop
      vertex   2.987754e+01 1.101513e+01 4.999998e+00
      vertex   2.592923e+01 1.142387e+01 4.999998e+00
      vertex   2.938395e+01 9.697960e+00 4.999998e+00
    endloop
  endfacet
  facet normal -2.107872e-16 9.268625e-17 1.000000e+00
    outer loop
      vertex   2.938395e+01 9.697960e+00 4.999998e+00
      vertex   2.592923e+01 1.142387e+01 4.999998e+00
      vertex   2.541896e+01 1.026341e+01 4.999998e+00
    endloop
  endfacet
  facet normal -2.103615e-16 9.567160e-17 1.000000e+00
    outer loop
      vertex   2.938395e+01 9.697960e+00 4.999998e+00
      vertex   2.541896e+01 1.026341e+01 4.999998e+00
      vertex   2.880162e+01 8.417547e+00 4.999998e+00
    endloop
  endfacet
  facet normal -2.033771e-16 1.084708e-16 1.000000e+00
    outer loop
      vertex   2.880162e+01 8.417547e+00 4.999998e+00
      vertex   2.541896e+01 1.026341e+01 4.999998e+00
      vertex   2.482239e+01 9.144870e+00 4.999998e+00
    endloop
  endfacet
  facet normal -2.031522e-16 1.097015e-16 1.000000e+00
    outer loop
      vertex   2.880162e+01 8.417547e+00 4.999998e+00
      vertex   2.482239e+01 9.144870e+00 4.999998e+00
      vertex   2.813328e+01 7.179859e+00 4.999998e+00
    endloop
  endfacet
  facet normal -1.951076e-16 1.232559e-16 1.000000e+00
    outer loop
      vertex   2.813328e+01 7.179859e+00 4.999998e+00
      vertex   2.482239e+01 9.144870e+00 4.999998e+00
      vertex   2.738202e+01 5.990665e+00 4.999998e+00
    endloop
  endfacet
  facet normal -1.946836e-16 1.236000e-16 1.000000e+00
    outer loop
      vertex   2.738202e+01 5.990665e+00 4.999998e+00
      vertex   2.482239e+01 9.144870e+00 4.999998e+00
      vertex   2.414293e+01 8.074649e+00 4.999998e+00
    endloop
  endfacet
  facet normal -1.864332e-16 1.364234e-16 1.000000e+00
    outer loop
      vertex   2.738202e+01 5.990665e+00 4.999998e+00
      vertex   2.414293e+01 8.074649e+00 4.999998e+00
      vertex   2.655137e+01 4.855511e+00 4.999998e+00
    endloop
  endfacet
  facet normal -1.845722e-16 1.378158e-16 1.000000e+00
    outer loop
      vertex   2.655137e+01 4.855511e+00 4.999998e+00
      vertex   2.414293e+01 8.074649e+00 4.999998e+00
      vertex   2.338448e+01 7.058879e+00 4.999998e+00
    endloop
  endfacet
  facet normal -5.389872e-16 -3.715828e-16 1.000000e+00
    outer loop
      vertex   2.655137e+01 4.855511e+00 4.999998e+00
      vertex   2.338448e+01 7.058879e+00 4.999998e+00
      vertex   2.564519e+01 3.779689e+00 4.999998e+00
    endloop
  endfacet
  facet normal 0.000000e+00 0.000000e+00 1.000000e+00
    outer loop
      vertex   2.564519e+01 3.779689e+00 4.999998e+00
      vertex   2.338448e+01 7.058879e+00 4.999998e+00
      vertex   2.255138e+01 6.103380e+00 4.999998e+00
    endloop
  endfacet
  facet normal 0.000000e+00 0.000000e+00 1.000000e+00
    outer loop
      vertex   2.564519e+01 3.779689e+00 4.999998e+00
      vertex   2.255138e+01 6.103380e+00 4.999998e+00
      vertex   2.466770e+01 2.768215e+00 4.999998e+00
    endloop
  endfacet
  facet normal 0.000000e+00 0.000000e+00 1.000000e+00
    outer loop
      vertex   2.466770e+01 2.768215e+00 4.999998e+00
      vertex   2.255138e+01 6.103380e+00 4.999998e+00
      vertex   2.164840e+01 5.213623e+00 4.999998e+00
    endloop
  endfacet
  facet normal 0.000000e+00 0.000000e+00 1.000000e+00
    outer loop
      vertex   2.466770e+01 2.768215e+00 4.999998e+00
      vertex   2.164840e+01 5.213623e+00 4.999998e+00
      vertex   2.362346e+01 1.825806e+00 4.999998e+00
    endloop
  endfacet
  facet normal 0.000000e+00 0.000000e+00 1.000000e+00
    outer loop
      vertex   2.362346e+01 1.825806e+00 4.999998e+00
      vertex   2.164840e+01 5.213623e+00 4.999998e+00
      vertex   2.068072e+01 4.394705e+00 4.999998e+00
    endloop
  endfacet
  facet normal 0.000000e+00 0.000000e+00 1.000000e+00
    outer loop
      vertex   2.362346e+01 1.825806e+00 4.999998e+00
      vertex   2.068072e+01 4.394705e+00 4.999998e+00
      vertex   2.251735e+01 9.568542e-01 4.999998e+00
    endloop
  endfacet
  facet normal 0.000000e+00 0.000000e+00 1.000000e+00
    outer loop
      vertex   2.251735e+01 9.568542e-01 4.999998e+00
      vertex   2.068072e+01 4.394705e+00 4.999998e+00
      vertex   1.965387e+01 3.651318e+00 4.999998e+00
    endloop
  endfacet
  facet normal 0.000000e+00 0.000000e+00 1.000000e+00
    outer loop
      vertex   2.251735e+01 9.568542e-01 4.999998e+00
      vertex   1.965387e+01 3.651318e+00 4.999998e+00
      vertex   2.135452e+01 1.654122e-01 4.999998e+00
    endloop
  endfacet
  facet normal 0.000000e+00 0.000000e+00 1.000000e+00
    outer loop
      vertex   2.135452e+01 1.654122e-01 4.999998e+00
      vertex   1.965387e+01 3.651318e+00 4.999998e+00
      vertex   1.857375e+01 2.987719e+00 4.999998e+00
    endloop
  endfacet
  facet normal 0.000000e+00 0.000000e+00 1.000000e+00
    outer loop
      vertex   2.135452e+01 1.654122e-01 4.999998e+00
      vertex   1.857375e+01 2.987719e+00 4.999998e+00
      vertex   2.014038e+01 -5.448302e-01 4.999998e+00
    endloop
  endfacet
  facet normal 0.000000e+00 0.000000e+00 1.000000e+00
    outer loop
      vertex   2.014038e+01 -5.448302e-01 4.999998e+00
      vertex   1.857375e+01 2.987719e+00 4.999998e+00
      vertex   1.744653e+01 2.407708e+00 4.999998e+00
    endloop
  endfacet
  facet normal 0.000000e+00 0.000000e+00 1.000000e+00
    outer loop
      vertex   2.014038e+01 -5.448302e-01 4.999998e+00
      vertex   1.744653e+01 2.407708e+00 4.999998e+00
      vertex   1.888061e+01 -1.170561e+00 4.999998e+00
    endloop
  endfacet
  facet normal -6.504518e-16 -2.606856e-16 1.000000e+00
    outer loop
      vertex   1.888061e+01 -1.170561e+00 4.999998e+00
      vertex   1.744653e+01 2.407708e+00 4.999998e+00
      vertex   1.627867e+01 1.914610e+00 4.999998e+00
    endloop
  endfacet
  facet normal -8.837630e-17 2.133523e-16 1.000000e+00
    outer loop
      vertex   1.888061e+01 -1.170561e+00 4.999998e+00
      vertex   1.627867e+01 1.914610e+00 4.999998e+00
      vertex   1.758108e+01 -1.708864e+00 4.999998e+00
    endloop
  endfacet
  facet normal -6.678808e-16 5.057548e-18 1.000000e+00
    outer loop
      vertex   1.758108e+01 -1.708864e+00 4.999998e+00
      vertex   1.627867e+01 1.914610e+00 4.999998e+00
      vertex   1.624784e+01 -2.157229e+00 4.999998e+00
    endloop
  endfacet
  facet normal 0.000000e+00 -0.000000e+00 1.000000e+00
    outer loop
      vertex   1.624784e+01 -2.157229e+00 4.999998e+00
      vertex   1.627867e+01 1.914610e+00 4.999998e+00
      vertex   1.507687e+01 1.511246e+00 4.999998e+00
    endloop
  endfacet
  facet normal 0.000000e+00 0.000000e+00 1.000000e+00
    outer loop
      vertex   1.624784e+01 -2.157229e+00 4.999998e+00
      vertex   1.507687e+01 1.511246e+00 4.999998e+00
      vertex   1.488711e+01 -2.513564e+00 4.999998e+00
    endloop
  endfacet
  facet normal 0.000000e+00 -0.000000e+00 1.000000e+00
    outer loop
      vertex   1.488711e+01 -2.513564e+00 4.999998e+00
      vertex   1.507687e+01 1.511246e+00 4.999998e+00
      vertex   1.384800e+01 1.199930e+00 4.999998e+00
    endloop
  endfacet
  facet normal 0.000000e+00 0.000000e+00 1.000000e+00
    outer loop
      vertex   1.488711e+01 -2.513564e+00 4.999998e+00
      vertex   1.384800e+01 1.199930e+00 4.999998e+00
      vertex   1.350523e+01 -2.776210e+00 4.999998e+00
    endloop
  endfacet
  facet normal 0.000000e+00 -0.000000e+00 1.000000e+00
    outer loop
      vertex   1.350523e+01 -2.776210e+00 4.999998e+00
      vertex   1.384800e+01 1.199930e+00 4.999998e+00
      vertex   1.259910e+01 9.824421e-01 4.999998e+00
    endloop
  endfacet
  facet normal 0.000000e+00 0.000000e+00 1.000000e+00
    outer loop
      vertex   1.350523e+01 -2.776210e+00 4.999998e+00
      vertex   1.259910e+01 9.824421e-01 4.999998e+00
      vertex   1.210865e+01 -2.943940e+00 4.999998e+00
    endloop
  endfacet
  facet normal 0.000000e+00 -0.000000e+00 1.000000e+00
    outer loop
      vertex   1.210865e+01 -2.943940e+00 4.999998e+00
      vertex   1.259910e+01 9.824421e-01 4.999998e+00
      vertex   1.133734e+01 8.600298e-01 4.999998e+00
    endloop
  endfacet
  facet normal 0.000000e+00 0.000000e+00 1.000000e+00
    outer loop
      vertex   1.210865e+01 -2.943940e+00 4.999998e+00
      vertex   1.133734e+01 8.600298e-01 4.999998e+00
      vertex   1.070388e+01 -3.015974e+00 4.999998e+00
    endloop
  endfacet
  facet normal 0.000000e+00 -0.000000e+00 1.000000e+00
    outer loop
      vertex   1.070388e+01 -3.015974e+00 4.999998e+00
      vertex   1.133734e+01 8.600298e-01 4.999998e+00
      vertex   1.006993e+01 8.333937e-01 4.999998e+00
    endloop
  endfacet
  facet normal 0.000000e+00 0.000000e+00 1.000000e+00
    outer loop
      vertex   1.070388e+01 -3.015974e+00 4.999998e+00
      vertex   1.006993e+01 8.333937e-01 4.999998e+00
      vertex   9.297476e+00 -2.991975e+00 4.999998e+00
    endloop
  endfacet
  facet normal 0.000000e+00 -0.000000e+00 1.000000e+00
    outer loop
      vertex   9.297476e+00 -2.991975e+00 4.999998e+00
      vertex   1.006993e+01 8.333937e-01 4.999998e+00
      vertex   8.804134e+00 9.026866e-01 4.999998e+00
    endloop
  endfacet
  facet normal -6.406817e-16 -8.115603e-17 1.000000e+00
    outer loop
      vertex   9.297476e+00 -2.991975e+00 4.999998e+00
      vertex   8.804134e+00 9.026866e-01 4.999998e+00
      vertex   7.895983e+00 -2.872055e+00 4.999998e+00
    endloop
  endfacet
  facet normal -7.149259e-16 -6.329389e-17 1.000000e+00
    outer loop
      vertex   7.895983e+00 -2.872055e+00 4.999998e+00
      vertex   8.804134e+00 9.026866e-01 4.999998e+00
      vertex   7.547205e+00 1.067511e+00 4.999998e+00
    endloop
  endfacet
  facet normal 0.000000e+00 0.000000e+00 1.000000e+00
    outer loop
      vertex   7.895983e+00 -2.872055e+00 4.999998e+00
      vertex   7.547205e+00 1.067511e+00 4.999998e+00
      vertex   6.505941e+00 -2.656774e+00 4.999998e+00
    endloop
  endfacet
  facet normal 0.000000e+00 -0.000000e+00 1.000000e+00
    outer loop
      vertex   6.505941e+00 -2.656774e+00 4.999998e+00
      vertex   7.547205e+00 1.067511e+00 4.999998e+00
      vertex   6.306342e+00 1.326924e+00 4.999998e+00
    endloop
  endfacet
  facet normal 0.000000e+00 0.000000e+00 1.000000e+00
    outer loop
      vertex   6.505941e+00 -2.656774e+00 4.999998e+00
      vertex   6.306342e+00 1.326924e+00 4.999998e+00
      vertex   5.133831e+00 -2.347134e+00 4.999998e+00
    endloop
  endfacet
  facet normal 0.000000e+00 -0.000000e+00 1.000000e+00
    outer loop
      vertex   5.133831e+00 -2.347134e+00 4.999998e+00
      vertex   6.306342e+00 1.326924e+00 4.999998e+00
      vertex   5.088651e+00 1.679439e+00 4.999998e+00
    endloop
  endfacet
  facet normal 0.000000e+00 0.000000e+00 1.000000e+00
    outer loop
      vertex   5.133831e+00 -2.347134e+00 4.999998e+00
      vertex   5.088651e+00 1.679439e+00 4.999998e+00
      vertex   3.786051e+00 -1.944581e+00 4.999998e+00
    endloop
  endfacet
  facet normal 0.000000e+00 0.000000e+00 1.000000e+00
    outer loop
      vertex   3.786051e+00 -1.944581e+00 4.999998e+00
      vertex   5.088651e+00 1.679439e+00 4.999998e+00
      vertex   3.901108e+00 2.123036e+00 4.999998e+00
    endloop
  endfacet
  facet normal -6.672368e-16 1.887366e-17 1.000000e+00
    outer loop
      vertex   3.786051e+00 -1.944581e+00 4.999998e+00
      vertex   3.901108e+00 2.123036e+00 4.999998e+00
      vertex   2.468883e+00 -1.450990e+00 4.999998e+00
    endloop
  endfacet
  facet normal -9.559816e-17 -2.102000e-16 1.000000e+00
    outer loop
      vertex   2.468883e+00 -1.450990e+00 4.999998e+00
      vertex   3.901108e+00 2.123036e+00 4.999998e+00
      vertex   1.188470e+00 -8.686629e-01 4.999998e+00
    endloop
  endfacet
  facet normal -6.405998e-16 2.839647e-16 1.000000e+00
    outer loop
      vertex   1.188470e+00 -8.686629e-01 4.999998e+00
      vertex   3.901108e+00 2.123036e+00 4.999998e+00
      vertex   2.750516e+00 2.655176e+00 4.999998e+00
    endloop
  endfacet
  facet normal 0.000000e+00 -0.000000e+00 1.000000e+00
    outer loop
      vertex   1.188470e+00 -8.686629e-01 4.999998e+00
      vertex   2.750516e+00 2.655176e+00 4.999998e+00
      vertex   -4.921851e-02 -2.003150e-01 4.999998e+00
    endloop
  endfacet
  facet normal 0.000000e+00 0.000000e+00 1.000000e+00
    outer loop
      vertex   -4.921851e-02 -2.003150e-01 4.999998e+00
      vertex   2.750516e+00 2.655176e+00 4.999998e+00
      vertex   1.643463e+00 3.272809e+00 4.999998e+00
    endloop
  endfacet
  facet normal 0.000000e+00 -0.000000e+00 1.000000e+00
    outer loop
      vertex   -4.921851e-02 -2.003150e-01 4.999998e+00
      vertex   1.643463e+00 3.272809e+00 4.999998e+00
      vertex   -1.238412e+00 5.509378e-01 4.999998e+00
    endloop
  endfacet
  facet normal 0.000000e+00 0.000000e+00 1.000000e+00
    outer loop
      vertex   -1.238412e+00 5.509378e-01 4.999998e+00
      vertex   1.643463e+00 3.272809e+00 4.999998e+00
      vertex   5.862915e-01 3.972399e+00 4.999998e+00
    endloop
  endfacet
  facet normal 0.000000e+00 -0.000000e+00 1.000000e+00
    outer loop
      vertex   -1.238412e+00 5.509378e-01 4.999998e+00
      vertex   5.862915e-01 3.972399e+00 4.999998e+00
      vertex   -2.373566e+00 1.381593e+00 4.999998e+00
    endloop
  endfacet
  facet normal 0.000000e+00 0.000000e+00 1.000000e+00
    outer loop
      vertex   -2.373566e+00 1.381593e+00 4.999998e+00
      vertex   5.862915e-01 3.972399e+00 4.999998e+00
      vertex   -4.149431e-01 4.749937e+00 4.999998e+00
    endloop
  endfacet
  facet normal 0.000000e+00 -0.000000e+00 1.000000e+00
    outer loop
      vertex   -2.373566e+00 1.381593e+00 4.999998e+00
      vertex   -4.149431e-01 4.749937e+00 4.999998e+00
      vertex   -3.449388e+00 2.287777e+00 4.999998e+00
    endloop
  endfacet
  facet normal 0.000000e+00 0.000000e+00 1.000000e+00
    outer loop
      vertex   -3.449388e+00 2.287777e+00 4.999998e+00
      vertex   -4.149431e-01 4.749937e+00 4.999998e+00
      vertex   -1.354506e+00 5.600971e+00 4.999998e+00
    endloop
  endfacet
  facet normal 0.000000e+00 -0.000000e+00 1.000000e+00
    outer loop
      vertex   -3.449388e+00 2.287777e+00 4.999998e+00
      vertex   -1.354506e+00 5.600971e+00 4.999998e+00
      vertex   -4.460862e+00 3.265265e+00 4.999998e+00
    endloop
  endfacet
  facet normal 0.000000e+00 0.000000e+00 1.000000e+00
    outer loop
      vertex   -4.460862e+00 3.265265e+00 4.999998e+00
      vertex   -1.354506e+00 5.600971e+00 4.999998e+00
      vertex   -2.227015e+00 6.520625e+00 4.999998e+00
    endloop
  endfacet
  facet normal 0.000000e+00 -0.000000e+00 1.000000e+00
    outer loop
      vertex   -4.460862e+00 3.265265e+00 4.999998e+00
      vertex   -2.227015e+00 6.520625e+00 4.999998e+00
      vertex   -5.403271e+00 4.309500e+00 4.999998e+00
    endloop
  endfacet
  facet normal 0.000000e+00 0.000000e+00 1.000000e+00
    outer loop
      vertex   -5.403271e+00 4.309500e+00 4.999998e+00
      vertex   -2.227015e+00 6.520625e+00 4.999998e+00
      vertex   -3.027473e+00 7.503632e+00 4.999998e+00
    endloop
  endfacet
  facet normal -5.250278e-16 3.905160e-16 1.000000e+00
    outer loop
      vertex   -5.403271e+00 4.309500e+00 4.999998e+00
      vertex   -3.027473e+00 7.503632e+00 4.999998e+00
      vertex   -6.272223e+00 5.415612e+00 4.999998e+00
    endloop
  endfacet
  facet normal -1.890966e-16 -1.315157e-16 1.000000e+00
    outer loop
      vertex   -6.272223e+00 5.415612e+00 4.999998e+00
      vertex   -3.027473e+00 7.503632e+00 4.999998e+00
      vertex   -3.751296e+00 8.544362e+00 4.999998e+00
    endloop
  endfacet
  facet normal -1.909896e-16 -1.299904e-16 1.000000e+00
    outer loop
      vertex   -6.272223e+00 5.415612e+00 4.999998e+00
      vertex   -3.751296e+00 8.544362e+00 4.999998e+00
      vertex   -7.063665e+00 6.578446e+00 4.999998e+00
    endloop
  endfacet
  facet normal -1.987195e-16 -1.169663e-16 1.000000e+00
    outer loop
      vertex   -7.063665e+00 6.578446e+00 4.999998e+00
      vertex   -3.751296e+00 8.544362e+00 4.999998e+00
      vertex   -4.394336e+00 9.636853e+00 4.999998e+00
    endloop
  endfacet
  facet normal -1.992131e-16 -1.165355e-16 1.000000e+00
    outer loop
      vertex   -7.063665e+00 6.578446e+00 4.999998e+00
      vertex   -4.394336e+00 9.636853e+00 4.999998e+00
      vertex   -7.773907e+00 7.792579e+00 4.999998e+00
    endloop
  endfacet
  facet normal -2.067634e-16 -1.026999e-16 1.000000e+00
    outer loop
      vertex   -7.773907e+00 7.792579e+00 4.999998e+00
      vertex   -4.394336e+00 9.636853e+00 4.999998e+00
      vertex   -8.399639e+00 9.052349e+00 4.999998e+00
    endloop
  endfacet
  facet normal -2.069284e-16 -1.015690e-16 1.000000e+00
    outer loop
      vertex   -8.399639e+00 9.052349e+00 4.999998e+00
      vertex   -4.394336e+00 9.636853e+00 4.999998e+00
      vertex   -4.952910e+00 1.077485e+01 4.999998e+00
    endloop
  endfacet
  facet normal -2.134925e-16 -8.843435e-17 1.000000e+00
    outer loop
      vertex   -8.399639e+00 9.052349e+00 4.999998e+00
      vertex   -4.952910e+00 1.077485e+01 4.999998e+00
      vertex   -8.937941e+00 1.035188e+01 4.999998e+00
    endloop
  endfacet
  facet normal -2.137995e-16 -8.554127e-17 1.000000e+00
    outer loop
      vertex   -8.937941e+00 1.035188e+01 4.999998e+00
      vertex   -4.952910e+00 1.077485e+01 4.999998e+00
      vertex   -5.423820e+00 1.195183e+01 4.999998e+00
    endloop
  endfacet
  facet normal -2.191855e-16 -7.371136e-17 1.000000e+00
    outer loop
      vertex   -8.937941e+00 1.035188e+01 4.999998e+00
      vertex   -5.423820e+00 1.195183e+01 4.999998e+00
      vertex   -9.386306e+00 1.168513e+01 4.999998e+00
    endloop
  endfacet
  facet normal -2.679088e-16 6.501914e-16 1.000000e+00
    outer loop
      vertex   -9.386306e+00 1.168513e+01 4.999998e+00
      vertex   -5.423820e+00 1.195183e+01 4.999998e+00
      vertex   -5.804368e+00 1.316105e+01 4.999998e+00
    endloop
  endfacet
  facet normal 0.000000e+00 -0.000000e+00 1.000000e+00
    outer loop
      vertex   -9.386306e+00 1.168513e+01 4.999998e+00
      vertex   -5.804368e+00 1.316105e+01 4.999998e+00
      vertex   -9.742641e+00 1.304586e+01 4.999998e+00
    endloop
  endfacet
  facet normal 0.000000e+00 0.000000e+00 1.000000e+00
    outer loop
      vertex   -9.742641e+00 1.304586e+01 4.999998e+00
      vertex   -5.804368e+00 1.316105e+01 4.999998e+00
      vertex   -6.092374e+00 1.439559e+01 4.999998e+00
    endloop
  endfacet
  facet normal 0.000000e+00 -0.000000e+00 1.000000e+00
    outer loop
      vertex   -9.742641e+00 1.304586e+01 4.999998e+00
      vertex   -6.092374e+00 1.439559e+01 4.999998e+00
      vertex   -1.000529e+01 1.442773e+01 4.999998e+00
    endloop
  endfacet
  facet normal -0.000000e+00 0.000000e+00 1.000000e+00
    outer loop
      vertex   -1.000529e+01 1.442773e+01 4.999998e+00
      vertex   -6.092374e+00 1.439559e+01 4.999998e+00
      vertex   -6.286188e+00 1.564838e+01 4.999998e+00
    endloop
  endfacet
  facet normal -2.008149e-16 6.118498e-16 1.000000e+00
    outer loop
      vertex   -1.000529e+01 1.442773e+01 4.999998e+00
      vertex   -6.286188e+00 1.564838e+01 4.999998e+00
      vertex   -1.017302e+01 1.582431e+01 4.999998e+00
    endloop
  endfacet
  facet normal -2.293188e-16 -1.787451e-17 1.000000e+00
    outer loop
      vertex   -1.017302e+01 1.582431e+01 4.999998e+00
      vertex   -6.286188e+00 1.564838e+01 4.999998e+00
      vertex   -6.384701e+00 1.691223e+01 4.999998e+00
    endloop
  endfacet
  facet normal -2.310496e-16 -1.184777e-17 1.000000e+00
    outer loop
      vertex   -1.017302e+01 1.582431e+01 4.999998e+00
      vertex   -6.384701e+00 1.691223e+01 4.999998e+00
      vertex   -1.024505e+01 1.722908e+01 4.999998e+00
    endloop
  endfacet
  facet normal -2.301166e-16 -4.804315e-19 1.000000e+00
    outer loop
      vertex   -1.024505e+01 1.722908e+01 4.999998e+00
      vertex   -6.384701e+00 1.691223e+01 4.999998e+00
      vertex   -6.387347e+00 1.817992e+01 4.999998e+00
    endloop
  endfacet
  facet normal -2.312074e-16 3.945322e-18 1.000000e+00
    outer loop
      vertex   -1.024505e+01 1.722908e+01 4.999998e+00
      vertex   -6.387347e+00 1.817992e+01 4.999998e+00
      vertex   -1.022105e+01 1.863549e+01 4.999998e+00
    endloop
  endfacet
  facet normal -2.296636e-16 1.693689e-17 1.000000e+00
    outer loop
      vertex   -1.022105e+01 1.863549e+01 4.999998e+00
      vertex   -6.387347e+00 1.817992e+01 4.999998e+00
      vertex   -6.294113e+00 1.944417e+01 4.999998e+00
    endloop
  endfacet
  facet normal -2.302326e-16 1.970003e-17 1.000000e+00
    outer loop
      vertex   -1.022105e+01 1.863549e+01 4.999998e+00
      vertex   -6.294113e+00 1.944417e+01 4.999998e+00
      vertex   -1.010113e+01 2.003698e+01 4.999998e+00
    endloop
  endfacet
  facet normal -2.279603e-16 3.429296e-17 1.000000e+00
    outer loop
      vertex   -1.010113e+01 2.003698e+01 4.999998e+00
      vertex   -6.294113e+00 1.944417e+01 4.999998e+00
      vertex   -6.105531e+00 2.069776e+01 4.999998e+00
    endloop
  endfacet
  facet normal -1.196857e-16 -6.204219e-16 1.000000e+00
    outer loop
      vertex   -1.010113e+01 2.003698e+01 4.999998e+00
      vertex   -6.105531e+00 2.069776e+01 4.999998e+00
      vertex   -9.885851e+00 2.142702e+01 4.999998e+00
    endloop
  endfacet
  facet normal -0.000000e+00 0.000000e+00 1.000000e+00
    outer loop
      vertex   -9.885851e+00 2.142702e+01 4.999998e+00
      vertex   -6.105531e+00 2.069776e+01 4.999998e+00
      vertex   -9.576212e+00 2.279913e+01 4.999998e+00
    endloop
  endfacet
  facet normal 0.000000e+00 0.000000e+00 1.000000e+00
    outer loop
      vertex   -9.576212e+00 2.279913e+01 4.999998e+00
      vertex   -6.105531e+00 2.069776e+01 4.999998e+00
      vertex   -5.822683e+00 2.193349e+01 4.999998e+00
    endloop
  endfacet
  facet normal -0.000000e+00 0.000000e+00 1.000000e+00
    outer loop
      vertex   -9.576212e+00 2.279913e+01 4.999998e+00
      vertex   -5.822683e+00 2.193349e+01 4.999998e+00
      vertex   -9.173658e+00 2.414691e+01 4.999998e+00
    endloop
  endfacet
  facet normal -4.021510e-16 -6.088304e-16 1.000000e+00
    outer loop
      vertex   -9.173658e+00 2.414691e+01 4.999998e+00
      vertex   -5.822683e+00 2.193349e+01 4.999998e+00
      vertex   -5.447188e+00 2.314429e+01 4.999998e+00
    endloop
  endfacet
  facet normal -2.165133e-16 8.113548e-17 1.000000e+00
    outer loop
      vertex   -9.173658e+00 2.414691e+01 4.999998e+00
      vertex   -5.447188e+00 2.314429e+01 4.999998e+00
      vertex   -8.680067e+00 2.546408e+01 4.999998e+00
    endloop
  endfacet
  facet normal -2.140288e-16 8.459796e-17 1.000000e+00
    outer loop
      vertex   -8.680067e+00 2.546408e+01 4.999998e+00
      vertex   -5.447188e+00 2.314429e+01 4.999998e+00
      vertex   -4.981196e+00 2.432323e+01 4.999998e+00
    endloop
  endfacet
  facet normal -2.105823e-16 9.577203e-17 1.000000e+00
    outer loop
      vertex   -8.680067e+00 2.546408e+01 4.999998e+00
      vertex   -4.981196e+00 2.432323e+01 4.999998e+00
      vertex   -8.097740e+00 2.674449e+01 4.999998e+00
    endloop
  endfacet
  facet normal -2.069150e-16 1.004925e-16 1.000000e+00
    outer loop
      vertex   -8.097740e+00 2.674449e+01 4.999998e+00
      vertex   -4.981196e+00 2.432323e+01 4.999998e+00
      vertex   -4.427378e+00 2.546354e+01 4.999998e+00
    endloop
  endfacet
  facet normal -2.036140e-16 1.099509e-16 1.000000e+00
    outer loop
      vertex   -8.097740e+00 2.674449e+01 4.999998e+00
      vertex   -4.427378e+00 2.546354e+01 4.999998e+00
      vertex   -7.429392e+00 2.798218e+01 4.999998e+00
    endloop
  endfacet
  facet normal -1.986817e-16 1.158298e-16 1.000000e+00
    outer loop
      vertex   -7.429392e+00 2.798218e+01 4.999998e+00
      vertex   -4.427378e+00 2.546354e+01 4.999998e+00
      vertex   -3.788905e+00 2.655871e+01 4.999998e+00
    endloop
  endfacet
  facet normal -1.956452e-16 1.235955e-16 1.000000e+00
    outer loop
      vertex   -7.429392e+00 2.798218e+01 4.999998e+00
      vertex   -3.788905e+00 2.655871e+01 4.999998e+00
      vertex   -6.678139e+00 2.917137e+01 4.999998e+00
    endloop
  endfacet
  facet normal -1.893694e-16 1.305357e-16 1.000000e+00
    outer loop
      vertex   -6.678139e+00 2.917137e+01 4.999998e+00
      vertex   -3.788905e+00 2.655871e+01 4.999998e+00
      vertex   -3.069435e+00 2.760245e+01 4.999998e+00
    endloop
  endfacet
  facet normal -1.867188e-16 1.366324e-16 1.000000e+00
    outer loop
      vertex   -6.678139e+00 2.917137e+01 4.999998e+00
      vertex   -3.069435e+00 2.760245e+01 4.999998e+00
      vertex   -5.847485e+00 3.030653e+01 4.999998e+00
    endloop
  endfacet
  facet normal -1.790231e-16 1.445387e-16 1.000000e+00
    outer loop
      vertex   -5.847485e+00 3.030653e+01 4.999998e+00
      vertex   -3.069435e+00 2.760245e+01 4.999998e+00
      vertex   -2.273089e+00 2.858879e+01 4.999998e+00
    endloop
  endfacet
  facet normal -4.593072e-16 -4.386986e-16 1.000000e+00
    outer loop
      vertex   -5.847485e+00 3.030653e+01 4.999998e+00
      vertex   -2.273089e+00 2.858879e+01 4.999998e+00
      vertex   -4.941301e+00 3.138235e+01 4.999998e+00
    endloop
  endfacet
  facet normal 0.000000e+00 0.000000e+00 1.000000e+00
    outer loop
      vertex   -4.941301e+00 3.138235e+01 4.999998e+00
      vertex   -2.273089e+00 2.858879e+01 4.999998e+00
      vertex   -1.404427e+00 2.951208e+01 4.999998e+00
    endloop
  endfacet
  facet normal -0.000000e+00 0.000000e+00 1.000000e+00
    outer loop
      vertex   -4.941301e+00 3.138235e+01 4.999998e+00
      vertex   -1.404427e+00 2.951208e+01 4.999998e+00
      vertex   -3.963812e+00 3.239382e+01 4.999998e+00
    endloop
  endfacet
  facet normal 0.000000e+00 0.000000e+00 1.000000e+00
    outer loop
      vertex   -3.963812e+00 3.239382e+01 4.999998e+00
      vertex   -1.404427e+00 2.951208e+01 4.999998e+00
      vertex   -4.684258e-01 3.036703e+01 4.999998e+00
    endloop
  endfacet
  facet normal -1.706151e-02 -9.998544e-01 0.000000e+00
    outer loop
      vertex   1.140641e+01 3.815401e+01 4.999998e+00
      vertex   1.000000e+01 3.817801e+01 3.040000e+01
      vertex   1.000000e+01 3.817801e+01 4.999998e+00
    endloop
  endfacet
  facet normal 5.121075e-02 -9.986879e-01 0.000000e+00
    outer loop
      vertex   1.000000e+01 3.817801e+01 4.999998e+00
      vertex   1.000000e+01 3.817801e+01 3.040000e+01
      vertex   8.595232e+00 3.810598e+01 3.040000e+01
    endloop
  endfacet
  facet normal 5.121075e-02 -9.986879e-01 6.991722e-18
    outer loop
      vertex   1.000000e+01 3.817801e+01 4.999998e+00
      vertex   8.595232e+00 3.810598e+01 3.040000e+01
      vertex   8.595232e+00 3.810598e+01 4.999998e+00
    endloop
  endfacet
  facet normal 1.192442e-01 -9.928650e-01 1.667876e-17
    outer loop
      vertex   8.595232e+00 3.810598e+01 4.999998e+00
      vertex   8.595232e+00 3.810598e+01 3.040000e+01
      vertex   7.198654e+00 3.793825e+01 3.040000e+01
    endloop
  endfacet
  facet normal 1.192442e-01 -9.928650e-01 7.768580e-18
    outer loop
      vertex   8.595232e+00 3.810598e+01 4.999998e+00
      vertex   7.198654e+00 3.793825e+01 3.040000e+01
      vertex   7.198654e+00 3.793825e+01 4.999998e+00
    endloop
  endfacet
  facet normal 1.867217e-01 -9.824128e-01 1.305844e-17
    outer loop
      vertex   7.198654e+00 3.793825e+01 4.999998e+00
      vertex   7.198654e+00 3.793825e+01 3.040000e+01
      vertex   5.816779e+00 3.767560e+01 3.040000e+01
    endloop
  endfacet
  facet normal 1.867217e-01 -9.824128e-01 1.242973e-17
    outer loop
      vertex   7.198654e+00 3.793825e+01 4.999998e+00
      vertex   5.816779e+00 3.767560e+01 3.040000e+01
      vertex   5.816779e+00 3.767560e+01 4.999998e+00
    endloop
  endfacet
  facet normal 2.533287e-01 -9.673803e-01 1.771662e-17
    outer loop
      vertex   5.816779e+00 3.767560e+01 4.999998e+00
      vertex   5.816779e+00 3.767560e+01 3.040000e+01
      vertex   4.456049e+00 3.731927e+01 3.040000e+01
    endloop
  endfacet
  facet normal 2.533287e-01 -9.673803e-01 1.864459e-17
    outer loop
      vertex   5.816779e+00 3.767560e+01 4.999998e+00
      vertex   4.456049e+00 3.731927e+01 3.040000e+01
      vertex   4.456049e+00 3.731927e+01 4.999998e+00
    endloop
  endfacet
  facet normal 3.187545e-01 -9.478373e-01 2.229219e-17
    outer loop
      vertex   4.456049e+00 3.731927e+01 4.999998e+00
      vertex   4.456049e+00 3.731927e+01 3.040000e+01
      vertex   3.122808e+00 3.687090e+01 3.040000e+01
    endloop
  endfacet
  facet normal 3.187545e-01 -9.478373e-01 2.796689e-17
    outer loop
      vertex   4.456049e+00 3.731927e+01 4.999998e+00
      vertex   3.122808e+00 3.687090e+01 3.040000e+01
      vertex   3.122808e+00 3.687090e+01 4.999998e+00
    endloop
  endfacet
  facet normal 3.826941e-01 -9.238751e-01 3.345479e-17
    outer loop
      vertex   3.122808e+00 3.687090e+01 4.999998e+00
      vertex   3.122808e+00 3.687090e+01 3.040000e+01
      vertex   1.823272e+00 3.633260e+01 3.040000e+01
    endloop
  endfacet
  facet normal 3.826941e-01 -9.238751e-01 3.418175e-17
    outer loop
      vertex   3.122808e+00 3.687090e+01 4.999998e+00
      vertex   1.823272e+00 3.633260e+01 3.040000e+01
      vertex   1.823272e+00 3.633260e+01 4.999998e+00
    endloop
  endfacet
  facet normal 4.448494e-01 -8.956054e-01 3.888835e-17
    outer loop
      vertex   1.823272e+00 3.633260e+01 4.999998e+00
      vertex   1.823272e+00 3.633260e+01 3.040000e+01
      vertex   5.635014e-01 3.570687e+01 3.040000e+01
    endloop
  endfacet
  facet normal 4.448494e-01 -8.956054e-01 4.039662e-17
    outer loop
      vertex   1.823272e+00 3.633260e+01 4.999998e+00
      vertex   5.635014e-01 3.570687e+01 3.040000e+01
      vertex   5.635014e-01 3.570687e+01 4.999998e+00
    endloop
  endfacet
  facet normal 5.049306e-01 -8.631599e-01 4.414060e-17
    outer loop
      vertex   5.635014e-01 3.570687e+01 4.999998e+00
      vertex   5.635014e-01 3.570687e+01 3.040000e+01
      vertex   -6.506312e-01 3.499663e+01 3.040000e+01
    endloop
  endfacet
  facet normal 5.049306e-01 -8.631599e-01 4.350405e-17
    outer loop
      vertex   5.635014e-01 3.570687e+01 4.999998e+00
      vertex   -6.506312e-01 3.499663e+01 3.040000e+01
      vertex   -6.506312e-01 3.499663e+01 4.999998e+00
    endloop
  endfacet
  facet normal 5.626576e-01 -8.266900e-01 4.918704e-17
    outer loop
      vertex   -6.506312e-01 3.499663e+01 4.999998e+00
      vertex   -6.506312e-01 3.499663e+01 3.040000e+01
      vertex   -1.813465e+00 3.420518e+01 3.040000e+01
    endloop
  endfacet
  facet normal 5.626576e-01 -8.266900e-01 4.971891e-17
    outer loop
      vertex   -6.506312e-01 3.499663e+01 4.999998e+00
      vertex   -1.813465e+00 3.420518e+01 3.040000e+01
      vertex   -1.813465e+00 3.420518e+01 4.999998e+00
    endloop
  endfacet
  facet normal 6.177613e-01 -7.863657e-01 5.400416e-17
    outer loop
      vertex   -1.813465e+00 3.420518e+01 4.999998e+00
      vertex   -1.813465e+00 3.420518e+01 3.040000e+01
      vertex   -2.919578e+00 3.333623e+01 3.040000e+01
    endloop
  endfacet
  facet normal 6.177613e-01 -7.863657e-01 5.282635e-17
    outer loop
      vertex   -1.813465e+00 3.420518e+01 4.999998e+00
      vertex   -2.919578e+00 3.333623e+01 3.040000e+01
      vertex   -2.919578e+00 3.333623e+01 4.999998e+00
    endloop
  endfacet
  facet normal 6.699846e-01 -7.423750e-01 5.856948e-17
    outer loop
      vertex   -2.919578e+00 3.333623e+01 4.999998e+00
      vertex   -2.919578e+00 3.333623e+01 3.040000e+01
      vertex   -3.963812e+00 3.239382e+01 3.040000e+01
    endloop
  endfacet
  facet normal 6.699846e-01 -7.423750e-01 5.904121e-17
    outer loop
      vertex   -2.919578e+00 3.333623e+01 4.999998e+00
      vertex   -3.963812e+00 3.239382e+01 3.040000e+01
      vertex   -3.963812e+00 3.239382e+01 4.999998e+00
    endloop
  endfacet
  facet normal 7.190842e-01 -6.949230e-01 6.286172e-17
    outer loop
      vertex   -3.963812e+00 3.239382e+01 4.999998e+00
      vertex   -3.963812e+00 3.239382e+01 3.040000e+01
      vertex   -4.941301e+00 3.138235e+01 3.040000e+01
    endloop
  endfacet
  facet normal 7.190842e-01 -6.949230e-01 7.457837e-17
    outer loop
      vertex   -3.963812e+00 3.239382e+01 4.999998e+00
      vertex   -4.941301e+00 3.138235e+01 3.040000e+01
      vertex   -4.941301e+00 3.138235e+01 4.999998e+00
    endloop
  endfacet
  facet normal 7.648311e-01 -6.442309e-01 8.023305e-17
    outer loop
      vertex   -4.941301e+00 3.138235e+01 4.999998e+00
      vertex   -4.941301e+00 3.138235e+01 3.040000e+01
      vertex   -5.847485e+00 3.030653e+01 3.040000e+01
    endloop
  endfacet
  facet normal 7.648311e-01 -6.442309e-01 8.079324e-17
    outer loop
      vertex   -4.941301e+00 3.138235e+01 4.999998e+00
      vertex   -5.847485e+00 3.030653e+01 3.040000e+01
      vertex   -5.847485e+00 3.030653e+01 4.999998e+00
    endloop
  endfacet
  facet normal 8.070119e-01 -5.905351e-01 8.465794e-17
    outer loop
      vertex   -5.847485e+00 3.030653e+01 4.999998e+00
      vertex   -5.847485e+00 3.030653e+01 3.040000e+01
      vertex   -6.678139e+00 2.917137e+01 3.040000e+01
    endloop
  endfacet
  facet normal 8.070119e-01 -5.905351e-01 5.904121e-17
    outer loop
      vertex   -5.847485e+00 3.030653e+01 4.999998e+00
      vertex   -6.678139e+00 2.917137e+01 3.040000e+01
      vertex   -6.678139e+00 2.917137e+01 4.999998e+00
    endloop
  endfacet
  facet normal 8.454302e-01 -5.340860e-01 5.912542e-17
    outer loop
      vertex   -6.678139e+00 2.917137e+01 4.999998e+00
      vertex   -6.678139e+00 2.917137e+01 3.040000e+01
      vertex   -7.429392e+00 2.798218e+01 3.040000e+01
    endloop
  endfacet
  facet normal 8.454302e-01 -5.340860e-01 8.700810e-17
    outer loop
      vertex   -6.678139e+00 2.917137e+01 4.999998e+00
      vertex   -7.429392e+00 2.798218e+01 3.040000e+01
      vertex   -7.429392e+00 2.798218e+01 4.999998e+00
    endloop
  endfacet
  facet normal 8.799066e-01 -4.751467e-01 9.230481e-17
    outer loop
      vertex   -7.429392e+00 2.798218e+01 4.999998e+00
      vertex   -7.429392e+00 2.798218e+01 3.040000e+01
      vertex   -8.097740e+00 2.674449e+01 3.040000e+01
    endloop
  endfacet
  facet normal 8.799066e-01 -4.751467e-01 1.242973e-16
    outer loop
      vertex   -7.429392e+00 2.798218e+01 4.999998e+00
      vertex   -8.097740e+00 2.674449e+01 3.040000e+01
      vertex   -8.097740e+00 2.674449e+01 4.999998e+00
    endloop
  endfacet
  facet normal 9.102805e-01 -4.139921e-01 1.273215e-16
    outer loop
      vertex   -8.097740e+00 2.674449e+01 4.999998e+00
      vertex   -8.097740e+00 2.674449e+01 3.040000e+01
      vertex   -8.680067e+00 2.546408e+01 3.040000e+01
    endloop
  endfacet
  facet normal 9.102805e-01 -4.139921e-01 1.274047e-16
    outer loop
      vertex   -8.097740e+00 2.674449e+01 4.999998e+00
      vertex   -8.680067e+00 2.546408e+01 3.040000e+01
      vertex   -8.680067e+00 2.546408e+01 4.999998e+00
    endloop
  endfacet
  facet normal 9.364102e-01 -3.509073e-01 1.309763e-16
    outer loop
      vertex   -8.680067e+00 2.546408e+01 4.999998e+00
      vertex   -8.680067e+00 2.546408e+01 3.040000e+01
      vertex   -9.173658e+00 2.414691e+01 3.040000e+01
    endloop
  endfacet
  facet normal 9.364102e-01 -3.509073e-01 6.525608e-17
    outer loop
      vertex   -8.680067e+00 2.546408e+01 4.999998e+00
      vertex   -9.173658e+00 2.414691e+01 3.040000e+01
      vertex   -9.173658e+00 2.414691e+01 4.999998e+00
    endloop
  endfacet
  facet normal 9.581740e-01 -2.861863e-01 6.701019e-17
    outer loop
      vertex   -9.173658e+00 2.414691e+01 4.999998e+00
      vertex   -9.173658e+00 2.414691e+01 3.040000e+01
      vertex   -9.576212e+00 2.279913e+01 3.040000e+01
    endloop
  endfacet
  facet normal 9.581740e-01 -2.861863e-01 1.336196e-16
    outer loop
      vertex   -9.173658e+00 2.414691e+01 4.999998e+00
      vertex   -9.576212e+00 2.279913e+01 3.040000e+01
      vertex   -9.576212e+00 2.279913e+01 4.999998e+00
    endloop
  endfacet
  facet normal 9.754703e-01 -2.201310e-01 1.364396e-16
    outer loop
      vertex   -9.576212e+00 2.279913e+01 4.999998e+00
      vertex   -9.576212e+00 2.279913e+01 3.040000e+01
      vertex   -9.885851e+00 2.142702e+01 3.040000e+01
    endloop
  endfacet
  facet normal 9.754703e-01 -2.201310e-01 6.836351e-17
    outer loop
      vertex   -9.576212e+00 2.279913e+01 4.999998e+00
      vertex   -9.885851e+00 2.142702e+01 3.040000e+01
      vertex   -9.885851e+00 2.142702e+01 4.999998e+00
    endloop
  endfacet
  facet normal 9.882185e-01 -1.530494e-01 6.911137e-17
    outer loop
      vertex   -9.885851e+00 2.142702e+01 4.999998e+00
      vertex   -9.885851e+00 2.142702e+01 3.040000e+01
      vertex   -1.010113e+01 2.003698e+01 3.040000e+01
    endloop
  endfacet
  facet normal 9.882185e-01 -1.530494e-01 6.991722e-17
    outer loop
      vertex   -9.885851e+00 2.142702e+01 4.999998e+00
      vertex   -1.010113e+01 2.003698e+01 3.040000e+01
      vertex   -1.010113e+01 2.003698e+01 4.999998e+00
    endloop
  endfacet
  facet normal 9.963592e-01 -8.525421e-02 6.968069e-17
    outer loop
      vertex   -1.010113e+01 2.003698e+01 4.999998e+00
      vertex   -1.010113e+01 2.003698e+01 3.040000e+01
      vertex   -1.022105e+01 1.863549e+01 3.040000e+01
    endloop
  endfacet
  facet normal 9.963592e-01 -8.525421e-02 6.991722e-17
    outer loop
      vertex   -1.010113e+01 2.003698e+01 4.999998e+00
      vertex   -1.022105e+01 1.863549e+01 3.040000e+01
      vertex   -1.022105e+01 1.863549e+01 4.999998e+00
    endloop
  endfacet
  facet normal 9.998544e-01 -1.706151e-02 6.992513e-17
    outer loop
      vertex   -1.022105e+01 1.863549e+01 4.999998e+00
      vertex   -1.022105e+01 1.863549e+01 3.040000e+01
      vertex   -1.024505e+01 1.722908e+01 3.040000e+01
    endloop
  endfacet
  facet normal 9.998544e-01 -1.706151e-02 6.991722e-17
    outer loop
      vertex   -1.022105e+01 1.863549e+01 4.999998e+00
      vertex   -1.024505e+01 1.722908e+01 3.040000e+01
      vertex   -1.024505e+01 1.722908e+01 4.999998e+00
    endloop
  endfacet
  facet normal 9.986879e-01 5.121075e-02 6.984354e-17
    outer loop
      vertex   -1.024505e+01 1.722908e+01 4.999998e+00
      vertex   -1.024505e+01 1.722908e+01 3.040000e+01
      vertex   -1.017302e+01 1.582431e+01 3.040000e+01
    endloop
  endfacet
  facet normal 9.986879e-01 5.121075e-02 6.991722e-17
    outer loop
      vertex   -1.024505e+01 1.722908e+01 4.999998e+00
      vertex   -1.017302e+01 1.582431e+01 3.040000e+01
      vertex   -1.017302e+01 1.582431e+01 4.999998e+00
    endloop
  endfacet
  facet normal 9.928650e-01 1.192442e-01 6.943632e-17
    outer loop
      vertex   -1.017302e+01 1.582431e+01 4.999998e+00
      vertex   -1.017302e+01 1.582431e+01 3.040000e+01
      vertex   -1.000529e+01 1.442773e+01 3.040000e+01
    endloop
  endfacet
  facet normal 9.928650e-01 1.192442e-01 6.914037e-17
    outer loop
      vertex   -1.017302e+01 1.582431e+01 4.999998e+00
      vertex   -1.000529e+01 1.442773e+01 3.040000e+01
      vertex   -1.000529e+01 1.442773e+01 4.999998e+00
    endloop
  endfacet
  facet normal 9.824128e-01 1.867217e-01 6.870535e-17
    outer loop
      vertex   -1.000529e+01 1.442773e+01 4.999998e+00
      vertex   -1.000529e+01 1.442773e+01 3.040000e+01
      vertex   -9.742641e+00 1.304586e+01 3.040000e+01
    endloop
  endfacet
  facet normal 9.824128e-01 1.867217e-01 6.836351e-17
    outer loop
      vertex   -1.000529e+01 1.442773e+01 4.999998e+00
      vertex   -9.742641e+00 1.304586e+01 3.040000e+01
      vertex   -9.742641e+00 1.304586e+01 4.999998e+00
    endloop
  endfacet
  facet normal 9.673803e-01 2.533287e-01 6.765404e-17
    outer loop
      vertex   -9.742641e+00 1.304586e+01 4.999998e+00
      vertex   -9.742641e+00 1.304586e+01 3.040000e+01
      vertex   -9.386306e+00 1.168513e+01 3.040000e+01
    endloop
  endfacet
  facet normal 9.673803e-01 2.533287e-01 6.836351e-17
    outer loop
      vertex   -9.742641e+00 1.304586e+01 4.999998e+00
      vertex   -9.386306e+00 1.168513e+01 3.040000e+01
      vertex   -9.386306e+00 1.168513e+01 4.999998e+00
    endloop
  endfacet
  facet normal 9.478373e-01 3.187545e-01 6.628730e-17
    outer loop
      vertex   -9.386306e+00 1.168513e+01 4.999998e+00
      vertex   -9.386306e+00 1.168513e+01 3.040000e+01
      vertex   -8.937941e+00 1.035188e+01 3.040000e+01
    endloop
  endfacet
  facet normal 9.478373e-01 3.187545e-01 6.836351e-17
    outer loop
      vertex   -9.386306e+00 1.168513e+01 4.999998e+00
      vertex   -8.937941e+00 1.035188e+01 3.040000e+01
      vertex   -8.937941e+00 1.035188e+01 4.999998e+00
    endloop
  endfacet
  facet normal 9.238751e-01 3.826941e-01 6.461149e-17
    outer loop
      vertex   -8.937941e+00 1.035188e+01 4.999998e+00
      vertex   -8.937941e+00 1.035188e+01 3.040000e+01
      vertex   -8.399639e+00 9.052349e+00 3.040000e+01
    endloop
  endfacet
  facet normal 9.238751e-01 3.826941e-01 6.525608e-17
    outer loop
      vertex   -8.937941e+00 1.035188e+01 4.999998e+00
      vertex   -8.399639e+00 9.052349e+00 3.040000e+01
      vertex   -8.399639e+00 9.052349e+00 4.999998e+00
    endloop
  endfacet
  facet normal 8.956054e-01 4.448494e-01 6.263444e-17
    outer loop
      vertex   -8.399639e+00 9.052349e+00 4.999998e+00
      vertex   -8.399639e+00 9.052349e+00 3.040000e+01
      vertex   -7.773907e+00 7.792579e+00 3.040000e+01
    endloop
  endfacet
  facet normal 8.956054e-01 4.448494e-01 6.214864e-17
    outer loop
      vertex   -8.399639e+00 9.052349e+00 4.999998e+00
      vertex   -7.773907e+00 7.792579e+00 3.040000e+01
      vertex   -7.773907e+00 7.792579e+00 4.999998e+00
    endloop
  endfacet
  facet normal 8.631599e-01 5.049306e-01 6.036536e-17
    outer loop
      vertex   -7.773907e+00 7.792579e+00 4.999998e+00
      vertex   -7.773907e+00 7.792579e+00 3.040000e+01
      vertex   -7.063665e+00 6.578446e+00 3.040000e+01
    endloop
  endfacet
  facet normal 8.631599e-01 5.049306e-01 5.904121e-17
    outer loop
      vertex   -7.773907e+00 7.792579e+00 4.999998e+00
      vertex   -7.063665e+00 6.578446e+00 3.040000e+01
      vertex   -7.063665e+00 6.578446e+00 4.999998e+00
    endloop
  endfacet
  facet normal 8.266900e-01 5.626576e-01 5.781482e-17
    outer loop
      vertex   -7.063665e+00 6.578446e+00 4.999998e+00
      vertex   -7.063665e+00 6.578446e+00 3.040000e+01
      vertex   -6.272223e+00 5.415612e+00 3.040000e+01
    endloop
  endfacet
  facet normal 8.266900e-01 5.626576e-01 8.700810e-17
    outer loop
      vertex   -7.063665e+00 6.578446e+00 4.999998e+00
      vertex   -6.272223e+00 5.415612e+00 3.040000e+01
      vertex   -6.272223e+00 5.415612e+00 4.999998e+00
    endloop
  endfacet
  facet normal 7.863657e-01 6.177613e-01 8.249209e-17
    outer loop
      vertex   -6.272223e+00 5.415612e+00 4.999998e+00
      vertex   -6.272223e+00 5.415612e+00 3.040000e+01
      vertex   -5.403271e+00 4.309500e+00 3.040000e+01
    endloop
  endfacet
  facet normal 7.863657e-01 6.177613e-01 5.282635e-17
    outer loop
      vertex   -6.272223e+00 5.415612e+00 4.999998e+00
      vertex   -5.403271e+00 4.309500e+00 3.040000e+01
      vertex   -5.403271e+00 4.309500e+00 4.999998e+00
    endloop
  endfacet
  facet normal 7.423750e-01 6.699846e-01 5.191822e-17
    outer loop
      vertex   -5.403271e+00 4.309500e+00 4.999998e+00
      vertex   -5.403271e+00 4.309500e+00 3.040000e+01
      vertex   -4.460862e+00 3.265265e+00 3.040000e+01
    endloop
  endfacet
  facet normal 7.423750e-01 6.699846e-01 4.971891e-17
    outer loop
      vertex   -5.403271e+00 4.309500e+00 4.999998e+00
      vertex   -4.460862e+00 3.265265e+00 3.040000e+01
      vertex   -4.460862e+00 3.265265e+00 4.999998e+00
    endloop
  endfacet
  facet normal 6.949230e-01 7.190842e-01 4.859965e-17
    outer loop
      vertex   -4.460862e+00 3.265265e+00 4.999998e+00
      vertex   -4.460862e+00 3.265265e+00 3.040000e+01
      vertex   -3.449388e+00 2.287777e+00 3.040000e+01
    endloop
  endfacet
  facet normal 6.949230e-01 7.190842e-01 6.214864e-17
    outer loop
      vertex   -4.460862e+00 3.265265e+00 4.999998e+00
      vertex   -3.449388e+00 2.287777e+00 3.040000e+01
      vertex   -3.449388e+00 2.287777e+00 4.999998e+00
    endloop
  endfacet
  facet normal 6.442309e-01 7.648311e-01 5.631811e-17
    outer loop
      vertex   -3.449388e+00 2.287777e+00 4.999998e+00
      vertex   -3.449388e+00 2.287777e+00 3.040000e+01
      vertex   -2.373566e+00 1.381593e+00 3.040000e+01
    endloop
  endfacet
  facet normal 6.442309e-01 7.648311e-01 5.593378e-17
    outer loop
      vertex   -3.449388e+00 2.287777e+00 4.999998e+00
      vertex   -2.373566e+00 1.381593e+00 3.040000e+01
      vertex   -2.373566e+00 1.381593e+00 4.999998e+00
    endloop
  endfacet
  facet normal 5.905351e-01 8.070119e-01 5.162407e-17
    outer loop
      vertex   -2.373566e+00 1.381593e+00 4.999998e+00
      vertex   -2.373566e+00 1.381593e+00 3.040000e+01
      vertex   -1.238412e+00 5.509378e-01 3.040000e+01
    endloop
  endfacet
  facet normal 5.905351e-01 8.070119e-01 4.971891e-17
    outer loop
      vertex   -2.373566e+00 1.381593e+00 4.999998e+00
      vertex   -1.238412e+00 5.509378e-01 3.040000e+01
      vertex   -1.238412e+00 5.509378e-01 4.999998e+00
    endloop
  endfacet
  facet normal 5.340860e-01 8.454302e-01 4.668934e-17
    outer loop
      vertex   -1.238412e+00 5.509378e-01 4.999998e+00
      vertex   -1.238412e+00 5.509378e-01 3.040000e+01
      vertex   -4.921851e-02 -2.003150e-01 3.040000e+01
    endloop
  endfacet
  facet normal 5.340860e-01 8.454302e-01 4.661148e-17
    outer loop
      vertex   -1.238412e+00 5.509378e-01 4.999998e+00
      vertex   -4.921851e-02 -2.003150e-01 3.040000e+01
      vertex   -4.921851e-02 -2.003150e-01 4.999998e+00
    endloop
  endfacet
  facet normal 4.751467e-01 8.799066e-01 4.153692e-17
    outer loop
      vertex   -4.921851e-02 -2.003150e-01 4.999998e+00
      vertex   -4.921851e-02 -2.003150e-01 3.040000e+01
      vertex   1.188470e+00 -8.686629e-01 3.040000e+01
    endloop
  endfacet
  facet normal 4.751467e-01 8.799066e-01 4.039662e-17
    outer loop
      vertex   -4.921851e-02 -2.003150e-01 4.999998e+00
      vertex   1.188470e+00 -8.686629e-01 3.040000e+01
      vertex   1.188470e+00 -8.686629e-01 4.999998e+00
    endloop
  endfacet
  facet normal 4.139921e-01 9.102805e-01 3.619083e-17
    outer loop
      vertex   1.188470e+00 -8.686629e-01 4.999998e+00
      vertex   1.188470e+00 -8.686629e-01 3.040000e+01
      vertex   2.468883e+00 -1.450990e+00 3.040000e+01
    endloop
  endfacet
  facet normal 4.139921e-01 9.102805e-01 2.796689e-17
    outer loop
      vertex   1.188470e+00 -8.686629e-01 4.999998e+00
      vertex   2.468883e+00 -1.450990e+00 3.040000e+01
      vertex   2.468883e+00 -1.450990e+00 4.999998e+00
    endloop
  endfacet
  facet normal 3.509073e-01 9.364102e-01 2.454081e-17
    outer loop
      vertex   2.468883e+00 -1.450990e+00 4.999998e+00
      vertex   2.468883e+00 -1.450990e+00 3.040000e+01
      vertex   3.786051e+00 -1.944581e+00 3.040000e+01
    endloop
  endfacet
  facet normal 3.509073e-01 9.364102e-01 3.107432e-17
    outer loop
      vertex   2.468883e+00 -1.450990e+00 4.999998e+00
      vertex   3.786051e+00 -1.944581e+00 3.040000e+01
      vertex   3.786051e+00 -1.944581e+00 4.999998e+00
    endloop
  endfacet
  facet normal 2.861863e-01 9.581740e-01 2.501816e-17
    outer loop
      vertex   3.786051e+00 -1.944581e+00 4.999998e+00
      vertex   3.786051e+00 -1.944581e+00 3.040000e+01
      vertex   5.133831e+00 -2.347134e+00 3.040000e+01
    endloop
  endfacet
  facet normal 2.861863e-01 9.581740e-01 1.864459e-17
    outer loop
      vertex   3.786051e+00 -1.944581e+00 4.999998e+00
      vertex   5.133831e+00 -2.347134e+00 3.040000e+01
      vertex   5.133831e+00 -2.347134e+00 4.999998e+00
    endloop
  endfacet
  facet normal 2.201310e-01 9.754703e-01 1.539493e-17
    outer loop
      vertex   5.133831e+00 -2.347134e+00 4.999998e+00
      vertex   5.133831e+00 -2.347134e+00 3.040000e+01
      vertex   6.505941e+00 -2.656774e+00 3.040000e+01
    endloop
  endfacet
  facet normal 2.201310e-01 9.754703e-01 1.553716e-17
    outer loop
      vertex   5.133831e+00 -2.347134e+00 4.999998e+00
      vertex   6.505941e+00 -2.656774e+00 3.040000e+01
      vertex   6.505941e+00 -2.656774e+00 4.999998e+00
    endloop
  endfacet
  facet normal 1.530494e-01 9.882185e-01 1.070356e-17
    outer loop
      vertex   6.505941e+00 -2.656774e+00 4.999998e+00
      vertex   6.505941e+00 -2.656774e+00 3.040000e+01
      vertex   7.895983e+00 -2.872055e+00 3.040000e+01
    endloop
  endfacet
  facet normal 1.530494e-01 9.882185e-01 1.087601e-17
    outer loop
      vertex   6.505941e+00 -2.656774e+00 4.999998e+00
      vertex   7.895983e+00 -2.872055e+00 3.040000e+01
      vertex   7.895983e+00 -2.872055e+00 4.999998e+00
    endloop
  endfacet
  facet normal 8.525421e-02 9.963592e-01 5.962280e-18
    outer loop
      vertex   7.895983e+00 -2.872055e+00 4.999998e+00
      vertex   7.895983e+00 -2.872055e+00 3.040000e+01
      vertex   9.297476e+00 -2.991975e+00 3.040000e+01
    endloop
  endfacet
  facet normal 8.525421e-02 9.963592e-01 6.214864e-18
    outer loop
      vertex   7.895983e+00 -2.872055e+00 4.999998e+00
      vertex   9.297476e+00 -2.991975e+00 3.040000e+01
      vertex   9.297476e+00 -2.991975e+00 4.999998e+00
    endloop
  endfacet
  facet normal 1.706151e-02 9.998544e-01 1.193202e-18
    outer loop
      vertex   9.297476e+00 -2.991975e+00 4.999998e+00
      vertex   9.297476e+00 -2.991975e+00 3.040000e+01
      vertex   1.070388e+01 -3.015974e+00 3.040000e+01
    endloop
  endfacet
  facet normal 1.706151e-02 9.998544e-01 1.165287e-18
    outer loop
      vertex   9.297476e+00 -2.991975e+00 4.999998e+00
      vertex   1.070388e+01 -3.015974e+00 3.040000e+01
      vertex   1.070388e+01 -3.015974e+00 4.999998e+00
    endloop
  endfacet
  facet normal -5.121075e-02 9.986879e-01 -3.581439e-18
    outer loop
      vertex   1.070388e+01 -3.015974e+00 4.999998e+00
      vertex   1.070388e+01 -3.015974e+00 3.040000e+01
      vertex   1.210865e+01 -2.943940e+00 3.040000e+01
    endloop
  endfacet
  facet normal -5.121075e-02 9.986879e-01 -7.380151e-18
    outer loop
      vertex   1.070388e+01 -3.015974e+00 4.999998e+00
      vertex   1.210865e+01 -2.943940e+00 3.040000e+01
      vertex   1.210865e+01 -2.943940e+00 4.999998e+00
    endloop
  endfacet
  facet normal -1.192442e-01 9.928650e-01 -1.667876e-17
    outer loop
      vertex   1.210865e+01 -2.943940e+00 4.999998e+00
      vertex   1.210865e+01 -2.943940e+00 3.040000e+01
      vertex   1.350523e+01 -2.776210e+00 3.040000e+01
    endloop
  endfacet
  facet normal -1.192442e-01 9.928650e-01 0.000000e+00
    outer loop
      vertex   1.210865e+01 -2.943940e+00 4.999998e+00
      vertex   1.350523e+01 -2.776210e+00 3.040000e+01
      vertex   1.350523e+01 -2.776210e+00 4.999998e+00
    endloop
  endfacet
  facet normal -1.867217e-01 9.824128e-01 0.000000e+00
    outer loop
      vertex   1.350523e+01 -2.776210e+00 4.999998e+00
      vertex   1.350523e+01 -2.776210e+00 3.040000e+01
      vertex   1.488711e+01 -2.513564e+00 3.040000e+01
    endloop
  endfacet
  facet normal -1.867217e-01 9.824128e-01 -2.641317e-17
    outer loop
      vertex   1.350523e+01 -2.776210e+00 4.999998e+00
      vertex   1.488711e+01 -2.513564e+00 3.040000e+01
      vertex   1.488711e+01 -2.513564e+00 4.999998e+00
    endloop
  endfacet
  facet normal -2.533287e-01 9.673803e-01 -3.543324e-17
    outer loop
      vertex   1.488711e+01 -2.513564e+00 4.999998e+00
      vertex   1.488711e+01 -2.513564e+00 3.040000e+01
      vertex   1.624784e+01 -2.157229e+00 3.040000e+01
    endloop
  endfacet
  facet normal -2.533287e-01 9.673803e-01 -3.573547e-17
    outer loop
      vertex   1.488711e+01 -2.513564e+00 4.999998e+00
      vertex   1.624784e+01 -2.157229e+00 3.040000e+01
      vertex   1.624784e+01 -2.157229e+00 4.999998e+00
    endloop
  endfacet
  facet normal -3.187545e-01 9.478373e-01 -4.458439e-17
    outer loop
      vertex   1.624784e+01 -2.157229e+00 4.999998e+00
      vertex   1.624784e+01 -2.157229e+00 3.040000e+01
      vertex   1.758108e+01 -1.708864e+00 3.040000e+01
    endloop
  endfacet
  facet normal -3.187545e-01 9.478373e-01 -4.661148e-17
    outer loop
      vertex   1.624784e+01 -2.157229e+00 4.999998e+00
      vertex   1.758108e+01 -1.708864e+00 3.040000e+01
      vertex   1.758108e+01 -1.708864e+00 4.999998e+00
    endloop
  endfacet
  facet normal -3.826941e-01 9.238751e-01 -5.352766e-17
    outer loop
      vertex   1.758108e+01 -1.708864e+00 4.999998e+00
      vertex   1.758108e+01 -1.708864e+00 3.040000e+01
      vertex   1.888061e+01 -1.170561e+00 3.040000e+01
    endloop
  endfacet
  facet normal -3.826941e-01 9.238751e-01 0.000000e+00
    outer loop
      vertex   1.758108e+01 -1.708864e+00 4.999998e+00
      vertex   1.888061e+01 -1.170561e+00 3.040000e+01
      vertex   1.888061e+01 -1.170561e+00 4.999998e+00
    endloop
  endfacet
  facet normal -4.448494e-01 8.956054e-01 0.000000e+00
    outer loop
      vertex   1.888061e+01 -1.170561e+00 4.999998e+00
      vertex   1.888061e+01 -1.170561e+00 3.040000e+01
      vertex   2.014038e+01 -5.448302e-01 3.040000e+01
    endloop
  endfacet
  facet normal -4.448494e-01 8.956054e-01 -1.242973e-16
    outer loop
      vertex   1.888061e+01 -1.170561e+00 4.999998e+00
      vertex   2.014038e+01 -5.448302e-01 3.040000e+01
      vertex   2.014038e+01 -5.448302e-01 4.999998e+00
    endloop
  endfacet
  facet normal -5.049306e-01 8.631599e-01 -1.412499e-16
    outer loop
      vertex   2.014038e+01 -5.448302e-01 4.999998e+00
      vertex   2.014038e+01 -5.448302e-01 3.040000e+01
      vertex   2.135452e+01 1.654122e-01 3.040000e+01
    endloop
  endfacet
  facet normal -5.049306e-01 8.631599e-01 -1.429419e-16
    outer loop
      vertex   2.014038e+01 -5.448302e-01 4.999998e+00
      vertex   2.135452e+01 1.654122e-01 3.040000e+01
      vertex   2.135452e+01 1.654122e-01 4.999998e+00
    endloop
  endfacet
  facet normal -5.626576e-01 8.266900e-01 -1.573985e-16
    outer loop
      vertex   2.135452e+01 1.654122e-01 4.999998e+00
      vertex   2.135452e+01 1.654122e-01 3.040000e+01
      vertex   2.251735e+01 9.568542e-01 3.040000e+01
    endloop
  endfacet
  facet normal -5.626576e-01 8.266900e-01 0.000000e+00
    outer loop
      vertex   2.135452e+01 1.654122e-01 4.999998e+00
      vertex   2.251735e+01 9.568542e-01 3.040000e+01
      vertex   2.251735e+01 9.568542e-01 4.999998e+00
    endloop
  endfacet
  facet normal -6.177613e-01 7.863657e-01 0.000000e+00
    outer loop
      vertex   2.251735e+01 9.568542e-01 4.999998e+00
      vertex   2.251735e+01 9.568542e-01 3.040000e+01
      vertex   2.362346e+01 1.825806e+00 3.040000e+01
    endloop
  endfacet
  facet normal -6.177613e-01 7.863657e-01 -8.700810e-17
    outer loop
      vertex   2.251735e+01 9.568542e-01 4.999998e+00
      vertex   2.362346e+01 1.825806e+00 3.040000e+01
      vertex   2.362346e+01 1.825806e+00 4.999998e+00
    endloop
  endfacet
  facet normal -6.699846e-01 7.423750e-01 -9.371116e-17
    outer loop
      vertex   2.362346e+01 1.825806e+00 4.999998e+00
      vertex   2.362346e+01 1.825806e+00 3.040000e+01
      vertex   2.466770e+01 2.768215e+00 3.040000e+01
    endloop
  endfacet
  facet normal -6.699846e-01 7.423750e-01 0.000000e+00
    outer loop
      vertex   2.362346e+01 1.825806e+00 4.999998e+00
      vertex   2.466770e+01 2.768215e+00 3.040000e+01
      vertex   2.466770e+01 2.768215e+00 4.999998e+00
    endloop
  endfacet
  facet normal -7.190842e-01 6.949230e-01 0.000000e+00
    outer loop
      vertex   2.466770e+01 2.768215e+00 4.999998e+00
      vertex   2.466770e+01 2.768215e+00 3.040000e+01
      vertex   2.564519e+01 3.779689e+00 3.040000e+01
    endloop
  endfacet
  facet normal -7.190842e-01 6.949230e-01 -9.943783e-17
    outer loop
      vertex   2.466770e+01 2.768215e+00 4.999998e+00
      vertex   2.564519e+01 3.779689e+00 3.040000e+01
      vertex   2.564519e+01 3.779689e+00 4.999998e+00
    endloop
  endfacet
  facet normal -7.648311e-01 6.442309e-01 -1.069774e-16
    outer loop
      vertex   2.564519e+01 3.779689e+00 4.999998e+00
      vertex   2.564519e+01 3.779689e+00 3.040000e+01
      vertex   2.655137e+01 4.855511e+00 3.040000e+01
    endloop
  endfacet
  facet normal -7.648311e-01 6.442309e-01 -2.144128e-16
    outer loop
      vertex   2.564519e+01 3.779689e+00 4.999998e+00
      vertex   2.655137e+01 4.855511e+00 3.040000e+01
      vertex   2.655137e+01 4.855511e+00 4.999998e+00
    endloop
  endfacet
  facet normal -8.070119e-01 5.905351e-01 -2.257545e-16
    outer loop
      vertex   2.655137e+01 4.855511e+00 4.999998e+00
      vertex   2.655137e+01 4.855511e+00 3.040000e+01
      vertex   2.738202e+01 5.990665e+00 3.040000e+01
    endloop
  endfacet
  facet normal -8.070119e-01 5.905351e-01 0.000000e+00
    outer loop
      vertex   2.655137e+01 4.855511e+00 4.999998e+00
      vertex   2.738202e+01 5.990665e+00 3.040000e+01
      vertex   2.738202e+01 5.990665e+00 4.999998e+00
    endloop
  endfacet
  facet normal -8.454302e-01 5.340860e-01 0.000000e+00
    outer loop
      vertex   2.738202e+01 5.990665e+00 4.999998e+00
      vertex   2.738202e+01 5.990665e+00 3.040000e+01
      vertex   2.813328e+01 7.179859e+00 3.040000e+01
    endloop
  endfacet
  facet normal -8.454302e-01 5.340860e-01 -1.180824e-16
    outer loop
      vertex   2.738202e+01 5.990665e+00 4.999998e+00
      vertex   2.813328e+01 7.179859e+00 3.040000e+01
      vertex   2.813328e+01 7.179859e+00 4.999998e+00
    endloop
  endfacet
  facet normal -8.799066e-01 4.751467e-01 -1.230731e-16
    outer loop
      vertex   2.813328e+01 7.179859e+00 4.999998e+00
      vertex   2.813328e+01 7.179859e+00 3.040000e+01
      vertex   2.880162e+01 8.417547e+00 3.040000e+01
    endloop
  endfacet
  facet normal -8.799066e-01 4.751467e-01 -1.242973e-16
    outer loop
      vertex   2.813328e+01 7.179859e+00 4.999998e+00
      vertex   2.880162e+01 8.417547e+00 3.040000e+01
      vertex   2.880162e+01 8.417547e+00 4.999998e+00
    endloop
  endfacet
  facet normal -9.102805e-01 4.139921e-01 -1.273215e-16
    outer loop
      vertex   2.880162e+01 8.417547e+00 4.999998e+00
      vertex   2.880162e+01 8.417547e+00 3.040000e+01
      vertex   2.938395e+01 9.697960e+00 3.040000e+01
    endloop
  endfacet
  facet normal -9.102805e-01 4.139921e-01 0.000000e+00
    outer loop
      vertex   2.880162e+01 8.417547e+00 4.999998e+00
      vertex   2.938395e+01 9.697960e+00 3.040000e+01
      vertex   2.938395e+01 9.697960e+00 4.999998e+00
    endloop
  endfacet
  facet normal -9.364102e-01 3.509073e-01 0.000000e+00
    outer loop
      vertex   2.938395e+01 9.697960e+00 4.999998e+00
      vertex   2.938395e+01 9.697960e+00 3.040000e+01
      vertex   2.987754e+01 1.101513e+01 3.040000e+01
    endloop
  endfacet
  facet normal -9.364102e-01 3.509073e-01 -1.305122e-16
    outer loop
      vertex   2.938395e+01 9.697960e+00 4.999998e+00
      vertex   2.987754e+01 1.101513e+01 3.040000e+01
      vertex   2.987754e+01 1.101513e+01 4.999998e+00
    endloop
  endfacet
  facet normal -9.581740e-01 2.861863e-01 -1.340204e-16
    outer loop
      vertex   2.987754e+01 1.101513e+01 4.999998e+00
      vertex   2.987754e+01 1.101513e+01 3.040000e+01
      vertex   3.028010e+01 1.236291e+01 3.040000e+01
    endloop
  endfacet
  facet normal -9.581740e-01 2.861863e-01 0.000000e+00
    outer loop
      vertex   2.987754e+01 1.101513e+01 4.999998e+00
      vertex   3.028010e+01 1.236291e+01 3.040000e+01
      vertex   3.028010e+01 1.236291e+01 4.999998e+00
    endloop
  endfacet
  facet normal -9.754703e-01 2.201310e-01 0.000000e+00
    outer loop
      vertex   3.028010e+01 1.236291e+01 4.999998e+00
      vertex   3.028010e+01 1.236291e+01 3.040000e+01
      vertex   3.058974e+01 1.373502e+01 3.040000e+01
    endloop
  endfacet
  facet normal -9.754703e-01 2.201310e-01 0.000000e+00
    outer loop
      vertex   3.028010e+01 1.236291e+01 4.999998e+00
      vertex   3.058974e+01 1.373502e+01 3.040000e+01
      vertex   3.058974e+01 1.373502e+01 4.999998e+00
    endloop
  endfacet
  facet normal -9.882185e-01 1.530494e-01 0.000000e+00
    outer loop
      vertex   3.058974e+01 1.373502e+01 4.999998e+00
      vertex   3.058974e+01 1.373502e+01 3.040000e+01
      vertex   3.080502e+01 1.512506e+01 3.040000e+01
    endloop
  endfacet
  facet normal -9.882185e-01 1.530494e-01 -2.765615e-16
    outer loop
      vertex   3.058974e+01 1.373502e+01 4.999998e+00
      vertex   3.080502e+01 1.512506e+01 3.040000e+01
      vertex   3.080502e+01 1.512506e+01 4.999998e+00
    endloop
  endfacet
  facet normal -9.963592e-01 8.525421e-02 -2.787228e-16
    outer loop
      vertex   3.080502e+01 1.512506e+01 4.999998e+00
      vertex   3.080502e+01 1.512506e+01 3.040000e+01
      vertex   3.092494e+01 1.652655e+01 3.040000e+01
    endloop
  endfacet
  facet normal -9.963592e-01 8.525421e-02 0.000000e+00
    outer loop
      vertex   3.080502e+01 1.512506e+01 4.999998e+00
      vertex   3.092494e+01 1.652655e+01 3.040000e+01
      vertex   3.092494e+01 1.652655e+01 4.999998e+00
    endloop
  endfacet
  facet normal -9.998544e-01 1.706151e-02 0.000000e+00
    outer loop
      vertex   3.092494e+01 1.652655e+01 4.999998e+00
      vertex   3.092494e+01 1.652655e+01 3.040000e+01
      vertex   3.094894e+01 1.793296e+01 3.040000e+01
    endloop
  endfacet
  facet normal -9.998544e-01 1.706151e-02 0.000000e+00
    outer loop
      vertex   3.092494e+01 1.652655e+01 4.999998e+00
      vertex   3.094894e+01 1.793296e+01 3.040000e+01
      vertex   3.094894e+01 1.793296e+01 4.999998e+00
    endloop
  endfacet
  facet normal -9.986879e-01 -5.121075e-02 0.000000e+00
    outer loop
      vertex   3.094894e+01 1.793296e+01 4.999998e+00
      vertex   3.094894e+01 1.793296e+01 3.040000e+01
      vertex   3.087690e+01 1.933773e+01 3.040000e+01
    endloop
  endfacet
  facet normal -9.986879e-01 -5.121075e-02 0.000000e+00
    outer loop
      vertex   3.094894e+01 1.793296e+01 4.999998e+00
      vertex   3.087690e+01 1.933773e+01 3.040000e+01
      vertex   3.087690e+01 1.933773e+01 4.999998e+00
    endloop
  endfacet
  facet normal -9.928650e-01 -1.192442e-01 0.000000e+00
    outer loop
      vertex   3.087690e+01 1.933773e+01 4.999998e+00
      vertex   3.087690e+01 1.933773e+01 3.040000e+01
      vertex   3.070917e+01 2.073431e+01 3.040000e+01
    endloop
  endfacet
  facet normal -9.928650e-01 -1.192442e-01 -1.390576e-16
    outer loop
      vertex   3.087690e+01 1.933773e+01 4.999998e+00
      vertex   3.070917e+01 2.073431e+01 3.040000e+01
      vertex   3.070917e+01 2.073431e+01 4.999998e+00
    endloop
  endfacet
  facet normal -9.824128e-01 -1.867217e-01 -1.374107e-16
    outer loop
      vertex   3.070917e+01 2.073431e+01 4.999998e+00
      vertex   3.070917e+01 2.073431e+01 3.040000e+01
      vertex   3.044653e+01 2.211618e+01 3.040000e+01
    endloop
  endfacet
  facet normal -9.824128e-01 -1.867217e-01 -1.382807e-16
    outer loop
      vertex   3.070917e+01 2.073431e+01 4.999998e+00
      vertex   3.044653e+01 2.211618e+01 3.040000e+01
      vertex   3.044653e+01 2.211618e+01 4.999998e+00
    endloop
  endfacet
  facet normal -9.673803e-01 -2.533287e-01 -1.353081e-16
    outer loop
      vertex   3.044653e+01 2.211618e+01 4.999998e+00
      vertex   3.044653e+01 2.211618e+01 3.040000e+01
      vertex   3.009019e+01 2.347691e+01 3.040000e+01
    endloop
  endfacet
  facet normal -9.673803e-01 -2.533287e-01 0.000000e+00
    outer loop
      vertex   3.044653e+01 2.211618e+01 4.999998e+00
      vertex   3.009019e+01 2.347691e+01 3.040000e+01
      vertex   3.009019e+01 2.347691e+01 4.999998e+00
    endloop
  endfacet
  facet normal -9.478373e-01 -3.187545e-01 0.000000e+00
    outer loop
      vertex   3.009019e+01 2.347691e+01 4.999998e+00
      vertex   3.009019e+01 2.347691e+01 3.040000e+01
      vertex   2.964183e+01 2.481015e+01 3.040000e+01
    endloop
  endfacet
  facet normal -9.478373e-01 -3.187545e-01 -1.336196e-16
    outer loop
      vertex   3.009019e+01 2.347691e+01 4.999998e+00
      vertex   2.964183e+01 2.481015e+01 3.040000e+01
      vertex   2.964183e+01 2.481015e+01 4.999998e+00
    endloop
  endfacet
  facet normal -9.238751e-01 -3.826941e-01 -1.292230e-16
    outer loop
      vertex   2.964183e+01 2.481015e+01 4.999998e+00
      vertex   2.964183e+01 2.481015e+01 3.040000e+01
      vertex   2.910352e+01 2.610969e+01 3.040000e+01
    endloop
  endfacet
  facet normal -9.238751e-01 -3.826941e-01 0.000000e+00
    outer loop
      vertex   2.964183e+01 2.481015e+01 4.999998e+00
      vertex   2.910352e+01 2.610969e+01 3.040000e+01
      vertex   2.910352e+01 2.610969e+01 4.999998e+00
    endloop
  endfacet
  facet normal -8.956054e-01 -4.448494e-01 0.000000e+00
    outer loop
      vertex   2.910352e+01 2.610969e+01 4.999998e+00
      vertex   2.910352e+01 2.610969e+01 3.040000e+01
      vertex   2.847779e+01 2.736946e+01 3.040000e+01
    endloop
  endfacet
  facet normal -8.956054e-01 -4.448494e-01 0.000000e+00
    outer loop
      vertex   2.910352e+01 2.610969e+01 4.999998e+00
      vertex   2.847779e+01 2.736946e+01 3.040000e+01
      vertex   2.847779e+01 2.736946e+01 4.999998e+00
    endloop
  endfacet
  facet normal -8.631599e-01 -5.049306e-01 0.000000e+00
    outer loop
      vertex   2.847779e+01 2.736946e+01 4.999998e+00
      vertex   2.847779e+01 2.736946e+01 3.040000e+01
      vertex   2.776755e+01 2.858359e+01 3.040000e+01
    endloop
  endfacet
  facet normal -8.631599e-01 -5.049306e-01 0.000000e+00
    outer loop
      vertex   2.847779e+01 2.736946e+01 4.999998e+00
      vertex   2.776755e+01 2.858359e+01 3.040000e+01
      vertex   2.776755e+01 2.858359e+01 4.999998e+00
    endloop
  endfacet
  facet normal -8.266900e-01 -5.626576e-01 0.000000e+00
    outer loop
      vertex   2.776755e+01 2.858359e+01 4.999998e+00
      vertex   2.776755e+01 2.858359e+01 3.040000e+01
      vertex   2.697611e+01 2.974643e+01 3.040000e+01
    endloop
  endfacet
  facet normal -8.266900e-01 -5.626576e-01 0.000000e+00
    outer loop
      vertex   2.776755e+01 2.858359e+01 4.999998e+00
      vertex   2.697611e+01 2.974643e+01 3.040000e+01
      vertex   2.697611e+01 2.974643e+01 4.999998e+00
    endloop
  endfacet
  facet normal -7.863657e-01 -6.177613e-01 0.000000e+00
    outer loop
      vertex   2.697611e+01 2.974643e+01 4.999998e+00
      vertex   2.697611e+01 2.974643e+01 3.040000e+01
      vertex   2.610716e+01 3.085254e+01 3.040000e+01
    endloop
  endfacet
  facet normal -7.863657e-01 -6.177613e-01 -1.087601e-16
    outer loop
      vertex   2.697611e+01 2.974643e+01 4.999998e+00
      vertex   2.610716e+01 3.085254e+01 3.040000e+01
      vertex   2.610716e+01 3.085254e+01 4.999998e+00
    endloop
  endfacet
  facet normal -7.423750e-01 -6.699846e-01 -1.038364e-16
    outer loop
      vertex   2.610716e+01 3.085254e+01 4.999998e+00
      vertex   2.610716e+01 3.085254e+01 3.040000e+01
      vertex   2.516475e+01 3.189677e+01 3.040000e+01
    endloop
  endfacet
  facet normal -7.423750e-01 -6.699846e-01 -2.081980e-16
    outer loop
      vertex   2.610716e+01 3.085254e+01 4.999998e+00
      vertex   2.516475e+01 3.189677e+01 3.040000e+01
      vertex   2.516475e+01 3.189677e+01 4.999998e+00
    endloop
  endfacet
  facet normal -6.949230e-01 -7.190842e-01 -1.943986e-16
    outer loop
      vertex   2.516475e+01 3.189677e+01 4.999998e+00
      vertex   2.516475e+01 3.189677e+01 3.040000e+01
      vertex   2.415327e+01 3.287426e+01 3.040000e+01
    endloop
  endfacet
  facet normal -6.949230e-01 -7.190842e-01 0.000000e+00
    outer loop
      vertex   2.516475e+01 3.189677e+01 4.999998e+00
      vertex   2.415327e+01 3.287426e+01 3.040000e+01
      vertex   2.415327e+01 3.287426e+01 4.999998e+00
    endloop
  endfacet
  facet normal -6.442309e-01 -7.648311e-01 0.000000e+00
    outer loop
      vertex   2.415327e+01 3.287426e+01 4.999998e+00
      vertex   2.415327e+01 3.287426e+01 3.040000e+01
      vertex   2.307745e+01 3.378045e+01 3.040000e+01
    endloop
  endfacet
  facet normal -6.442309e-01 -7.648311e-01 -9.011553e-17
    outer loop
      vertex   2.415327e+01 3.287426e+01 4.999998e+00
      vertex   2.307745e+01 3.378045e+01 3.040000e+01
      vertex   2.307745e+01 3.378045e+01 4.999998e+00
    endloop
  endfacet
  facet normal -5.905351e-01 -8.070119e-01 -8.259851e-17
    outer loop
      vertex   2.307745e+01 3.378045e+01 4.999998e+00
      vertex   2.307745e+01 3.378045e+01 3.040000e+01
      vertex   2.194230e+01 3.461110e+01 3.040000e+01
    endloop
  endfacet
  facet normal -5.905351e-01 -8.070119e-01 -8.079324e-17
    outer loop
      vertex   2.307745e+01 3.378045e+01 4.999998e+00
      vertex   2.194230e+01 3.461110e+01 3.040000e+01
      vertex   2.194230e+01 3.461110e+01 4.999998e+00
    endloop
  endfacet
  facet normal -5.340860e-01 -8.454302e-01 -7.470294e-17
    outer loop
      vertex   2.194230e+01 3.461110e+01 4.999998e+00
      vertex   2.194230e+01 3.461110e+01 3.040000e+01
      vertex   2.075310e+01 3.536235e+01 3.040000e+01
    endloop
  endfacet
  facet normal -5.340860e-01 -8.454302e-01 0.000000e+00
    outer loop
      vertex   2.194230e+01 3.461110e+01 4.999998e+00
      vertex   2.075310e+01 3.536235e+01 3.040000e+01
      vertex   2.075310e+01 3.536235e+01 4.999998e+00
    endloop
  endfacet
  facet normal -4.751467e-01 -8.799066e-01 0.000000e+00
    outer loop
      vertex   2.075310e+01 3.536235e+01 4.999998e+00
      vertex   2.075310e+01 3.536235e+01 3.040000e+01
      vertex   1.951541e+01 3.603070e+01 3.040000e+01
    endloop
  endfacet
  facet normal -4.751467e-01 -8.799066e-01 0.000000e+00
    outer loop
      vertex   2.075310e+01 3.536235e+01 4.999998e+00
      vertex   1.951541e+01 3.603070e+01 3.040000e+01
      vertex   1.951541e+01 3.603070e+01 4.999998e+00
    endloop
  endfacet
  facet normal -4.139921e-01 -9.102805e-01 0.000000e+00
    outer loop
      vertex   1.951541e+01 3.603070e+01 4.999998e+00
      vertex   1.951541e+01 3.603070e+01 3.040000e+01
      vertex   1.823500e+01 3.661303e+01 3.040000e+01
    endloop
  endfacet
  facet normal -4.139921e-01 -9.102805e-01 0.000000e+00
    outer loop
      vertex   1.951541e+01 3.603070e+01 4.999998e+00
      vertex   1.823500e+01 3.661303e+01 3.040000e+01
      vertex   1.823500e+01 3.661303e+01 4.999998e+00
    endloop
  endfacet
  facet normal -3.509073e-01 -9.364102e-01 0.000000e+00
    outer loop
      vertex   1.823500e+01 3.661303e+01 4.999998e+00
      vertex   1.823500e+01 3.661303e+01 3.040000e+01
      vertex   1.691783e+01 3.710662e+01 3.040000e+01
    endloop
  endfacet
  facet normal -3.509073e-01 -9.364102e-01 -4.971891e-17
    outer loop
      vertex   1.823500e+01 3.661303e+01 4.999998e+00
      vertex   1.691783e+01 3.710662e+01 3.040000e+01
      vertex   1.691783e+01 3.710662e+01 4.999998e+00
    endloop
  endfacet
  facet normal -2.861863e-01 -9.581740e-01 -4.002906e-17
    outer loop
      vertex   1.691783e+01 3.710662e+01 4.999998e+00
      vertex   1.691783e+01 3.710662e+01 3.040000e+01
      vertex   1.557005e+01 3.750917e+01 3.040000e+01
    endloop
  endfacet
  facet normal -2.861863e-01 -9.581740e-01 -2.175203e-17
    outer loop
      vertex   1.691783e+01 3.710662e+01 4.999998e+00
      vertex   1.557005e+01 3.750917e+01 3.040000e+01
      vertex   1.557005e+01 3.750917e+01 4.999998e+00
    endloop
  endfacet
  facet normal -2.201310e-01 -9.754703e-01 -1.539493e-17
    outer loop
      vertex   1.557005e+01 3.750917e+01 4.999998e+00
      vertex   1.557005e+01 3.750917e+01 3.040000e+01
      vertex   1.419794e+01 3.781881e+01 3.040000e+01
    endloop
  endfacet
  facet normal -2.201310e-01 -9.754703e-01 -1.553716e-17
    outer loop
      vertex   1.557005e+01 3.750917e+01 4.999998e+00
      vertex   1.419794e+01 3.781881e+01 3.040000e+01
      vertex   1.419794e+01 3.781881e+01 4.999998e+00
    endloop
  endfacet
  facet normal -1.530494e-01 -9.882185e-01 -1.070356e-17
    outer loop
      vertex   1.419794e+01 3.781881e+01 4.999998e+00
      vertex   1.419794e+01 3.781881e+01 3.040000e+01
      vertex   1.280790e+01 3.803409e+01 3.040000e+01
    endloop
  endfacet
  facet normal -1.530494e-01 -9.882185e-01 -1.087601e-17
    outer loop
      vertex   1.419794e+01 3.781881e+01 4.999998e+00
      vertex   1.280790e+01 3.803409e+01 3.040000e+01
      vertex   1.280790e+01 3.803409e+01 4.999998e+00
    endloop
  endfacet
  facet normal -8.525421e-02 -9.963592e-01 -5.962280e-18
    outer loop
      vertex   1.280790e+01 3.803409e+01 4.999998e+00
      vertex   1.280790e+01 3.803409e+01 3.040000e+01
      vertex   1.140641e+01 3.815401e+01 3.040000e+01
    endloop
  endfacet
  facet normal -8.525421e-02 -9.963592e-01 -1.165287e-17
    outer loop
      vertex   1.280790e+01 3.803409e+01 4.999998e+00
      vertex   1.140641e+01 3.815401e+01 3.040000e+01
      vertex   1.140641e+01 3.815401e+01 4.999998e+00
    endloop
  endfacet
  facet normal -1.706151e-02 -9.998544e-01 -2.386404e-18
    outer loop
      vertex   1.140641e+01 3.815401e+01 4.999998e+00
      vertex   1.140641e+01 3.815401e+01 3.040000e+01
      vertex   1.000000e+01 3.817801e+01 3.040000e+01
    endloop
  endfacet
  facet normal 0.000000e+00 -0.000000e+00 1.000000e+00
    outer loop
      vertex   1.140641e+01 3.815401e+01 3.040000e+01
      vertex   1.152990e+01 4.215280e+01 3.040000e+01
      vertex   1.000000e+01 3.817801e+01 3.040000e+01
    endloop
  endfacet
  facet normal 0.000000e+00 0.000000e+00 1.000000e+00
    outer loop
      vertex   1.000000e+01 3.817801e+01 3.040000e+01
      vertex   1.152990e+01 4.215280e+01 3.040000e+01
      vertex   1.000000e+01 4.217850e+01 3.040000e+01
    endloop
  endfacet
  facet normal 0.000000e+00 -0.000000e+00 1.000000e+00
    outer loop
      vertex   1.000000e+01 3.817801e+01 3.040000e+01
      vertex   1.000000e+01 4.217850e+01 3.040000e+01
      vertex   8.471464e+00 4.210904e+01 3.040000e+01
    endloop
  endfacet
  facet normal 0.000000e+00 0.000000e+00 1.000000e+00
    outer loop
      vertex   1.152990e+01 4.215280e+01 3.040000e+01
      vertex   1.140641e+01 3.815401e+01 3.040000e+01
      vertex   1.305524e+01 4.203204e+01 3.040000e+01
    endloop
  endfacet
  facet normal 0.000000e+00 0.000000e+00 1.000000e+00
    outer loop
      vertex   1.305524e+01 4.203204e+01 3.040000e+01
      vertex   1.140641e+01 3.815401e+01 3.040000e+01
      vertex   1.280790e+01 3.803409e+01 3.040000e+01
    endloop
  endfacet
  facet normal 0.000000e+00 0.000000e+00 1.000000e+00
    outer loop
      vertex   1.305524e+01 4.203204e+01 3.040000e+01
      vertex   1.280790e+01 3.803409e+01 3.040000e+01
      vertex   1.457012e+01 4.181667e+01 3.040000e+01
    endloop
  endfacet
  facet normal 0.000000e+00 0.000000e+00 1.000000e+00
    outer loop
      vertex   1.457012e+01 4.181667e+01 3.040000e+01
      vertex   1.280790e+01 3.803409e+01 3.040000e+01
      vertex   1.419794e+01 3.781881e+01 3.040000e+01
    endloop
  endfacet
  facet normal 0.000000e+00 0.000000e+00 1.000000e+00
    outer loop
      vertex   1.457012e+01 4.181667e+01 3.040000e+01
      vertex   1.419794e+01 3.781881e+01 3.040000e+01
      vertex   1.606868e+01 4.150755e+01 3.040000e+01
    endloop
  endfacet
  facet normal 0.000000e+00 0.000000e+00 1.000000e+00
    outer loop
      vertex   1.606868e+01 4.150755e+01 3.040000e+01
      vertex   1.419794e+01 3.781881e+01 3.040000e+01
      vertex   1.557005e+01 3.750917e+01 3.040000e+01
    endloop
  endfacet
  facet normal 0.000000e+00 0.000000e+00 1.000000e+00
    outer loop
      vertex   1.606868e+01 4.150755e+01 3.040000e+01
      vertex   1.557005e+01 3.750917e+01 3.040000e+01
      vertex   1.754513e+01 4.110586e+01 3.040000e+01
    endloop
  endfacet
  facet normal 0.000000e+00 0.000000e+00 1.000000e+00
    outer loop
      vertex   1.754513e+01 4.110586e+01 3.040000e+01
      vertex   1.557005e+01 3.750917e+01 3.040000e+01
      vertex   1.691783e+01 3.710662e+01 3.040000e+01
    endloop
  endfacet
  facet normal 0.000000e+00 0.000000e+00 1.000000e+00
    outer loop
      vertex   1.754513e+01 4.110586e+01 3.040000e+01
      vertex   1.691783e+01 3.710662e+01 3.040000e+01
      vertex   1.899374e+01 4.061316e+01 3.040000e+01
    endloop
  endfacet
  facet normal 0.000000e+00 0.000000e+00 1.000000e+00
    outer loop
      vertex   1.899374e+01 4.061316e+01 3.040000e+01
      vertex   1.691783e+01 3.710662e+01 3.040000e+01
      vertex   1.823500e+01 3.661303e+01 3.040000e+01
    endloop
  endfacet
  facet normal 0.000000e+00 0.000000e+00 1.000000e+00
    outer loop
      vertex   1.899374e+01 4.061316e+01 3.040000e+01
      vertex   1.823500e+01 3.661303e+01 3.040000e+01
      vertex   2.040893e+01 4.003134e+01 3.040000e+01
    endloop
  endfacet
  facet normal 0.000000e+00 0.000000e+00 1.000000e+00
    outer loop
      vertex   2.040893e+01 4.003134e+01 3.040000e+01
      vertex   1.823500e+01 3.661303e+01 3.040000e+01
      vertex   1.951541e+01 3.603070e+01 3.040000e+01
    endloop
  endfacet
  facet normal 0.000000e+00 0.000000e+00 1.000000e+00
    outer loop
      vertex   2.040893e+01 4.003134e+01 3.040000e+01
      vertex   1.951541e+01 3.603070e+01 3.040000e+01
      vertex   2.178520e+01 3.936268e+01 3.040000e+01
    endloop
  endfacet
  facet normal 0.000000e+00 0.000000e+00 1.000000e+00
    outer loop
      vertex   2.178520e+01 3.936268e+01 3.040000e+01
      vertex   1.951541e+01 3.603070e+01 3.040000e+01
      vertex   2.075310e+01 3.536235e+01 3.040000e+01
    endloop
  endfacet
  facet normal 0.000000e+00 0.000000e+00 1.000000e+00
    outer loop
      vertex   2.178520e+01 3.936268e+01 3.040000e+01
      vertex   2.075310e+01 3.536235e+01 3.040000e+01
      vertex   2.311724e+01 3.860974e+01 3.040000e+01
    endloop
  endfacet
  facet normal 0.000000e+00 0.000000e+00 1.000000e+00
    outer loop
      vertex   2.311724e+01 3.860974e+01 3.040000e+01
      vertex   2.075310e+01 3.536235e+01 3.040000e+01
      vertex   2.194230e+01 3.461110e+01 3.040000e+01
    endloop
  endfacet
  facet normal 0.000000e+00 0.000000e+00 1.000000e+00
    outer loop
      vertex   2.311724e+01 3.860974e+01 3.040000e+01
      vertex   2.194230e+01 3.461110e+01 3.040000e+01
      vertex   2.439990e+01 3.777545e+01 3.040000e+01
    endloop
  endfacet
  facet normal 0.000000e+00 0.000000e+00 1.000000e+00
    outer loop
      vertex   2.439990e+01 3.777545e+01 3.040000e+01
      vertex   2.194230e+01 3.461110e+01 3.040000e+01
      vertex   2.307745e+01 3.378045e+01 3.040000e+01
    endloop
  endfacet
  facet normal 0.000000e+00 0.000000e+00 1.000000e+00
    outer loop
      vertex   2.439990e+01 3.777545e+01 3.040000e+01
      vertex   2.307745e+01 3.378045e+01 3.040000e+01
      vertex   2.562820e+01 3.686303e+01 3.040000e+01
    endloop
  endfacet
  facet normal 0.000000e+00 0.000000e+00 1.000000e+00
    outer loop
      vertex   2.562820e+01 3.686303e+01 3.040000e+01
      vertex   2.307745e+01 3.378045e+01 3.040000e+01
      vertex   2.415327e+01 3.287426e+01 3.040000e+01
    endloop
  endfacet
  facet normal 0.000000e+00 0.000000e+00 1.000000e+00
    outer loop
      vertex   2.562820e+01 3.686303e+01 3.040000e+01
      vertex   2.415327e+01 3.287426e+01 3.040000e+01
      vertex   2.679741e+01 3.587601e+01 3.040000e+01
    endloop
  endfacet
  facet normal 0.000000e+00 0.000000e+00 1.000000e+00
    outer loop
      vertex   2.679741e+01 3.587601e+01 3.040000e+01
      vertex   2.415327e+01 3.287426e+01 3.040000e+01
      vertex   2.790299e+01 3.481821e+01 3.040000e+01
    endloop
  endfacet
  facet normal 0.000000e+00 0.000000e+00 1.000000e+00
    outer loop
      vertex   2.790299e+01 3.481821e+01 3.040000e+01
      vertex   2.415327e+01 3.287426e+01 3.040000e+01
      vertex   2.516475e+01 3.189677e+01 3.040000e+01
    endloop
  endfacet
  facet normal -3.397042e-15 3.184022e-15 1.000000e+00
    outer loop
      vertex   2.790299e+01 3.481821e+01 3.040000e+01
      vertex   2.516475e+01 3.189677e+01 3.040000e+01
      vertex   2.894067e+01 3.369373e+01 3.040000e+01
    endloop
  endfacet
  facet normal -1.316393e-15 -1.188029e-15 1.000000e+00
    outer loop
      vertex   2.894067e+01 3.369373e+01 3.040000e+01
      vertex   2.516475e+01 3.189677e+01 3.040000e+01
      vertex   2.610716e+01 3.085254e+01 3.040000e+01
    endloop
  endfacet
  facet normal -1.380903e-15 -1.123694e-15 1.000000e+00
    outer loop
      vertex   2.894067e+01 3.369373e+01 3.040000e+01
      vertex   2.610716e+01 3.085254e+01 3.040000e+01
      vertex   2.990643e+01 3.250690e+01 3.040000e+01
    endloop
  endfacet
  facet normal -1.393514e-15 -1.094731e-15 1.000000e+00
    outer loop
      vertex   2.990643e+01 3.250690e+01 3.040000e+01
      vertex   2.610716e+01 3.085254e+01 3.040000e+01
      vertex   2.697611e+01 2.974643e+01 3.040000e+01
    endloop
  endfacet
  facet normal -1.448726e-15 -1.036123e-15 1.000000e+00
    outer loop
      vertex   2.990643e+01 3.250690e+01 3.040000e+01
      vertex   2.697611e+01 2.974643e+01 3.040000e+01
      vertex   3.079654e+01 3.126234e+01 3.040000e+01
    endloop
  endfacet
  facet normal -1.464377e-15 -9.966772e-16 1.000000e+00
    outer loop
      vertex   3.079654e+01 3.126234e+01 3.040000e+01
      vertex   2.697611e+01 2.974643e+01 3.040000e+01
      vertex   2.776755e+01 2.858359e+01 3.040000e+01
    endloop
  endfacet
  facet normal -1.510711e-15 -9.442851e-16 1.000000e+00
    outer loop
      vertex   3.079654e+01 3.126234e+01 3.040000e+01
      vertex   2.776755e+01 2.858359e+01 3.040000e+01
      vertex   3.160755e+01 2.996484e+01 3.040000e+01
    endloop
  endfacet
  facet normal -1.528705e-15 -8.942607e-16 1.000000e+00
    outer loop
      vertex   3.160755e+01 2.996484e+01 3.040000e+01
      vertex   2.776755e+01 2.858359e+01 3.040000e+01
      vertex   2.847779e+01 2.736946e+01 3.040000e+01
    endloop
  endfacet
  facet normal -1.566582e-15 -8.485852e-16 1.000000e+00
    outer loop
      vertex   3.160755e+01 2.996484e+01 3.040000e+01
      vertex   2.847779e+01 2.736946e+01 3.040000e+01
      vertex   3.233634e+01 2.861943e+01 3.040000e+01
    endloop
  endfacet
  facet normal -3.160143e-15 4.070603e-15 1.000000e+00
    outer loop
      vertex   3.233634e+01 2.861943e+01 3.040000e+01
      vertex   2.847779e+01 2.736946e+01 3.040000e+01
      vertex   2.910352e+01 2.610969e+01 3.040000e+01
    endloop
  endfacet
  facet normal 0.000000e+00 0.000000e+00 1.000000e+00
    outer loop
      vertex   3.233634e+01 2.861943e+01 3.040000e+01
      vertex   2.910352e+01 2.610969e+01 3.040000e+01
      vertex   3.298006e+01 2.723131e+01 3.040000e+01
    endloop
  endfacet
  facet normal 0.000000e+00 0.000000e+00 1.000000e+00
    outer loop
      vertex   3.298006e+01 2.723131e+01 3.040000e+01
      vertex   2.910352e+01 2.610969e+01 3.040000e+01
      vertex   2.964183e+01 2.481015e+01 3.040000e+01
    endloop
  endfacet
  facet normal 0.000000e+00 0.000000e+00 1.000000e+00
    outer loop
      vertex   3.298006e+01 2.723131e+01 3.040000e+01
      vertex   2.964183e+01 2.481015e+01 3.040000e+01
      vertex   3.353625e+01 2.580586e+01 3.040000e+01
    endloop
  endfacet
  facet normal 0.000000e+00 0.000000e+00 1.000000e+00
    outer loop
      vertex   3.353625e+01 2.580586e+01 3.040000e+01
      vertex   2.964183e+01 2.481015e+01 3.040000e+01
      vertex   3.009019e+01 2.347691e+01 3.040000e+01
    endloop
  endfacet
  facet normal 0.000000e+00 0.000000e+00 1.000000e+00
    outer loop
      vertex   3.353625e+01 2.580586e+01 3.040000e+01
      vertex   3.009019e+01 2.347691e+01 3.040000e+01
      vertex   3.400273e+01 2.434859e+01 3.040000e+01
    endloop
  endfacet
  facet normal 0.000000e+00 0.000000e+00 1.000000e+00
    outer loop
      vertex   3.400273e+01 2.434859e+01 3.040000e+01
      vertex   3.009019e+01 2.347691e+01 3.040000e+01
      vertex   3.044653e+01 2.211618e+01 3.040000e+01
    endloop
  endfacet
  facet normal 0.000000e+00 0.000000e+00 1.000000e+00
    outer loop
      vertex   3.400273e+01 2.434859e+01 3.040000e+01
      vertex   3.044653e+01 2.211618e+01 3.040000e+01
      vertex   3.437772e+01 2.286514e+01 3.040000e+01
    endloop
  endfacet
  facet normal 0.000000e+00 0.000000e+00 1.000000e+00
    outer loop
      vertex   3.437772e+01 2.286514e+01 3.040000e+01
      vertex   3.044653e+01 2.211618e+01 3.040000e+01
      vertex   3.070917e+01 2.073431e+01 3.040000e+01
    endloop
  endfacet
  facet normal 0.000000e+00 0.000000e+00 1.000000e+00
    outer loop
      vertex   3.437772e+01 2.286514e+01 3.040000e+01
      vertex   3.070917e+01 2.073431e+01 3.040000e+01
      vertex   3.465976e+01 2.136125e+01 3.040000e+01
    endloop
  endfacet
  facet normal 0.000000e+00 0.000000e+00 1.000000e+00
    outer loop
      vertex   3.465976e+01 2.136125e+01 3.040000e+01
      vertex   3.070917e+01 2.073431e+01 3.040000e+01
      vertex   3.484775e+01 1.984273e+01 3.040000e+01
    endloop
  endfacet
  facet normal 0.000000e+00 0.000000e+00 1.000000e+00
    outer loop
      vertex   3.484775e+01 1.984273e+01 3.040000e+01
      vertex   3.070917e+01 2.073431e+01 3.040000e+01
      vertex   3.087690e+01 1.933773e+01 3.040000e+01
    endloop
  endfacet
  facet normal 0.000000e+00 0.000000e+00 1.000000e+00
    outer loop
      vertex   3.484775e+01 1.984273e+01 3.040000e+01
      vertex   3.087690e+01 1.933773e+01 3.040000e+01
      vertex   3.494098e+01 1.831545e+01 3.040000e+01
    endloop
  endfacet
  facet normal 0.000000e+00 0.000000e+00 1.000000e+00
    outer loop
      vertex   3.494098e+01 1.831545e+01 3.040000e+01
      vertex   3.087690e+01 1.933773e+01 3.040000e+01
      vertex   3.094894e+01 1.793296e+01 3.040000e+01
    endloop
  endfacet
  facet normal 0.000000e+00 0.000000e+00 1.000000e+00
    outer loop
      vertex   3.494098e+01 1.831545e+01 3.040000e+01
      vertex   3.094894e+01 1.793296e+01 3.040000e+01
      vertex   3.493907e+01 1.678534e+01 3.040000e+01
    endloop
  endfacet
  facet normal 0.000000e+00 0.000000e+00 1.000000e+00
    outer loop
      vertex   3.493907e+01 1.678534e+01 3.040000e+01
      vertex   3.094894e+01 1.793296e+01 3.040000e+01
      vertex   3.092494e+01 1.652655e+01 3.040000e+01
    endloop
  endfacet
  facet normal 0.000000e+00 0.000000e+00 1.000000e+00
    outer loop
      vertex   3.493907e+01 1.678534e+01 3.040000e+01
      vertex   3.092494e+01 1.652655e+01 3.040000e+01
      vertex   3.484204e+01 1.525831e+01 3.040000e+01
    endloop
  endfacet
  facet normal 0.000000e+00 0.000000e+00 1.000000e+00
    outer loop
      vertex   3.484204e+01 1.525831e+01 3.040000e+01
      vertex   3.092494e+01 1.652655e+01 3.040000e+01
      vertex   3.080502e+01 1.512506e+01 3.040000e+01
    endloop
  endfacet
  facet normal 0.000000e+00 0.000000e+00 1.000000e+00
    outer loop
      vertex   3.484204e+01 1.525831e+01 3.040000e+01
      vertex   3.080502e+01 1.512506e+01 3.040000e+01
      vertex   3.465027e+01 1.374026e+01 3.040000e+01
    endloop
  endfacet
  facet normal 0.000000e+00 0.000000e+00 1.000000e+00
    outer loop
      vertex   3.465027e+01 1.374026e+01 3.040000e+01
      vertex   3.080502e+01 1.512506e+01 3.040000e+01
      vertex   3.058974e+01 1.373502e+01 3.040000e+01
    endloop
  endfacet
  facet normal 0.000000e+00 0.000000e+00 1.000000e+00
    outer loop
      vertex   3.465027e+01 1.374026e+01 3.040000e+01
      vertex   3.058974e+01 1.373502e+01 3.040000e+01
      vertex   3.436449e+01 1.223707e+01 3.040000e+01
    endloop
  endfacet
  facet normal 0.000000e+00 0.000000e+00 1.000000e+00
    outer loop
      vertex   3.436449e+01 1.223707e+01 3.040000e+01
      vertex   3.058974e+01 1.373502e+01 3.040000e+01
      vertex   3.028010e+01 1.236291e+01 3.040000e+01
    endloop
  endfacet
  facet normal 0.000000e+00 0.000000e+00 1.000000e+00
    outer loop
      vertex   3.436449e+01 1.223707e+01 3.040000e+01
      vertex   3.028010e+01 1.236291e+01 3.040000e+01
      vertex   3.398580e+01 1.075456e+01 3.040000e+01
    endloop
  endfacet
  facet normal 0.000000e+00 0.000000e+00 1.000000e+00
    outer loop
      vertex   3.398580e+01 1.075456e+01 3.040000e+01
      vertex   3.028010e+01 1.236291e+01 3.040000e+01
      vertex   2.987754e+01 1.101513e+01 3.040000e+01
    endloop
  endfacet
  facet normal 0.000000e+00 0.000000e+00 1.000000e+00
    outer loop
      vertex   3.398580e+01 1.075456e+01 3.040000e+01
      vertex   2.987754e+01 1.101513e+01 3.040000e+01
      vertex   3.351569e+01 9.298456e+00 3.040000e+01
    endloop
  endfacet
  facet normal 0.000000e+00 0.000000e+00 1.000000e+00
    outer loop
      vertex   3.351569e+01 9.298456e+00 3.040000e+01
      vertex   2.987754e+01 1.101513e+01 3.040000e+01
      vertex   2.938395e+01 9.697960e+00 3.040000e+01
    endloop
  endfacet
  facet normal 0.000000e+00 0.000000e+00 1.000000e+00
    outer loop
      vertex   3.351569e+01 9.298456e+00 3.040000e+01
      vertex   2.938395e+01 9.697960e+00 3.040000e+01
      vertex   3.295596e+01 7.874396e+00 3.040000e+01
    endloop
  endfacet
  facet normal 0.000000e+00 0.000000e+00 1.000000e+00
    outer loop
      vertex   3.295596e+01 7.874396e+00 3.040000e+01
      vertex   2.938395e+01 9.697960e+00 3.040000e+01
      vertex   2.880162e+01 8.417547e+00 3.040000e+01
    endloop
  endfacet
  facet normal 0.000000e+00 0.000000e+00 1.000000e+00
    outer loop
      vertex   3.295596e+01 7.874396e+00 3.040000e+01
      vertex   2.880162e+01 8.417547e+00 3.040000e+01
      vertex   3.230877e+01 6.487889e+00 3.040000e+01
    endloop
  endfacet
  facet normal -2.435164e-15 -4.425904e-15 1.000000e+00
    outer loop
      vertex   3.230877e+01 6.487889e+00 3.040000e+01
      vertex   2.880162e+01 8.417547e+00 3.040000e+01
      vertex   2.813328e+01 7.179859e+00 3.040000e+01
    endloop
  endfacet
  facet normal -1.560756e-15 8.504643e-16 1.000000e+00
    outer loop
      vertex   3.230877e+01 6.487889e+00 3.040000e+01
      vertex   2.813328e+01 7.179859e+00 3.040000e+01
      vertex   3.157664e+01 5.144299e+00 3.040000e+01
    endloop
  endfacet
  facet normal -1.504502e-15 9.456235e-16 1.000000e+00
    outer loop
      vertex   3.157664e+01 5.144299e+00 3.040000e+01
      vertex   2.813328e+01 7.179859e+00 3.040000e+01
      vertex   3.076240e+01 3.848825e+00 3.040000e+01
    endloop
  endfacet
  facet normal -1.501110e-15 9.483007e-16 1.000000e+00
    outer loop
      vertex   3.076240e+01 3.848825e+00 3.040000e+01
      vertex   2.813328e+01 7.179859e+00 3.040000e+01
      vertex   2.738202e+01 5.990665e+00 3.040000e+01
    endloop
  endfacet
  facet normal -1.444107e-15 1.038266e-15 1.000000e+00
    outer loop
      vertex   3.076240e+01 3.848825e+00 3.040000e+01
      vertex   2.738202e+01 5.990665e+00 3.040000e+01
      vertex   2.986919e+01 2.606477e+00 3.040000e+01
    endloop
  endfacet
  facet normal -1.431517e-15 1.047520e-15 1.000000e+00
    outer loop
      vertex   2.986919e+01 2.606477e+00 3.040000e+01
      vertex   2.738202e+01 5.990665e+00 3.040000e+01
      vertex   2.655137e+01 4.855511e+00 3.040000e+01
    endloop
  endfacet
  facet normal -1.377747e-15 1.126841e-15 1.000000e+00
    outer loop
      vertex   2.986919e+01 2.606477e+00 3.040000e+01
      vertex   2.655137e+01 4.855511e+00 3.040000e+01
      vertex   2.890048e+01 1.422064e+00 3.040000e+01
    endloop
  endfacet
  facet normal -1.355697e-15 1.141928e-15 1.000000e+00
    outer loop
      vertex   2.890048e+01 1.422064e+00 3.040000e+01
      vertex   2.655137e+01 4.855511e+00 3.040000e+01
      vertex   2.564519e+01 3.779689e+00 3.040000e+01
    endloop
  endfacet
  facet normal -4.049607e-15 -2.577690e-15 1.000000e+00
    outer loop
      vertex   2.890048e+01 1.422064e+00 3.040000e+01
      vertex   2.564519e+01 3.779689e+00 3.040000e+01
      vertex   2.786000e+01 3.001661e-01 3.040000e+01
    endloop
  endfacet
  facet normal 0.000000e+00 0.000000e+00 1.000000e+00
    outer loop
      vertex   2.786000e+01 3.001661e-01 3.040000e+01
      vertex   2.564519e+01 3.779689e+00 3.040000e+01
      vertex   2.466770e+01 2.768215e+00 3.040000e+01
    endloop
  endfacet
  facet normal 0.000000e+00 0.000000e+00 1.000000e+00
    outer loop
      vertex   2.786000e+01 3.001661e-01 3.040000e+01
      vertex   2.466770e+01 2.768215e+00 3.040000e+01
      vertex   2.675179e+01 -7.548754e-01 3.040000e+01
    endloop
  endfacet
  facet normal 0.000000e+00 0.000000e+00 1.000000e+00
    outer loop
      vertex   2.675179e+01 -7.548754e-01 3.040000e+01
      vertex   2.466770e+01 2.768215e+00 3.040000e+01
      vertex   2.362346e+01 1.825806e+00 3.040000e+01
    endloop
  endfacet
  facet normal 0.000000e+00 0.000000e+00 1.000000e+00
    outer loop
      vertex   2.675179e+01 -7.548754e-01 3.040000e+01
      vertex   2.362346e+01 1.825806e+00 3.040000e+01
      vertex   2.558013e+01 -1.738979e+00 3.040000e+01
    endloop
  endfacet
  facet normal 0.000000e+00 0.000000e+00 1.000000e+00
    outer loop
      vertex   2.558013e+01 -1.738979e+00 3.040000e+01
      vertex   2.362346e+01 1.825806e+00 3.040000e+01
      vertex   2.251735e+01 9.568542e-01 3.040000e+01
    endloop
  endfacet
  facet normal 0.000000e+00 0.000000e+00 1.000000e+00
    outer loop
      vertex   2.558013e+01 -1.738979e+00 3.040000e+01
      vertex   2.251735e+01 9.568542e-01 3.040000e+01
      vertex   2.434955e+01 -2.648337e+00 3.040000e+01
    endloop
  endfacet
  facet normal 0.000000e+00 0.000000e+00 1.000000e+00
    outer loop
      vertex   2.434955e+01 -2.648337e+00 3.040000e+01
      vertex   2.251735e+01 9.568542e-01 3.040000e+01
      vertex   2.135452e+01 1.654122e-01 3.040000e+01
    endloop
  endfacet
  facet normal 0.000000e+00 0.000000e+00 1.000000e+00
    outer loop
      vertex   2.434955e+01 -2.648337e+00 3.040000e+01
      vertex   2.135452e+01 1.654122e-01 3.040000e+01
      vertex   2.306483e+01 -3.479432e+00 3.040000e+01
    endloop
  endfacet
  facet normal 0.000000e+00 0.000000e+00 1.000000e+00
    outer loop
      vertex   2.306483e+01 -3.479432e+00 3.040000e+01
      vertex   2.135452e+01 1.654122e-01 3.040000e+01
      vertex   2.014038e+01 -5.448302e-01 3.040000e+01
    endloop
  endfacet
  facet normal 0.000000e+00 0.000000e+00 1.000000e+00
    outer loop
      vertex   2.306483e+01 -3.479432e+00 3.040000e+01
      vertex   2.014038e+01 -5.448302e-01 3.040000e+01
      vertex   2.173091e+01 -4.229048e+00 3.040000e+01
    endloop
  endfacet
  facet normal 0.000000e+00 0.000000e+00 1.000000e+00
    outer loop
      vertex   2.173091e+01 -4.229048e+00 3.040000e+01
      vertex   2.014038e+01 -5.448302e-01 3.040000e+01
      vertex   1.888061e+01 -1.170561e+00 3.040000e+01
    endloop
  endfacet
  facet normal 0.000000e+00 0.000000e+00 1.000000e+00
    outer loop
      vertex   2.173091e+01 -4.229048e+00 3.040000e+01
      vertex   1.888061e+01 -1.170561e+00 3.040000e+01
      vertex   2.035298e+01 -4.894285e+00 3.040000e+01
    endloop
  endfacet
  facet normal 0.000000e+00 0.000000e+00 1.000000e+00
    outer loop
      vertex   2.035298e+01 -4.894285e+00 3.040000e+01
      vertex   1.888061e+01 -1.170561e+00 3.040000e+01
      vertex   1.758108e+01 -1.708864e+00 3.040000e+01
    endloop
  endfacet
  facet normal 0.000000e+00 0.000000e+00 1.000000e+00
    outer loop
      vertex   2.035298e+01 -4.894285e+00 3.040000e+01
      vertex   1.758108e+01 -1.708864e+00 3.040000e+01
      vertex   1.893635e+01 -5.472569e+00 3.040000e+01
    endloop
  endfacet
  facet normal 0.000000e+00 0.000000e+00 1.000000e+00
    outer loop
      vertex   1.893635e+01 -5.472569e+00 3.040000e+01
      vertex   1.758108e+01 -1.708864e+00 3.040000e+01
      vertex   1.748651e+01 -5.961664e+00 3.040000e+01
    endloop
  endfacet
  facet normal 0.000000e+00 -0.000000e+00 1.000000e+00
    outer loop
      vertex   1.748651e+01 -5.961664e+00 3.040000e+01
      vertex   1.758108e+01 -1.708864e+00 3.040000e+01
      vertex   1.624784e+01 -2.157229e+00 3.040000e+01
    endloop
  endfacet
  facet normal 0.000000e+00 0.000000e+00 1.000000e+00
    outer loop
      vertex   1.748651e+01 -5.961664e+00 3.040000e+01
      vertex   1.624784e+01 -2.157229e+00 3.040000e+01
      vertex   1.600907e+01 -6.359676e+00 3.040000e+01
    endloop
  endfacet
  facet normal 0.000000e+00 -0.000000e+00 1.000000e+00
    outer loop
      vertex   1.600907e+01 -6.359676e+00 3.040000e+01
      vertex   1.624784e+01 -2.157229e+00 3.040000e+01
      vertex   1.488711e+01 -2.513564e+00 3.040000e+01
    endloop
  endfacet
  facet normal 0.000000e+00 0.000000e+00 1.000000e+00
    outer loop
      vertex   1.600907e+01 -6.359676e+00 3.040000e+01
      vertex   1.488711e+01 -2.513564e+00 3.040000e+01
      vertex   1.450974e+01 -6.665067e+00 3.040000e+01
    endloop
  endfacet
  facet normal 0.000000e+00 -0.000000e+00 1.000000e+00
    outer loop
      vertex   1.450974e+01 -6.665067e+00 3.040000e+01
      vertex   1.488711e+01 -2.513564e+00 3.040000e+01
      vertex   1.350523e+01 -2.776210e+00 3.040000e+01
    endloop
  endfacet
  facet normal 0.000000e+00 0.000000e+00 1.000000e+00
    outer loop
      vertex   1.450974e+01 -6.665067e+00 3.040000e+01
      vertex   1.350523e+01 -2.776210e+00 3.040000e+01
      vertex   1.299433e+01 -6.876654e+00 3.040000e+01
    endloop
  endfacet
  facet normal 0.000000e+00 -0.000000e+00 1.000000e+00
    outer loop
      vertex   1.299433e+01 -6.876654e+00 3.040000e+01
      vertex   1.350523e+01 -2.776210e+00 3.040000e+01
      vertex   1.210865e+01 -2.943940e+00 3.040000e+01
    endloop
  endfacet
  facet normal 0.000000e+00 0.000000e+00 1.000000e+00
    outer loop
      vertex   1.299433e+01 -6.876654e+00 3.040000e+01
      vertex   1.210865e+01 -2.943940e+00 3.040000e+01
      vertex   1.146869e+01 -6.993619e+00 3.040000e+01
    endloop
  endfacet
  facet normal 0.000000e+00 -0.000000e+00 1.000000e+00
    outer loop
      vertex   1.146869e+01 -6.993619e+00 3.040000e+01
      vertex   1.210865e+01 -2.943940e+00 3.040000e+01
      vertex   1.070388e+01 -3.015974e+00 3.040000e+01
    endloop
  endfacet
  facet normal 0.000000e+00 0.000000e+00 1.000000e+00
    outer loop
      vertex   1.146869e+01 -6.993619e+00 3.040000e+01
      vertex   1.070388e+01 -3.015974e+00 3.040000e+01
      vertex   9.938736e+00 -7.015510e+00 3.040000e+01
    endloop
  endfacet
  facet normal 0.000000e+00 -0.000000e+00 1.000000e+00
    outer loop
      vertex   9.938736e+00 -7.015510e+00 3.040000e+01
      vertex   1.070388e+01 -3.015974e+00 3.040000e+01
      vertex   9.297476e+00 -2.991975e+00 3.040000e+01
    endloop
  endfacet
  facet normal 0.000000e+00 0.000000e+00 1.000000e+00
    outer loop
      vertex   9.938736e+00 -7.015510e+00 3.040000e+01
      vertex   9.297476e+00 -2.991975e+00 3.040000e+01
      vertex   8.410378e+00 -6.942242e+00 3.040000e+01
    endloop
  endfacet
  facet normal 0.000000e+00 -0.000000e+00 1.000000e+00
    outer loop
      vertex   8.410378e+00 -6.942242e+00 3.040000e+01
      vertex   9.297476e+00 -2.991975e+00 3.040000e+01
      vertex   7.895983e+00 -2.872055e+00 3.040000e+01
    endloop
  endfacet
  facet normal 0.000000e+00 0.000000e+00 1.000000e+00
    outer loop
      vertex   8.410378e+00 -6.942242e+00 3.040000e+01
      vertex   7.895983e+00 -2.872055e+00 3.040000e+01
      vertex   6.889532e+00 -6.774097e+00 3.040000e+01
    endloop
  endfacet
  facet normal 0.000000e+00 -0.000000e+00 1.000000e+00
    outer loop
      vertex   6.889532e+00 -6.774097e+00 3.040000e+01
      vertex   7.895983e+00 -2.872055e+00 3.040000e+01
      vertex   6.505941e+00 -2.656774e+00 3.040000e+01
    endloop
  endfacet
  facet normal 0.000000e+00 0.000000e+00 1.000000e+00
    outer loop
      vertex   6.889532e+00 -6.774097e+00 3.040000e+01
      vertex   6.505941e+00 -2.656774e+00 3.040000e+01
      vertex   5.382081e+00 -6.511728e+00 3.040000e+01
    endloop
  endfacet
  facet normal 0.000000e+00 -0.000000e+00 1.000000e+00
    outer loop
      vertex   5.382081e+00 -6.511728e+00 3.040000e+01
      vertex   6.505941e+00 -2.656774e+00 3.040000e+01
      vertex   5.133831e+00 -2.347134e+00 3.040000e+01
    endloop
  endfacet
  facet normal 0.000000e+00 0.000000e+00 1.000000e+00
    outer loop
      vertex   5.382081e+00 -6.511728e+00 3.040000e+01
      vertex   5.133831e+00 -2.347134e+00 3.040000e+01
      vertex   3.893857e+00 -6.156148e+00 3.040000e+01
    endloop
  endfacet
  facet normal 0.000000e+00 -0.000000e+00 1.000000e+00
    outer loop
      vertex   3.893857e+00 -6.156148e+00 3.040000e+01
      vertex   5.133831e+00 -2.347134e+00 3.040000e+01
      vertex   3.786051e+00 -1.944581e+00 3.040000e+01
    endloop
  endfacet
  facet normal 0.000000e+00 0.000000e+00 1.000000e+00
    outer loop
      vertex   3.893857e+00 -6.156148e+00 3.040000e+01
      vertex   3.786051e+00 -1.944581e+00 3.040000e+01
      vertex   2.430618e+00 -5.708734e+00 3.040000e+01
    endloop
  endfacet
  facet normal 0.000000e+00 0.000000e+00 1.000000e+00
    outer loop
      vertex   2.430618e+00 -5.708734e+00 3.040000e+01
      vertex   3.786051e+00 -1.944581e+00 3.040000e+01
      vertex   2.468883e+00 -1.450990e+00 3.040000e+01
    endloop
  endfacet
  facet normal 0.000000e+00 -0.000000e+00 1.000000e+00
    outer loop
      vertex   2.430618e+00 -5.708734e+00 3.040000e+01
      vertex   2.468883e+00 -1.450990e+00 3.040000e+01
      vertex   9.980258e-01 -5.171217e+00 3.040000e+01
    endloop
  endfacet
  facet normal 0.000000e+00 -0.000000e+00 1.000000e+00
    outer loop
      vertex   9.980258e-01 -5.171217e+00 3.040000e+01
      vertex   2.468883e+00 -1.450990e+00 3.040000e+01
      vertex   -3.983782e-01 -4.545675e+00 3.040000e+01
    endloop
  endfacet
  facet normal 0.000000e+00 0.000000e+00 1.000000e+00
    outer loop
      vertex   -3.983782e-01 -4.545675e+00 3.040000e+01
      vertex   2.468883e+00 -1.450990e+00 3.040000e+01
      vertex   1.188470e+00 -8.686629e-01 3.040000e+01
    endloop
  endfacet
  facet normal 0.000000e+00 -0.000000e+00 1.000000e+00
    outer loop
      vertex   -3.983782e-01 -4.545675e+00 3.040000e+01
      vertex   1.188470e+00 -8.686629e-01 3.040000e+01
      vertex   -1.753191e+00 -3.834530e+00 3.040000e+01
    endloop
  endfacet
  facet normal 0.000000e+00 0.000000e+00 1.000000e+00
    outer loop
      vertex   -1.753191e+00 -3.834530e+00 3.040000e+01
      vertex   1.188470e+00 -8.686629e-01 3.040000e+01
      vertex   -4.921851e-02 -2.003150e-01 3.040000e+01
    endloop
  endfacet
  facet normal 0.000000e+00 -0.000000e+00 1.000000e+00
    outer loop
      vertex   -1.753191e+00 -3.834530e+00 3.040000e+01
      vertex   -4.921851e-02 -2.003150e-01 3.040000e+01
      vertex   -3.061172e+00 -3.040531e+00 3.040000e+01
    endloop
  endfacet
  facet normal 0.000000e+00 0.000000e+00 1.000000e+00
    outer loop
      vertex   -3.061172e+00 -3.040531e+00 3.040000e+01
      vertex   -4.921851e-02 -2.003150e-01 3.040000e+01
      vertex   -1.238412e+00 5.509378e-01 3.040000e+01
    endloop
  endfacet
  facet normal 0.000000e+00 -0.000000e+00 1.000000e+00
    outer loop
      vertex   -3.061172e+00 -3.040531e+00 3.040000e+01
      vertex   -1.238412e+00 5.509378e-01 3.040000e+01
      vertex   -4.317260e+00 -2.166753e+00 3.040000e+01
    endloop
  endfacet
  facet normal 0.000000e+00 0.000000e+00 1.000000e+00
    outer loop
      vertex   -4.317260e+00 -2.166753e+00 3.040000e+01
      vertex   -1.238412e+00 5.509378e-01 3.040000e+01
      vertex   -2.373566e+00 1.381593e+00 3.040000e+01
    endloop
  endfacet
  facet normal 0.000000e+00 -0.000000e+00 1.000000e+00
    outer loop
      vertex   -4.317260e+00 -2.166753e+00 3.040000e+01
      vertex   -2.373566e+00 1.381593e+00 3.040000e+01
      vertex   -5.516596e+00 -1.216573e+00 3.040000e+01
    endloop
  endfacet
  facet normal 0.000000e+00 0.000000e+00 1.000000e+00
    outer loop
      vertex   -5.516596e+00 -1.216573e+00 3.040000e+01
      vertex   -2.373566e+00 1.381593e+00 3.040000e+01
      vertex   -3.449388e+00 2.287777e+00 3.040000e+01
    endloop
  endfacet
  facet normal 0.000000e+00 -0.000000e+00 1.000000e+00
    outer loop
      vertex   -5.516596e+00 -1.216573e+00 3.040000e+01
      vertex   -3.449388e+00 2.287777e+00 3.040000e+01
      vertex   -6.654539e+00 -1.936701e-01 3.040000e+01
    endloop
  endfacet
  facet normal 0.000000e+00 0.000000e+00 1.000000e+00
    outer loop
      vertex   -6.654539e+00 -1.936701e-01 3.040000e+01
      vertex   -3.449388e+00 2.287777e+00 3.040000e+01
      vertex   -4.460862e+00 3.265265e+00 3.040000e+01
    endloop
  endfacet
  facet normal 0.000000e+00 -0.000000e+00 1.000000e+00
    outer loop
      vertex   -6.654539e+00 -1.936701e-01 3.040000e+01
      vertex   -4.460862e+00 3.265265e+00 3.040000e+01
      vertex   -7.726688e+00 8.980001e-01 3.040000e+01
    endloop
  endfacet
  facet normal 0.000000e+00 0.000000e+00 1.000000e+00
    outer loop
      vertex   -7.726688e+00 8.980001e-01 3.040000e+01
      vertex   -4.460862e+00 3.265265e+00 3.040000e+01
      vertex   -5.403271e+00 4.309500e+00 3.040000e+01
    endloop
  endfacet
  facet normal -1.985144e-15 1.351991e-15 1.000000e+00
    outer loop
      vertex   -7.726688e+00 8.980001e-01 3.040000e+01
      vertex   -5.403271e+00 4.309500e+00 3.040000e+01
      vertex   -8.728894e+00 2.054214e+00 3.040000e+01
    endloop
  endfacet
  facet normal -6.969723e-16 -5.475347e-16 1.000000e+00
    outer loop
      vertex   -8.728894e+00 2.054214e+00 3.040000e+01
      vertex   -5.403271e+00 4.309500e+00 3.040000e+01
      vertex   -6.272223e+00 5.415612e+00 3.040000e+01
    endloop
  endfacet
  facet normal -7.073714e-16 -5.399345e-16 1.000000e+00
    outer loop
      vertex   -8.728894e+00 2.054214e+00 3.040000e+01
      vertex   -6.272223e+00 5.415612e+00 3.040000e+01
      vertex   -9.657280e+00 3.270497e+00 3.040000e+01
    endloop
  endfacet
  facet normal -7.332661e-16 -4.990719e-16 1.000000e+00
    outer loop
      vertex   -9.657280e+00 3.270497e+00 3.040000e+01
      vertex   -6.272223e+00 5.415612e+00 3.040000e+01
      vertex   -7.063665e+00 6.578446e+00 3.040000e+01
    endloop
  endfacet
  facet normal -7.390309e-16 -4.945519e-16 1.000000e+00
    outer loop
      vertex   -9.657280e+00 3.270497e+00 3.040000e+01
      vertex   -7.063665e+00 6.578446e+00 3.040000e+01
      vertex   -1.050825e+01 4.542146e+00 3.040000e+01
    endloop
  endfacet
  facet normal -7.663677e-16 -4.483092e-16 1.000000e+00
    outer loop
      vertex   -1.050825e+01 4.542146e+00 3.040000e+01
      vertex   -7.063665e+00 6.578446e+00 3.040000e+01
      vertex   -7.773907e+00 7.792579e+00 3.040000e+01
    endloop
  endfacet
  facet normal -7.676408e-16 -4.472383e-16 1.000000e+00
    outer loop
      vertex   -1.050825e+01 4.542146e+00 3.040000e+01
      vertex   -7.773907e+00 7.792579e+00 3.040000e+01
      vertex   -1.127852e+01 5.864239e+00 3.040000e+01
    endloop
  endfacet
  facet normal -7.942860e-16 -3.988126e-16 1.000000e+00
    outer loop
      vertex   -1.127852e+01 5.864239e+00 3.040000e+01
      vertex   -7.773907e+00 7.792579e+00 3.040000e+01
      vertex   -1.196511e+01 7.231662e+00 3.040000e+01
    endloop
  endfacet
  facet normal -1.148722e-15 2.249554e-15 1.000000e+00
    outer loop
      vertex   -1.196511e+01 7.231662e+00 3.040000e+01
      vertex   -7.773907e+00 7.792579e+00 3.040000e+01
      vertex   -8.399639e+00 9.052349e+00 3.040000e+01
    endloop
  endfacet
  facet normal 0.000000e+00 -0.000000e+00 1.000000e+00
    outer loop
      vertex   -1.196511e+01 7.231662e+00 3.040000e+01
      vertex   -8.399639e+00 9.052349e+00 3.040000e+01
      vertex   -1.256536e+01 8.639125e+00 3.040000e+01
    endloop
  endfacet
  facet normal 0.000000e+00 0.000000e+00 1.000000e+00
    outer loop
      vertex   -1.256536e+01 8.639125e+00 3.040000e+01
      vertex   -8.399639e+00 9.052349e+00 3.040000e+01
      vertex   -8.937941e+00 1.035188e+01 3.040000e+01
    endloop
  endfacet
  facet normal 0.000000e+00 -0.000000e+00 1.000000e+00
    outer loop
      vertex   -1.256536e+01 8.639125e+00 3.040000e+01
      vertex   -8.937941e+00 1.035188e+01 3.040000e+01
      vertex   -1.307694e+01 1.008118e+01 3.040000e+01
    endloop
  endfacet
  facet normal 0.000000e+00 0.000000e+00 1.000000e+00
    outer loop
      vertex   -1.307694e+01 1.008118e+01 3.040000e+01
      vertex   -8.937941e+00 1.035188e+01 3.040000e+01
      vertex   -9.386306e+00 1.168513e+01 3.040000e+01
    endloop
  endfacet
  facet normal 0.000000e+00 -0.000000e+00 1.000000e+00
    outer loop
      vertex   -1.307694e+01 1.008118e+01 3.040000e+01
      vertex   -9.386306e+00 1.168513e+01 3.040000e+01
      vertex   -1.349788e+01 1.155226e+01 3.040000e+01
    endloop
  endfacet
  facet normal 0.000000e+00 0.000000e+00 1.000000e+00
    outer loop
      vertex   -1.349788e+01 1.155226e+01 3.040000e+01
      vertex   -9.386306e+00 1.168513e+01 3.040000e+01
      vertex   -9.742641e+00 1.304586e+01 3.040000e+01
    endloop
  endfacet
  facet normal 0.000000e+00 -0.000000e+00 1.000000e+00
    outer loop
      vertex   -1.349788e+01 1.155226e+01 3.040000e+01
      vertex   -9.742641e+00 1.304586e+01 3.040000e+01
      vertex   -1.382655e+01 1.304665e+01 3.040000e+01
    endloop
  endfacet
  facet normal -0.000000e+00 0.000000e+00 1.000000e+00
    outer loop
      vertex   -1.382655e+01 1.304665e+01 3.040000e+01
      vertex   -9.742641e+00 1.304586e+01 3.040000e+01
      vertex   -1.000529e+01 1.442773e+01 3.040000e+01
    endloop
  endfacet
  facet normal 0.000000e+00 -0.000000e+00 1.000000e+00
    outer loop
      vertex   -1.382655e+01 1.304665e+01 3.040000e+01
      vertex   -1.000529e+01 1.442773e+01 3.040000e+01
      vertex   -1.406168e+01 1.455859e+01 3.040000e+01
    endloop
  endfacet
  facet normal -0.000000e+00 0.000000e+00 1.000000e+00
    outer loop
      vertex   -1.406168e+01 1.455859e+01 3.040000e+01
      vertex   -1.000529e+01 1.442773e+01 3.040000e+01
      vertex   -1.017302e+01 1.582431e+01 3.040000e+01
    endloop
  endfacet
  facet normal 0.000000e+00 -0.000000e+00 1.000000e+00
    outer loop
      vertex   -1.406168e+01 1.455859e+01 3.040000e+01
      vertex   -1.017302e+01 1.582431e+01 3.040000e+01
      vertex   -1.420236e+01 1.608222e+01 3.040000e+01
    endloop
  endfacet
  facet normal -0.000000e+00 0.000000e+00 1.000000e+00
    outer loop
      vertex   -1.420236e+01 1.608222e+01 3.040000e+01
      vertex   -1.017302e+01 1.582431e+01 3.040000e+01
      vertex   -1.024505e+01 1.722908e+01 3.040000e+01
    endloop
  endfacet
  facet normal 0.000000e+00 -0.000000e+00 1.000000e+00
    outer loop
      vertex   -1.420236e+01 1.608222e+01 3.040000e+01
      vertex   -1.024505e+01 1.722908e+01 3.040000e+01
      vertex   -1.424804e+01 1.761166e+01 3.040000e+01
    endloop
  endfacet
  facet normal -0.000000e+00 0.000000e+00 1.000000e+00
    outer loop
      vertex   -1.424804e+01 1.761166e+01 3.040000e+01
      vertex   -1.024505e+01 1.722908e+01 3.040000e+01
      vertex   -1.022105e+01 1.863549e+01 3.040000e+01
    endloop
  endfacet
  facet normal 0.000000e+00 0.000000e+00 1.000000e+00
    outer loop
      vertex   -1.424804e+01 1.761166e+01 3.040000e+01
      vertex   -1.022105e+01 1.863549e+01 3.040000e+01
      vertex   -1.419855e+01 1.914097e+01 3.040000e+01
    endloop
  endfacet
  facet normal -0.000000e+00 0.000000e+00 1.000000e+00
    outer loop
      vertex   -1.419855e+01 1.914097e+01 3.040000e+01
      vertex   -1.022105e+01 1.863549e+01 3.040000e+01
      vertex   -1.010113e+01 2.003698e+01 3.040000e+01
    endloop
  endfacet
  facet normal 0.000000e+00 0.000000e+00 1.000000e+00
    outer loop
      vertex   -1.419855e+01 1.914097e+01 3.040000e+01
      vertex   -1.010113e+01 2.003698e+01 3.040000e+01
      vertex   -1.405408e+01 2.066425e+01 3.040000e+01
    endloop
  endfacet
  facet normal -0.000000e+00 0.000000e+00 1.000000e+00
    outer loop
      vertex   -1.405408e+01 2.066425e+01 3.040000e+01
      vertex   -1.010113e+01 2.003698e+01 3.040000e+01
      vertex   -9.885851e+00 2.142702e+01 3.040000e+01
    endloop
  endfacet
  facet normal 0.000000e+00 0.000000e+00 1.000000e+00
    outer loop
      vertex   -1.405408e+01 2.066425e+01 3.040000e+01
      vertex   -9.885851e+00 2.142702e+01 3.040000e+01
      vertex   -1.381518e+01 2.217559e+01 3.040000e+01
    endloop
  endfacet
  facet normal -0.000000e+00 0.000000e+00 1.000000e+00
    outer loop
      vertex   -1.381518e+01 2.217559e+01 3.040000e+01
      vertex   -9.885851e+00 2.142702e+01 3.040000e+01
      vertex   -1.348279e+01 2.366917e+01 3.040000e+01
    endloop
  endfacet
  facet normal 0.000000e+00 0.000000e+00 1.000000e+00
    outer loop
      vertex   -1.348279e+01 2.366917e+01 3.040000e+01
      vertex   -9.885851e+00 2.142702e+01 3.040000e+01
      vertex   -9.576212e+00 2.279913e+01 3.040000e+01
    endloop
  endfacet
  facet normal -0.000000e+00 0.000000e+00 1.000000e+00
    outer loop
      vertex   -1.348279e+01 2.366917e+01 3.040000e+01
      vertex   -9.576212e+00 2.279913e+01 3.040000e+01
      vertex   -1.305819e+01 2.513919e+01 3.040000e+01
    endloop
  endfacet
  facet normal 0.000000e+00 0.000000e+00 1.000000e+00
    outer loop
      vertex   -1.305819e+01 2.513919e+01 3.040000e+01
      vertex   -9.576212e+00 2.279913e+01 3.040000e+01
      vertex   -9.173658e+00 2.414691e+01 3.040000e+01
    endloop
  endfacet
  facet normal -0.000000e+00 0.000000e+00 1.000000e+00
    outer loop
      vertex   -1.305819e+01 2.513919e+01 3.040000e+01
      vertex   -9.173658e+00 2.414691e+01 3.040000e+01
      vertex   -1.254301e+01 2.657997e+01 3.040000e+01
    endloop
  endfacet
  facet normal 0.000000e+00 0.000000e+00 1.000000e+00
    outer loop
      vertex   -1.254301e+01 2.657997e+01 3.040000e+01
      vertex   -9.173658e+00 2.414691e+01 3.040000e+01
      vertex   -8.680067e+00 2.546408e+01 3.040000e+01
    endloop
  endfacet
  facet normal -0.000000e+00 0.000000e+00 1.000000e+00
    outer loop
      vertex   -1.254301e+01 2.657997e+01 3.040000e+01
      vertex   -8.680067e+00 2.546408e+01 3.040000e+01
      vertex   -1.193926e+01 2.798593e+01 3.040000e+01
    endloop
  endfacet
  facet normal 0.000000e+00 0.000000e+00 1.000000e+00
    outer loop
      vertex   -1.193926e+01 2.798593e+01 3.040000e+01
      vertex   -8.680067e+00 2.546408e+01 3.040000e+01
      vertex   -8.097740e+00 2.674449e+01 3.040000e+01
    endloop
  endfacet
  facet normal -0.000000e+00 0.000000e+00 1.000000e+00
    outer loop
      vertex   -1.193926e+01 2.798593e+01 3.040000e+01
      vertex   -8.097740e+00 2.674449e+01 3.040000e+01
      vertex   -1.124927e+01 2.935164e+01 3.040000e+01
    endloop
  endfacet
  facet normal -1.641376e-15 -1.984104e-15 1.000000e+00
    outer loop
      vertex   -1.124927e+01 2.935164e+01 3.040000e+01
      vertex   -8.097740e+00 2.674449e+01 3.040000e+01
      vertex   -7.429392e+00 2.798218e+01 3.040000e+01
    endloop
  endfacet
  facet normal -7.685993e-16 4.503646e-16 1.000000e+00
    outer loop
      vertex   -1.124927e+01 2.935164e+01 3.040000e+01
      vertex   -7.429392e+00 2.798218e+01 3.040000e+01
      vertex   -1.047571e+01 3.067181e+01 3.040000e+01
    endloop
  endfacet
  facet normal -7.486572e-16 4.729514e-16 1.000000e+00
    outer loop
      vertex   -1.047571e+01 3.067181e+01 3.040000e+01
      vertex   -7.429392e+00 2.798218e+01 3.040000e+01
      vertex   -6.678139e+00 2.917137e+01 3.040000e+01
    endloop
  endfacet
  facet normal -7.390602e-16 4.972411e-16 1.000000e+00
    outer loop
      vertex   -1.047571e+01 3.067181e+01 3.040000e+01
      vertex   -6.678139e+00 2.917137e+01 3.040000e+01
      vertex   -9.621574e+00 3.194133e+01 3.040000e+01
    endloop
  endfacet
  facet normal -7.147789e-16 5.230431e-16 1.000000e+00
    outer loop
      vertex   -9.621574e+00 3.194133e+01 3.040000e+01
      vertex   -6.678139e+00 2.917137e+01 3.040000e+01
      vertex   -5.847485e+00 3.030653e+01 3.040000e+01
    endloop
  endfacet
  facet normal -7.065312e-16 5.420836e-16 1.000000e+00
    outer loop
      vertex   -9.621574e+00 3.194133e+01 3.040000e+01
      vertex   -5.847485e+00 3.030653e+01 3.040000e+01
      vertex   -8.690162e+00 3.315530e+01 3.040000e+01
    endloop
  endfacet
  facet normal -6.777077e-16 5.708454e-16 1.000000e+00
    outer loop
      vertex   -8.690162e+00 3.315530e+01 3.040000e+01
      vertex   -5.847485e+00 3.030653e+01 3.040000e+01
      vertex   -4.941301e+00 3.138235e+01 3.040000e+01
    endloop
  endfacet
  facet normal -1.702550e-15 -1.596158e-15 1.000000e+00
    outer loop
      vertex   -8.690162e+00 3.315530e+01 3.040000e+01
      vertex   -4.941301e+00 3.138235e+01 3.040000e+01
      vertex   -7.685079e+00 3.430902e+01 3.040000e+01
    endloop
  endfacet
  facet normal 0.000000e+00 0.000000e+00 1.000000e+00
    outer loop
      vertex   -7.685079e+00 3.430902e+01 3.040000e+01
      vertex   -4.941301e+00 3.138235e+01 3.040000e+01
      vertex   -3.963812e+00 3.239382e+01 3.040000e+01
    endloop
  endfacet
  facet normal -0.000000e+00 0.000000e+00 1.000000e+00
    outer loop
      vertex   -7.685079e+00 3.430902e+01 3.040000e+01
      vertex   -3.963812e+00 3.239382e+01 3.040000e+01
      vertex   -6.610215e+00 3.539801e+01 3.040000e+01
    endloop
  endfacet
  facet normal 0.000000e+00 0.000000e+00 1.000000e+00
    outer loop
      vertex   -6.610215e+00 3.539801e+01 3.040000e+01
      vertex   -3.963812e+00 3.239382e+01 3.040000e+01
      vertex   -2.919578e+00 3.333623e+01 3.040000e+01
    endloop
  endfacet
  facet normal -0.000000e+00 0.000000e+00 1.000000e+00
    outer loop
      vertex   -6.610215e+00 3.539801e+01 3.040000e+01
      vertex   -2.919578e+00 3.333623e+01 3.040000e+01
      vertex   -5.469727e+00 3.641808e+01 3.040000e+01
    endloop
  endfacet
  facet normal -0.000000e+00 0.000000e+00 1.000000e+00
    outer loop
      vertex   -5.469727e+00 3.641808e+01 3.040000e+01
      vertex   -2.919578e+00 3.333623e+01 3.040000e+01
      vertex   -4.268029e+00 3.736527e+01 3.040000e+01
    endloop
  endfacet
  facet normal 0.000000e+00 0.000000e+00 1.000000e+00
    outer loop
      vertex   -4.268029e+00 3.736527e+01 3.040000e+01
      vertex   -2.919578e+00 3.333623e+01 3.040000e+01
      vertex   -1.813465e+00 3.420518e+01 3.040000e+01
    endloop
  endfacet
  facet normal -0.000000e+00 0.000000e+00 1.000000e+00
    outer loop
      vertex   -4.268029e+00 3.736527e+01 3.040000e+01
      vertex   -1.813465e+00 3.420518e+01 3.040000e+01
      vertex   -3.009768e+00 3.823591e+01 3.040000e+01
    endloop
  endfacet
  facet normal 0.000000e+00 0.000000e+00 1.000000e+00
    outer loop
      vertex   -3.009768e+00 3.823591e+01 3.040000e+01
      vertex   -1.813465e+00 3.420518e+01 3.040000e+01
      vertex   -6.506312e-01 3.499663e+01 3.040000e+01
    endloop
  endfacet
  facet normal -0.000000e+00 0.000000e+00 1.000000e+00
    outer loop
      vertex   -3.009768e+00 3.823591e+01 3.040000e+01
      vertex   -6.506312e-01 3.499663e+01 3.040000e+01
      vertex   -1.699814e+00 3.902665e+01 3.040000e+01
    endloop
  endfacet
  facet normal 0.000000e+00 0.000000e+00 1.000000e+00
    outer loop
      vertex   -1.699814e+00 3.902665e+01 3.040000e+01
      vertex   -6.506312e-01 3.499663e+01 3.040000e+01
      vertex   5.635014e-01 3.570687e+01 3.040000e+01
    endloop
  endfacet
  facet normal -0.000000e+00 0.000000e+00 1.000000e+00
    outer loop
      vertex   -1.699814e+00 3.902665e+01 3.040000e+01
      vertex   5.635014e-01 3.570687e+01 3.040000e+01
      vertex   -3.432339e-01 3.973442e+01 3.040000e+01
    endloop
  endfacet
  facet normal 0.000000e+00 0.000000e+00 1.000000e+00
    outer loop
      vertex   -3.432339e-01 3.973442e+01 3.040000e+01
      vertex   5.635014e-01 3.570687e+01 3.040000e+01
      vertex   1.823272e+00 3.633260e+01 3.040000e+01
    endloop
  endfacet
  facet normal -0.000000e+00 0.000000e+00 1.000000e+00
    outer loop
      vertex   -3.432339e-01 3.973442e+01 3.040000e+01
      vertex   1.823272e+00 3.633260e+01 3.040000e+01
      vertex   1.054724e+00 4.035648e+01 3.040000e+01
    endloop
  endfacet
  facet normal 0.000000e+00 0.000000e+00 1.000000e+00
    outer loop
      vertex   1.054724e+00 4.035648e+01 3.040000e+01
      vertex   1.823272e+00 3.633260e+01 3.040000e+01
      vertex   3.122808e+00 3.687090e+01 3.040000e+01
    endloop
  endfacet
  facet normal -0.000000e+00 0.000000e+00 1.000000e+00
    outer loop
      vertex   1.054724e+00 4.035648e+01 3.040000e+01
      vertex   3.122808e+00 3.687090e+01 3.040000e+01
      vertex   2.488651e+00 4.089043e+01 3.040000e+01
    endloop
  endfacet
  facet normal 0.000000e+00 0.000000e+00 1.000000e+00
    outer loop
      vertex   2.488651e+00 4.089043e+01 3.040000e+01
      vertex   3.122808e+00 3.687090e+01 3.040000e+01
      vertex   4.456049e+00 3.731927e+01 3.040000e+01
    endloop
  endfacet
  facet normal -0.000000e+00 0.000000e+00 1.000000e+00
    outer loop
      vertex   2.488651e+00 4.089043e+01 3.040000e+01
      vertex   4.456049e+00 3.731927e+01 3.040000e+01
      vertex   3.952999e+00 4.133420e+01 3.040000e+01
    endloop
  endfacet
  facet normal 0.000000e+00 0.000000e+00 1.000000e+00
    outer loop
      vertex   3.952999e+00 4.133420e+01 3.040000e+01
      vertex   4.456049e+00 3.731927e+01 3.040000e+01
      vertex   5.816779e+00 3.767560e+01 3.040000e+01
    endloop
  endfacet
  facet normal -0.000000e+00 0.000000e+00 1.000000e+00
    outer loop
      vertex   3.952999e+00 4.133420e+01 3.040000e+01
      vertex   5.816779e+00 3.767560e+01 3.040000e+01
      vertex   5.442104e+00 4.168607e+01 3.040000e+01
    endloop
  endfacet
  facet normal 0.000000e+00 0.000000e+00 1.000000e+00
    outer loop
      vertex   5.442104e+00 4.168607e+01 3.040000e+01
      vertex   5.816779e+00 3.767560e+01 3.040000e+01
      vertex   7.198654e+00 3.793825e+01 3.040000e+01
    endloop
  endfacet
  facet normal -0.000000e+00 0.000000e+00 1.000000e+00
    outer loop
      vertex   5.442104e+00 4.168607e+01 3.040000e+01
      vertex   7.198654e+00 3.793825e+01 3.040000e+01
      vertex   6.950204e+00 4.194468e+01 3.040000e+01
    endloop
  endfacet
  facet normal 0.000000e+00 0.000000e+00 1.000000e+00
    outer loop
      vertex   6.950204e+00 4.194468e+01 3.040000e+01
      vertex   7.198654e+00 3.793825e+01 3.040000e+01
      vertex   8.595232e+00 3.810598e+01 3.040000e+01
    endloop
  endfacet
  facet normal -0.000000e+00 0.000000e+00 1.000000e+00
    outer loop
      vertex   6.950204e+00 4.194468e+01 3.040000e+01
      vertex   8.595232e+00 3.810598e+01 3.040000e+01
      vertex   8.471464e+00 4.210904e+01 3.040000e+01
    endloop
  endfacet
  facet normal 0.000000e+00 0.000000e+00 1.000000e+00
    outer loop
      vertex   8.471464e+00 4.210904e+01 3.040000e+01
      vertex   8.595232e+00 3.810598e+01 3.040000e+01
      vertex   1.000000e+01 3.817801e+01 3.040000e+01
    endloop
  endfacet
  facet normal 1.679700e-02 9.998589e-01 0.000000e+00
    outer loop
      vertex   1.152990e+01 4.215280e+01 3.040000e+01
      vertex   1.000000e+01 4.217850e+01 4.999998e+00
      vertex   1.000000e+01 4.217850e+01 3.040000e+01
    endloop
  endfacet
  facet normal -4.539636e-02 9.989691e-01 0.000000e+00
    outer loop
      vertex   1.000000e+01 4.217850e+01 3.040000e+01
      vertex   1.000000e+01 4.217850e+01 4.999998e+00
      vertex   8.471464e+00 4.210904e+01 4.999998e+00
    endloop
  endfacet
  facet normal -4.539636e-02 9.989691e-01 -3.213701e-18
    outer loop
      vertex   1.000000e+01 4.217850e+01 3.040000e+01
      vertex   8.471464e+00 4.210904e+01 4.999998e+00
      vertex   8.471464e+00 4.210904e+01 3.040000e+01
    endloop
  endfacet
  facet normal -1.074141e-01 9.942144e-01 -7.512037e-18
    outer loop
      vertex   8.471464e+00 4.210904e+01 3.040000e+01
      vertex   8.471464e+00 4.210904e+01 4.999998e+00
      vertex   6.950204e+00 4.194468e+01 4.999998e+00
    endloop
  endfacet
  facet normal -1.074141e-01 9.942144e-01 -7.141558e-18
    outer loop
      vertex   8.471464e+00 4.210904e+01 3.040000e+01
      vertex   6.950204e+00 4.194468e+01 4.999998e+00
      vertex   6.950204e+00 4.194468e+01 3.040000e+01
    endloop
  endfacet
  facet normal -1.690163e-01 9.856133e-01 -1.182020e-17
    outer loop
      vertex   6.950204e+00 4.194468e+01 3.040000e+01
      vertex   6.950204e+00 4.194468e+01 4.999998e+00
      vertex   5.442104e+00 4.168607e+01 4.999998e+00
    endloop
  endfacet
  facet normal -1.690163e-01 9.856133e-01 -1.285480e-17
    outer loop
      vertex   6.950204e+00 4.194468e+01 3.040000e+01
      vertex   5.442104e+00 4.168607e+01 4.999998e+00
      vertex   5.442104e+00 4.168607e+01 3.040000e+01
    endloop
  endfacet
  facet normal -2.299645e-01 9.731990e-01 -1.608264e-17
    outer loop
      vertex   5.442104e+00 4.168607e+01 3.040000e+01
      vertex   5.442104e+00 4.168607e+01 4.999998e+00
      vertex   3.952999e+00 4.133420e+01 4.999998e+00
    endloop
  endfacet
  facet normal -2.299645e-01 9.731990e-01 -1.999636e-17
    outer loop
      vertex   5.442104e+00 4.168607e+01 3.040000e+01
      vertex   3.952999e+00 4.133420e+01 4.999998e+00
      vertex   3.952999e+00 4.133420e+01 3.040000e+01
    endloop
  endfacet
  facet normal -2.900231e-01 9.570196e-01 -2.535357e-17
    outer loop
      vertex   3.952999e+00 4.133420e+01 3.040000e+01
      vertex   3.952999e+00 4.133420e+01 4.999998e+00
      vertex   2.488651e+00 4.089043e+01 4.999998e+00
    endloop
  endfacet
  facet normal -2.900231e-01 9.570196e-01 -1.999636e-17
    outer loop
      vertex   3.952999e+00 4.133420e+01 3.040000e+01
      vertex   2.488651e+00 4.089043e+01 4.999998e+00
      vertex   2.488651e+00 4.089043e+01 3.040000e+01
    endloop
  endfacet
  facet normal -3.489597e-01 9.371377e-01 -2.440460e-17
    outer loop
      vertex   2.488651e+00 4.089043e+01 3.040000e+01
      vertex   2.488651e+00 4.089043e+01 4.999998e+00
      vertex   1.054724e+00 4.035648e+01 4.999998e+00
    endloop
  endfacet
  facet normal -3.489597e-01 9.371377e-01 -2.856623e-17
    outer loop
      vertex   2.488651e+00 4.089043e+01 3.040000e+01
      vertex   1.054724e+00 4.035648e+01 4.999998e+00
      vertex   1.054724e+00 4.035648e+01 3.040000e+01
    endloop
  endfacet
  facet normal -4.065461e-01 9.136303e-01 -3.553991e-17
    outer loop
      vertex   1.054724e+00 4.035648e+01 3.040000e+01
      vertex   1.054724e+00 4.035648e+01 4.999998e+00
      vertex   -3.432339e-01 3.973442e+01 4.999998e+00
    endloop
  endfacet
  facet normal -4.065461e-01 9.136303e-01 -3.713610e-17
    outer loop
      vertex   1.054724e+00 4.035648e+01 3.040000e+01
      vertex   -3.432339e-01 3.973442e+01 4.999998e+00
      vertex   -3.432339e-01 3.973442e+01 3.040000e+01
    endloop
  endfacet
  facet normal -4.625598e-01 8.865881e-01 -4.043658e-17
    outer loop
      vertex   -3.432339e-01 3.973442e+01 3.040000e+01
      vertex   -3.432339e-01 3.973442e+01 4.999998e+00
      vertex   -1.699814e+00 3.902665e+01 4.999998e+00
    endloop
  endfacet
  facet normal -4.625598e-01 8.865881e-01 -4.284935e-17
    outer loop
      vertex   -3.432339e-01 3.973442e+01 3.040000e+01
      vertex   -1.699814e+00 3.902665e+01 4.999998e+00
      vertex   -1.699814e+00 3.902665e+01 3.040000e+01
    endloop
  endfacet
  facet normal -5.167839e-01 8.561159e-01 -4.517680e-17
    outer loop
      vertex   -1.699814e+00 3.902665e+01 3.040000e+01
      vertex   -1.699814e+00 3.902665e+01 4.999998e+00
      vertex   -3.009768e+00 3.823591e+01 4.999998e+00
    endloop
  endfacet
  facet normal -5.167839e-01 8.561159e-01 -4.570597e-17
    outer loop
      vertex   -1.699814e+00 3.902665e+01 3.040000e+01
      vertex   -3.009768e+00 3.823591e+01 4.999998e+00
      vertex   -3.009768e+00 3.823591e+01 3.040000e+01
    endloop
  endfacet
  facet normal -5.690086e-01 8.223316e-01 -4.974224e-17
    outer loop
      vertex   -3.009768e+00 3.823591e+01 3.040000e+01
      vertex   -3.009768e+00 3.823591e+01 4.999998e+00
      vertex   -4.268029e+00 3.736527e+01 4.999998e+00
    endloop
  endfacet
  facet normal -5.690086e-01 8.223316e-01 -3.999272e-17
    outer loop
      vertex   -3.009768e+00 3.823591e+01 3.040000e+01
      vertex   -4.268029e+00 3.736527e+01 4.999998e+00
      vertex   -4.268029e+00 3.736527e+01 3.040000e+01
    endloop
  endfacet
  facet normal -6.190320e-01 7.853658e-01 -4.329219e-17
    outer loop
      vertex   -4.268029e+00 3.736527e+01 3.040000e+01
      vertex   -4.268029e+00 3.736527e+01 4.999998e+00
      vertex   -5.469727e+00 3.641808e+01 4.999998e+00
    endloop
  endfacet
  facet normal -6.190320e-01 7.853658e-01 -3.999272e-17
    outer loop
      vertex   -4.268029e+00 3.736527e+01 3.040000e+01
      vertex   -5.469727e+00 3.641808e+01 4.999998e+00
      vertex   -5.469727e+00 3.641808e+01 3.040000e+01
    endloop
  endfacet
  facet normal -6.666604e-01 7.453616e-01 -4.662310e-17
    outer loop
      vertex   -5.469727e+00 3.641808e+01 3.040000e+01
      vertex   -5.469727e+00 3.641808e+01 4.999998e+00
      vertex   -6.610215e+00 3.539801e+01 4.999998e+00
    endloop
  endfacet
  facet normal -6.666604e-01 7.453616e-01 -6.855895e-17
    outer loop
      vertex   -5.469727e+00 3.641808e+01 3.040000e+01
      vertex   -6.610215e+00 3.539801e+01 4.999998e+00
      vertex   -6.610215e+00 3.539801e+01 3.040000e+01
    endloop
  endfacet
  facet normal -7.117097e-01 7.024737e-01 -7.466046e-17
    outer loop
      vertex   -6.610215e+00 3.539801e+01 3.040000e+01
      vertex   -6.610215e+00 3.539801e+01 4.999998e+00
      vertex   -7.685079e+00 3.430902e+01 4.999998e+00
    endloop
  endfacet
  facet normal -7.117097e-01 7.024737e-01 -4.570597e-17
    outer loop
      vertex   -6.610215e+00 3.539801e+01 3.040000e+01
      vertex   -7.685079e+00 3.430902e+01 4.999998e+00
      vertex   -7.685079e+00 3.430902e+01 3.040000e+01
    endloop
  endfacet
  facet normal -7.540055e-01 6.568681e-01 -5.273161e-17
    outer loop
      vertex   -7.685079e+00 3.430902e+01 3.040000e+01
      vertex   -7.685079e+00 3.430902e+01 4.999998e+00
      vertex   -8.690162e+00 3.315530e+01 4.999998e+00
    endloop
  endfacet
  facet normal -7.540055e-01 6.568681e-01 -5.141922e-17
    outer loop
      vertex   -7.685079e+00 3.430902e+01 3.040000e+01
      vertex   -8.690162e+00 3.315530e+01 4.999998e+00
      vertex   -8.690162e+00 3.315530e+01 3.040000e+01
    endloop
  endfacet
  facet normal -7.933842e-01 6.087212e-01 -5.548557e-17
    outer loop
      vertex   -8.690162e+00 3.315530e+01 3.040000e+01
      vertex   -8.690162e+00 3.315530e+01 4.999998e+00
      vertex   -9.621574e+00 3.194133e+01 4.999998e+00
    endloop
  endfacet
  facet normal -7.933842e-01 6.087212e-01 -1.085517e-16
    outer loop
      vertex   -8.690162e+00 3.315530e+01 3.040000e+01
      vertex   -9.621574e+00 3.194133e+01 4.999998e+00
      vertex   -9.621574e+00 3.194133e+01 3.040000e+01
    endloop
  endfacet
  facet normal -8.296934e-01 5.582193e-01 -1.160497e-16
    outer loop
      vertex   -9.621574e+00 3.194133e+01 3.040000e+01
      vertex   -9.621574e+00 3.194133e+01 4.999998e+00
      vertex   -1.047571e+01 3.067181e+01 4.999998e+00
    endloop
  endfacet
  facet normal -8.296934e-01 5.582193e-01 -1.142649e-16
    outer loop
      vertex   -9.621574e+00 3.194133e+01 3.040000e+01
      vertex   -1.047571e+01 3.067181e+01 4.999998e+00
      vertex   -1.047571e+01 3.067181e+01 3.040000e+01
    endloop
  endfacet
  facet normal -8.627928e-01 5.055577e-01 -1.206794e-16
    outer loop
      vertex   -1.047571e+01 3.067181e+01 3.040000e+01
      vertex   -1.047571e+01 3.067181e+01 4.999998e+00
      vertex   -1.124927e+01 2.935164e+01 4.999998e+00
    endloop
  endfacet
  facet normal -8.627928e-01 5.055577e-01 -1.199782e-16
    outer loop
      vertex   -1.047571e+01 3.067181e+01 3.040000e+01
      vertex   -1.124927e+01 2.935164e+01 4.999998e+00
      vertex   -1.124927e+01 2.935164e+01 3.040000e+01
    endloop
  endfacet
  facet normal -8.925541e-01 4.509403e-01 -1.248421e-16
    outer loop
      vertex   -1.124927e+01 2.935164e+01 3.040000e+01
      vertex   -1.124927e+01 2.935164e+01 4.999998e+00
      vertex   -1.193926e+01 2.798593e+01 4.999998e+00
    endloop
  endfacet
  facet normal -8.925541e-01 4.509403e-01 -6.284571e-17
    outer loop
      vertex   -1.124927e+01 2.935164e+01 3.040000e+01
      vertex   -1.193926e+01 2.798593e+01 4.999998e+00
      vertex   -1.193926e+01 2.798593e+01 3.040000e+01
    endloop
  endfacet
  facet normal -9.188624e-01 3.945782e-01 -6.426092e-17
    outer loop
      vertex   -1.193926e+01 2.798593e+01 3.040000e+01
      vertex   -1.193926e+01 2.798593e+01 4.999998e+00
      vertex   -1.254301e+01 2.657997e+01 4.999998e+00
    endloop
  endfacet
  facet normal -9.188624e-01 3.945782e-01 -6.570233e-17
    outer loop
      vertex   -1.193926e+01 2.798593e+01 3.040000e+01
      vertex   -1.254301e+01 2.657997e+01 4.999998e+00
      vertex   -1.254301e+01 2.657997e+01 3.040000e+01
    endloop
  endfacet
  facet normal -9.416157e-01 3.366896e-01 -6.585218e-17
    outer loop
      vertex   -1.254301e+01 2.657997e+01 3.040000e+01
      vertex   -1.254301e+01 2.657997e+01 4.999998e+00
      vertex   -1.305819e+01 2.513919e+01 4.999998e+00
    endloop
  endfacet
  facet normal -9.416157e-01 3.366896e-01 -6.570233e-17
    outer loop
      vertex   -1.254301e+01 2.657997e+01 3.040000e+01
      vertex   -1.305819e+01 2.513919e+01 4.999998e+00
      vertex   -1.305819e+01 2.513919e+01 3.040000e+01
    endloop
  endfacet
  facet normal -9.607261e-01 2.774984e-01 -6.718868e-17
    outer loop
      vertex   -1.305819e+01 2.513919e+01 3.040000e+01
      vertex   -1.305819e+01 2.513919e+01 4.999998e+00
      vertex   -1.348279e+01 2.366917e+01 4.999998e+00
    endloop
  endfacet
  facet normal -9.607261e-01 2.774984e-01 -1.342613e-16
    outer loop
      vertex   -1.305819e+01 2.513919e+01 3.040000e+01
      vertex   -1.348279e+01 2.366917e+01 4.999998e+00
      vertex   -1.348279e+01 2.366917e+01 3.040000e+01
    endloop
  endfacet
  facet normal -9.761196e-01 2.172336e-01 -1.365305e-16
    outer loop
      vertex   -1.348279e+01 2.366917e+01 3.040000e+01
      vertex   -1.348279e+01 2.366917e+01 4.999998e+00
      vertex   -1.381518e+01 2.217559e+01 4.999998e+00
    endloop
  endfacet
  facet normal -9.761196e-01 2.172336e-01 -1.371179e-16
    outer loop
      vertex   -1.348279e+01 2.366917e+01 3.040000e+01
      vertex   -1.381518e+01 2.217559e+01 4.999998e+00
      vertex   -1.381518e+01 2.217559e+01 3.040000e+01
    endloop
  endfacet
  facet normal -9.877368e-01 1.561284e-01 -1.381554e-16
    outer loop
      vertex   -1.381518e+01 2.217559e+01 3.040000e+01
      vertex   -1.381518e+01 2.217559e+01 4.999998e+00
      vertex   -1.405408e+01 2.066425e+01 4.999998e+00
    endloop
  endfacet
  facet normal -9.877368e-01 1.561284e-01 -6.998727e-17
    outer loop
      vertex   -1.381518e+01 2.217559e+01 3.040000e+01
      vertex   -1.405408e+01 2.066425e+01 4.999998e+00
      vertex   -1.405408e+01 2.066425e+01 3.040000e+01
    endloop
  endfacet
  facet normal -9.955325e-01 9.441913e-02 -6.962288e-17
    outer loop
      vertex   -1.405408e+01 2.066425e+01 3.040000e+01
      vertex   -1.405408e+01 2.066425e+01 4.999998e+00
      vertex   -1.419855e+01 1.914097e+01 4.999998e+00
    endloop
  endfacet
  facet normal -9.955325e-01 9.441913e-02 -6.998727e-17
    outer loop
      vertex   -1.405408e+01 2.066425e+01 3.040000e+01
      vertex   -1.419855e+01 1.914097e+01 4.999998e+00
      vertex   -1.419855e+01 1.914097e+01 3.040000e+01
    endloop
  endfacet
  facet normal -9.994768e-01 3.234459e-02 -6.989872e-17
    outer loop
      vertex   -1.419855e+01 1.914097e+01 3.040000e+01
      vertex   -1.419855e+01 1.914097e+01 4.999998e+00
      vertex   -1.424804e+01 1.761166e+01 4.999998e+00
    endloop
  endfacet
  facet normal -9.994768e-01 3.234459e-02 -6.998727e-17
    outer loop
      vertex   -1.419855e+01 1.914097e+01 3.040000e+01
      vertex   -1.424804e+01 1.761166e+01 4.999998e+00
      vertex   -1.424804e+01 1.761166e+01 3.040000e+01
    endloop
  endfacet
  facet normal -9.995542e-01 -2.985509e-02 -6.990413e-17
    outer loop
      vertex   -1.424804e+01 1.761166e+01 3.040000e+01
      vertex   -1.424804e+01 1.761166e+01 4.999998e+00
      vertex   -1.420236e+01 1.608222e+01 4.999998e+00
    endloop
  endfacet
  facet normal -9.995542e-01 -2.985509e-02 -6.998727e-17
    outer loop
      vertex   -1.424804e+01 1.761166e+01 3.040000e+01
      vertex   -1.420236e+01 1.608222e+01 4.999998e+00
      vertex   -1.420236e+01 1.608222e+01 3.040000e+01
    endloop
  endfacet
  facet normal -9.957646e-01 -9.193926e-02 -6.963911e-17
    outer loop
      vertex   -1.420236e+01 1.608222e+01 3.040000e+01
      vertex   -1.420236e+01 1.608222e+01 4.999998e+00
      vertex   -1.406168e+01 1.455859e+01 4.999998e+00
    endloop
  endfacet
  facet normal -9.957646e-01 -9.193926e-02 -6.998727e-17
    outer loop
      vertex   -1.420236e+01 1.608222e+01 3.040000e+01
      vertex   -1.406168e+01 1.455859e+01 4.999998e+00
      vertex   -1.406168e+01 1.455859e+01 3.040000e+01
    endloop
  endfacet
  facet normal -9.881226e-01 -1.536677e-01 -6.910466e-17
    outer loop
      vertex   -1.406168e+01 1.455859e+01 3.040000e+01
      vertex   -1.406168e+01 1.455859e+01 4.999998e+00
      vertex   -1.382655e+01 1.304665e+01 4.999998e+00
    endloop
  endfacet
  facet normal -9.881226e-01 -1.536677e-01 -6.998727e-17
    outer loop
      vertex   -1.406168e+01 1.455859e+01 3.040000e+01
      vertex   -1.382655e+01 1.304665e+01 4.999998e+00
      vertex   -1.382655e+01 1.304665e+01 3.040000e+01
    endloop
  endfacet
  facet normal -9.766577e-01 -2.148017e-01 -6.830286e-17
    outer loop
      vertex   -1.382655e+01 1.304665e+01 3.040000e+01
      vertex   -1.382655e+01 1.304665e+01 4.999998e+00
      vertex   -1.349788e+01 1.155226e+01 4.999998e+00
    endloop
  endfacet
  facet normal -9.766577e-01 -2.148017e-01 -6.855895e-17
    outer loop
      vertex   -1.382655e+01 1.304665e+01 3.040000e+01
      vertex   -1.349788e+01 1.155226e+01 4.999998e+00
      vertex   -1.349788e+01 1.155226e+01 3.040000e+01
    endloop
  endfacet
  facet normal -9.614143e-01 -2.751046e-01 -6.723680e-17
    outer loop
      vertex   -1.349788e+01 1.155226e+01 3.040000e+01
      vertex   -1.349788e+01 1.155226e+01 4.999998e+00
      vertex   -1.307694e+01 1.008118e+01 4.999998e+00
    endloop
  endfacet
  facet normal -9.614143e-01 -2.751046e-01 -6.570233e-17
    outer loop
      vertex   -1.349788e+01 1.155226e+01 3.040000e+01
      vertex   -1.307694e+01 1.008118e+01 4.999998e+00
      vertex   -1.307694e+01 1.008118e+01 3.040000e+01
    endloop
  endfacet
  facet normal -9.424514e-01 -3.343433e-01 -6.591063e-17
    outer loop
      vertex   -1.307694e+01 1.008118e+01 3.040000e+01
      vertex   -1.307694e+01 1.008118e+01 4.999998e+00
      vertex   -1.256536e+01 8.639125e+00 4.999998e+00
    endloop
  endfacet
  facet normal -9.424514e-01 -3.343433e-01 -6.570233e-17
    outer loop
      vertex   -1.307694e+01 1.008118e+01 3.040000e+01
      vertex   -1.256536e+01 8.639125e+00 4.999998e+00
      vertex   -1.256536e+01 8.639125e+00 3.040000e+01
    endloop
  endfacet
  facet normal -9.198423e-01 -3.922884e-01 -6.432945e-17
    outer loop
      vertex   -1.256536e+01 8.639125e+00 3.040000e+01
      vertex   -1.256536e+01 8.639125e+00 4.999998e+00
      vertex   -1.196511e+01 7.231662e+00 4.999998e+00
    endloop
  endfacet
  facet normal -9.198423e-01 -3.922884e-01 -6.570233e-17
    outer loop
      vertex   -1.256536e+01 8.639125e+00 3.040000e+01
      vertex   -1.196511e+01 7.231662e+00 4.999998e+00
      vertex   -1.196511e+01 7.231662e+00 3.040000e+01
    endloop
  endfacet
  facet normal -8.936745e-01 -4.487158e-01 -6.249940e-17
    outer loop
      vertex   -1.196511e+01 7.231662e+00 3.040000e+01
      vertex   -1.196511e+01 7.231662e+00 4.999998e+00
      vertex   -1.127852e+01 5.864239e+00 4.999998e+00
    endloop
  endfacet
  facet normal -8.936745e-01 -4.487158e-01 -6.284571e-17
    outer loop
      vertex   -1.196511e+01 7.231662e+00 3.040000e+01
      vertex   -1.127852e+01 5.864239e+00 4.999998e+00
      vertex   -1.127852e+01 5.864239e+00 3.040000e+01
    endloop
  endfacet
  facet normal -8.640493e-01 -5.034072e-01 -6.042755e-17
    outer loop
      vertex   -1.127852e+01 5.864239e+00 3.040000e+01
      vertex   -1.127852e+01 5.864239e+00 4.999998e+00
      vertex   -1.050825e+01 4.542146e+00 4.999998e+00
    endloop
  endfacet
  facet normal -8.640493e-01 -5.034072e-01 -1.199782e-16
    outer loop
      vertex   -1.127852e+01 5.864239e+00 3.040000e+01
      vertex   -1.050825e+01 4.542146e+00 4.999998e+00
      vertex   -1.050825e+01 4.542146e+00 3.040000e+01
    endloop
  endfacet
  facet normal -8.310812e-01 -5.561510e-01 -1.162438e-16
    outer loop
      vertex   -1.050825e+01 4.542146e+00 3.040000e+01
      vertex   -1.050825e+01 4.542146e+00 4.999998e+00
      vertex   -9.657280e+00 3.270497e+00 4.999998e+00
    endloop
  endfacet
  facet normal -8.310812e-01 -5.561510e-01 -5.713246e-17
    outer loop
      vertex   -1.050825e+01 4.542146e+00 3.040000e+01
      vertex   -9.657280e+00 3.270497e+00 4.999998e+00
      vertex   -9.657280e+00 3.270497e+00 3.040000e+01
    endloop
  endfacet
  facet normal -7.948979e-01 -6.067432e-01 -5.559143e-17
    outer loop
      vertex   -9.657280e+00 3.270497e+00 3.040000e+01
      vertex   -9.657280e+00 3.270497e+00 4.999998e+00
      vertex   -8.728894e+00 2.054214e+00 4.999998e+00
    endloop
  endfacet
  facet normal -7.948979e-01 -6.067432e-01 -5.713246e-17
    outer loop
      vertex   -9.657280e+00 3.270497e+00 3.040000e+01
      vertex   -8.728894e+00 2.054214e+00 4.999998e+00
      vertex   -8.728894e+00 2.054214e+00 3.040000e+01
    endloop
  endfacet
  facet normal -7.556392e-01 -6.549881e-01 -5.284586e-17
    outer loop
      vertex   -8.728894e+00 2.054214e+00 3.040000e+01
      vertex   -8.728894e+00 2.054214e+00 4.999998e+00
      vertex   -7.726688e+00 8.980001e-01 4.999998e+00
    endloop
  endfacet
  facet normal -7.556392e-01 -6.549881e-01 -5.141922e-17
    outer loop
      vertex   -8.728894e+00 2.054214e+00 3.040000e+01
      vertex   -7.726688e+00 8.980001e-01 4.999998e+00
      vertex   -7.726688e+00 8.980001e-01 3.040000e+01
    endloop
  endfacet
  facet normal -7.134571e-01 -7.006989e-01 -4.989584e-17
    outer loop
      vertex   -7.726688e+00 8.980001e-01 3.040000e+01
      vertex   -7.726688e+00 8.980001e-01 4.999998e+00
      vertex   -6.654539e+00 -1.936701e-01 4.999998e+00
    endloop
  endfacet
  facet normal -7.134571e-01 -7.006989e-01 -7.427220e-17
    outer loop
      vertex   -7.726688e+00 8.980001e-01 3.040000e+01
      vertex   -6.654539e+00 -1.936701e-01 4.999998e+00
      vertex   -6.654539e+00 -1.936701e-01 3.040000e+01
    endloop
  endfacet
  facet normal -6.685148e-01 -7.436988e-01 -7.012919e-17
    outer loop
      vertex   -6.654539e+00 -1.936701e-01 3.040000e+01
      vertex   -6.654539e+00 -1.936701e-01 4.999998e+00
      vertex   -5.516596e+00 -1.216573e+00 4.999998e+00
    endloop
  endfacet
  facet normal -6.685148e-01 -7.436988e-01 -4.570597e-17
    outer loop
      vertex   -6.654539e+00 -1.936701e-01 3.040000e+01
      vertex   -5.516596e+00 -1.216573e+00 4.999998e+00
      vertex   -5.516596e+00 -1.216573e+00 3.040000e+01
    endloop
  endfacet
  facet normal -6.209862e-01 -7.838215e-01 -4.342886e-17
    outer loop
      vertex   -5.516596e+00 -1.216573e+00 3.040000e+01
      vertex   -5.516596e+00 -1.216573e+00 4.999998e+00
      vertex   -4.317260e+00 -2.166753e+00 4.999998e+00
    endloop
  endfacet
  facet normal -6.209862e-01 -7.838215e-01 -4.570597e-17
    outer loop
      vertex   -5.516596e+00 -1.216573e+00 3.040000e+01
      vertex   -4.317260e+00 -2.166753e+00 4.999998e+00
      vertex   -4.317260e+00 -2.166753e+00 3.040000e+01
    endloop
  endfacet
  facet normal -5.710550e-01 -8.209118e-01 -3.993691e-17
    outer loop
      vertex   -4.317260e+00 -2.166753e+00 3.040000e+01
      vertex   -4.317260e+00 -2.166753e+00 4.999998e+00
      vertex   -3.061172e+00 -3.040531e+00 4.999998e+00
    endloop
  endfacet
  facet normal -5.710550e-01 -8.209118e-01 -5.141922e-17
    outer loop
      vertex   -4.317260e+00 -2.166753e+00 3.040000e+01
      vertex   -3.061172e+00 -3.040531e+00 4.999998e+00
      vertex   -3.061172e+00 -3.040531e+00 3.040000e+01
    endloop
  endfacet
  facet normal -5.189146e-01 -8.548261e-01 -4.536306e-17
    outer loop
      vertex   -3.061172e+00 -3.040531e+00 3.040000e+01
      vertex   -3.061172e+00 -3.040531e+00 4.999998e+00
      vertex   -1.753191e+00 -3.834530e+00 4.999998e+00
    endloop
  endfacet
  facet normal -5.189146e-01 -8.548261e-01 -3.999272e-17
    outer loop
      vertex   -3.061172e+00 -3.040531e+00 3.040000e+01
      vertex   -1.753191e+00 -3.834530e+00 4.999998e+00
      vertex   -1.753191e+00 -3.834530e+00 3.040000e+01
    endloop
  endfacet
  facet normal -4.647666e-01 -8.854332e-01 -4.062949e-17
    outer loop
      vertex   -1.753191e+00 -3.834530e+00 3.040000e+01
      vertex   -1.753191e+00 -3.834530e+00 4.999998e+00
      vertex   -3.983782e-01 -4.545675e+00 4.999998e+00
    endloop
  endfacet
  facet normal -4.647666e-01 -8.854332e-01 -3.999272e-17
    outer loop
      vertex   -1.753191e+00 -3.834530e+00 3.040000e+01
      vertex   -3.983782e-01 -4.545675e+00 4.999998e+00
      vertex   -3.983782e-01 -4.545675e+00 3.040000e+01
    endloop
  endfacet
  facet normal -4.088205e-01 -9.126148e-01 -3.573873e-17
    outer loop
      vertex   -3.983782e-01 -4.545675e+00 3.040000e+01
      vertex   -3.983782e-01 -4.545675e+00 4.999998e+00
      vertex   9.980258e-01 -5.171217e+00 4.999998e+00
    endloop
  endfacet
  facet normal -4.088205e-01 -9.126148e-01 -3.427948e-17
    outer loop
      vertex   -3.983782e-01 -4.545675e+00 3.040000e+01
      vertex   9.980258e-01 -5.171217e+00 4.999998e+00
      vertex   9.980258e-01 -5.171217e+00 3.040000e+01
    endloop
  endfacet
  facet normal -3.512927e-01 -9.362657e-01 -3.070970e-17
    outer loop
      vertex   9.980258e-01 -5.171217e+00 3.040000e+01
      vertex   9.980258e-01 -5.171217e+00 4.999998e+00
      vertex   2.430618e+00 -5.708734e+00 4.999998e+00
    endloop
  endfacet
  facet normal -3.512927e-01 -9.362657e-01 -3.142285e-17
    outer loop
      vertex   9.980258e-01 -5.171217e+00 3.040000e+01
      vertex   2.430618e+00 -5.708734e+00 4.999998e+00
      vertex   2.430618e+00 -5.708734e+00 3.040000e+01
    endloop
  endfacet
  facet normal -2.924059e-01 -9.562943e-01 -2.556187e-17
    outer loop
      vertex   2.430618e+00 -5.708734e+00 3.040000e+01
      vertex   2.430618e+00 -5.708734e+00 4.999998e+00
      vertex   3.893857e+00 -6.156148e+00 4.999998e+00
    endloop
  endfacet
  facet normal -2.924059e-01 -9.562943e-01 -1.999636e-17
    outer loop
      vertex   2.430618e+00 -5.708734e+00 3.040000e+01
      vertex   3.893857e+00 -6.156148e+00 4.999998e+00
      vertex   3.893857e+00 -6.156148e+00 3.040000e+01
    endloop
  endfacet
  facet normal -2.323878e-01 -9.726232e-01 -1.625211e-17
    outer loop
      vertex   3.893857e+00 -6.156148e+00 3.040000e+01
      vertex   3.893857e+00 -6.156148e+00 4.999998e+00
      vertex   5.382081e+00 -6.511728e+00 4.999998e+00
    endloop
  endfacet
  facet normal -2.323878e-01 -9.726232e-01 -1.713974e-17
    outer loop
      vertex   3.893857e+00 -6.156148e+00 3.040000e+01
      vertex   5.382081e+00 -6.511728e+00 4.999998e+00
      vertex   5.382081e+00 -6.511728e+00 3.040000e+01
    endloop
  endfacet
  facet normal -1.714706e-01 -9.851892e-01 -1.199185e-17
    outer loop
      vertex   5.382081e+00 -6.511728e+00 3.040000e+01
      vertex   5.382081e+00 -6.511728e+00 4.999998e+00
      vertex   6.889532e+00 -6.774097e+00 4.999998e+00
    endloop
  endfacet
  facet normal -1.714706e-01 -9.851892e-01 -1.142649e-17
    outer loop
      vertex   5.382081e+00 -6.511728e+00 3.040000e+01
      vertex   6.889532e+00 -6.774097e+00 4.999998e+00
      vertex   6.889532e+00 -6.774097e+00 3.040000e+01
    endloop
  endfacet
  facet normal -1.098900e-01 -9.939437e-01 -7.685194e-18
    outer loop
      vertex   6.889532e+00 -6.774097e+00 3.040000e+01
      vertex   6.889532e+00 -6.774097e+00 4.999998e+00
      vertex   8.410378e+00 -6.942242e+00 4.999998e+00
    endloop
  endfacet
  facet normal -1.098900e-01 -9.939437e-01 -8.569869e-18
    outer loop
      vertex   6.889532e+00 -6.774097e+00 3.040000e+01
      vertex   8.410378e+00 -6.942242e+00 4.999998e+00
      vertex   8.410378e+00 -6.942242e+00 3.040000e+01
    endloop
  endfacet
  facet normal -4.788435e-02 -9.988529e-01 -3.348807e-18
    outer loop
      vertex   8.410378e+00 -6.942242e+00 3.040000e+01
      vertex   8.410378e+00 -6.942242e+00 4.999998e+00
      vertex   9.938736e+00 -7.015510e+00 4.999998e+00
    endloop
  endfacet
  facet normal -4.788435e-02 -9.988529e-01 -6.784480e-18
    outer loop
      vertex   8.410378e+00 -6.942242e+00 3.040000e+01
      vertex   9.938736e+00 -7.015510e+00 4.999998e+00
      vertex   9.938736e+00 -7.015510e+00 3.040000e+01
    endloop
  endfacet
  facet normal 1.430660e-02 -9.998977e-01 2.001073e-18
    outer loop
      vertex   9.938736e+00 -7.015510e+00 3.040000e+01
      vertex   9.938736e+00 -7.015510e+00 4.999998e+00
      vertex   1.146869e+01 -6.993619e+00 4.999998e+00
    endloop
  endfacet
  facet normal 1.430660e-02 -9.998977e-01 1.071234e-18
    outer loop
      vertex   9.938736e+00 -7.015510e+00 3.040000e+01
      vertex   1.146869e+01 -6.993619e+00 4.999998e+00
      vertex   1.146869e+01 -6.993619e+00 3.040000e+01
    endloop
  endfacet
  facet normal 7.644220e-02 -9.970740e-01 5.346009e-18
    outer loop
      vertex   1.146869e+01 -6.993619e+00 3.040000e+01
      vertex   1.146869e+01 -6.993619e+00 4.999998e+00
      vertex   1.299433e+01 -6.876654e+00 4.999998e+00
    endloop
  endfacet
  facet normal 7.644220e-02 -9.970740e-01 0.000000e+00
    outer loop
      vertex   1.146869e+01 -6.993619e+00 3.040000e+01
      vertex   1.299433e+01 -6.876654e+00 4.999998e+00
      vertex   1.299433e+01 -6.876654e+00 3.040000e+01
    endloop
  endfacet
  facet normal 1.382821e-01 -9.903929e-01 0.000000e+00
    outer loop
      vertex   1.299433e+01 -6.876654e+00 3.040000e+01
      vertex   1.299433e+01 -6.876654e+00 4.999998e+00
      vertex   1.450974e+01 -6.665067e+00 4.999998e+00
    endloop
  endfacet
  facet normal 1.382821e-01 -9.903929e-01 2.856623e-17
    outer loop
      vertex   1.299433e+01 -6.876654e+00 3.040000e+01
      vertex   1.450974e+01 -6.665067e+00 4.999998e+00
      vertex   1.450974e+01 -6.665067e+00 3.040000e+01
    endloop
  endfacet
  facet normal 1.995869e-01 -9.798801e-01 4.187452e-17
    outer loop
      vertex   1.450974e+01 -6.665067e+00 3.040000e+01
      vertex   1.450974e+01 -6.665067e+00 4.999998e+00
      vertex   1.600907e+01 -6.359676e+00 4.999998e+00
    endloop
  endfacet
  facet normal 1.995869e-01 -9.798801e-01 0.000000e+00
    outer loop
      vertex   1.450974e+01 -6.665067e+00 3.040000e+01
      vertex   1.600907e+01 -6.359676e+00 4.999998e+00
      vertex   1.600907e+01 -6.359676e+00 3.040000e+01
    endloop
  endfacet
  facet normal 2.601196e-01 -9.655764e-01 0.000000e+00
    outer loop
      vertex   1.600907e+01 -6.359676e+00 3.040000e+01
      vertex   1.600907e+01 -6.359676e+00 4.999998e+00
      vertex   1.748651e+01 -5.961664e+00 4.999998e+00
    endloop
  endfacet
  facet normal 2.601196e-01 -9.655764e-01 3.713610e-17
    outer loop
      vertex   1.600907e+01 -6.359676e+00 3.040000e+01
      vertex   1.748651e+01 -5.961664e+00 4.999998e+00
      vertex   1.748651e+01 -5.961664e+00 3.040000e+01
    endloop
  endfacet
  facet normal 3.196460e-01 -9.475370e-01 4.470908e-17
    outer loop
      vertex   1.748651e+01 -5.961664e+00 3.040000e+01
      vertex   1.748651e+01 -5.961664e+00 4.999998e+00
      vertex   1.893635e+01 -5.472569e+00 4.999998e+00
    endloop
  endfacet
  facet normal 3.196460e-01 -9.475370e-01 0.000000e+00
    outer loop
      vertex   1.748651e+01 -5.961664e+00 3.040000e+01
      vertex   1.893635e+01 -5.472569e+00 4.999998e+00
      vertex   1.893635e+01 -5.472569e+00 3.040000e+01
    endloop
  endfacet
  facet normal 3.779357e-01 -9.258318e-01 0.000000e+00
    outer loop
      vertex   1.893635e+01 -5.472569e+00 3.040000e+01
      vertex   1.893635e+01 -5.472569e+00 4.999998e+00
      vertex   2.035298e+01 -4.894285e+00 4.999998e+00
    endloop
  endfacet
  facet normal 3.779357e-01 -9.258318e-01 5.427584e-17
    outer loop
      vertex   1.893635e+01 -5.472569e+00 3.040000e+01
      vertex   2.035298e+01 -4.894285e+00 4.999998e+00
      vertex   2.035298e+01 -4.894285e+00 3.040000e+01
    endloop
  endfacet
  facet normal 4.347633e-01 -9.005448e-01 6.081061e-17
    outer loop
      vertex   2.035298e+01 -4.894285e+00 3.040000e+01
      vertex   2.035298e+01 -4.894285e+00 4.999998e+00
      vertex   2.173091e+01 -4.229048e+00 4.999998e+00
    endloop
  endfacet
  facet normal 4.347633e-01 -9.005448e-01 1.199782e-16
    outer loop
      vertex   2.035298e+01 -4.894285e+00 3.040000e+01
      vertex   2.173091e+01 -4.229048e+00 4.999998e+00
      vertex   2.173091e+01 -4.229048e+00 3.040000e+01
    endloop
  endfacet
  facet normal 4.899088e-01 -8.717737e-01 1.370477e-16
    outer loop
      vertex   2.173091e+01 -4.229048e+00 3.040000e+01
      vertex   2.173091e+01 -4.229048e+00 4.999998e+00
      vertex   2.306483e+01 -3.479432e+00 4.999998e+00
    endloop
  endfacet
  facet normal 4.899088e-01 -8.717737e-01 0.000000e+00
    outer loop
      vertex   2.173091e+01 -4.229048e+00 3.040000e+01
      vertex   2.306483e+01 -3.479432e+00 4.999998e+00
      vertex   2.306483e+01 -3.479432e+00 3.040000e+01
    endloop
  endfacet
  facet normal 5.431590e-01 -8.396299e-01 0.000000e+00
    outer loop
      vertex   2.306483e+01 -3.479432e+00 3.040000e+01
      vertex   2.306483e+01 -3.479432e+00 4.999998e+00
      vertex   2.434955e+01 -2.648337e+00 4.999998e+00
    endloop
  endfacet
  facet normal 5.431590e-01 -8.396299e-01 0.000000e+00
    outer loop
      vertex   2.306483e+01 -3.479432e+00 3.040000e+01
      vertex   2.434955e+01 -2.648337e+00 4.999998e+00
      vertex   2.434955e+01 -2.648337e+00 3.040000e+01
    endloop
  endfacet
  facet normal 5.943078e-01 -8.042377e-01 0.000000e+00
    outer loop
      vertex   2.434955e+01 -2.648337e+00 3.040000e+01
      vertex   2.434955e+01 -2.648337e+00 4.999998e+00
      vertex   2.558013e+01 -1.738979e+00 4.999998e+00
    endloop
  endfacet
  facet normal 5.943078e-01 -8.042377e-01 1.656841e-16
    outer loop
      vertex   2.434955e+01 -2.648337e+00 3.040000e+01
      vertex   2.558013e+01 -1.738979e+00 4.999998e+00
      vertex   2.558013e+01 -1.738979e+00 3.040000e+01
    endloop
  endfacet
  facet normal 6.431573e-01 -7.657341e-01 1.799176e-16
    outer loop
      vertex   2.558013e+01 -1.738979e+00 3.040000e+01
      vertex   2.558013e+01 -1.738979e+00 4.999998e+00
      vertex   2.675179e+01 -7.548754e-01 4.999998e+00
    endloop
  endfacet
  facet normal 6.431573e-01 -7.657341e-01 0.000000e+00
    outer loop
      vertex   2.558013e+01 -1.738979e+00 3.040000e+01
      vertex   2.675179e+01 -7.548754e-01 4.999998e+00
      vertex   2.675179e+01 -7.548754e-01 3.040000e+01
    endloop
  endfacet
  facet normal 6.895186e-01 -7.242680e-01 0.000000e+00
    outer loop
      vertex   2.675179e+01 -7.548754e-01 3.040000e+01
      vertex   2.675179e+01 -7.548754e-01 4.999998e+00
      vertex   2.786000e+01 3.001661e-01 4.999998e+00
    endloop
  endfacet
  facet normal 6.895186e-01 -7.242680e-01 9.712519e-17
    outer loop
      vertex   2.675179e+01 -7.548754e-01 3.040000e+01
      vertex   2.786000e+01 3.001661e-01 4.999998e+00
      vertex   2.786000e+01 3.001661e-01 3.040000e+01
    endloop
  endfacet
  facet normal 7.332123e-01 -6.799998e-01 1.025549e-16
    outer loop
      vertex   2.786000e+01 3.001661e-01 3.040000e+01
      vertex   2.786000e+01 3.001661e-01 4.999998e+00
      vertex   2.890048e+01 1.422064e+00 4.999998e+00
    endloop
  endfacet
  facet normal 7.332123e-01 -6.799998e-01 0.000000e+00
    outer loop
      vertex   2.786000e+01 3.001661e-01 3.040000e+01
      vertex   2.890048e+01 1.422064e+00 4.999998e+00
      vertex   2.890048e+01 1.422064e+00 3.040000e+01
    endloop
  endfacet
  facet normal 7.740693e-01 -6.331009e-01 0.000000e+00
    outer loop
      vertex   2.890048e+01 1.422064e+00 3.040000e+01
      vertex   2.890048e+01 1.422064e+00 4.999998e+00
      vertex   2.986919e+01 2.606477e+00 4.999998e+00
    endloop
  endfacet
  facet normal 7.740693e-01 -6.331009e-01 1.085517e-16
    outer loop
      vertex   2.890048e+01 1.422064e+00 3.040000e+01
      vertex   2.986919e+01 2.606477e+00 4.999998e+00
      vertex   2.986919e+01 2.606477e+00 3.040000e+01
    endloop
  endfacet
  facet normal 8.119316e-01 -5.837526e-01 1.135654e-16
    outer loop
      vertex   2.986919e+01 2.606477e+00 3.040000e+01
      vertex   2.986919e+01 2.606477e+00 4.999998e+00
      vertex   3.076240e+01 3.848825e+00 4.999998e+00
    endloop
  endfacet
  facet normal 8.119316e-01 -5.837526e-01 0.000000e+00
    outer loop
      vertex   2.986919e+01 2.606477e+00 3.040000e+01
      vertex   3.076240e+01 3.848825e+00 4.999998e+00
      vertex   3.076240e+01 3.848825e+00 3.040000e+01
    endloop
  endfacet
  facet normal 8.466527e-01 -5.321459e-01 0.000000e+00
    outer loop
      vertex   3.076240e+01 3.848825e+00 3.040000e+01
      vertex   3.076240e+01 3.848825e+00 4.999998e+00
      vertex   3.157664e+01 5.144299e+00 4.999998e+00
    endloop
  endfacet
  facet normal 8.466527e-01 -5.321459e-01 0.000000e+00
    outer loop
      vertex   3.076240e+01 3.848825e+00 3.040000e+01
      vertex   3.157664e+01 5.144299e+00 4.999998e+00
      vertex   3.157664e+01 5.144299e+00 3.040000e+01
    endloop
  endfacet
  facet normal 8.780982e-01 -4.784805e-01 0.000000e+00
    outer loop
      vertex   3.157664e+01 5.144299e+00 3.040000e+01
      vertex   3.157664e+01 5.144299e+00 4.999998e+00
      vertex   3.230877e+01 6.487889e+00 4.999998e+00
    endloop
  endfacet
  facet normal 8.780982e-01 -4.784805e-01 0.000000e+00
    outer loop
      vertex   3.157664e+01 5.144299e+00 3.040000e+01
      vertex   3.230877e+01 6.487889e+00 4.999998e+00
      vertex   3.230877e+01 6.487889e+00 3.040000e+01
    endloop
  endfacet
  facet normal 9.061466e-01 -4.229638e-01 0.000000e+00
    outer loop
      vertex   3.230877e+01 6.487889e+00 3.040000e+01
      vertex   3.230877e+01 6.487889e+00 4.999998e+00
      vertex   3.295596e+01 7.874396e+00 4.999998e+00
    endloop
  endfacet
  facet normal 9.061466e-01 -4.229638e-01 0.000000e+00
    outer loop
      vertex   3.230877e+01 6.487889e+00 3.040000e+01
      vertex   3.295596e+01 7.874396e+00 4.999998e+00
      vertex   3.295596e+01 7.874396e+00 3.040000e+01
    endloop
  endfacet
  facet normal 9.306892e-01 -3.658108e-01 0.000000e+00
    outer loop
      vertex   3.295596e+01 7.874396e+00 3.040000e+01
      vertex   3.295596e+01 7.874396e+00 4.999998e+00
      vertex   3.351569e+01 9.298456e+00 4.999998e+00
    endloop
  endfacet
  facet normal 9.306892e-01 -3.658108e-01 0.000000e+00
    outer loop
      vertex   3.295596e+01 7.874396e+00 3.040000e+01
      vertex   3.351569e+01 9.298456e+00 4.999998e+00
      vertex   3.351569e+01 9.298456e+00 3.040000e+01
    endloop
  endfacet
  facet normal 9.516312e-01 -3.072426e-01 0.000000e+00
    outer loop
      vertex   3.351569e+01 9.298456e+00 3.040000e+01
      vertex   3.351569e+01 9.298456e+00 4.999998e+00
      vertex   3.398580e+01 1.075456e+01 4.999998e+00
    endloop
  endfacet
  facet normal 9.516312e-01 -3.072426e-01 0.000000e+00
    outer loop
      vertex   3.351569e+01 9.298456e+00 3.040000e+01
      vertex   3.398580e+01 1.075456e+01 4.999998e+00
      vertex   3.398580e+01 1.075456e+01 3.040000e+01
    endloop
  endfacet
  facet normal 9.688915e-01 -2.474857e-01 0.000000e+00
    outer loop
      vertex   3.398580e+01 1.075456e+01 3.040000e+01
      vertex   3.398580e+01 1.075456e+01 4.999998e+00
      vertex   3.436449e+01 1.223707e+01 4.999998e+00
    endloop
  endfacet
  facet normal 9.688915e-01 -2.474857e-01 2.713792e-16
    outer loop
      vertex   3.398580e+01 1.075456e+01 3.040000e+01
      vertex   3.436449e+01 1.223707e+01 4.999998e+00
      vertex   3.436449e+01 1.223707e+01 3.040000e+01
    endloop
  endfacet
  facet normal 9.824034e-01 -1.867713e-01 2.748187e-16
    outer loop
      vertex   3.436449e+01 1.223707e+01 3.040000e+01
      vertex   3.436449e+01 1.223707e+01 4.999998e+00
      vertex   3.465027e+01 1.374026e+01 4.999998e+00
    endloop
  endfacet
  facet normal 9.824034e-01 -1.867713e-01 0.000000e+00
    outer loop
      vertex   3.436449e+01 1.223707e+01 3.040000e+01
      vertex   3.465027e+01 1.374026e+01 4.999998e+00
      vertex   3.465027e+01 1.374026e+01 3.040000e+01
    endloop
  endfacet
  facet normal 9.921146e-01 -1.253344e-01 0.000000e+00
    outer loop
      vertex   3.465027e+01 1.374026e+01 3.040000e+01
      vertex   3.465027e+01 1.374026e+01 4.999998e+00
      vertex   3.484204e+01 1.525831e+01 4.999998e+00
    endloop
  endfacet
  facet normal 9.921146e-01 -1.253344e-01 2.770924e-16
    outer loop
      vertex   3.465027e+01 1.374026e+01 3.040000e+01
      vertex   3.484204e+01 1.525831e+01 4.999998e+00
      vertex   3.484204e+01 1.525831e+01 3.040000e+01
    endloop
  endfacet
  facet normal 9.979874e-01 -6.341253e-02 2.791782e-16
    outer loop
      vertex   3.484204e+01 1.525831e+01 3.040000e+01
      vertex   3.484204e+01 1.525831e+01 4.999998e+00
      vertex   3.493907e+01 1.678534e+01 4.999998e+00
    endloop
  endfacet
  facet normal 9.979874e-01 -6.341253e-02 0.000000e+00
    outer loop
      vertex   3.484204e+01 1.525831e+01 3.040000e+01
      vertex   3.493907e+01 1.678534e+01 4.999998e+00
      vertex   3.493907e+01 1.678534e+01 3.040000e+01
    endloop
  endfacet
  facet normal 9.999992e-01 -1.245352e-03 0.000000e+00
    outer loop
      vertex   3.493907e+01 1.678534e+01 3.040000e+01
      vertex   3.493907e+01 1.678534e+01 4.999998e+00
      vertex   3.494098e+01 1.831545e+01 4.999998e+00
    endloop
  endfacet
  facet normal 9.999992e-01 -1.245352e-03 0.000000e+00
    outer loop
      vertex   3.493907e+01 1.678534e+01 3.040000e+01
      vertex   3.494098e+01 1.831545e+01 4.999998e+00
      vertex   3.494098e+01 1.831545e+01 3.040000e+01
    endloop
  endfacet
  facet normal 9.981422e-01 6.092665e-02 0.000000e+00
    outer loop
      vertex   3.494098e+01 1.831545e+01 3.040000e+01
      vertex   3.494098e+01 1.831545e+01 4.999998e+00
      vertex   3.484775e+01 1.984273e+01 4.999998e+00
    endloop
  endfacet
  facet normal 9.981422e-01 6.092665e-02 0.000000e+00
    outer loop
      vertex   3.494098e+01 1.831545e+01 3.040000e+01
      vertex   3.484775e+01 1.984273e+01 4.999998e+00
      vertex   3.484775e+01 1.984273e+01 3.040000e+01
    endloop
  endfacet
  facet normal 9.924236e-01 1.228629e-01 0.000000e+00
    outer loop
      vertex   3.484775e+01 1.984273e+01 3.040000e+01
      vertex   3.484775e+01 1.984273e+01 4.999998e+00
      vertex   3.465976e+01 2.136125e+01 4.999998e+00
    endloop
  endfacet
  facet normal 9.924236e-01 1.228629e-01 0.000000e+00
    outer loop
      vertex   3.484775e+01 1.984273e+01 3.040000e+01
      vertex   3.465976e+01 2.136125e+01 4.999998e+00
      vertex   3.465976e+01 2.136125e+01 3.040000e+01
    endloop
  endfacet
  facet normal 9.828656e-01 1.843239e-01 0.000000e+00
    outer loop
      vertex   3.465976e+01 2.136125e+01 3.040000e+01
      vertex   3.465976e+01 2.136125e+01 4.999998e+00
      vertex   3.437772e+01 2.286514e+01 4.999998e+00
    endloop
  endfacet
  facet normal 9.828656e-01 1.843239e-01 2.742358e-16
    outer loop
      vertex   3.465976e+01 2.136125e+01 3.040000e+01
      vertex   3.437772e+01 2.286514e+01 4.999998e+00
      vertex   3.437772e+01 2.286514e+01 3.040000e+01
    endloop
  endfacet
  facet normal 9.695050e-01 2.450717e-01 2.712105e-16
    outer loop
      vertex   3.437772e+01 2.286514e+01 3.040000e+01
      vertex   3.437772e+01 2.286514e+01 4.999998e+00
      vertex   3.400273e+01 2.434859e+01 4.999998e+00
    endloop
  endfacet
  facet normal 9.695050e-01 2.450717e-01 0.000000e+00
    outer loop
      vertex   3.437772e+01 2.286514e+01 3.040000e+01
      vertex   3.400273e+01 2.434859e+01 4.999998e+00
      vertex   3.400273e+01 2.434859e+01 3.040000e+01
    endloop
  endfacet
  facet normal 9.523935e-01 3.048714e-01 0.000000e+00
    outer loop
      vertex   3.400273e+01 2.434859e+01 3.040000e+01
      vertex   3.400273e+01 2.434859e+01 4.999998e+00
      vertex   3.353625e+01 2.580586e+01 4.999998e+00
    endloop
  endfacet
  facet normal 9.523935e-01 3.048714e-01 2.656659e-16
    outer loop
      vertex   3.400273e+01 2.434859e+01 3.040000e+01
      vertex   3.353625e+01 2.580586e+01 4.999998e+00
      vertex   3.353625e+01 2.580586e+01 3.040000e+01
    endloop
  endfacet
  facet normal 9.315975e-01 3.634916e-01 2.606062e-16
    outer loop
      vertex   3.353625e+01 2.580586e+01 3.040000e+01
      vertex   3.353625e+01 2.580586e+01 4.999998e+00
      vertex   3.298006e+01 2.723131e+01 4.999998e+00
    endloop
  endfacet
  facet normal 9.315975e-01 3.634916e-01 0.000000e+00
    outer loop
      vertex   3.353625e+01 2.580586e+01 3.040000e+01
      vertex   3.298006e+01 2.723131e+01 4.999998e+00
      vertex   3.298006e+01 2.723131e+01 3.040000e+01
    endloop
  endfacet
  facet normal 9.071972e-01 4.207056e-01 0.000000e+00
    outer loop
      vertex   3.298006e+01 2.723131e+01 3.040000e+01
      vertex   3.298006e+01 2.723131e+01 4.999998e+00
      vertex   3.233634e+01 2.861943e+01 4.999998e+00
    endloop
  endfacet
  facet normal 9.071972e-01 4.207056e-01 0.000000e+00
    outer loop
      vertex   3.298006e+01 2.723131e+01 3.040000e+01
      vertex   3.233634e+01 2.861943e+01 4.999998e+00
      vertex   3.233634e+01 2.861943e+01 3.040000e+01
    endloop
  endfacet
  facet normal 8.792872e-01 4.762919e-01 0.000000e+00
    outer loop
      vertex   3.233634e+01 2.861943e+01 3.040000e+01
      vertex   3.233634e+01 2.861943e+01 4.999998e+00
      vertex   3.160755e+01 2.996484e+01 4.999998e+00
    endloop
  endfacet
  facet normal 8.792872e-01 4.762919e-01 0.000000e+00
    outer loop
      vertex   3.233634e+01 2.861943e+01 3.040000e+01
      vertex   3.160755e+01 2.996484e+01 4.999998e+00
      vertex   3.160755e+01 2.996484e+01 3.040000e+01
    endloop
  endfacet
  facet normal 8.479754e-01 5.300355e-01 0.000000e+00
    outer loop
      vertex   3.160755e+01 2.996484e+01 3.040000e+01
      vertex   3.160755e+01 2.996484e+01 4.999998e+00
      vertex   3.079654e+01 3.126234e+01 4.999998e+00
    endloop
  endfacet
  facet normal 8.479754e-01 5.300355e-01 0.000000e+00
    outer loop
      vertex   3.160755e+01 2.996484e+01 3.040000e+01
      vertex   3.079654e+01 3.126234e+01 4.999998e+00
      vertex   3.079654e+01 3.126234e+01 3.040000e+01
    endloop
  endfacet
  facet normal 8.133830e-01 5.817285e-01 0.000000e+00
    outer loop
      vertex   3.079654e+01 3.126234e+01 3.040000e+01
      vertex   3.079654e+01 3.126234e+01 4.999998e+00
      vertex   2.990643e+01 3.250690e+01 4.999998e+00
    endloop
  endfacet
  facet normal 8.133830e-01 5.817285e-01 0.000000e+00
    outer loop
      vertex   3.079654e+01 3.126234e+01 3.040000e+01
      vertex   2.990643e+01 3.250690e+01 4.999998e+00
      vertex   2.990643e+01 3.250690e+01 3.040000e+01
    endloop
  endfacet
  facet normal 7.756437e-01 6.311710e-01 0.000000e+00
    outer loop
      vertex   2.990643e+01 3.250690e+01 3.040000e+01
      vertex   2.990643e+01 3.250690e+01 4.999998e+00
      vertex   2.894067e+01 3.369373e+01 4.999998e+00
    endloop
  endfacet
  facet normal 7.756437e-01 6.311710e-01 2.171034e-16
    outer loop
      vertex   2.990643e+01 3.250690e+01 3.040000e+01
      vertex   2.894067e+01 3.369373e+01 4.999998e+00
      vertex   2.894067e+01 3.369373e+01 3.040000e+01
    endloop
  endfacet
  facet normal 7.349037e-01 6.781715e-01 2.055829e-16
    outer loop
      vertex   2.894067e+01 3.369373e+01 3.040000e+01
      vertex   2.894067e+01 3.369373e+01 4.999998e+00
      vertex   2.790299e+01 3.481821e+01 4.999998e+00
    endloop
  endfacet
  facet normal 7.349037e-01 6.781715e-01 0.000000e+00
    outer loop
      vertex   2.894067e+01 3.369373e+01 3.040000e+01
      vertex   2.790299e+01 3.481821e+01 4.999998e+00
      vertex   2.790299e+01 3.481821e+01 3.040000e+01
    endloop
  endfacet
  facet normal 6.913204e-01 7.225484e-01 0.000000e+00
    outer loop
      vertex   2.790299e+01 3.481821e+01 3.040000e+01
      vertex   2.790299e+01 3.481821e+01 4.999998e+00
      vertex   2.679741e+01 3.587601e+01 4.999998e+00
    endloop
  endfacet
  facet normal 6.913204e-01 7.225484e-01 9.712519e-17
    outer loop
      vertex   2.790299e+01 3.481821e+01 3.040000e+01
      vertex   2.679741e+01 3.587601e+01 4.999998e+00
      vertex   2.679741e+01 3.587601e+01 3.040000e+01
    endloop
  endfacet
  facet normal 6.450625e-01 7.641298e-01 9.022529e-17
    outer loop
      vertex   2.679741e+01 3.587601e+01 3.040000e+01
      vertex   2.679741e+01 3.587601e+01 4.999998e+00
      vertex   2.562820e+01 3.686303e+01 4.999998e+00
    endloop
  endfacet
  facet normal 6.450625e-01 7.641298e-01 0.000000e+00
    outer loop
      vertex   2.679741e+01 3.587601e+01 3.040000e+01
      vertex   2.562820e+01 3.686303e+01 4.999998e+00
      vertex   2.562820e+01 3.686303e+01 3.040000e+01
    endloop
  endfacet
  facet normal 5.963090e-01 8.027550e-01 0.000000e+00
    outer loop
      vertex   2.562820e+01 3.686303e+01 3.040000e+01
      vertex   2.562820e+01 3.686303e+01 4.999998e+00
      vertex   2.439990e+01 3.777545e+01 4.999998e+00
    endloop
  endfacet
  facet normal 5.963090e-01 8.027550e-01 7.998545e-17
    outer loop
      vertex   2.562820e+01 3.686303e+01 3.040000e+01
      vertex   2.439990e+01 3.777545e+01 4.999998e+00
      vertex   2.439990e+01 3.777545e+01 3.040000e+01
    endloop
  endfacet
  facet normal 5.452486e-01 8.382744e-01 7.626425e-17
    outer loop
      vertex   2.439990e+01 3.777545e+01 3.040000e+01
      vertex   2.439990e+01 3.777545e+01 4.999998e+00
      vertex   2.311724e+01 3.860974e+01 4.999998e+00
    endloop
  endfacet
  facet normal 5.452486e-01 8.382744e-01 0.000000e+00
    outer loop
      vertex   2.439990e+01 3.777545e+01 3.040000e+01
      vertex   2.311724e+01 3.860974e+01 4.999998e+00
      vertex   2.311724e+01 3.860974e+01 3.040000e+01
    endloop
  endfacet
  facet normal 4.920786e-01 8.705508e-01 0.000000e+00
    outer loop
      vertex   2.311724e+01 3.860974e+01 3.040000e+01
      vertex   2.311724e+01 3.860974e+01 4.999998e+00
      vertex   2.178520e+01 3.936268e+01 4.999998e+00
    endloop
  endfacet
  facet normal 4.920786e-01 8.705508e-01 1.371179e-16
    outer loop
      vertex   2.311724e+01 3.860974e+01 3.040000e+01
      vertex   2.178520e+01 3.936268e+01 4.999998e+00
      vertex   2.178520e+01 3.936268e+01 3.040000e+01
    endloop
  endfacet
  facet normal 4.370049e-01 8.994591e-01 1.222483e-16
    outer loop
      vertex   2.178520e+01 3.936268e+01 3.040000e+01
      vertex   2.178520e+01 3.936268e+01 4.999998e+00
      vertex   2.040893e+01 4.003134e+01 4.999998e+00
    endloop
  endfacet
  facet normal 4.370049e-01 8.994591e-01 0.000000e+00
    outer loop
      vertex   2.178520e+01 3.936268e+01 3.040000e+01
      vertex   2.040893e+01 4.003134e+01 4.999998e+00
      vertex   2.040893e+01 4.003134e+01 3.040000e+01
    endloop
  endfacet
  facet normal 3.802405e-01 9.248876e-01 0.000000e+00
    outer loop
      vertex   2.040893e+01 4.003134e+01 3.040000e+01
      vertex   2.040893e+01 4.003134e+01 4.999998e+00
      vertex   1.899374e+01 4.061316e+01 4.999998e+00
    endloop
  endfacet
  facet normal 3.802405e-01 9.248876e-01 0.000000e+00
    outer loop
      vertex   2.040893e+01 4.003134e+01 3.040000e+01
      vertex   1.899374e+01 4.061316e+01 4.999998e+00
      vertex   1.899374e+01 4.061316e+01 3.040000e+01
    endloop
  endfacet
  facet normal 3.220050e-01 9.467380e-01 0.000000e+00
    outer loop
      vertex   1.899374e+01 4.061316e+01 3.040000e+01
      vertex   1.899374e+01 4.061316e+01 4.999998e+00
      vertex   1.754513e+01 4.110586e+01 4.999998e+00
    endloop
  endfacet
  facet normal 3.220050e-01 9.467380e-01 4.570597e-17
    outer loop
      vertex   1.899374e+01 4.061316e+01 3.040000e+01
      vertex   1.754513e+01 4.110586e+01 4.999998e+00
      vertex   1.754513e+01 4.110586e+01 3.040000e+01
    endloop
  endfacet
  facet normal 2.625238e-01 9.649255e-01 3.671937e-17
    outer loop
      vertex   1.754513e+01 4.110586e+01 3.040000e+01
      vertex   1.754513e+01 4.110586e+01 4.999998e+00
      vertex   1.606868e+01 4.150755e+01 4.999998e+00
    endloop
  endfacet
  facet normal 2.625238e-01 9.649255e-01 0.000000e+00
    outer loop
      vertex   1.754513e+01 4.110586e+01 3.040000e+01
      vertex   1.606868e+01 4.150755e+01 4.999998e+00
      vertex   1.606868e+01 4.150755e+01 3.040000e+01
    endloop
  endfacet
  facet normal 2.020269e-01 9.793800e-01 0.000000e+00
    outer loop
      vertex   1.606868e+01 4.150755e+01 3.040000e+01
      vertex   1.606868e+01 4.150755e+01 4.999998e+00
      vertex   1.457012e+01 4.181667e+01 4.999998e+00
    endloop
  endfacet
  facet normal 2.020269e-01 9.793800e-01 2.856623e-17
    outer loop
      vertex   1.606868e+01 4.150755e+01 3.040000e+01
      vertex   1.457012e+01 4.181667e+01 4.999998e+00
      vertex   1.457012e+01 4.181667e+01 3.040000e+01
    endloop
  endfacet
  facet normal 1.407484e-01 9.900454e-01 1.968657e-17
    outer loop
      vertex   1.457012e+01 4.181667e+01 3.040000e+01
      vertex   1.457012e+01 4.181667e+01 4.999998e+00
      vertex   1.305524e+01 4.203204e+01 4.999998e+00
    endloop
  endfacet
  facet normal 1.407484e-01 9.900454e-01 9.998181e-18
    outer loop
      vertex   1.457012e+01 4.181667e+01 3.040000e+01
      vertex   1.305524e+01 4.203204e+01 4.999998e+00
      vertex   1.305524e+01 4.203204e+01 3.040000e+01
    endloop
  endfacet
  facet normal 7.892538e-02 9.968805e-01 5.519670e-18
    outer loop
      vertex   1.305524e+01 4.203204e+01 3.040000e+01
      vertex   1.305524e+01 4.203204e+01 4.999998e+00
      vertex   1.152990e+01 4.215280e+01 4.999998e+00
    endloop
  endfacet
  facet normal 7.892538e-02 9.968805e-01 5.713246e-18
    outer loop
      vertex   1.305524e+01 4.203204e+01 3.040000e+01
      vertex   1.152990e+01 4.215280e+01 4.999998e+00
      vertex   1.152990e+01 4.215280e+01 3.040000e+01
    endloop
  endfacet
  facet normal 1.679700e-02 9.998589e-01 1.174703e-18
    outer loop
      vertex   1.152990e+01 4.215280e+01 3.040000e+01
      vertex   1.152990e+01 4.215280e+01 4.999998e+00
      vertex   1.000000e+01 4.217850e+01 4.999998e+00
    endloop
  endfacet
  facet normal -1.161095e-15 0.000000e+00 1.000000e+00
    outer loop
      vertex   1.152990e+01 4.215280e+01 4.999998e+00
      vertex   1.000000e+01 4.232852e+01 4.999998e+00
      vertex   1.000000e+01 4.217850e+01 4.999998e+00
    endloop
  endfacet
  facet normal 1.155082e-15 -0.000000e+00 1.000000e+00
    outer loop
      vertex   1.000000e+01 4.217850e+01 4.999998e+00
      vertex   1.000000e+01 4.232852e+01 4.999998e+00
      vertex   8.462138e+00 4.225877e+01 4.999998e+00
    endloop
  endfacet
  facet normal 1.158849e-15 7.218488e-17 1.000000e+00
    outer loop
      vertex   1.000000e+01 4.217850e+01 4.999998e+00
      vertex   8.462138e+00 4.225877e+01 4.999998e+00
      vertex   8.471464e+00 4.210904e+01 4.999998e+00
    endloop
  endfacet
  facet normal -5.764238e-16 -3.590551e-17 1.000000e+00
    outer loop
      vertex   8.471464e+00 4.210904e+01 4.999998e+00
      vertex   8.462138e+00 4.225877e+01 4.999998e+00
      vertex   6.931587e+00 4.209354e+01 4.999998e+00
    endloop
  endfacet
  facet normal -5.760600e-16 -7.204525e-17 1.000000e+00
    outer loop
      vertex   8.471464e+00 4.210904e+01 4.999998e+00
      vertex   6.931587e+00 4.209354e+01 4.999998e+00
      vertex   6.950204e+00 4.194468e+01 4.999998e+00
    endloop
  endfacet
  facet normal 0.000000e+00 0.000000e+00 1.000000e+00
    outer loop
      vertex   6.950204e+00 4.194468e+01 4.999998e+00
      vertex   6.931587e+00 4.209354e+01 4.999998e+00
      vertex   5.414269e+00 4.183348e+01 4.999998e+00
    endloop
  endfacet
  facet normal 0.000000e+00 0.000000e+00 1.000000e+00
    outer loop
      vertex   6.950204e+00 4.194468e+01 4.999998e+00
      vertex   5.414269e+00 4.183348e+01 4.999998e+00
      vertex   5.442104e+00 4.168607e+01 4.999998e+00
    endloop
  endfacet
  facet normal 0.000000e+00 0.000000e+00 1.000000e+00
    outer loop
      vertex   5.442104e+00 4.168607e+01 4.999998e+00
      vertex   5.414269e+00 4.183348e+01 4.999998e+00
      vertex   3.916054e+00 4.147959e+01 4.999998e+00
    endloop
  endfacet
  facet normal 0.000000e+00 0.000000e+00 1.000000e+00
    outer loop
      vertex   5.442104e+00 4.168607e+01 4.999998e+00
      vertex   3.916054e+00 4.147959e+01 4.999998e+00
      vertex   3.952999e+00 4.133420e+01 4.999998e+00
    endloop
  endfacet
  facet normal -5.597521e-16 -1.422362e-16 1.000000e+00
    outer loop
      vertex   3.952999e+00 4.133420e+01 4.999998e+00
      vertex   3.916054e+00 4.147959e+01 4.999998e+00
      vertex   2.442737e+00 4.103325e+01 4.999998e+00
    endloop
  endfacet
  facet normal -5.526890e-16 -1.776808e-16 1.000000e+00
    outer loop
      vertex   3.952999e+00 4.133420e+01 4.999998e+00
      vertex   2.442737e+00 4.103325e+01 4.999998e+00
      vertex   2.488651e+00 4.089043e+01 4.999998e+00
    endloop
  endfacet
  facet normal 0.000000e+00 0.000000e+00 1.000000e+00
    outer loop
      vertex   2.488651e+00 4.089043e+01 4.999998e+00
      vertex   2.442737e+00 4.103325e+01 4.999998e+00
      vertex   1.000021e+00 4.049617e+01 4.999998e+00
    endloop
  endfacet
  facet normal 0.000000e+00 0.000000e+00 1.000000e+00
    outer loop
      vertex   2.488651e+00 4.089043e+01 4.999998e+00
      vertex   1.000021e+00 4.049617e+01 4.999998e+00
      vertex   1.054724e+00 4.035648e+01 4.999998e+00
    endloop
  endfacet
  facet normal 0.000000e+00 0.000000e+00 1.000000e+00
    outer loop
      vertex   1.054724e+00 4.035648e+01 4.999998e+00
      vertex   1.000021e+00 4.049617e+01 4.999998e+00
      vertex   -4.065156e-01 3.987044e+01 4.999998e+00
    endloop
  endfacet
  facet normal 0.000000e+00 0.000000e+00 1.000000e+00
    outer loop
      vertex   1.054724e+00 4.035648e+01 4.999998e+00
      vertex   -4.065156e-01 3.987044e+01 4.999998e+00
      vertex   -3.432339e-01 3.973442e+01 4.999998e+00
    endloop
  endfacet
  facet normal 0.000000e+00 0.000000e+00 1.000000e+00
    outer loop
      vertex   -3.432339e-01 3.973442e+01 4.999998e+00
      vertex   -4.065156e-01 3.987044e+01 4.999998e+00
      vertex   -1.771429e+00 3.915847e+01 4.999998e+00
    endloop
  endfacet
  facet normal 0.000000e+00 0.000000e+00 1.000000e+00
    outer loop
      vertex   -3.432339e-01 3.973442e+01 4.999998e+00
      vertex   -1.771429e+00 3.915847e+01 4.999998e+00
      vertex   -1.699814e+00 3.902665e+01 4.999998e+00
    endloop
  endfacet
  facet normal 0.000000e+00 0.000000e+00 1.000000e+00
    outer loop
      vertex   -1.699814e+00 3.902665e+01 4.999998e+00
      vertex   -1.771429e+00 3.915847e+01 4.999998e+00
      vertex   -3.089440e+00 3.836302e+01 4.999998e+00
    endloop
  endfacet
  facet normal 0.000000e+00 0.000000e+00 1.000000e+00
    outer loop
      vertex   -1.699814e+00 3.902665e+01 4.999998e+00
      vertex   -3.089440e+00 3.836302e+01 4.999998e+00
      vertex   -3.009768e+00 3.823591e+01 4.999998e+00
    endloop
  endfacet
  facet normal 0.000000e+00 0.000000e+00 1.000000e+00
    outer loop
      vertex   -3.009768e+00 3.823591e+01 4.999998e+00
      vertex   -3.089440e+00 3.836302e+01 4.999998e+00
      vertex   -4.355449e+00 3.748718e+01 4.999998e+00
    endloop
  endfacet
  facet normal 0.000000e+00 0.000000e+00 1.000000e+00
    outer loop
      vertex   -3.009768e+00 3.823591e+01 4.999998e+00
      vertex   -4.355449e+00 3.748718e+01 4.999998e+00
      vertex   -4.268029e+00 3.736527e+01 4.999998e+00
    endloop
  endfacet
  facet normal -4.693433e-16 -3.365568e-16 1.000000e+00
    outer loop
      vertex   -4.268029e+00 3.736527e+01 4.999998e+00
      vertex   -4.355449e+00 3.748718e+01 4.999998e+00
      vertex   -5.564557e+00 3.653432e+01 4.999998e+00
    endloop
  endfacet
  facet normal -3.665550e-15 4.650483e-15 1.000000e+00
    outer loop
      vertex   -4.268029e+00 3.736527e+01 4.999998e+00
      vertex   -5.564557e+00 3.653432e+01 4.999998e+00
      vertex   -5.469727e+00 3.641808e+01 4.999998e+00
    endloop
  endfacet
  facet normal -3.950696e-15 4.417858e-15 1.000000e+00
    outer loop
      vertex   -5.469727e+00 3.641808e+01 4.999998e+00
      vertex   -5.564557e+00 3.653432e+01 4.999998e+00
      vertex   -6.712088e+00 3.550813e+01 4.999998e+00
    endloop
  endfacet
  facet normal -4.261560e-16 -3.942419e-16 1.000000e+00
    outer loop
      vertex   -5.469727e+00 3.641808e+01 4.999998e+00
      vertex   -6.712088e+00 3.550813e+01 4.999998e+00
      vertex   -6.610215e+00 3.539801e+01 4.999998e+00
    endloop
  endfacet
  facet normal 0.000000e+00 0.000000e+00 1.000000e+00
    outer loop
      vertex   -6.610215e+00 3.539801e+01 4.999998e+00
      vertex   -6.712088e+00 3.550813e+01 4.999998e+00
      vertex   -7.793602e+00 3.441259e+01 4.999998e+00
    endloop
  endfacet
  facet normal 0.000000e+00 0.000000e+00 1.000000e+00
    outer loop
      vertex   -6.610215e+00 3.539801e+01 4.999998e+00
      vertex   -7.793602e+00 3.441259e+01 4.999998e+00
      vertex   -7.685079e+00 3.430902e+01 4.999998e+00
    endloop
  endfacet
  facet normal 0.000000e+00 0.000000e+00 1.000000e+00
    outer loop
      vertex   -7.685079e+00 3.430902e+01 4.999998e+00
      vertex   -7.793602e+00 3.441259e+01 4.999998e+00
      vertex   -8.804913e+00 3.325193e+01 4.999998e+00
    endloop
  endfacet
  facet normal 0.000000e+00 0.000000e+00 1.000000e+00
    outer loop
      vertex   -7.685079e+00 3.430902e+01 4.999998e+00
      vertex   -8.804913e+00 3.325193e+01 4.999998e+00
      vertex   -8.690162e+00 3.315530e+01 4.999998e+00
    endloop
  endfacet
  facet normal 0.000000e+00 0.000000e+00 1.000000e+00
    outer loop
      vertex   -8.690162e+00 3.315530e+01 4.999998e+00
      vertex   -8.804913e+00 3.325193e+01 4.999998e+00
      vertex   -9.742111e+00 3.203064e+01 4.999998e+00
    endloop
  endfacet
  facet normal 0.000000e+00 0.000000e+00 1.000000e+00
    outer loop
      vertex   -8.690162e+00 3.315530e+01 4.999998e+00
      vertex   -9.742111e+00 3.203064e+01 4.999998e+00
      vertex   -9.621574e+00 3.194133e+01 4.999998e+00
    endloop
  endfacet
  facet normal -3.438153e-16 -4.640524e-16 1.000000e+00
    outer loop
      vertex   -9.621574e+00 3.194133e+01 4.999998e+00
      vertex   -9.742111e+00 3.203064e+01 4.999998e+00
      vertex   -1.060157e+01 3.075345e+01 4.999998e+00
    endloop
  endfacet
  facet normal -3.159365e-16 -4.870521e-16 1.000000e+00
    outer loop
      vertex   -9.621574e+00 3.194133e+01 4.999998e+00
      vertex   -1.060157e+01 3.075345e+01 4.999998e+00
      vertex   -1.047571e+01 3.067181e+01 4.999998e+00
    endloop
  endfacet
  facet normal 0.000000e+00 0.000000e+00 1.000000e+00
    outer loop
      vertex   -1.047571e+01 3.067181e+01 4.999998e+00
      vertex   -1.060157e+01 3.075345e+01 4.999998e+00
      vertex   -1.137996e+01 2.942530e+01 4.999998e+00
    endloop
  endfacet
  facet normal 0.000000e+00 0.000000e+00 1.000000e+00
    outer loop
      vertex   -1.047571e+01 3.067181e+01 4.999998e+00
      vertex   -1.137996e+01 2.942530e+01 4.999998e+00
      vertex   -1.124927e+01 2.935164e+01 4.999998e+00
    endloop
  endfacet
  facet normal 0.000000e+00 0.000000e+00 1.000000e+00
    outer loop
      vertex   -1.124927e+01 2.935164e+01 4.999998e+00
      vertex   -1.137996e+01 2.942530e+01 4.999998e+00
      vertex   -1.207428e+01 2.805132e+01 4.999998e+00
    endloop
  endfacet
  facet normal 0.000000e+00 0.000000e+00 1.000000e+00
    outer loop
      vertex   -1.124927e+01 2.935164e+01 4.999998e+00
      vertex   -1.207428e+01 2.805132e+01 4.999998e+00
      vertex   -1.193926e+01 2.798593e+01 4.999998e+00
    endloop
  endfacet
  facet normal 0.000000e+00 0.000000e+00 1.000000e+00
    outer loop
      vertex   -1.193926e+01 2.798593e+01 4.999998e+00
      vertex   -1.207428e+01 2.805132e+01 4.999998e+00
      vertex   -1.268183e+01 2.663684e+01 4.999998e+00
    endloop
  endfacet
  facet normal 0.000000e+00 0.000000e+00 1.000000e+00
    outer loop
      vertex   -1.193926e+01 2.798593e+01 4.999998e+00
      vertex   -1.268183e+01 2.663684e+01 4.999998e+00
      vertex   -1.254301e+01 2.657997e+01 4.999998e+00
    endloop
  endfacet
  facet normal 0.000000e+00 0.000000e+00 1.000000e+00
    outer loop
      vertex   -1.254301e+01 2.657997e+01 4.999998e+00
      vertex   -1.268183e+01 2.663684e+01 4.999998e+00
      vertex   -1.320027e+01 2.518732e+01 4.999998e+00
    endloop
  endfacet
  facet normal 0.000000e+00 0.000000e+00 1.000000e+00
    outer loop
      vertex   -1.254301e+01 2.657997e+01 4.999998e+00
      vertex   -1.320027e+01 2.518732e+01 4.999998e+00
      vertex   -1.305819e+01 2.513919e+01 4.999998e+00
    endloop
  endfacet
  facet normal 0.000000e+00 0.000000e+00 1.000000e+00
    outer loop
      vertex   -1.305819e+01 2.513919e+01 4.999998e+00
      vertex   -1.320027e+01 2.518732e+01 4.999998e+00
      vertex   -1.362759e+01 2.370837e+01 4.999998e+00
    endloop
  endfacet
  facet normal 0.000000e+00 0.000000e+00 1.000000e+00
    outer loop
      vertex   -1.305819e+01 2.513919e+01 4.999998e+00
      vertex   -1.362759e+01 2.370837e+01 4.999998e+00
      vertex   -1.348279e+01 2.366917e+01 4.999998e+00
    endloop
  endfacet
  facet normal 0.000000e+00 0.000000e+00 1.000000e+00
    outer loop
      vertex   -1.348279e+01 2.366917e+01 4.999998e+00
      vertex   -1.362759e+01 2.370837e+01 4.999998e+00
      vertex   -1.396214e+01 2.220572e+01 4.999998e+00
    endloop
  endfacet
  facet normal 0.000000e+00 0.000000e+00 1.000000e+00
    outer loop
      vertex   -1.348279e+01 2.366917e+01 4.999998e+00
      vertex   -1.396214e+01 2.220572e+01 4.999998e+00
      vertex   -1.381518e+01 2.217559e+01 4.999998e+00
    endloop
  endfacet
  facet normal 0.000000e+00 0.000000e+00 1.000000e+00
    outer loop
      vertex   -1.381518e+01 2.217559e+01 4.999998e+00
      vertex   -1.396214e+01 2.220572e+01 4.999998e+00
      vertex   -1.420262e+01 2.068517e+01 4.999998e+00
    endloop
  endfacet
  facet normal 0.000000e+00 0.000000e+00 1.000000e+00
    outer loop
      vertex   -1.381518e+01 2.217559e+01 4.999998e+00
      vertex   -1.420262e+01 2.068517e+01 4.999998e+00
      vertex   -1.405408e+01 2.066425e+01 4.999998e+00
    endloop
  endfacet
  facet normal 0.000000e+00 0.000000e+00 1.000000e+00
    outer loop
      vertex   -1.405408e+01 2.066425e+01 4.999998e+00
      vertex   -1.420262e+01 2.068517e+01 4.999998e+00
      vertex   -1.434811e+01 1.915262e+01 4.999998e+00
    endloop
  endfacet
  facet normal 0.000000e+00 0.000000e+00 1.000000e+00
    outer loop
      vertex   -1.405408e+01 2.066425e+01 4.999998e+00
      vertex   -1.434811e+01 1.915262e+01 4.999998e+00
      vertex   -1.419855e+01 1.914097e+01 4.999998e+00
    endloop
  endfacet
  facet normal 0.000000e+00 0.000000e+00 1.000000e+00
    outer loop
      vertex   -1.419855e+01 1.914097e+01 4.999998e+00
      vertex   -1.434811e+01 1.915262e+01 4.999998e+00
      vertex   -1.439804e+01 1.761399e+01 4.999998e+00
    endloop
  endfacet
  facet normal 0.000000e+00 0.000000e+00 1.000000e+00
    outer loop
      vertex   -1.419855e+01 1.914097e+01 4.999998e+00
      vertex   -1.439804e+01 1.761399e+01 4.999998e+00
      vertex   -1.424804e+01 1.761166e+01 4.999998e+00
    endloop
  endfacet
  facet normal 0.000000e+00 0.000000e+00 1.000000e+00
    outer loop
      vertex   -1.424804e+01 1.761166e+01 4.999998e+00
      vertex   -1.439804e+01 1.761399e+01 4.999998e+00
      vertex   -1.435221e+01 1.607523e+01 4.999998e+00
    endloop
  endfacet
  facet normal 0.000000e+00 0.000000e+00 1.000000e+00
    outer loop
      vertex   -1.424804e+01 1.761166e+01 4.999998e+00
      vertex   -1.435221e+01 1.607523e+01 4.999998e+00
      vertex   -1.420236e+01 1.608222e+01 4.999998e+00
    endloop
  endfacet
  facet normal 0.000000e+00 0.000000e+00 1.000000e+00
    outer loop
      vertex   -1.420236e+01 1.608222e+01 4.999998e+00
      vertex   -1.435221e+01 1.607523e+01 4.999998e+00
      vertex   -1.421081e+01 1.454229e+01 4.999998e+00
    endloop
  endfacet
  facet normal 0.000000e+00 0.000000e+00 1.000000e+00
    outer loop
      vertex   -1.420236e+01 1.608222e+01 4.999998e+00
      vertex   -1.421081e+01 1.454229e+01 4.999998e+00
      vertex   -1.406168e+01 1.455859e+01 4.999998e+00
    endloop
  endfacet
  facet normal 0.000000e+00 0.000000e+00 1.000000e+00
    outer loop
      vertex   -1.406168e+01 1.455859e+01 4.999998e+00
      vertex   -1.421081e+01 1.454229e+01 4.999998e+00
      vertex   -1.397438e+01 1.302111e+01 4.999998e+00
    endloop
  endfacet
  facet normal 0.000000e+00 0.000000e+00 1.000000e+00
    outer loop
      vertex   -1.406168e+01 1.455859e+01 4.999998e+00
      vertex   -1.397438e+01 1.302111e+01 4.999998e+00
      vertex   -1.382655e+01 1.304665e+01 4.999998e+00
    endloop
  endfacet
  facet normal 0.000000e+00 0.000000e+00 1.000000e+00
    outer loop
      vertex   -1.382655e+01 1.304665e+01 4.999998e+00
      vertex   -1.397438e+01 1.302111e+01 4.999998e+00
      vertex   -1.364383e+01 1.151758e+01 4.999998e+00
    endloop
  endfacet
  facet normal 0.000000e+00 0.000000e+00 1.000000e+00
    outer loop
      vertex   -1.382655e+01 1.304665e+01 4.999998e+00
      vertex   -1.364383e+01 1.151758e+01 4.999998e+00
      vertex   -1.349788e+01 1.155226e+01 4.999998e+00
    endloop
  endfacet
  facet normal 0.000000e+00 0.000000e+00 1.000000e+00
    outer loop
      vertex   -1.349788e+01 1.155226e+01 4.999998e+00
      vertex   -1.364383e+01 1.151758e+01 4.999998e+00
      vertex   -1.322045e+01 1.003750e+01 4.999998e+00
    endloop
  endfacet
  facet normal 0.000000e+00 0.000000e+00 1.000000e+00
    outer loop
      vertex   -1.349788e+01 1.155226e+01 4.999998e+00
      vertex   -1.322045e+01 1.003750e+01 4.999998e+00
      vertex   -1.307694e+01 1.008118e+01 4.999998e+00
    endloop
  endfacet
  facet normal 0.000000e+00 0.000000e+00 1.000000e+00
    outer loop
      vertex   -1.307694e+01 1.008118e+01 4.999998e+00
      vertex   -1.322045e+01 1.003750e+01 4.999998e+00
      vertex   -1.270587e+01 8.586601e+00 4.999998e+00
    endloop
  endfacet
  facet normal 0.000000e+00 0.000000e+00 1.000000e+00
    outer loop
      vertex   -1.307694e+01 1.008118e+01 4.999998e+00
      vertex   -1.270587e+01 8.586601e+00 4.999998e+00
      vertex   -1.256536e+01 8.639125e+00 4.999998e+00
    endloop
  endfacet
  facet normal 0.000000e+00 0.000000e+00 1.000000e+00
    outer loop
      vertex   -1.256536e+01 8.639125e+00 4.999998e+00
      vertex   -1.270587e+01 8.586601e+00 4.999998e+00
      vertex   -1.210209e+01 7.170503e+00 4.999998e+00
    endloop
  endfacet
  facet normal 0.000000e+00 0.000000e+00 1.000000e+00
    outer loop
      vertex   -1.256536e+01 8.639125e+00 4.999998e+00
      vertex   -1.210209e+01 7.170503e+00 4.999998e+00
      vertex   -1.196511e+01 7.231662e+00 4.999998e+00
    endloop
  endfacet
  facet normal 0.000000e+00 0.000000e+00 1.000000e+00
    outer loop
      vertex   -1.196511e+01 7.231662e+00 4.999998e+00
      vertex   -1.210209e+01 7.170503e+00 4.999998e+00
      vertex   -1.141144e+01 5.794682e+00 4.999998e+00
    endloop
  endfacet
  facet normal 0.000000e+00 0.000000e+00 1.000000e+00
    outer loop
      vertex   -1.196511e+01 7.231662e+00 4.999998e+00
      vertex   -1.141144e+01 5.794682e+00 4.999998e+00
      vertex   -1.127852e+01 5.864239e+00 4.999998e+00
    endloop
  endfacet
  facet normal 0.000000e+00 0.000000e+00 1.000000e+00
    outer loop
      vertex   -1.127852e+01 5.864239e+00 4.999998e+00
      vertex   -1.141144e+01 5.794682e+00 4.999998e+00
      vertex   -1.063659e+01 4.464460e+00 4.999998e+00
    endloop
  endfacet
  facet normal 0.000000e+00 0.000000e+00 1.000000e+00
    outer loop
      vertex   -1.127852e+01 5.864239e+00 4.999998e+00
      vertex   -1.063659e+01 4.464460e+00 4.999998e+00
      vertex   -1.050825e+01 4.542146e+00 4.999998e+00
    endloop
  endfacet
  facet normal -2.990794e-16 4.940699e-16 1.000000e+00
    outer loop
      vertex   -1.050825e+01 4.542146e+00 4.999998e+00
      vertex   -1.063659e+01 4.464460e+00 4.999998e+00
      vertex   -9.780535e+00 3.184984e+00 4.999998e+00
    endloop
  endfacet
  facet normal -3.309309e-16 4.769910e-16 1.000000e+00
    outer loop
      vertex   -1.050825e+01 4.542146e+00 4.999998e+00
      vertex   -9.780535e+00 3.184984e+00 4.999998e+00
      vertex   -9.657280e+00 3.270497e+00 4.999998e+00
    endloop
  endfacet
  facet normal 0.000000e+00 0.000000e+00 1.000000e+00
    outer loop
      vertex   -9.657280e+00 3.270497e+00 4.999998e+00
      vertex   -9.780535e+00 3.184984e+00 4.999998e+00
      vertex   -8.846595e+00 1.961203e+00 4.999998e+00
    endloop
  endfacet
  facet normal 0.000000e+00 0.000000e+00 1.000000e+00
    outer loop
      vertex   -9.657280e+00 3.270497e+00 4.999998e+00
      vertex   -8.846595e+00 1.961203e+00 4.999998e+00
      vertex   -8.728894e+00 2.054214e+00 4.999998e+00
    endloop
  endfacet
  facet normal 0.000000e+00 0.000000e+00 1.000000e+00
    outer loop
      vertex   -8.728894e+00 2.054214e+00 4.999998e+00
      vertex   -8.846595e+00 1.961203e+00 4.999998e+00
      vertex   -7.838379e+00 7.978517e-01 4.999998e+00
    endloop
  endfacet
  facet normal 0.000000e+00 0.000000e+00 1.000000e+00
    outer loop
      vertex   -8.728894e+00 2.054214e+00 4.999998e+00
      vertex   -7.838379e+00 7.978517e-01 4.999998e+00
      vertex   -7.726688e+00 8.980001e-01 4.999998e+00
    endloop
  endfacet
  facet normal 0.000000e+00 0.000000e+00 1.000000e+00
    outer loop
      vertex   -7.726688e+00 8.980001e-01 4.999998e+00
      vertex   -7.838379e+00 7.978517e-01 4.999998e+00
      vertex   -6.759788e+00 -3.005686e-01 4.999998e+00
    endloop
  endfacet
  facet normal 0.000000e+00 0.000000e+00 1.000000e+00
    outer loop
      vertex   -7.726688e+00 8.980001e-01 4.999998e+00
      vertex   -6.759788e+00 -3.005686e-01 4.999998e+00
      vertex   -6.654539e+00 -1.936701e-01 4.999998e+00
    endloop
  endfacet
  facet normal 0.000000e+00 0.000000e+00 1.000000e+00
    outer loop
      vertex   -6.654539e+00 -1.936701e-01 4.999998e+00
      vertex   -6.759788e+00 -3.005686e-01 4.999998e+00
      vertex   -5.614995e+00 -1.329808e+00 4.999998e+00
    endloop
  endfacet
  facet normal 0.000000e+00 0.000000e+00 1.000000e+00
    outer loop
      vertex   -6.654539e+00 -1.936701e-01 4.999998e+00
      vertex   -5.614995e+00 -1.329808e+00 4.999998e+00
      vertex   -5.516596e+00 -1.216573e+00 4.999998e+00
    endloop
  endfacet
  facet normal -4.359412e-16 3.788256e-16 1.000000e+00
    outer loop
      vertex   -5.516596e+00 -1.216573e+00 4.999998e+00
      vertex   -5.614995e+00 -1.329808e+00 4.999998e+00
      vertex   -4.408429e+00 -2.285886e+00 4.999998e+00
    endloop
  endfacet
  facet normal -4.610371e-16 3.528178e-16 1.000000e+00
    outer loop
      vertex   -5.516596e+00 -1.216573e+00 4.999998e+00
      vertex   -4.408429e+00 -2.285886e+00 4.999998e+00
      vertex   -4.317260e+00 -2.166753e+00 4.999998e+00
    endloop
  endfacet
  facet normal 0.000000e+00 0.000000e+00 1.000000e+00
    outer loop
      vertex   -4.317260e+00 -2.166753e+00 4.999998e+00
      vertex   -4.408429e+00 -2.285886e+00 4.999998e+00
      vertex   -3.144758e+00 -3.165102e+00 4.999998e+00
    endloop
  endfacet
  facet normal 0.000000e+00 0.000000e+00 1.000000e+00
    outer loop
      vertex   -4.317260e+00 -2.166753e+00 4.999998e+00
      vertex   -3.144758e+00 -3.165102e+00 4.999998e+00
      vertex   -3.061172e+00 -3.040531e+00 4.999998e+00
    endloop
  endfacet
  facet normal 0.000000e+00 0.000000e+00 1.000000e+00
    outer loop
      vertex   -3.061172e+00 -3.040531e+00 4.999998e+00
      vertex   -3.144758e+00 -3.165102e+00 4.999998e+00
      vertex   -1.828871e+00 -3.964056e+00 4.999998e+00
    endloop
  endfacet
  facet normal 0.000000e+00 0.000000e+00 1.000000e+00
    outer loop
      vertex   -3.061172e+00 -3.040531e+00 4.999998e+00
      vertex   -1.828871e+00 -3.964056e+00 4.999998e+00
      vertex   -1.753191e+00 -3.834530e+00 4.999998e+00
    endloop
  endfacet
  facet normal 0.000000e+00 0.000000e+00 1.000000e+00
    outer loop
      vertex   -1.753191e+00 -3.834530e+00 4.999998e+00
      vertex   -1.828871e+00 -3.964056e+00 4.999998e+00
      vertex   -4.658593e-01 -4.679656e+00 4.999998e+00
    endloop
  endfacet
  facet normal 0.000000e+00 0.000000e+00 1.000000e+00
    outer loop
      vertex   -1.753191e+00 -3.834530e+00 4.999998e+00
      vertex   -4.658593e-01 -4.679656e+00 4.999998e+00
      vertex   -3.983782e-01 -4.545675e+00 4.999998e+00
    endloop
  endfacet
  facet normal 0.000000e+00 0.000000e+00 1.000000e+00
    outer loop
      vertex   -3.983782e-01 -4.545675e+00 4.999998e+00
      vertex   -4.658593e-01 -4.679656e+00 4.999998e+00
      vertex   9.390048e-01 -5.309134e+00 4.999998e+00
    endloop
  endfacet
  facet normal 0.000000e+00 0.000000e+00 1.000000e+00
    outer loop
      vertex   -3.983782e-01 -4.545675e+00 4.999998e+00
      vertex   9.390048e-01 -5.309134e+00 4.999998e+00
      vertex   9.980258e-01 -5.171217e+00 4.999998e+00
    endloop
  endfacet
  facet normal 0.000000e+00 0.000000e+00 1.000000e+00
    outer loop
      vertex   9.980258e-01 -5.171217e+00 4.999998e+00
      vertex   9.390048e-01 -5.309134e+00 4.999998e+00
      vertex   2.380286e+00 -5.850054e+00 4.999998e+00
    endloop
  endfacet
  facet normal 0.000000e+00 0.000000e+00 1.000000e+00
    outer loop
      vertex   9.980258e-01 -5.171217e+00 4.999998e+00
      vertex   2.380286e+00 -5.850054e+00 4.999998e+00
      vertex   2.430618e+00 -5.708734e+00 4.999998e+00
    endloop
  endfacet
  facet normal -5.440634e-16 1.937746e-16 1.000000e+00
    outer loop
      vertex   2.430618e+00 -5.708734e+00 4.999998e+00
      vertex   2.380286e+00 -5.850054e+00 4.999998e+00
      vertex   3.852407e+00 -6.300324e+00 4.999998e+00
    endloop
  endfacet
  facet normal -5.579475e-16 1.604063e-16 1.000000e+00
    outer loop
      vertex   2.430618e+00 -5.708734e+00 4.999998e+00
      vertex   3.852407e+00 -6.300324e+00 4.999998e+00
      vertex   3.893857e+00 -6.156148e+00 4.999998e+00
    endloop
  endfacet
  facet normal 0.000000e+00 0.000000e+00 1.000000e+00
    outer loop
      vertex   3.893857e+00 -6.156148e+00 4.999998e+00
      vertex   3.852407e+00 -6.300324e+00 4.999998e+00
      vertex   5.349675e+00 -6.658201e+00 4.999998e+00
    endloop
  endfacet
  facet normal 0.000000e+00 0.000000e+00 1.000000e+00
    outer loop
      vertex   3.893857e+00 -6.156148e+00 4.999998e+00
      vertex   5.349675e+00 -6.658201e+00 4.999998e+00
      vertex   5.382081e+00 -6.511728e+00 4.999998e+00
    endloop
  endfacet
  facet normal 0.000000e+00 0.000000e+00 1.000000e+00
    outer loop
      vertex   5.382081e+00 -6.511728e+00 4.999998e+00
      vertex   5.349675e+00 -6.658201e+00 4.999998e+00
      vertex   6.866295e+00 -6.922302e+00 4.999998e+00
    endloop
  endfacet
  facet normal 0.000000e+00 0.000000e+00 1.000000e+00
    outer loop
      vertex   5.382081e+00 -6.511728e+00 4.999998e+00
      vertex   6.866295e+00 -6.922302e+00 4.999998e+00
      vertex   6.889532e+00 -6.774097e+00 4.999998e+00
    endloop
  endfacet
  facet normal -5.705703e-16 8.946005e-17 1.000000e+00
    outer loop
      vertex   6.889532e+00 -6.774097e+00 4.999998e+00
      vertex   6.866295e+00 -6.922302e+00 4.999998e+00
      vertex   8.396400e+00 -7.091604e+00 4.999998e+00
    endloop
  endfacet
  facet normal -5.780220e-16 5.409501e-17 1.000000e+00
    outer loop
      vertex   6.889532e+00 -6.774097e+00 4.999998e+00
      vertex   8.396400e+00 -7.091604e+00 4.999998e+00
      vertex   8.410378e+00 -6.942242e+00 4.999998e+00
    endloop
  endfacet
  facet normal 0.000000e+00 0.000000e+00 1.000000e+00
    outer loop
      vertex   8.410378e+00 -6.942242e+00 4.999998e+00
      vertex   8.396400e+00 -7.091604e+00 4.999998e+00
      vertex   9.934071e+00 -7.165453e+00 4.999998e+00
    endloop
  endfacet
  facet normal 0.000000e+00 0.000000e+00 1.000000e+00
    outer loop
      vertex   8.410378e+00 -6.942242e+00 4.999998e+00
      vertex   9.934071e+00 -7.165453e+00 4.999998e+00
      vertex   9.938736e+00 -7.015510e+00 4.999998e+00
    endloop
  endfacet
  facet normal 0.000000e+00 0.000000e+00 1.000000e+00
    outer loop
      vertex   9.938736e+00 -7.015510e+00 4.999998e+00
      vertex   9.934071e+00 -7.165453e+00 4.999998e+00
      vertex   1.147336e+01 -7.143562e+00 4.999998e+00
    endloop
  endfacet
  facet normal -0.000000e+00 0.000000e+00 1.000000e+00
    outer loop
      vertex   9.938736e+00 -7.015510e+00 4.999998e+00
      vertex   1.147336e+01 -7.143562e+00 4.999998e+00
      vertex   1.146869e+01 -6.993619e+00 4.999998e+00
    endloop
  endfacet
  facet normal 0.000000e+00 0.000000e+00 1.000000e+00
    outer loop
      vertex   1.146869e+01 -6.993619e+00 4.999998e+00
      vertex   1.147336e+01 -7.143562e+00 4.999998e+00
      vertex   1.300831e+01 -7.026017e+00 4.999998e+00
    endloop
  endfacet
  facet normal -0.000000e+00 0.000000e+00 1.000000e+00
    outer loop
      vertex   1.146869e+01 -6.993619e+00 4.999998e+00
      vertex   1.300831e+01 -7.026017e+00 4.999998e+00
      vertex   1.299433e+01 -6.876654e+00 4.999998e+00
    endloop
  endfacet
  facet normal -0.000000e+00 0.000000e+00 1.000000e+00
    outer loop
      vertex   1.299433e+01 -6.876654e+00 4.999998e+00
      vertex   1.300831e+01 -7.026017e+00 4.999998e+00
      vertex   1.453298e+01 -6.813271e+00 4.999998e+00
    endloop
  endfacet
  facet normal 0.000000e+00 0.000000e+00 1.000000e+00
    outer loop
      vertex   1.299433e+01 -6.876654e+00 4.999998e+00
      vertex   1.453298e+01 -6.813271e+00 4.999998e+00
      vertex   1.450974e+01 -6.665067e+00 4.999998e+00
    endloop
  endfacet
  facet normal -0.000000e+00 0.000000e+00 1.000000e+00
    outer loop
      vertex   1.450974e+01 -6.665067e+00 4.999998e+00
      vertex   1.453298e+01 -6.813271e+00 4.999998e+00
      vertex   1.604148e+01 -6.506150e+00 4.999998e+00
    endloop
  endfacet
  facet normal 0.000000e+00 0.000000e+00 1.000000e+00
    outer loop
      vertex   1.450974e+01 -6.665067e+00 4.999998e+00
      vertex   1.604148e+01 -6.506150e+00 4.999998e+00
      vertex   1.600907e+01 -6.359676e+00 4.999998e+00
    endloop
  endfacet
  facet normal -5.639049e-16 -1.247591e-16 1.000000e+00
    outer loop
      vertex   1.600907e+01 -6.359676e+00 4.999998e+00
      vertex   1.604148e+01 -6.506150e+00 4.999998e+00
      vertex   1.752796e+01 -6.105839e+00 4.999998e+00
    endloop
  endfacet
  facet normal -5.579475e-16 -1.604063e-16 1.000000e+00
    outer loop
      vertex   1.600907e+01 -6.359676e+00 4.999998e+00
      vertex   1.752796e+01 -6.105839e+00 4.999998e+00
      vertex   1.748651e+01 -5.961664e+00 4.999998e+00
    endloop
  endfacet
  facet normal -0.000000e+00 0.000000e+00 1.000000e+00
    outer loop
      vertex   1.748651e+01 -5.961664e+00 4.999998e+00
      vertex   1.752796e+01 -6.105839e+00 4.999998e+00
      vertex   1.898668e+01 -5.613889e+00 4.999998e+00
    endloop
  endfacet
  facet normal 0.000000e+00 0.000000e+00 1.000000e+00
    outer loop
      vertex   1.748651e+01 -5.961664e+00 4.999998e+00
      vertex   1.898668e+01 -5.613889e+00 4.999998e+00
      vertex   1.893635e+01 -5.472569e+00 4.999998e+00
    endloop
  endfacet
  facet normal -0.000000e+00 0.000000e+00 1.000000e+00
    outer loop
      vertex   1.893635e+01 -5.472569e+00 4.999998e+00
      vertex   1.898668e+01 -5.613889e+00 4.999998e+00
      vertex   2.041200e+01 -5.032202e+00 4.999998e+00
    endloop
  endfacet
  facet normal 0.000000e+00 0.000000e+00 1.000000e+00
    outer loop
      vertex   1.893635e+01 -5.472569e+00 4.999998e+00
      vertex   2.041200e+01 -5.032202e+00 4.999998e+00
      vertex   2.035298e+01 -4.894285e+00 4.999998e+00
    endloop
  endfacet
  facet normal -0.000000e+00 0.000000e+00 1.000000e+00
    outer loop
      vertex   2.035298e+01 -4.894285e+00 4.999998e+00
      vertex   2.041200e+01 -5.032202e+00 4.999998e+00
      vertex   2.179839e+01 -4.363029e+00 4.999998e+00
    endloop
  endfacet
  facet normal 0.000000e+00 0.000000e+00 1.000000e+00
    outer loop
      vertex   2.035298e+01 -4.894285e+00 4.999998e+00
      vertex   2.179839e+01 -4.363029e+00 4.999998e+00
      vertex   2.173091e+01 -4.229048e+00 4.999998e+00
    endloop
  endfacet
  facet normal -0.000000e+00 0.000000e+00 1.000000e+00
    outer loop
      vertex   2.173091e+01 -4.229048e+00 4.999998e+00
      vertex   2.179839e+01 -4.363029e+00 4.999998e+00
      vertex   2.314051e+01 -3.608958e+00 4.999998e+00
    endloop
  endfacet
  facet normal 0.000000e+00 0.000000e+00 1.000000e+00
    outer loop
      vertex   2.173091e+01 -4.229048e+00 4.999998e+00
      vertex   2.314051e+01 -3.608958e+00 4.999998e+00
      vertex   2.306483e+01 -3.479432e+00 4.999998e+00
    endloop
  endfacet
  facet normal -0.000000e+00 0.000000e+00 1.000000e+00
    outer loop
      vertex   2.306483e+01 -3.479432e+00 4.999998e+00
      vertex   2.314051e+01 -3.608958e+00 4.999998e+00
      vertex   2.443314e+01 -2.772908e+00 4.999998e+00
    endloop
  endfacet
  facet normal 0.000000e+00 0.000000e+00 1.000000e+00
    outer loop
      vertex   2.306483e+01 -3.479432e+00 4.999998e+00
      vertex   2.443314e+01 -2.772908e+00 4.999998e+00
      vertex   2.434955e+01 -2.648337e+00 4.999998e+00
    endloop
  endfacet
  facet normal -0.000000e+00 0.000000e+00 1.000000e+00
    outer loop
      vertex   2.434955e+01 -2.648337e+00 4.999998e+00
      vertex   2.443314e+01 -2.772908e+00 4.999998e+00
      vertex   2.567130e+01 -1.858112e+00 4.999998e+00
    endloop
  endfacet
  facet normal 0.000000e+00 0.000000e+00 1.000000e+00
    outer loop
      vertex   2.434955e+01 -2.648337e+00 4.999998e+00
      vertex   2.567130e+01 -1.858112e+00 4.999998e+00
      vertex   2.558013e+01 -1.738979e+00 4.999998e+00
    endloop
  endfacet
  facet normal -4.586493e-16 -3.509905e-16 1.000000e+00
    outer loop
      vertex   2.558013e+01 -1.738979e+00 4.999998e+00
      vertex   2.567130e+01 -1.858112e+00 4.999998e+00
      vertex   2.685019e+01 -8.681104e-01 4.999998e+00
    endloop
  endfacet
  facet normal -4.382107e-16 -3.807979e-16 1.000000e+00
    outer loop
      vertex   2.558013e+01 -1.738979e+00 4.999998e+00
      vertex   2.685019e+01 -8.681104e-01 4.999998e+00
      vertex   2.675179e+01 -7.548754e-01 4.999998e+00
    endloop
  endfacet
  facet normal -0.000000e+00 0.000000e+00 1.000000e+00
    outer loop
      vertex   2.675179e+01 -7.548754e-01 4.999998e+00
      vertex   2.685019e+01 -8.681104e-01 4.999998e+00
      vertex   2.796525e+01 1.932676e-01 4.999998e+00
    endloop
  endfacet
  facet normal 0.000000e+00 0.000000e+00 1.000000e+00
    outer loop
      vertex   2.675179e+01 -7.548754e-01 4.999998e+00
      vertex   2.796525e+01 1.932676e-01 4.999998e+00
      vertex   2.786000e+01 3.001661e-01 4.999998e+00
    endloop
  endfacet
  facet normal -0.000000e+00 0.000000e+00 1.000000e+00
    outer loop
      vertex   2.786000e+01 3.001661e-01 4.999998e+00
      vertex   2.796525e+01 1.932676e-01 4.999998e+00
      vertex   2.901217e+01 1.321915e+00 4.999998e+00
    endloop
  endfacet
  facet normal 0.000000e+00 0.000000e+00 1.000000e+00
    outer loop
      vertex   2.786000e+01 3.001661e-01 4.999998e+00
      vertex   2.901217e+01 1.321915e+00 4.999998e+00
      vertex   2.890048e+01 1.422064e+00 4.999998e+00
    endloop
  endfacet
  facet normal -0.000000e+00 0.000000e+00 1.000000e+00
    outer loop
      vertex   2.890048e+01 1.422064e+00 4.999998e+00
      vertex   2.901217e+01 1.321915e+00 4.999998e+00
      vertex   2.998689e+01 2.513467e+00 4.999998e+00
    endloop
  endfacet
  facet normal 0.000000e+00 0.000000e+00 1.000000e+00
    outer loop
      vertex   2.890048e+01 1.422064e+00 4.999998e+00
      vertex   2.998689e+01 2.513467e+00 4.999998e+00
      vertex   2.986919e+01 2.606477e+00 4.999998e+00
    endloop
  endfacet
  facet normal -3.580809e-16 -4.531353e-16 1.000000e+00
    outer loop
      vertex   2.986919e+01 2.606477e+00 4.999998e+00
      vertex   2.998689e+01 2.513467e+00 4.999998e+00
      vertex   3.088566e+01 3.763311e+00 4.999998e+00
    endloop
  endfacet
  facet normal -3.309309e-16 -4.769910e-16 1.000000e+00
    outer loop
      vertex   2.986919e+01 2.606477e+00 4.999998e+00
      vertex   3.088566e+01 3.763311e+00 4.999998e+00
      vertex   3.076240e+01 3.848825e+00 4.999998e+00
    endloop
  endfacet
  facet normal -0.000000e+00 0.000000e+00 1.000000e+00
    outer loop
      vertex   3.076240e+01 3.848825e+00 4.999998e+00
      vertex   3.088566e+01 3.763311e+00 4.999998e+00
      vertex   3.170498e+01 5.066614e+00 4.999998e+00
    endloop
  endfacet
  facet normal 0.000000e+00 0.000000e+00 1.000000e+00
    outer loop
      vertex   3.076240e+01 3.848825e+00 4.999998e+00
      vertex   3.170498e+01 5.066614e+00 4.999998e+00
      vertex   3.157664e+01 5.144299e+00 4.999998e+00
    endloop
  endfacet
  facet normal -0.000000e+00 0.000000e+00 1.000000e+00
    outer loop
      vertex   3.157664e+01 5.144299e+00 4.999998e+00
      vertex   3.170498e+01 5.066614e+00 4.999998e+00
      vertex   3.244169e+01 6.418332e+00 4.999998e+00
    endloop
  endfacet
  facet normal 0.000000e+00 0.000000e+00 1.000000e+00
    outer loop
      vertex   3.157664e+01 5.144299e+00 4.999998e+00
      vertex   3.244169e+01 6.418332e+00 4.999998e+00
      vertex   3.230877e+01 6.487889e+00 4.999998e+00
    endloop
  endfacet
  facet normal -0.000000e+00 0.000000e+00 1.000000e+00
    outer loop
      vertex   3.230877e+01 6.487889e+00 4.999998e+00
      vertex   3.244169e+01 6.418332e+00 4.999998e+00
      vertex   3.309294e+01 7.813237e+00 4.999998e+00
    endloop
  endfacet
  facet normal 0.000000e+00 0.000000e+00 1.000000e+00
    outer loop
      vertex   3.230877e+01 6.487889e+00 4.999998e+00
      vertex   3.309294e+01 7.813237e+00 4.999998e+00
      vertex   3.295596e+01 7.874396e+00 4.999998e+00
    endloop
  endfacet
  facet normal -0.000000e+00 0.000000e+00 1.000000e+00
    outer loop
      vertex   3.295596e+01 7.874396e+00 4.999998e+00
      vertex   3.309294e+01 7.813237e+00 4.999998e+00
      vertex   3.365621e+01 9.245931e+00 4.999998e+00
    endloop
  endfacet
  facet normal 0.000000e+00 0.000000e+00 1.000000e+00
    outer loop
      vertex   3.295596e+01 7.874396e+00 4.999998e+00
      vertex   3.365621e+01 9.245931e+00 4.999998e+00
      vertex   3.351569e+01 9.298456e+00 4.999998e+00
    endloop
  endfacet
  facet normal -0.000000e+00 0.000000e+00 1.000000e+00
    outer loop
      vertex   3.351569e+01 9.298456e+00 4.999998e+00
      vertex   3.365621e+01 9.245931e+00 4.999998e+00
      vertex   3.412932e+01 1.071087e+01 4.999998e+00
    endloop
  endfacet
  facet normal 0.000000e+00 0.000000e+00 1.000000e+00
    outer loop
      vertex   3.351569e+01 9.298456e+00 4.999998e+00
      vertex   3.412932e+01 1.071087e+01 4.999998e+00
      vertex   3.398580e+01 1.075456e+01 4.999998e+00
    endloop
  endfacet
  facet normal -0.000000e+00 0.000000e+00 1.000000e+00
    outer loop
      vertex   3.398580e+01 1.075456e+01 4.999998e+00
      vertex   3.412932e+01 1.071087e+01 4.999998e+00
      vertex   3.451044e+01 1.220239e+01 4.999998e+00
    endloop
  endfacet
  facet normal 0.000000e+00 0.000000e+00 1.000000e+00
    outer loop
      vertex   3.398580e+01 1.075456e+01 4.999998e+00
      vertex   3.451044e+01 1.220239e+01 4.999998e+00
      vertex   3.436449e+01 1.223707e+01 4.999998e+00
    endloop
  endfacet
  facet normal -0.000000e+00 0.000000e+00 1.000000e+00
    outer loop
      vertex   3.436449e+01 1.223707e+01 4.999998e+00
      vertex   3.451044e+01 1.220239e+01 4.999998e+00
      vertex   3.479809e+01 1.371472e+01 4.999998e+00
    endloop
  endfacet
  facet normal 0.000000e+00 0.000000e+00 1.000000e+00
    outer loop
      vertex   3.436449e+01 1.223707e+01 4.999998e+00
      vertex   3.479809e+01 1.371472e+01 4.999998e+00
      vertex   3.465027e+01 1.374026e+01 4.999998e+00
    endloop
  endfacet
  facet normal -0.000000e+00 0.000000e+00 1.000000e+00
    outer loop
      vertex   3.465027e+01 1.374026e+01 4.999998e+00
      vertex   3.479809e+01 1.371472e+01 4.999998e+00
      vertex   3.499117e+01 1.524201e+01 4.999998e+00
    endloop
  endfacet
  facet normal 0.000000e+00 0.000000e+00 1.000000e+00
    outer loop
      vertex   3.465027e+01 1.374026e+01 4.999998e+00
      vertex   3.499117e+01 1.524201e+01 4.999998e+00
      vertex   3.484204e+01 1.525831e+01 4.999998e+00
    endloop
  endfacet
  facet normal -0.000000e+00 0.000000e+00 1.000000e+00
    outer loop
      vertex   3.484204e+01 1.525831e+01 4.999998e+00
      vertex   3.499117e+01 1.524201e+01 4.999998e+00
      vertex   3.508892e+01 1.677835e+01 4.999998e+00
    endloop
  endfacet
  facet normal 0.000000e+00 0.000000e+00 1.000000e+00
    outer loop
      vertex   3.484204e+01 1.525831e+01 4.999998e+00
      vertex   3.508892e+01 1.677835e+01 4.999998e+00
      vertex   3.493907e+01 1.678534e+01 4.999998e+00
    endloop
  endfacet
  facet normal -0.000000e+00 0.000000e+00 1.000000e+00
    outer loop
      vertex   3.493907e+01 1.678534e+01 4.999998e+00
      vertex   3.508892e+01 1.677835e+01 4.999998e+00
      vertex   3.509097e+01 1.831779e+01 4.999998e+00
    endloop
  endfacet
  facet normal 0.000000e+00 0.000000e+00 1.000000e+00
    outer loop
      vertex   3.493907e+01 1.678534e+01 4.999998e+00
      vertex   3.509097e+01 1.831779e+01 4.999998e+00
      vertex   3.494098e+01 1.831545e+01 4.999998e+00
    endloop
  endfacet
  facet normal 0.000000e+00 0.000000e+00 1.000000e+00
    outer loop
      vertex   3.494098e+01 1.831545e+01 4.999998e+00
      vertex   3.509097e+01 1.831779e+01 4.999998e+00
      vertex   3.499731e+01 1.985438e+01 4.999998e+00
    endloop
  endfacet
  facet normal 0.000000e+00 -0.000000e+00 1.000000e+00
    outer loop
      vertex   3.494098e+01 1.831545e+01 4.999998e+00
      vertex   3.499731e+01 1.985438e+01 4.999998e+00
      vertex   3.484775e+01 1.984273e+01 4.999998e+00
    endloop
  endfacet
  facet normal 0.000000e+00 -0.000000e+00 1.000000e+00
    outer loop
      vertex   3.484775e+01 1.984273e+01 4.999998e+00
      vertex   3.499731e+01 1.985438e+01 4.999998e+00
      vertex   3.480831e+01 2.138218e+01 4.999998e+00
    endloop
  endfacet
  facet normal 0.000000e+00 0.000000e+00 1.000000e+00
    outer loop
      vertex   3.484775e+01 1.984273e+01 4.999998e+00
      vertex   3.480831e+01 2.138218e+01 4.999998e+00
      vertex   3.465976e+01 2.136125e+01 4.999998e+00
    endloop
  endfacet
  facet normal 0.000000e+00 -0.000000e+00 1.000000e+00
    outer loop
      vertex   3.465976e+01 2.136125e+01 4.999998e+00
      vertex   3.480831e+01 2.138218e+01 4.999998e+00
      vertex   3.452468e+01 2.289527e+01 4.999998e+00
    endloop
  endfacet
  facet normal 0.000000e+00 0.000000e+00 1.000000e+00
    outer loop
      vertex   3.465976e+01 2.136125e+01 4.999998e+00
      vertex   3.452468e+01 2.289527e+01 4.999998e+00
      vertex   3.437772e+01 2.286514e+01 4.999998e+00
    endloop
  endfacet
  facet normal 0.000000e+00 -0.000000e+00 1.000000e+00
    outer loop
      vertex   3.437772e+01 2.286514e+01 4.999998e+00
      vertex   3.452468e+01 2.289527e+01 4.999998e+00
      vertex   3.414754e+01 2.438780e+01 4.999998e+00
    endloop
  endfacet
  facet normal 0.000000e+00 0.000000e+00 1.000000e+00
    outer loop
      vertex   3.437772e+01 2.286514e+01 4.999998e+00
      vertex   3.414754e+01 2.438780e+01 4.999998e+00
      vertex   3.400273e+01 2.434859e+01 4.999998e+00
    endloop
  endfacet
  facet normal 0.000000e+00 -0.000000e+00 1.000000e+00
    outer loop
      vertex   3.400273e+01 2.434859e+01 4.999998e+00
      vertex   3.414754e+01 2.438780e+01 4.999998e+00
      vertex   3.367833e+01 2.585399e+01 4.999998e+00
    endloop
  endfacet
  facet normal 0.000000e+00 0.000000e+00 1.000000e+00
    outer loop
      vertex   3.400273e+01 2.434859e+01 4.999998e+00
      vertex   3.367833e+01 2.585399e+01 4.999998e+00
      vertex   3.353625e+01 2.580586e+01 4.999998e+00
    endloop
  endfacet
  facet normal 0.000000e+00 -0.000000e+00 1.000000e+00
    outer loop
      vertex   3.353625e+01 2.580586e+01 4.999998e+00
      vertex   3.367833e+01 2.585399e+01 4.999998e+00
      vertex   3.311888e+01 2.728818e+01 4.999998e+00
    endloop
  endfacet
  facet normal 0.000000e+00 0.000000e+00 1.000000e+00
    outer loop
      vertex   3.353625e+01 2.580586e+01 4.999998e+00
      vertex   3.311888e+01 2.728818e+01 4.999998e+00
      vertex   3.298006e+01 2.723131e+01 4.999998e+00
    endloop
  endfacet
  facet normal 0.000000e+00 -0.000000e+00 1.000000e+00
    outer loop
      vertex   3.298006e+01 2.723131e+01 4.999998e+00
      vertex   3.311888e+01 2.728818e+01 4.999998e+00
      vertex   3.247135e+01 2.868482e+01 4.999998e+00
    endloop
  endfacet
  facet normal 0.000000e+00 0.000000e+00 1.000000e+00
    outer loop
      vertex   3.298006e+01 2.723131e+01 4.999998e+00
      vertex   3.247135e+01 2.868482e+01 4.999998e+00
      vertex   3.233634e+01 2.861943e+01 4.999998e+00
    endloop
  endfacet
  facet normal 0.000000e+00 -0.000000e+00 1.000000e+00
    outer loop
      vertex   3.233634e+01 2.861943e+01 4.999998e+00
      vertex   3.247135e+01 2.868482e+01 4.999998e+00
      vertex   3.173824e+01 3.003849e+01 4.999998e+00
    endloop
  endfacet
  facet normal 0.000000e+00 0.000000e+00 1.000000e+00
    outer loop
      vertex   3.233634e+01 2.861943e+01 4.999998e+00
      vertex   3.173824e+01 3.003849e+01 4.999998e+00
      vertex   3.160755e+01 2.996484e+01 4.999998e+00
    endloop
  endfacet
  facet normal 0.000000e+00 -0.000000e+00 1.000000e+00
    outer loop
      vertex   3.160755e+01 2.996484e+01 4.999998e+00
      vertex   3.173824e+01 3.003849e+01 4.999998e+00
      vertex   3.092240e+01 3.134397e+01 4.999998e+00
    endloop
  endfacet
  facet normal 0.000000e+00 0.000000e+00 1.000000e+00
    outer loop
      vertex   3.160755e+01 2.996484e+01 4.999998e+00
      vertex   3.092240e+01 3.134397e+01 4.999998e+00
      vertex   3.079654e+01 3.126234e+01 4.999998e+00
    endloop
  endfacet
  facet normal -3.143002e-16 4.845296e-16 1.000000e+00
    outer loop
      vertex   3.079654e+01 3.126234e+01 4.999998e+00
      vertex   3.092240e+01 3.134397e+01 4.999998e+00
      vertex   3.002697e+01 3.259621e+01 4.999998e+00
    endloop
  endfacet
  facet normal -3.456052e-16 4.664683e-16 1.000000e+00
    outer loop
      vertex   3.079654e+01 3.126234e+01 4.999998e+00
      vertex   3.002697e+01 3.259621e+01 4.999998e+00
      vertex   2.990643e+01 3.250690e+01 4.999998e+00
    endloop
  endfacet
  facet normal 0.000000e+00 -0.000000e+00 1.000000e+00
    outer loop
      vertex   2.990643e+01 3.250690e+01 4.999998e+00
      vertex   3.002697e+01 3.259621e+01 4.999998e+00
      vertex   2.905542e+01 3.379035e+01 4.999998e+00
    endloop
  endfacet
  facet normal 0.000000e+00 0.000000e+00 1.000000e+00
    outer loop
      vertex   2.990643e+01 3.250690e+01 4.999998e+00
      vertex   2.905542e+01 3.379035e+01 4.999998e+00
      vertex   2.894067e+01 3.369373e+01 4.999998e+00
    endloop
  endfacet
  facet normal 0.000000e+00 -0.000000e+00 1.000000e+00
    outer loop
      vertex   2.894067e+01 3.369373e+01 4.999998e+00
      vertex   2.905542e+01 3.379035e+01 4.999998e+00
      vertex   2.801151e+01 3.492179e+01 4.999998e+00
    endloop
  endfacet
  facet normal 0.000000e+00 0.000000e+00 1.000000e+00
    outer loop
      vertex   2.894067e+01 3.369373e+01 4.999998e+00
      vertex   2.801151e+01 3.492179e+01 4.999998e+00
      vertex   2.790299e+01 3.481821e+01 4.999998e+00
    endloop
  endfacet
  facet normal 0.000000e+00 -0.000000e+00 1.000000e+00
    outer loop
      vertex   2.790299e+01 3.481821e+01 4.999998e+00
      vertex   2.801151e+01 3.492179e+01 4.999998e+00
      vertex   2.689928e+01 3.598613e+01 4.999998e+00
    endloop
  endfacet
  facet normal 0.000000e+00 0.000000e+00 1.000000e+00
    outer loop
      vertex   2.790299e+01 3.481821e+01 4.999998e+00
      vertex   2.689928e+01 3.598613e+01 4.999998e+00
      vertex   2.679741e+01 3.587601e+01 4.999998e+00
    endloop
  endfacet
  facet normal -4.239489e-16 3.922001e-16 1.000000e+00
    outer loop
      vertex   2.679741e+01 3.587601e+01 4.999998e+00
      vertex   2.689928e+01 3.598613e+01 4.999998e+00
      vertex   2.572303e+01 3.697927e+01 4.999998e+00
    endloop
  endfacet
  facet normal -4.498415e-16 3.669854e-16 1.000000e+00
    outer loop
      vertex   2.679741e+01 3.587601e+01 4.999998e+00
      vertex   2.572303e+01 3.697927e+01 4.999998e+00
      vertex   2.562820e+01 3.686303e+01 4.999998e+00
    endloop
  endfacet
  facet normal 0.000000e+00 -0.000000e+00 1.000000e+00
    outer loop
      vertex   2.562820e+01 3.686303e+01 4.999998e+00
      vertex   2.572303e+01 3.697927e+01 4.999998e+00
      vertex   2.448732e+01 3.789736e+01 4.999998e+00
    endloop
  endfacet
  facet normal 0.000000e+00 0.000000e+00 1.000000e+00
    outer loop
      vertex   2.562820e+01 3.686303e+01 4.999998e+00
      vertex   2.448732e+01 3.789736e+01 4.999998e+00
      vertex   2.439990e+01 3.777545e+01 4.999998e+00
    endloop
  endfacet
  facet normal 0.000000e+00 -0.000000e+00 1.000000e+00
    outer loop
      vertex   2.439990e+01 3.777545e+01 4.999998e+00
      vertex   2.448732e+01 3.789736e+01 4.999998e+00
      vertex   2.319691e+01 3.873685e+01 4.999998e+00
    endloop
  endfacet
  facet normal 0.000000e+00 0.000000e+00 1.000000e+00
    outer loop
      vertex   2.439990e+01 3.777545e+01 4.999998e+00
      vertex   2.319691e+01 3.873685e+01 4.999998e+00
      vertex   2.311724e+01 3.860974e+01 4.999998e+00
    endloop
  endfacet
  facet normal 0.000000e+00 -0.000000e+00 1.000000e+00
    outer loop
      vertex   2.311724e+01 3.860974e+01 4.999998e+00
      vertex   2.319691e+01 3.873685e+01 4.999998e+00
      vertex   2.185682e+01 3.949449e+01 4.999998e+00
    endloop
  endfacet
  facet normal 0.000000e+00 0.000000e+00 1.000000e+00
    outer loop
      vertex   2.311724e+01 3.860974e+01 4.999998e+00
      vertex   2.185682e+01 3.949449e+01 4.999998e+00
      vertex   2.178520e+01 3.936268e+01 4.999998e+00
    endloop
  endfacet
  facet normal 0.000000e+00 -0.000000e+00 1.000000e+00
    outer loop
      vertex   2.178520e+01 3.936268e+01 4.999998e+00
      vertex   2.185682e+01 3.949449e+01 4.999998e+00
      vertex   2.047221e+01 4.016736e+01 4.999998e+00
    endloop
  endfacet
  facet normal 0.000000e+00 0.000000e+00 1.000000e+00
    outer loop
      vertex   2.178520e+01 3.936268e+01 4.999998e+00
      vertex   2.047221e+01 4.016736e+01 4.999998e+00
      vertex   2.040893e+01 4.003134e+01 4.999998e+00
    endloop
  endfacet
  facet normal 0.000000e+00 -0.000000e+00 1.000000e+00
    outer loop
      vertex   2.040893e+01 4.003134e+01 4.999998e+00
      vertex   2.047221e+01 4.016736e+01 4.999998e+00
      vertex   1.904845e+01 4.075284e+01 4.999998e+00
    endloop
  endfacet
  facet normal 0.000000e+00 0.000000e+00 1.000000e+00
    outer loop
      vertex   2.040893e+01 4.003134e+01 4.999998e+00
      vertex   1.904845e+01 4.075284e+01 4.999998e+00
      vertex   1.899374e+01 4.061316e+01 4.999998e+00
    endloop
  endfacet
  facet normal 0.000000e+00 -0.000000e+00 1.000000e+00
    outer loop
      vertex   1.899374e+01 4.061316e+01 4.999998e+00
      vertex   1.904845e+01 4.075284e+01 4.999998e+00
      vertex   1.759104e+01 4.124868e+01 4.999998e+00
    endloop
  endfacet
  facet normal 0.000000e+00 0.000000e+00 1.000000e+00
    outer loop
      vertex   1.899374e+01 4.061316e+01 4.999998e+00
      vertex   1.759104e+01 4.124868e+01 4.999998e+00
      vertex   1.754513e+01 4.110586e+01 4.999998e+00
    endloop
  endfacet
  facet normal -5.498266e-16 1.767606e-16 1.000000e+00
    outer loop
      vertex   1.754513e+01 4.110586e+01 4.999998e+00
      vertex   1.759104e+01 4.124868e+01 4.999998e+00
      vertex   1.610563e+01 4.165295e+01 4.999998e+00
    endloop
  endfacet
  facet normal -5.626663e-16 1.429767e-16 1.000000e+00
    outer loop
      vertex   1.754513e+01 4.110586e+01 4.999998e+00
      vertex   1.610563e+01 4.165295e+01 4.999998e+00
      vertex   1.606868e+01 4.150755e+01 4.999998e+00
    endloop
  endfacet
  facet normal 0.000000e+00 -0.000000e+00 1.000000e+00
    outer loop
      vertex   1.606868e+01 4.150755e+01 4.999998e+00
      vertex   1.610563e+01 4.165295e+01 4.999998e+00
      vertex   1.459795e+01 4.196408e+01 4.999998e+00
    endloop
  endfacet
  facet normal 0.000000e+00 0.000000e+00 1.000000e+00
    outer loop
      vertex   1.606868e+01 4.150755e+01 4.999998e+00
      vertex   1.459795e+01 4.196408e+01 4.999998e+00
      vertex   1.457012e+01 4.181667e+01 4.999998e+00
    endloop
  endfacet
  facet normal 0.000000e+00 -0.000000e+00 1.000000e+00
    outer loop
      vertex   1.457012e+01 4.181667e+01 4.999998e+00
      vertex   1.459795e+01 4.196408e+01 4.999998e+00
      vertex   1.307385e+01 4.218089e+01 4.999998e+00
    endloop
  endfacet
  facet normal 0.000000e+00 0.000000e+00 1.000000e+00
    outer loop
      vertex   1.457012e+01 4.181667e+01 4.999998e+00
      vertex   1.307385e+01 4.218089e+01 4.999998e+00
      vertex   1.305524e+01 4.203204e+01 4.999998e+00
    endloop
  endfacet
  facet normal 0.000000e+00 -0.000000e+00 1.000000e+00
    outer loop
      vertex   1.305524e+01 4.203204e+01 4.999998e+00
      vertex   1.307385e+01 4.218089e+01 4.999998e+00
      vertex   1.153922e+01 4.230253e+01 4.999998e+00
    endloop
  endfacet
  facet normal 0.000000e+00 0.000000e+00 1.000000e+00
    outer loop
      vertex   1.305524e+01 4.203204e+01 4.999998e+00
      vertex   1.153922e+01 4.230253e+01 4.999998e+00
      vertex   1.152990e+01 4.215280e+01 4.999998e+00
    endloop
  endfacet
  facet normal -1.152848e-15 7.181103e-17 1.000000e+00
    outer loop
      vertex   1.152990e+01 4.215280e+01 4.999998e+00
      vertex   1.153922e+01 4.230253e+01 4.999998e+00
      vertex   1.000000e+01 4.232852e+01 4.999998e+00
    endloop
  endfacet
  facet normal 1.688370e-02 9.998575e-01 0.000000e+00
    outer loop
      vertex   1.153922e+01 4.230253e+01 4.999998e+00
      vertex   1.000000e+01 4.232852e+01 -2.384186e-06
      vertex   1.000000e+01 4.232852e+01 4.999998e+00
    endloop
  endfacet
  facet normal -4.530973e-02 9.989730e-01 0.000000e+00
    outer loop
      vertex   1.000000e+01 4.232852e+01 4.999998e+00
      vertex   1.000000e+01 4.232852e+01 -2.384186e-06
      vertex   8.462138e+00 4.225877e+01 -2.384186e-06
    endloop
  endfacet
  facet normal -4.530973e-02 9.989730e-01 0.000000e+00
    outer loop
      vertex   1.000000e+01 4.232852e+01 4.999998e+00
      vertex   8.462138e+00 4.225877e+01 -2.384186e-06
      vertex   8.462138e+00 4.225877e+01 4.999998e+00
    endloop
  endfacet
  facet normal -1.073279e-01 9.942237e-01 0.000000e+00
    outer loop
      vertex   8.462138e+00 4.225877e+01 4.999998e+00
      vertex   8.462138e+00 4.225877e+01 -2.384186e-06
      vertex   6.931587e+00 4.209354e+01 -2.384186e-06
    endloop
  endfacet
  facet normal -1.073279e-01 9.942237e-01 4.399227e-16
    outer loop
      vertex   8.462138e+00 4.225877e+01 4.999998e+00
      vertex   6.931587e+00 4.209354e+01 -2.384186e-06
      vertex   6.931587e+00 4.209354e+01 4.999998e+00
    endloop
  endfacet
  facet normal -1.689308e-01 9.856279e-01 6.901871e-16
    outer loop
      vertex   6.931587e+00 4.209354e+01 4.999998e+00
      vertex   6.931587e+00 4.209354e+01 -2.384186e-06
      vertex   5.414269e+00 4.183348e+01 -2.384186e-06
    endloop
  endfacet
  facet normal -1.689308e-01 9.856279e-01 0.000000e+00
    outer loop
      vertex   6.931587e+00 4.209354e+01 4.999998e+00
      vertex   5.414269e+00 4.183348e+01 -2.384186e-06
      vertex   5.414269e+00 4.183348e+01 4.999998e+00
    endloop
  endfacet
  facet normal -2.298801e-01 9.732189e-01 0.000000e+00
    outer loop
      vertex   5.414269e+00 4.183348e+01 4.999998e+00
      vertex   5.414269e+00 4.183348e+01 -2.384186e-06
      vertex   3.916054e+00 4.147959e+01 -2.384186e-06
    endloop
  endfacet
  facet normal -2.298801e-01 9.732189e-01 0.000000e+00
    outer loop
      vertex   5.414269e+00 4.183348e+01 4.999998e+00
      vertex   3.916054e+00 4.147959e+01 -2.384186e-06
      vertex   3.916054e+00 4.147959e+01 4.999998e+00
    endloop
  endfacet
  facet normal -2.899401e-01 9.570448e-01 0.000000e+00
    outer loop
      vertex   3.916054e+00 4.147959e+01 4.999998e+00
      vertex   3.916054e+00 4.147959e+01 -2.384186e-06
      vertex   2.442737e+00 4.103325e+01 -2.384186e-06
    endloop
  endfacet
  facet normal -2.899401e-01 9.570448e-01 0.000000e+00
    outer loop
      vertex   3.916054e+00 4.147959e+01 4.999998e+00
      vertex   2.442737e+00 4.103325e+01 -2.384186e-06
      vertex   2.442737e+00 4.103325e+01 4.999998e+00
    endloop
  endfacet
  facet normal -3.488784e-01 9.371680e-01 0.000000e+00
    outer loop
      vertex   2.442737e+00 4.103325e+01 4.999998e+00
      vertex   2.442737e+00 4.103325e+01 -2.384186e-06
      vertex   1.000021e+00 4.049617e+01 -2.384186e-06
    endloop
  endfacet
  facet normal -3.488784e-01 9.371680e-01 0.000000e+00
    outer loop
      vertex   2.442737e+00 4.103325e+01 4.999998e+00
      vertex   1.000021e+00 4.049617e+01 -2.384186e-06
      vertex   1.000021e+00 4.049617e+01 4.999998e+00
    endloop
  endfacet
  facet normal -4.064669e-01 9.136655e-01 0.000000e+00
    outer loop
      vertex   1.000021e+00 4.049617e+01 4.999998e+00
      vertex   1.000021e+00 4.049617e+01 -2.384186e-06
      vertex   -4.065156e-01 3.987044e+01 -2.384186e-06
    endloop
  endfacet
  facet normal -4.064669e-01 9.136655e-01 3.317450e-16
    outer loop
      vertex   1.000021e+00 4.049617e+01 4.999998e+00
      vertex   -4.065156e-01 3.987044e+01 -2.384186e-06
      vertex   -4.065156e-01 3.987044e+01 4.999998e+00
    endloop
  endfacet
  facet normal -4.624829e-01 8.866282e-01 5.884785e-16
    outer loop
      vertex   -4.065156e-01 3.987044e+01 4.999998e+00
      vertex   -4.065156e-01 3.987044e+01 -2.384186e-06
      vertex   -1.771429e+00 3.915847e+01 -2.384186e-06
    endloop
  endfacet
  facet normal -4.624829e-01 8.866282e-01 0.000000e+00
    outer loop
      vertex   -4.065156e-01 3.987044e+01 4.999998e+00
      vertex   -1.771429e+00 3.915847e+01 -2.384186e-06
      vertex   -1.771429e+00 3.915847e+01 4.999998e+00
    endloop
  endfacet
  facet normal -5.167096e-01 8.561607e-01 0.000000e+00
    outer loop
      vertex   -1.771429e+00 3.915847e+01 4.999998e+00
      vertex   -1.771429e+00 3.915847e+01 -2.384186e-06
      vertex   -3.089440e+00 3.836302e+01 -2.384186e-06
    endloop
  endfacet
  facet normal -5.167096e-01 8.561607e-01 0.000000e+00
    outer loop
      vertex   -1.771429e+00 3.915847e+01 4.999998e+00
      vertex   -3.089440e+00 3.836302e+01 -2.384186e-06
      vertex   -3.089440e+00 3.836302e+01 4.999998e+00
    endloop
  endfacet
  facet normal -5.689373e-01 8.223809e-01 0.000000e+00
    outer loop
      vertex   -3.089440e+00 3.836302e+01 4.999998e+00
      vertex   -3.089440e+00 3.836302e+01 -2.384186e-06
      vertex   -4.355449e+00 3.748718e+01 -2.384186e-06
    endloop
  endfacet
  facet normal -5.689373e-01 8.223809e-01 6.634900e-16
    outer loop
      vertex   -3.089440e+00 3.836302e+01 4.999998e+00
      vertex   -4.355449e+00 3.748718e+01 -2.384186e-06
      vertex   -4.355449e+00 3.748718e+01 4.999998e+00
    endloop
  endfacet
  facet normal -6.189639e-01 7.854195e-01 8.629531e-16
    outer loop
      vertex   -4.355449e+00 3.748718e+01 4.999998e+00
      vertex   -4.355449e+00 3.748718e+01 -2.384186e-06
      vertex   -5.564557e+00 3.653432e+01 -2.384186e-06
    endloop
  endfacet
  facet normal -6.189639e-01 7.854195e-01 0.000000e+00
    outer loop
      vertex   -4.355449e+00 3.748718e+01 4.999998e+00
      vertex   -5.564557e+00 3.653432e+01 -2.384186e-06
      vertex   -5.564557e+00 3.653432e+01 4.999998e+00
    endloop
  endfacet
  facet normal -6.665958e-01 7.454194e-01 0.000000e+00
    outer loop
      vertex   -5.564557e+00 3.653432e+01 4.999998e+00
      vertex   -5.564557e+00 3.653432e+01 -2.384186e-06
      vertex   -6.712088e+00 3.550813e+01 -2.384186e-06
    endloop
  endfacet
  facet normal -6.665958e-01 7.454194e-01 0.000000e+00
    outer loop
      vertex   -5.564557e+00 3.653432e+01 4.999998e+00
      vertex   -6.712088e+00 3.550813e+01 -2.384186e-06
      vertex   -6.712088e+00 3.550813e+01 4.999998e+00
    endloop
  endfacet
  facet normal -7.116488e-01 7.025354e-01 0.000000e+00
    outer loop
      vertex   -6.712088e+00 3.550813e+01 4.999998e+00
      vertex   -6.712088e+00 3.550813e+01 -2.384186e-06
      vertex   -7.793602e+00 3.441259e+01 -2.384186e-06
    endloop
  endfacet
  facet normal -7.116488e-01 7.025354e-01 -3.461687e-16
    outer loop
      vertex   -6.712088e+00 3.550813e+01 4.999998e+00
      vertex   -7.793602e+00 3.441259e+01 -2.384186e-06
      vertex   -7.793602e+00 3.441259e+01 4.999998e+00
    endloop
  endfacet
  facet normal -7.539485e-01 6.569335e-01 -2.639178e-16
    outer loop
      vertex   -7.793602e+00 3.441259e+01 4.999998e+00
      vertex   -7.793602e+00 3.441259e+01 -2.384186e-06
      vertex   -8.804913e+00 3.325193e+01 -2.384186e-06
    endloop
  endfacet
  facet normal -7.539485e-01 6.569335e-01 0.000000e+00
    outer loop
      vertex   -7.793602e+00 3.441259e+01 4.999998e+00
      vertex   -8.804913e+00 3.325193e+01 -2.384186e-06
      vertex   -8.804913e+00 3.325193e+01 4.999998e+00
    endloop
  endfacet
  facet normal -7.933314e-01 6.087900e-01 0.000000e+00
    outer loop
      vertex   -8.804913e+00 3.325193e+01 4.999998e+00
      vertex   -8.804913e+00 3.325193e+01 -2.384186e-06
      vertex   -9.742111e+00 3.203064e+01 -2.384186e-06
    endloop
  endfacet
  facet normal -7.933314e-01 6.087900e-01 5.192531e-16
    outer loop
      vertex   -8.804913e+00 3.325193e+01 4.999998e+00
      vertex   -9.742111e+00 3.203064e+01 -2.384186e-06
      vertex   -9.742111e+00 3.203064e+01 4.999998e+00
    endloop
  endfacet
  facet normal -8.296450e-01 5.582912e-01 6.803661e-16
    outer loop
      vertex   -9.742111e+00 3.203064e+01 4.999998e+00
      vertex   -9.742111e+00 3.203064e+01 -2.384186e-06
      vertex   -1.060157e+01 3.075345e+01 -2.384186e-06
    endloop
  endfacet
  facet normal -8.296450e-01 5.582912e-01 8.654218e-17
    outer loop
      vertex   -9.742111e+00 3.203064e+01 4.999998e+00
      vertex   -1.060157e+01 3.075345e+01 -2.384186e-06
      vertex   -1.060157e+01 3.075345e+01 4.999998e+00
    endloop
  endfacet
  facet normal -8.627489e-01 5.056326e-01 3.492023e-16
    outer loop
      vertex   -1.060157e+01 3.075345e+01 4.999998e+00
      vertex   -1.060157e+01 3.075345e+01 -2.384186e-06
      vertex   -1.137996e+01 2.942530e+01 -2.384186e-06
    endloop
  endfacet
  facet normal -8.627489e-01 5.056326e-01 0.000000e+00
    outer loop
      vertex   -1.060157e+01 3.075345e+01 4.999998e+00
      vertex   -1.137996e+01 2.942530e+01 -2.384186e-06
      vertex   -1.137996e+01 2.942530e+01 4.999998e+00
    endloop
  endfacet
  facet normal -8.925150e-01 4.510177e-01 0.000000e+00
    outer loop
      vertex   -1.137996e+01 2.942530e+01 4.999998e+00
      vertex   -1.137996e+01 2.942530e+01 -2.384186e-06
      vertex   -1.207428e+01 2.805132e+01 -2.384186e-06
    endloop
  endfacet
  facet normal -8.925150e-01 4.510177e-01 -1.442370e-17
    outer loop
      vertex   -1.137996e+01 2.942530e+01 4.999998e+00
      vertex   -1.207428e+01 2.805132e+01 -2.384186e-06
      vertex   -1.207428e+01 2.805132e+01 4.999998e+00
    endloop
  endfacet
  facet normal -9.188281e-01 3.946579e-01 9.202408e-17
    outer loop
      vertex   -1.207428e+01 2.805132e+01 4.999998e+00
      vertex   -1.207428e+01 2.805132e+01 -2.384186e-06
      vertex   -1.268183e+01 2.663684e+01 -2.384186e-06
    endloop
  endfacet
  facet normal -9.188281e-01 3.946579e-01 0.000000e+00
    outer loop
      vertex   -1.207428e+01 2.805132e+01 4.999998e+00
      vertex   -1.268183e+01 2.663684e+01 -2.384186e-06
      vertex   -1.268183e+01 2.663684e+01 4.999998e+00
    endloop
  endfacet
  facet normal -9.415865e-01 3.367712e-01 0.000000e+00
    outer loop
      vertex   -1.268183e+01 2.663684e+01 4.999998e+00
      vertex   -1.268183e+01 2.663684e+01 -2.384186e-06
      vertex   -1.320027e+01 2.518732e+01 -2.384186e-06
    endloop
  endfacet
  facet normal -9.415865e-01 3.367712e-01 0.000000e+00
    outer loop
      vertex   -1.268183e+01 2.663684e+01 4.999998e+00
      vertex   -1.320027e+01 2.518732e+01 -2.384186e-06
      vertex   -1.320027e+01 2.518732e+01 4.999998e+00
    endloop
  endfacet
  facet normal -9.607020e-01 2.775817e-01 0.000000e+00
    outer loop
      vertex   -1.320027e+01 2.518732e+01 4.999998e+00
      vertex   -1.320027e+01 2.518732e+01 -2.384186e-06
      vertex   -1.362759e+01 2.370837e+01 -2.384186e-06
    endloop
  endfacet
  facet normal -9.607020e-01 2.775817e-01 2.452028e-16
    outer loop
      vertex   -1.320027e+01 2.518732e+01 4.999998e+00
      vertex   -1.362759e+01 2.370837e+01 -2.384186e-06
      vertex   -1.362759e+01 2.370837e+01 4.999998e+00
    endloop
  endfacet
  facet normal -9.761008e-01 2.173182e-01 4.226864e-16
    outer loop
      vertex   -1.362759e+01 2.370837e+01 4.999998e+00
      vertex   -1.362759e+01 2.370837e+01 -2.384186e-06
      vertex   -1.396214e+01 2.220572e+01 -2.384186e-06
    endloop
  endfacet
  facet normal -9.761008e-01 2.173182e-01 0.000000e+00
    outer loop
      vertex   -1.362759e+01 2.370837e+01 4.999998e+00
      vertex   -1.396214e+01 2.220572e+01 -2.384186e-06
      vertex   -1.396214e+01 2.220572e+01 4.999998e+00
    endloop
  endfacet
  facet normal -9.877232e-01 1.562140e-01 0.000000e+00
    outer loop
      vertex   -1.396214e+01 2.220572e+01 4.999998e+00
      vertex   -1.396214e+01 2.220572e+01 -2.384186e-06
      vertex   -1.420262e+01 2.068517e+01 -2.384186e-06
    endloop
  endfacet
  facet normal -9.877232e-01 1.562140e-01 0.000000e+00
    outer loop
      vertex   -1.396214e+01 2.220572e+01 4.999998e+00
      vertex   -1.420262e+01 2.068517e+01 -2.384186e-06
      vertex   -1.420262e+01 2.068517e+01 4.999998e+00
    endloop
  endfacet
  facet normal -9.955243e-01 9.450546e-02 0.000000e+00
    outer loop
      vertex   -1.420262e+01 2.068517e+01 4.999998e+00
      vertex   -1.420262e+01 2.068517e+01 -2.384186e-06
      vertex   -1.434811e+01 1.915262e+01 -2.384186e-06
    endloop
  endfacet
  facet normal -9.955243e-01 9.450546e-02 5.084353e-16
    outer loop
      vertex   -1.420262e+01 2.068517e+01 4.999998e+00
      vertex   -1.434811e+01 1.915262e+01 -2.384186e-06
      vertex   -1.434811e+01 1.915262e+01 4.999998e+00
    endloop
  endfacet
  facet normal -9.994740e-01 3.243126e-02 6.410376e-16
    outer loop
      vertex   -1.434811e+01 1.915262e+01 4.999998e+00
      vertex   -1.434811e+01 1.915262e+01 -2.384186e-06
      vertex   -1.439804e+01 1.761399e+01 -2.384186e-06
    endloop
  endfacet
  facet normal -9.994740e-01 3.243126e-02 0.000000e+00
    outer loop
      vertex   -1.434811e+01 1.915262e+01 4.999998e+00
      vertex   -1.439804e+01 1.761399e+01 -2.384186e-06
      vertex   -1.439804e+01 1.761399e+01 4.999998e+00
    endloop
  endfacet
  facet normal -9.995568e-01 -2.976841e-02 -0.000000e+00
    outer loop
      vertex   -1.439804e+01 1.761399e+01 4.999998e+00
      vertex   -1.439804e+01 1.761399e+01 -2.384186e-06
      vertex   -1.435221e+01 1.607523e+01 -2.384186e-06
    endloop
  endfacet
  facet normal -9.995568e-01 -2.976841e-02 0.000000e+00
    outer loop
      vertex   -1.439804e+01 1.761399e+01 4.999998e+00
      vertex   -1.435221e+01 1.607523e+01 -2.384186e-06
      vertex   -1.435221e+01 1.607523e+01 4.999998e+00
    endloop
  endfacet
  facet normal -9.957726e-01 -9.185291e-02 -0.000000e+00
    outer loop
      vertex   -1.435221e+01 1.607523e+01 4.999998e+00
      vertex   -1.435221e+01 1.607523e+01 -2.384186e-06
      vertex   -1.421081e+01 1.454229e+01 -2.384186e-06
    endloop
  endfacet
  facet normal -9.957726e-01 -9.185291e-02 -6.382485e-16
    outer loop
      vertex   -1.435221e+01 1.607523e+01 4.999998e+00
      vertex   -1.421081e+01 1.454229e+01 -2.384186e-06
      vertex   -1.421081e+01 1.454229e+01 4.999998e+00
    endloop
  endfacet
  facet normal -9.881359e-01 -1.535821e-01 -3.438462e-16
    outer loop
      vertex   -1.421081e+01 1.454229e+01 4.999998e+00
      vertex   -1.421081e+01 1.454229e+01 -2.384186e-06
      vertex   -1.397438e+01 1.302111e+01 -2.384186e-06
    endloop
  endfacet
  facet normal -9.881359e-01 -1.535821e-01 0.000000e+00
    outer loop
      vertex   -1.421081e+01 1.454229e+01 4.999998e+00
      vertex   -1.397438e+01 1.302111e+01 -2.384186e-06
      vertex   -1.397438e+01 1.302111e+01 4.999998e+00
    endloop
  endfacet
  facet normal -9.766763e-01 -2.147170e-01 -0.000000e+00
    outer loop
      vertex   -1.397438e+01 1.302111e+01 4.999998e+00
      vertex   -1.397438e+01 1.302111e+01 -2.384186e-06
      vertex   -1.364383e+01 1.151758e+01 -2.384186e-06
    endloop
  endfacet
  facet normal -9.766763e-01 -2.147170e-01 -4.254990e-16
    outer loop
      vertex   -1.397438e+01 1.302111e+01 4.999998e+00
      vertex   -1.364383e+01 1.151758e+01 -2.384186e-06
      vertex   -1.364383e+01 1.151758e+01 4.999998e+00
    endloop
  endfacet
  facet normal -9.614381e-01 -2.750213e-01 -2.430568e-16
    outer loop
      vertex   -1.364383e+01 1.151758e+01 4.999998e+00
      vertex   -1.364383e+01 1.151758e+01 -2.384186e-06
      vertex   -1.322045e+01 1.003750e+01 -2.384186e-06
    endloop
  endfacet
  facet normal -9.614381e-01 -2.750213e-01 5.913715e-16
    outer loop
      vertex   -1.364383e+01 1.151758e+01 4.999998e+00
      vertex   -1.322045e+01 1.003750e+01 -2.384186e-06
      vertex   -1.322045e+01 1.003750e+01 4.999998e+00
    endloop
  endfacet
  facet normal -9.424804e-01 -3.342615e-01 8.741236e-16
    outer loop
      vertex   -1.322045e+01 1.003750e+01 4.999998e+00
      vertex   -1.322045e+01 1.003750e+01 -2.384186e-06
      vertex   -1.270587e+01 8.586601e+00 -2.384186e-06
    endloop
  endfacet
  facet normal -9.424804e-01 -3.342615e-01 0.000000e+00
    outer loop
      vertex   -1.322045e+01 1.003750e+01 4.999998e+00
      vertex   -1.270587e+01 8.586601e+00 -2.384186e-06
      vertex   -1.270587e+01 8.586601e+00 4.999998e+00
    endloop
  endfacet
  facet normal -9.198763e-01 -3.922086e-01 -0.000000e+00
    outer loop
      vertex   -1.270587e+01 8.586601e+00 4.999998e+00
      vertex   -1.270587e+01 8.586601e+00 -2.384186e-06
      vertex   -1.210209e+01 7.170503e+00 -2.384186e-06
    endloop
  endfacet
  facet normal -9.198763e-01 -3.922086e-01 -7.356085e-16
    outer loop
      vertex   -1.270587e+01 8.586601e+00 4.999998e+00
      vertex   -1.210209e+01 7.170503e+00 -2.384186e-06
      vertex   -1.210209e+01 7.170503e+00 4.999998e+00
    endloop
  endfacet
  facet normal -8.937134e-01 -4.486383e-01 -5.515298e-16
    outer loop
      vertex   -1.210209e+01 7.170503e+00 4.999998e+00
      vertex   -1.210209e+01 7.170503e+00 -2.384186e-06
      vertex   -1.141144e+01 5.794682e+00 -2.384186e-06
    endloop
  endfacet
  facet normal -8.937134e-01 -4.486383e-01 0.000000e+00
    outer loop
      vertex   -1.210209e+01 7.170503e+00 4.999998e+00
      vertex   -1.141144e+01 5.794682e+00 -2.384186e-06
      vertex   -1.141144e+01 5.794682e+00 4.999998e+00
    endloop
  endfacet
  facet normal -8.640929e-01 -5.033323e-01 -0.000000e+00
    outer loop
      vertex   -1.141144e+01 5.794682e+00 4.999998e+00
      vertex   -1.141144e+01 5.794682e+00 -2.384186e-06
      vertex   -1.063659e+01 4.464460e+00 -2.384186e-06
    endloop
  endfacet
  facet normal -8.640929e-01 -5.033323e-01 0.000000e+00
    outer loop
      vertex   -1.141144e+01 5.794682e+00 4.999998e+00
      vertex   -1.063659e+01 4.464460e+00 -2.384186e-06
      vertex   -1.063659e+01 4.464460e+00 4.999998e+00
    endloop
  endfacet
  facet normal -8.311295e-01 -5.560790e-01 -0.000000e+00
    outer loop
      vertex   -1.063659e+01 4.464460e+00 4.999998e+00
      vertex   -1.063659e+01 4.464460e+00 -2.384186e-06
      vertex   -9.780535e+00 3.184984e+00 -2.384186e-06
    endloop
  endfacet
  facet normal -8.311295e-01 -5.560790e-01 4.038635e-16
    outer loop
      vertex   -1.063659e+01 4.464460e+00 4.999998e+00
      vertex   -9.780535e+00 3.184984e+00 -2.384186e-06
      vertex   -9.780535e+00 3.184984e+00 4.999998e+00
    endloop
  endfacet
  facet normal -7.949505e-01 -6.066743e-01 5.128238e-16
    outer loop
      vertex   -9.780535e+00 3.184984e+00 4.999998e+00
      vertex   -9.780535e+00 3.184984e+00 -2.384186e-06
      vertex   -8.846595e+00 1.961203e+00 -2.384186e-06
    endloop
  endfacet
  facet normal -7.949505e-01 -6.066743e-01 0.000000e+00
    outer loop
      vertex   -9.780535e+00 3.184984e+00 4.999998e+00
      vertex   -8.846595e+00 1.961203e+00 -2.384186e-06
      vertex   -8.846595e+00 1.961203e+00 4.999998e+00
    endloop
  endfacet
  facet normal -7.556960e-01 -6.549225e-01 -0.000000e+00
    outer loop
      vertex   -8.846595e+00 1.961203e+00 4.999998e+00
      vertex   -8.846595e+00 1.961203e+00 -2.384186e-06
      vertex   -7.838379e+00 7.978517e-01 -2.384186e-06
    endloop
  endfacet
  facet normal -7.556960e-01 -6.549225e-01 -4.615583e-16
    outer loop
      vertex   -8.846595e+00 1.961203e+00 4.999998e+00
      vertex   -7.838379e+00 7.978517e-01 -2.384186e-06
      vertex   -7.838379e+00 7.978517e-01 4.999998e+00
    endloop
  endfacet
  facet normal -7.135179e-01 -7.006370e-01 -3.340264e-16
    outer loop
      vertex   -7.838379e+00 7.978517e-01 4.999998e+00
      vertex   -7.838379e+00 7.978517e-01 -2.384186e-06
      vertex   -6.759788e+00 -3.005686e-01 -2.384186e-06
    endloop
  endfacet
  facet normal -7.135179e-01 -7.006370e-01 -2.884739e-17
    outer loop
      vertex   -7.838379e+00 7.978517e-01 4.999998e+00
      vertex   -6.759788e+00 -3.005686e-01 -2.384186e-06
      vertex   -6.759788e+00 -3.005686e-01 4.999998e+00
    endloop
  endfacet
  facet normal -6.685793e-01 -7.436408e-01 1.333361e-16
    outer loop
      vertex   -6.759788e+00 -3.005686e-01 4.999998e+00
      vertex   -6.759788e+00 -3.005686e-01 -2.384186e-06
      vertex   -5.614995e+00 -1.329808e+00 -2.384186e-06
    endloop
  endfacet
  facet normal -6.685793e-01 -7.436408e-01 -4.038635e-16
    outer loop
      vertex   -6.759788e+00 -3.005686e-01 4.999998e+00
      vertex   -5.614995e+00 -1.329808e+00 -2.384186e-06
      vertex   -5.614995e+00 -1.329808e+00 4.999998e+00
    endloop
  endfacet
  facet normal -6.210541e-01 -7.837677e-01 -1.180509e-16
    outer loop
      vertex   -5.614995e+00 -1.329808e+00 4.999998e+00
      vertex   -5.614995e+00 -1.329808e+00 -2.384186e-06
      vertex   -4.408429e+00 -2.285886e+00 -2.384186e-06
    endloop
  endfacet
  facet normal -6.210541e-01 -7.837677e-01 5.192531e-16
    outer loop
      vertex   -5.614995e+00 -1.329808e+00 4.999998e+00
      vertex   -4.408429e+00 -2.285886e+00 -2.384186e-06
      vertex   -4.408429e+00 -2.285886e+00 4.999998e+00
    endloop
  endfacet
  facet normal -5.711262e-01 -8.208623e-01 6.465251e-16
    outer loop
      vertex   -4.408429e+00 -2.285886e+00 4.999998e+00
      vertex   -4.408429e+00 -2.285886e+00 -2.384186e-06
      vertex   -3.144758e+00 -3.165102e+00 -2.384186e-06
    endloop
  endfacet
  facet normal -5.711262e-01 -8.208623e-01 -2.884739e-16
    outer loop
      vertex   -4.408429e+00 -2.285886e+00 4.999998e+00
      vertex   -3.144758e+00 -3.165102e+00 -2.384186e-06
      vertex   -3.144758e+00 -3.165102e+00 4.999998e+00
    endloop
  endfacet
  facet normal -5.189887e-01 -8.547811e-01 -1.627110e-16
    outer loop
      vertex   -3.144758e+00 -3.165102e+00 4.999998e+00
      vertex   -3.144758e+00 -3.165102e+00 -2.384186e-06
      vertex   -1.828871e+00 -3.964056e+00 -2.384186e-06
    endloop
  endfacet
  facet normal -5.189887e-01 -8.547811e-01 0.000000e+00
    outer loop
      vertex   -3.144758e+00 -3.165102e+00 4.999998e+00
      vertex   -1.828871e+00 -3.964056e+00 -2.384186e-06
      vertex   -1.828871e+00 -3.964056e+00 4.999998e+00
    endloop
  endfacet
  facet normal -4.648433e-01 -8.853929e-01 -0.000000e+00
    outer loop
      vertex   -1.828871e+00 -3.964056e+00 4.999998e+00
      vertex   -1.828871e+00 -3.964056e+00 -2.384186e-06
      vertex   -4.658593e-01 -4.679656e+00 -2.384186e-06
    endloop
  endfacet
  facet normal -4.648433e-01 -8.853929e-01 -2.884739e-17
    outer loop
      vertex   -1.828871e+00 -3.964056e+00 4.999998e+00
      vertex   -4.658593e-01 -4.679656e+00 -2.384186e-06
      vertex   -4.658593e-01 -4.679656e+00 4.999998e+00
    endloop
  endfacet
  facet normal -4.088996e-01 -9.125794e-01 8.418172e-17
    outer loop
      vertex   -4.658593e-01 -4.679656e+00 4.999998e+00
      vertex   -4.658593e-01 -4.679656e+00 -2.384186e-06
      vertex   9.390048e-01 -5.309134e+00 -2.384186e-06
    endloop
  endfacet
  facet normal -4.088996e-01 -9.125794e-01 -4.615583e-16
    outer loop
      vertex   -4.658593e-01 -4.679656e+00 4.999998e+00
      vertex   9.390048e-01 -5.309134e+00 -2.384186e-06
      vertex   9.390048e-01 -5.309134e+00 4.999998e+00
    endloop
  endfacet
  facet normal -3.513739e-01 -9.362352e-01 -2.607456e-16
    outer loop
      vertex   9.390048e-01 -5.309134e+00 4.999998e+00
      vertex   9.390048e-01 -5.309134e+00 -2.384186e-06
      vertex   2.380286e+00 -5.850054e+00 -2.384186e-06
    endloop
  endfacet
  facet normal -3.513739e-01 -9.362352e-01 -4.038635e-16
    outer loop
      vertex   9.390048e-01 -5.309134e+00 4.999998e+00
      vertex   2.380286e+00 -5.850054e+00 -2.384186e-06
      vertex   2.380286e+00 -5.850054e+00 4.999998e+00
    endloop
  endfacet
  facet normal -2.924888e-01 -9.562690e-01 -3.377169e-16
    outer loop
      vertex   2.380286e+00 -5.850054e+00 4.999998e+00
      vertex   2.380286e+00 -5.850054e+00 -2.384186e-06
      vertex   3.852407e+00 -6.300324e+00 -2.384186e-06
    endloop
  endfacet
  facet normal -2.924888e-01 -9.562690e-01 7.356085e-16
    outer loop
      vertex   2.380286e+00 -5.850054e+00 4.999998e+00
      vertex   3.852407e+00 -6.300324e+00 -2.384186e-06
      vertex   3.852407e+00 -6.300324e+00 4.999998e+00
    endloop
  endfacet
  facet normal -2.324721e-01 -9.726031e-01 9.637263e-16
    outer loop
      vertex   3.852407e+00 -6.300324e+00 4.999998e+00
      vertex   3.852407e+00 -6.300324e+00 -2.384186e-06
      vertex   5.349675e+00 -6.658201e+00 -2.384186e-06
    endloop
  endfacet
  facet normal -2.324721e-01 -9.726031e-01 8.654218e-17
    outer loop
      vertex   3.852407e+00 -6.300324e+00 4.999998e+00
      vertex   5.349675e+00 -6.658201e+00 -2.384186e-06
      vertex   5.349675e+00 -6.658201e+00 4.999998e+00
    endloop
  endfacet
  facet normal -1.715560e-01 -9.851744e-01 2.959956e-16
    outer loop
      vertex   5.349675e+00 -6.658201e+00 4.999998e+00
      vertex   5.349675e+00 -6.658201e+00 -2.384186e-06
      vertex   6.866295e+00 -6.922302e+00 -2.384186e-06
    endloop
  endfacet
  facet normal -1.715560e-01 -9.851744e-01 -1.875080e-16
    outer loop
      vertex   5.349675e+00 -6.658201e+00 4.999998e+00
      vertex   6.866295e+00 -6.922302e+00 -2.384186e-06
      vertex   6.866295e+00 -6.922302e+00 4.999998e+00
    endloop
  endfacet
  facet normal -1.099762e-01 -9.939342e-01 -1.172142e-16
    outer loop
      vertex   6.866295e+00 -6.922302e+00 4.999998e+00
      vertex   6.866295e+00 -6.922302e+00 -2.384186e-06
      vertex   8.396400e+00 -7.091604e+00 -2.384186e-06
    endloop
  endfacet
  facet normal -1.099762e-01 -9.939342e-01 -1.586607e-16
    outer loop
      vertex   6.866295e+00 -6.922302e+00 4.999998e+00
      vertex   8.396400e+00 -7.091604e+00 -2.384186e-06
      vertex   8.396400e+00 -7.091604e+00 4.999998e+00
    endloop
  endfacet
  facet normal -4.797097e-02 -9.988487e-01 -6.817084e-17
    outer loop
      vertex   8.396400e+00 -7.091604e+00 4.999998e+00
      vertex   8.396400e+00 -7.091604e+00 -2.384186e-06
      vertex   9.934071e+00 -7.165453e+00 -2.384186e-06
    endloop
  endfacet
  facet normal -4.797097e-02 -9.988487e-01 -1.712814e-16
    outer loop
      vertex   8.396400e+00 -7.091604e+00 4.999998e+00
      vertex   9.934071e+00 -7.165453e+00 -2.384186e-06
      vertex   9.934071e+00 -7.165453e+00 4.999998e+00
    endloop
  endfacet
  facet normal 1.421989e-02 -9.998989e-01 5.051920e-17
    outer loop
      vertex   9.934071e+00 -7.165453e+00 4.999998e+00
      vertex   9.934071e+00 -7.165453e+00 -2.384186e-06
      vertex   1.147336e+01 -7.143562e+00 -2.384186e-06
    endloop
  endfacet
  facet normal 1.421989e-02 -9.998989e-01 -8.473921e-16
    outer loop
      vertex   9.934071e+00 -7.165453e+00 4.999998e+00
      vertex   1.147336e+01 -7.143562e+00 -2.384186e-06
      vertex   1.147336e+01 -7.143562e+00 4.999998e+00
    endloop
  endfacet
  facet normal 7.635574e-02 -9.970806e-01 -6.685695e-16
    outer loop
      vertex   1.147336e+01 -7.143562e+00 4.999998e+00
      vertex   1.147336e+01 -7.143562e+00 -2.384186e-06
      vertex   1.300831e+01 -7.026017e+00 -2.384186e-06
    endloop
  endfacet
  facet normal 7.635574e-02 -9.970806e-01 8.293625e-17
    outer loop
      vertex   1.147336e+01 -7.143562e+00 4.999998e+00
      vertex   1.300831e+01 -7.026017e+00 -2.384186e-06
      vertex   1.300831e+01 -7.026017e+00 4.999998e+00
    endloop
  endfacet
  facet normal 1.381962e-01 -9.904049e-01 1.472914e-16
    outer loop
      vertex   1.300831e+01 -7.026017e+00 4.999998e+00
      vertex   1.300831e+01 -7.026017e+00 -2.384186e-06
      vertex   1.453298e+01 -6.813271e+00 -2.384186e-06
    endloop
  endfacet
  facet normal 1.381962e-01 -9.904049e-01 1.009659e-16
    outer loop
      vertex   1.300831e+01 -7.026017e+00 4.999998e+00
      vertex   1.453298e+01 -6.813271e+00 -2.384186e-06
      vertex   1.453298e+01 -6.813271e+00 4.999998e+00
    endloop
  endfacet
  facet normal 1.995020e-01 -9.798974e-01 1.417547e-16
    outer loop
      vertex   1.453298e+01 -6.813271e+00 4.999998e+00
      vertex   1.453298e+01 -6.813271e+00 -2.384186e-06
      vertex   1.604148e+01 -6.506150e+00 -2.384186e-06
    endloop
  endfacet
  facet normal 1.995020e-01 -9.798974e-01 7.067611e-16
    outer loop
      vertex   1.453298e+01 -6.813271e+00 4.999998e+00
      vertex   1.604148e+01 -6.506150e+00 -2.384186e-06
      vertex   1.604148e+01 -6.506150e+00 4.999998e+00
    endloop
  endfacet
  facet normal 2.600359e-01 -9.655989e-01 9.238331e-16
    outer loop
      vertex   1.604148e+01 -6.506150e+00 4.999998e+00
      vertex   1.604148e+01 -6.506150e+00 -2.384186e-06
      vertex   1.752796e+01 -6.105839e+00 -2.384186e-06
    endloop
  endfacet
  facet normal 2.600359e-01 -9.655989e-01 7.356085e-16
    outer loop
      vertex   1.604148e+01 -6.506150e+00 4.999998e+00
      vertex   1.752796e+01 -6.105839e+00 -2.384186e-06
      vertex   1.752796e+01 -6.105839e+00 4.999998e+00
    endloop
  endfacet
  facet normal 3.195638e-01 -9.475648e-01 9.082550e-16
    outer loop
      vertex   1.752796e+01 -6.105839e+00 4.999998e+00
      vertex   1.752796e+01 -6.105839e+00 -2.384186e-06
      vertex   1.898668e+01 -5.613889e+00 -2.384186e-06
    endloop
  endfacet
  facet normal 3.195638e-01 -9.475648e-01 4.471346e-16
    outer loop
      vertex   1.752796e+01 -6.105839e+00 4.999998e+00
      vertex   1.898668e+01 -5.613889e+00 -2.384186e-06
      vertex   1.898668e+01 -5.613889e+00 4.999998e+00
    endloop
  endfacet
  facet normal 3.778554e-01 -9.258646e-01 5.369649e-16
    outer loop
      vertex   1.898668e+01 -5.613889e+00 4.999998e+00
      vertex   1.898668e+01 -5.613889e+00 -2.384186e-06
      vertex   2.041200e+01 -5.032202e+00 -2.384186e-06
    endloop
  endfacet
  facet normal 3.778554e-01 -9.258646e-01 2.596265e-16
    outer loop
      vertex   1.898668e+01 -5.613889e+00 4.999998e+00
      vertex   2.041200e+01 -5.032202e+00 -2.384186e-06
      vertex   2.041200e+01 -5.032202e+00 4.999998e+00
    endloop
  endfacet
  facet normal 4.346852e-01 -9.005825e-01 4.355716e-16
    outer loop
      vertex   2.041200e+01 -5.032202e+00 4.999998e+00
      vertex   2.041200e+01 -5.032202e+00 -2.384186e-06
      vertex   2.179839e+01 -4.363029e+00 -2.384186e-06
    endloop
  endfacet
  facet normal 4.346852e-01 -9.005825e-01 2.452028e-16
    outer loop
      vertex   2.041200e+01 -5.032202e+00 4.999998e+00
      vertex   2.179839e+01 -4.363029e+00 -2.384186e-06
      vertex   2.179839e+01 -4.363029e+00 4.999998e+00
    endloop
  endfacet
  facet normal 4.898332e-01 -8.718162e-01 5.396279e-16
    outer loop
      vertex   2.179839e+01 -4.363029e+00 4.999998e+00
      vertex   2.179839e+01 -4.363029e+00 -2.384186e-06
      vertex   2.314051e+01 -3.608958e+00 -2.384186e-06
    endloop
  endfacet
  facet normal 4.898332e-01 -8.718162e-01 -8.654218e-17
    outer loop
      vertex   2.179839e+01 -4.363029e+00 4.999998e+00
      vertex   2.314051e+01 -3.608958e+00 -2.384186e-06
      vertex   2.314051e+01 -3.608958e+00 4.999998e+00
    endloop
  endfacet
  facet normal 5.430862e-01 -8.396770e-01 2.598888e-17
    outer loop
      vertex   2.314051e+01 -3.608958e+00 4.999998e+00
      vertex   2.314051e+01 -3.608958e+00 -2.384186e-06
      vertex   2.443314e+01 -2.772908e+00 -2.384186e-06
    endloop
  endfacet
  facet normal 5.430862e-01 -8.396770e-01 0.000000e+00
    outer loop
      vertex   2.314051e+01 -3.608958e+00 4.999998e+00
      vertex   2.443314e+01 -2.772908e+00 -2.384186e-06
      vertex   2.443314e+01 -2.772908e+00 4.999998e+00
    endloop
  endfacet
  facet normal 5.942380e-01 -8.042892e-01 0.000000e+00
    outer loop
      vertex   2.443314e+01 -2.772908e+00 4.999998e+00
      vertex   2.443314e+01 -2.772908e+00 -2.384186e-06
      vertex   2.567130e+01 -1.858112e+00 -2.384186e-06
    endloop
  endfacet
  facet normal 5.942380e-01 -8.042892e-01 -5.769478e-16
    outer loop
      vertex   2.443314e+01 -2.772908e+00 4.999998e+00
      vertex   2.567130e+01 -1.858112e+00 -2.384186e-06
      vertex   2.567130e+01 -1.858112e+00 4.999998e+00
    endloop
  endfacet
  facet normal 6.430909e-01 -7.657899e-01 -4.464289e-16
    outer loop
      vertex   2.567130e+01 -1.858112e+00 4.999998e+00
      vertex   2.567130e+01 -1.858112e+00 -2.384186e-06
      vertex   2.685019e+01 -8.681104e-01 -2.384186e-06
    endloop
  endfacet
  facet normal 6.430909e-01 -7.657899e-01 1.153896e-16
    outer loop
      vertex   2.567130e+01 -1.858112e+00 4.999998e+00
      vertex   2.685019e+01 -8.681104e-01 -2.384186e-06
      vertex   2.685019e+01 -8.681104e-01 4.999998e+00
    endloop
  endfacet
  facet normal 6.894558e-01 -7.243278e-01 3.512204e-16
    outer loop
      vertex   2.685019e+01 -8.681104e-01 4.999998e+00
      vertex   2.685019e+01 -8.681104e-01 -2.384186e-06
      vertex   2.796525e+01 1.932676e-01 -2.384186e-06
    endloop
  endfacet
  facet normal 6.894558e-01 -7.243278e-01 1.730844e-16
    outer loop
      vertex   2.685019e+01 -8.681104e-01 4.999998e+00
      vertex   2.796525e+01 1.932676e-01 -2.384186e-06
      vertex   2.796525e+01 1.932676e-01 4.999998e+00
    endloop
  endfacet
  facet normal 7.331533e-01 -6.800634e-01 2.189279e-16
    outer loop
      vertex   2.796525e+01 1.932676e-01 4.999998e+00
      vertex   2.796525e+01 1.932676e-01 -2.384186e-06
      vertex   2.901217e+01 1.321915e+00 -2.384186e-06
    endloop
  endfacet
  facet normal 7.331533e-01 -6.800634e-01 2.884739e-16
    outer loop
      vertex   2.796525e+01 1.932676e-01 4.999998e+00
      vertex   2.901217e+01 1.321915e+00 -2.384186e-06
      vertex   2.901217e+01 1.321915e+00 4.999998e+00
    endloop
  endfacet
  facet normal 7.740144e-01 -6.331680e-01 5.127826e-16
    outer loop
      vertex   2.901217e+01 1.321915e+00 4.999998e+00
      vertex   2.901217e+01 1.321915e+00 -2.384186e-06
      vertex   2.998689e+01 2.513467e+00 -2.384186e-06
    endloop
  endfacet
  facet normal 7.740144e-01 -6.331680e-01 -2.884739e-16
    outer loop
      vertex   2.901217e+01 1.321915e+00 4.999998e+00
      vertex   2.998689e+01 2.513467e+00 -2.384186e-06
      vertex   2.998689e+01 2.513467e+00 4.999998e+00
    endloop
  endfacet
  facet normal 8.118809e-01 -5.838230e-01 -2.592695e-16
    outer loop
      vertex   2.998689e+01 2.513467e+00 4.999998e+00
      vertex   2.998689e+01 2.513467e+00 -2.384186e-06
      vertex   3.088566e+01 3.763311e+00 -2.384186e-06
    endloop
  endfacet
  facet normal 8.118809e-01 -5.838230e-01 -4.038635e-16
    outer loop
      vertex   2.998689e+01 2.513467e+00 4.999998e+00
      vertex   3.088566e+01 3.763311e+00 -2.384186e-06
      vertex   3.088566e+01 3.763311e+00 4.999998e+00
    endloop
  endfacet
  facet normal 8.466065e-01 -5.322193e-01 -2.150170e-16
    outer loop
      vertex   3.088566e+01 3.763311e+00 4.999998e+00
      vertex   3.088566e+01 3.763311e+00 -2.384186e-06
      vertex   3.170498e+01 5.066614e+00 -2.384186e-06
    endloop
  endfacet
  facet normal 8.466065e-01 -5.322193e-01 1.153896e-15
    outer loop
      vertex   3.088566e+01 3.763311e+00 4.999998e+00
      vertex   3.170498e+01 5.066614e+00 -2.384186e-06
      vertex   3.170498e+01 5.066614e+00 4.999998e+00
    endloop
  endfacet
  facet normal 8.780567e-01 -4.785566e-01 1.276629e-15
    outer loop
      vertex   3.170498e+01 5.066614e+00 4.999998e+00
      vertex   3.170498e+01 5.066614e+00 -2.384186e-06
      vertex   3.244169e+01 6.418332e+00 -2.384186e-06
    endloop
  endfacet
  facet normal 8.780567e-01 -4.785566e-01 8.221507e-16
    outer loop
      vertex   3.170498e+01 5.066614e+00 4.999998e+00
      vertex   3.244169e+01 6.418332e+00 -2.384186e-06
      vertex   3.244169e+01 6.418332e+00 4.999998e+00
    endloop
  endfacet
  facet normal 9.061099e-01 -4.230424e-01 9.119225e-16
    outer loop
      vertex   3.244169e+01 6.418332e+00 4.999998e+00
      vertex   3.244169e+01 6.418332e+00 -2.384186e-06
      vertex   3.309294e+01 7.813237e+00 -2.384186e-06
    endloop
  endfacet
  facet normal 9.061099e-01 -4.230424e-01 8.654218e-17
    outer loop
      vertex   3.244169e+01 6.418332e+00 4.999998e+00
      vertex   3.309294e+01 7.813237e+00 -2.384186e-06
      vertex   3.309294e+01 7.813237e+00 4.999998e+00
    endloop
  endfacet
  facet normal 9.306575e-01 -3.658915e-01 2.826175e-16
    outer loop
      vertex   3.309294e+01 7.813237e+00 4.999998e+00
      vertex   3.309294e+01 7.813237e+00 -2.384186e-06
      vertex   3.365621e+01 9.245931e+00 -2.384186e-06
    endloop
  endfacet
  facet normal 9.306575e-01 -3.658915e-01 1.860657e-15
    outer loop
      vertex   3.309294e+01 7.813237e+00 4.999998e+00
      vertex   3.365621e+01 9.245931e+00 -2.384186e-06
      vertex   3.365621e+01 9.245931e+00 4.999998e+00
    endloop
  endfacet
  facet normal 9.516046e-01 -3.073251e-01 2.049520e-15
    outer loop
      vertex   3.365621e+01 9.245931e+00 4.999998e+00
      vertex   3.365621e+01 9.245931e+00 -2.384186e-06
      vertex   3.412932e+01 1.071087e+01 -2.384186e-06
    endloop
  endfacet
  facet normal 9.516046e-01 -3.073251e-01 -1.081777e-15
    outer loop
      vertex   3.365621e+01 9.245931e+00 4.999998e+00
      vertex   3.412932e+01 1.071087e+01 -2.384186e-06
      vertex   3.412932e+01 1.071087e+01 4.999998e+00
    endloop
  endfacet
  facet normal 9.688701e-01 -2.475697e-01 -8.795444e-16
    outer loop
      vertex   3.412932e+01 1.071087e+01 4.999998e+00
      vertex   3.412932e+01 1.071087e+01 -2.384186e-06
      vertex   3.451044e+01 1.220239e+01 -2.384186e-06
    endloop
  endfacet
  facet normal 9.688701e-01 -2.475697e-01 -7.933033e-16
    outer loop
      vertex   3.412932e+01 1.071087e+01 4.999998e+00
      vertex   3.451044e+01 1.220239e+01 -2.384186e-06
      vertex   3.451044e+01 1.220239e+01 4.999998e+00
    endloop
  endfacet
  facet normal 9.823872e-01 -1.868565e-01 -5.974630e-16
    outer loop
      vertex   3.451044e+01 1.220239e+01 4.999998e+00
      vertex   3.451044e+01 1.220239e+01 -2.384186e-06
      vertex   3.479809e+01 1.371472e+01 -2.384186e-06
    endloop
  endfacet
  facet normal 9.823872e-01 -1.868565e-01 -2.668384e-16
    outer loop
      vertex   3.451044e+01 1.220239e+01 4.999998e+00
      vertex   3.479809e+01 1.371472e+01 -2.384186e-06
      vertex   3.479809e+01 1.371472e+01 4.999998e+00
    endloop
  endfacet
  facet normal 9.921037e-01 -1.254204e-01 -1.782331e-16
    outer loop
      vertex   3.479809e+01 1.371472e+01 4.999998e+00
      vertex   3.479809e+01 1.371472e+01 -2.384186e-06
      vertex   3.499117e+01 1.524201e+01 -2.384186e-06
    endloop
  endfacet
  facet normal 9.921037e-01 -1.254204e-01 -5.841597e-16
    outer loop
      vertex   3.479809e+01 1.371472e+01 4.999998e+00
      vertex   3.499117e+01 1.524201e+01 -2.384186e-06
      vertex   3.499117e+01 1.524201e+01 4.999998e+00
    endloop
  endfacet
  facet normal 9.979819e-01 -6.349907e-02 -2.932722e-16
    outer loop
      vertex   3.499117e+01 1.524201e+01 4.999998e+00
      vertex   3.499117e+01 1.524201e+01 -2.384186e-06
      vertex   3.508892e+01 1.677835e+01 -2.384186e-06
    endloop
  endfacet
  facet normal 9.979819e-01 -6.349907e-02 -1.370251e-16
    outer loop
      vertex   3.499117e+01 1.524201e+01 4.999998e+00
      vertex   3.508892e+01 1.677835e+01 -2.384186e-06
      vertex   3.508892e+01 1.677835e+01 4.999998e+00
    endloop
  endfacet
  facet normal 9.999991e-01 -1.332067e-03 -2.839472e-18
    outer loop
      vertex   3.508892e+01 1.677835e+01 4.999998e+00
      vertex   3.508892e+01 1.677835e+01 -2.384186e-06
      vertex   3.509097e+01 1.831779e+01 -2.384186e-06
    endloop
  endfacet
  facet normal 9.999991e-01 -1.332067e-03 -9.578236e-19
    outer loop
      vertex   3.508892e+01 1.677835e+01 4.999998e+00
      vertex   3.509097e+01 1.831779e+01 -2.384186e-06
      vertex   3.509097e+01 1.831779e+01 4.999998e+00
    endloop
  endfacet
  facet normal 9.981475e-01 6.084009e-02 4.322949e-17
    outer loop
      vertex   3.509097e+01 1.831779e+01 4.999998e+00
      vertex   3.509097e+01 1.831779e+01 -2.384186e-06
      vertex   3.499731e+01 1.985438e+01 -2.384186e-06
    endloop
  endfacet
  facet normal 9.981475e-01 6.084009e-02 2.163554e-16
    outer loop
      vertex   3.509097e+01 1.831779e+01 4.999998e+00
      vertex   3.499731e+01 1.985438e+01 -2.384186e-06
      vertex   3.499731e+01 1.985438e+01 4.999998e+00
    endloop
  endfacet
  facet normal 9.924343e-01 1.227769e-01 4.361911e-16
    outer loop
      vertex   3.499731e+01 1.985438e+01 4.999998e+00
      vertex   3.499731e+01 1.985438e+01 -2.384186e-06
      vertex   3.480831e+01 2.138218e+01 -2.384186e-06
    endloop
  endfacet
  facet normal 9.924343e-01 1.227769e-01 -1.233226e-15
    outer loop
      vertex   3.499731e+01 1.985438e+01 4.999998e+00
      vertex   3.480831e+01 2.138218e+01 -2.384186e-06
      vertex   3.480831e+01 2.138218e+01 4.999998e+00
    endloop
  endfacet
  facet normal 9.828815e-01 1.842387e-01 -1.134940e-15
    outer loop
      vertex   3.480831e+01 2.138218e+01 4.999998e+00
      vertex   3.480831e+01 2.138218e+01 -2.384186e-06
      vertex   3.452468e+01 2.289527e+01 -2.384186e-06
    endloop
  endfacet
  facet normal 9.828815e-01 1.842387e-01 2.596265e-16
    outer loop
      vertex   3.480831e+01 2.138218e+01 4.999998e+00
      vertex   3.452468e+01 2.289527e+01 -2.384186e-06
      vertex   3.452468e+01 2.289527e+01 4.999998e+00
    endloop
  endfacet
  facet normal 9.695262e-01 2.449877e-01 3.481484e-16
    outer loop
      vertex   3.452468e+01 2.289527e+01 4.999998e+00
      vertex   3.452468e+01 2.289527e+01 -2.384186e-06
      vertex   3.414754e+01 2.438780e+01 -2.384186e-06
    endloop
  endfacet
  facet normal 9.695262e-01 2.449877e-01 8.654218e-16
    outer loop
      vertex   3.452468e+01 2.289527e+01 4.999998e+00
      vertex   3.414754e+01 2.438780e+01 -2.384186e-06
      vertex   3.414754e+01 2.438780e+01 4.999998e+00
    endloop
  endfacet
  facet normal 9.524200e-01 3.047888e-01 1.082827e-15
    outer loop
      vertex   3.414754e+01 2.438780e+01 4.999998e+00
      vertex   3.414754e+01 2.438780e+01 -2.384186e-06
      vertex   3.367833e+01 2.585399e+01 -2.384186e-06
    endloop
  endfacet
  facet normal 9.524200e-01 3.047888e-01 -7.067611e-16
    outer loop
      vertex   3.414754e+01 2.438780e+01 4.999998e+00
      vertex   3.367833e+01 2.585399e+01 -2.384186e-06
      vertex   3.367833e+01 2.585399e+01 4.999998e+00
    endloop
  endfacet
  facet normal 9.316290e-01 3.634109e-01 -5.492676e-16
    outer loop
      vertex   3.367833e+01 2.585399e+01 4.999998e+00
      vertex   3.367833e+01 2.585399e+01 -2.384186e-06
      vertex   3.311888e+01 2.728818e+01 -2.384186e-06
    endloop
  endfacet
  facet normal 9.316290e-01 3.634109e-01 0.000000e+00
    outer loop
      vertex   3.367833e+01 2.585399e+01 4.999998e+00
      vertex   3.311888e+01 2.728818e+01 -2.384186e-06
      vertex   3.311888e+01 2.728818e+01 4.999998e+00
    endloop
  endfacet
  facet normal 9.072337e-01 4.206269e-01 0.000000e+00
    outer loop
      vertex   3.311888e+01 2.728818e+01 4.999998e+00
      vertex   3.311888e+01 2.728818e+01 -2.384186e-06
      vertex   3.247135e+01 2.868482e+01 -2.384186e-06
    endloop
  endfacet
  facet normal 9.072337e-01 4.206269e-01 -1.384675e-15
    outer loop
      vertex   3.311888e+01 2.728818e+01 4.999998e+00
      vertex   3.247135e+01 2.868482e+01 -2.384186e-06
      vertex   3.247135e+01 2.868482e+01 4.999998e+00
    endloop
  endfacet
  facet normal 8.793285e-01 4.762156e-01 -1.145716e-15
    outer loop
      vertex   3.247135e+01 2.868482e+01 4.999998e+00
      vertex   3.247135e+01 2.868482e+01 -2.384186e-06
      vertex   3.173824e+01 3.003849e+01 -2.384186e-06
    endloop
  endfacet
  facet normal 8.793285e-01 4.762156e-01 -2.307791e-16
    outer loop
      vertex   3.247135e+01 2.868482e+01 4.999998e+00
      vertex   3.173824e+01 3.003849e+01 -2.384186e-06
      vertex   3.173824e+01 3.003849e+01 4.999998e+00
    endloop
  endfacet
  facet normal 8.480214e-01 5.299620e-01 -7.542899e-17
    outer loop
      vertex   3.173824e+01 3.003849e+01 4.999998e+00
      vertex   3.173824e+01 3.003849e+01 -2.384186e-06
      vertex   3.092240e+01 3.134397e+01 -2.384186e-06
    endloop
  endfacet
  facet normal 8.480214e-01 5.299620e-01 -9.808113e-16
    outer loop
      vertex   3.173824e+01 3.003849e+01 4.999998e+00
      vertex   3.092240e+01 3.134397e+01 -2.384186e-06
      vertex   3.092240e+01 3.134397e+01 4.999998e+00
    endloop
  endfacet
  facet normal 8.134334e-01 5.816580e-01 -5.748253e-16
    outer loop
      vertex   3.092240e+01 3.134397e+01 4.999998e+00
      vertex   3.092240e+01 3.134397e+01 -2.384186e-06
      vertex   3.002697e+01 3.259621e+01 -2.384186e-06
    endloop
  endfacet
  facet normal 8.134334e-01 5.816580e-01 -8.942692e-16
    outer loop
      vertex   3.092240e+01 3.134397e+01 4.999998e+00
      vertex   3.002697e+01 3.259621e+01 -2.384186e-06
      vertex   3.002697e+01 3.259621e+01 4.999998e+00
    endloop
  endfacet
  facet normal 7.756985e-01 6.311037e-01 -7.566484e-16
    outer loop
      vertex   3.002697e+01 3.259621e+01 4.999998e+00
      vertex   3.002697e+01 3.259621e+01 -2.384186e-06
      vertex   2.905542e+01 3.379035e+01 -2.384186e-06
    endloop
  endfacet
  facet normal 7.756985e-01 6.311037e-01 8.942692e-16
    outer loop
      vertex   3.002697e+01 3.259621e+01 4.999998e+00
      vertex   2.905542e+01 3.379035e+01 -2.384186e-06
      vertex   2.905542e+01 3.379035e+01 4.999998e+00
    endloop
  endfacet
  facet normal 7.349625e-01 6.781078e-01 9.636491e-16
    outer loop
      vertex   2.905542e+01 3.379035e+01 4.999998e+00
      vertex   2.905542e+01 3.379035e+01 -2.384186e-06
      vertex   2.801151e+01 3.492179e+01 -2.384186e-06
    endloop
  endfacet
  facet normal 7.349625e-01 6.781078e-01 -1.442370e-16
    outer loop
      vertex   2.905542e+01 3.379035e+01 4.999998e+00
      vertex   2.801151e+01 3.492179e+01 -2.384186e-06
      vertex   2.801151e+01 3.492179e+01 4.999998e+00
    endloop
  endfacet
  facet normal 6.913830e-01 7.224884e-01 8.840677e-17
    outer loop
      vertex   2.801151e+01 3.492179e+01 4.999998e+00
      vertex   2.801151e+01 3.492179e+01 -2.384186e-06
      vertex   2.689928e+01 3.598613e+01 -2.384186e-06
    endloop
  endfacet
  facet normal 6.913830e-01 7.224884e-01 5.769478e-17
    outer loop
      vertex   2.801151e+01 3.492179e+01 4.999998e+00
      vertex   2.689928e+01 3.598613e+01 -2.384186e-06
      vertex   2.689928e+01 3.598613e+01 4.999998e+00
    endloop
  endfacet
  facet normal 6.451288e-01 7.640739e-01 1.690311e-16
    outer loop
      vertex   2.689928e+01 3.598613e+01 4.999998e+00
      vertex   2.689928e+01 3.598613e+01 -2.384186e-06
      vertex   2.572303e+01 3.697927e+01 -2.384186e-06
    endloop
  endfacet
  facet normal 6.451288e-01 7.640739e-01 -4.615583e-16
    outer loop
      vertex   2.689928e+01 3.598613e+01 4.999998e+00
      vertex   2.572303e+01 3.697927e+01 -2.384186e-06
      vertex   2.572303e+01 3.697927e+01 4.999998e+00
    endloop
  endfacet
  facet normal 5.963786e-01 8.027033e-01 -4.237525e-16
    outer loop
      vertex   2.572303e+01 3.697927e+01 4.999998e+00
      vertex   2.572303e+01 3.697927e+01 -2.384186e-06
      vertex   2.448732e+01 3.789736e+01 -2.384186e-06
    endloop
  endfacet
  facet normal 5.963786e-01 8.027033e-01 -2.596265e-16
    outer loop
      vertex   2.572303e+01 3.697927e+01 4.999998e+00
      vertex   2.448732e+01 3.789736e+01 -2.384186e-06
      vertex   2.448732e+01 3.789736e+01 4.999998e+00
    endloop
  endfacet
  facet normal 5.453212e-01 8.382271e-01 5.754055e-17
    outer loop
      vertex   2.448732e+01 3.789736e+01 4.999998e+00
      vertex   2.448732e+01 3.789736e+01 -2.384186e-06
      vertex   2.319691e+01 3.873685e+01 -2.384186e-06
    endloop
  endfacet
  facet normal 5.453212e-01 8.382271e-01 1.211590e-15
    outer loop
      vertex   2.448732e+01 3.789736e+01 4.999998e+00
      vertex   2.319691e+01 3.873685e+01 -2.384186e-06
      vertex   2.319691e+01 3.873685e+01 4.999998e+00
    endloop
  endfacet
  facet normal 4.921541e-01 8.705081e-01 1.425043e-15
    outer loop
      vertex   2.319691e+01 3.873685e+01 4.999998e+00
      vertex   2.319691e+01 3.873685e+01 -2.384186e-06
      vertex   2.185682e+01 3.949449e+01 -2.384186e-06
    endloop
  endfacet
  facet normal 4.921541e-01 8.705081e-01 0.000000e+00
    outer loop
      vertex   2.319691e+01 3.873685e+01 4.999998e+00
      vertex   2.185682e+01 3.949449e+01 -2.384186e-06
      vertex   2.185682e+01 3.949449e+01 4.999998e+00
    endloop
  endfacet
  facet normal 4.370829e-01 8.994212e-01 0.000000e+00
    outer loop
      vertex   2.185682e+01 3.949449e+01 4.999998e+00
      vertex   2.185682e+01 3.949449e+01 -2.384186e-06
      vertex   2.047221e+01 4.016736e+01 -2.384186e-06
    endloop
  endfacet
  facet normal 4.370829e-01 8.994212e-01 3.461687e-16
    outer loop
      vertex   2.185682e+01 3.949449e+01 4.999998e+00
      vertex   2.047221e+01 4.016736e+01 -2.384186e-06
      vertex   2.047221e+01 4.016736e+01 4.999998e+00
    endloop
  endfacet
  facet normal 3.803207e-01 9.248547e-01 5.035952e-16
    outer loop
      vertex   2.047221e+01 4.016736e+01 4.999998e+00
      vertex   2.047221e+01 4.016736e+01 -2.384186e-06
      vertex   1.904845e+01 4.075284e+01 -2.384186e-06
    endloop
  endfacet
  facet normal 3.803207e-01 9.248547e-01 -8.077270e-16
    outer loop
      vertex   2.047221e+01 4.016736e+01 4.999998e+00
      vertex   1.904845e+01 4.075284e+01 -2.384186e-06
      vertex   1.904845e+01 4.075284e+01 4.999998e+00
    endloop
  endfacet
  facet normal 3.220871e-01 9.467100e-01 -6.865700e-16
    outer loop
      vertex   1.904845e+01 4.075284e+01 4.999998e+00
      vertex   1.904845e+01 4.075284e+01 -2.384186e-06
      vertex   1.759104e+01 4.124868e+01 -2.384186e-06
    endloop
  endfacet
  facet normal 3.220871e-01 9.467100e-01 0.000000e+00
    outer loop
      vertex   1.904845e+01 4.075284e+01 4.999998e+00
      vertex   1.759104e+01 4.124868e+01 -2.384186e-06
      vertex   1.759104e+01 4.124868e+01 4.999998e+00
    endloop
  endfacet
  facet normal 2.626075e-01 9.649027e-01 0.000000e+00
    outer loop
      vertex   1.759104e+01 4.124868e+01 4.999998e+00
      vertex   1.759104e+01 4.124868e+01 -2.384186e-06
      vertex   1.610563e+01 4.165295e+01 -2.384186e-06
    endloop
  endfacet
  facet normal 2.626075e-01 9.649027e-01 -7.356085e-16
    outer loop
      vertex   1.759104e+01 4.124868e+01 4.999998e+00
      vertex   1.610563e+01 4.165295e+01 -2.384186e-06
      vertex   1.610563e+01 4.165295e+01 4.999998e+00
    endloop
  endfacet
  facet normal 2.021118e-01 9.793625e-01 -5.744364e-16
    outer loop
      vertex   1.610563e+01 4.165295e+01 4.999998e+00
      vertex   1.610563e+01 4.165295e+01 -2.384186e-06
      vertex   1.459795e+01 4.196408e+01 -2.384186e-06
    endloop
  endfacet
  facet normal 2.021118e-01 9.793625e-01 -1.442370e-16
    outer loop
      vertex   1.610563e+01 4.165295e+01 4.999998e+00
      vertex   1.459795e+01 4.196408e+01 -2.384186e-06
      vertex   1.459795e+01 4.196408e+01 4.999998e+00
    endloop
  endfacet
  facet normal 1.408343e-01 9.900332e-01 -1.000688e-16
    outer loop
      vertex   1.459795e+01 4.196408e+01 4.999998e+00
      vertex   1.459795e+01 4.196408e+01 -2.384186e-06
      vertex   1.307385e+01 4.218089e+01 -2.384186e-06
    endloop
  endfacet
  facet normal 1.408343e-01 9.900332e-01 -6.490663e-16
    outer loop
      vertex   1.459795e+01 4.196408e+01 4.999998e+00
      vertex   1.307385e+01 4.218089e+01 -2.384186e-06
      vertex   1.307385e+01 4.218089e+01 4.999998e+00
    endloop
  endfacet
  facet normal 7.901182e-02 9.968737e-01 -3.649183e-16
    outer loop
      vertex   1.307385e+01 4.218089e+01 4.999998e+00
      vertex   1.307385e+01 4.218089e+01 -2.384186e-06
      vertex   1.153922e+01 4.230253e+01 -2.384186e-06
    endloop
  endfacet
  facet normal 7.901182e-02 9.968737e-01 -1.694784e-16
    outer loop
      vertex   1.307385e+01 4.218089e+01 4.999998e+00
      vertex   1.153922e+01 4.230253e+01 -2.384186e-06
      vertex   1.153922e+01 4.230253e+01 4.999998e+00
    endloop
  endfacet
  facet normal 1.688370e-02 9.998575e-01 -3.598978e-17
    outer loop
      vertex   1.153922e+01 4.230253e+01 4.999998e+00
      vertex   1.153922e+01 4.230253e+01 -2.384186e-06
      vertex   1.000000e+01 4.232852e+01 -2.384186e-06
    endloop
  endfacet
  facet normal 1.084724e-16 5.041980e-19 -1.000000e+00
    outer loop
      vertex   1.153922e+01 4.230253e+01 -2.384186e-06
      vertex   1.110343e+01 3.020868e+01 -2.384186e-06
      vertex   1.000000e+01 4.232852e+01 -2.384186e-06
    endloop
  endfacet
  facet normal 1.029344e-16 0.000000e+00 -1.000000e+00
    outer loop
      vertex   1.000000e+01 4.232852e+01 -2.384186e-06
      vertex   1.110343e+01 3.020868e+01 -2.384186e-06
      vertex   1.000000e+01 3.022612e+01 -2.384186e-06
    endloop
  endfacet
  facet normal 1.364779e-16 0.000000e+00 -1.000000e+00
    outer loop
      vertex   1.000000e+01 4.232852e+01 -2.384186e-06
      vertex   1.000000e+01 3.022612e+01 -2.384186e-06
      vertex   8.462138e+00 4.225877e+01 -2.384186e-06
    endloop
  endfacet
  facet normal 1.226553e-16 -1.766635e-18 -1.000000e+00
    outer loop
      vertex   8.462138e+00 4.225877e+01 -2.384186e-06
      vertex   1.000000e+01 3.022612e+01 -2.384186e-06
      vertex   6.931587e+00 4.209354e+01 -2.384186e-06
    endloop
  endfacet
  facet normal 1.227627e-16 -1.738859e-18 -1.000000e+00
    outer loop
      vertex   6.931587e+00 4.209354e+01 -2.384186e-06
      vertex   1.000000e+01 3.022612e+01 -2.384186e-06
      vertex   5.414269e+00 4.183348e+01 -2.384186e-06
    endloop
  endfacet
  facet normal 1.228657e-16 -1.698154e-18 -1.000000e+00
    outer loop
      vertex   5.414269e+00 4.183348e+01 -2.384186e-06
      vertex   1.000000e+01 3.022612e+01 -2.384186e-06
      vertex   3.916054e+00 4.147959e+01 -2.384186e-06
    endloop
  endfacet
  facet normal 1.229633e-16 -1.645380e-18 -1.000000e+00
    outer loop
      vertex   3.916054e+00 4.147959e+01 -2.384186e-06
      vertex   1.000000e+01 3.022612e+01 -2.384186e-06
      vertex   2.442737e+00 4.103325e+01 -2.384186e-06
    endloop
  endfacet
  facet normal 1.230536e-16 -1.582244e-18 -1.000000e+00
    outer loop
      vertex   2.442737e+00 4.103325e+01 -2.384186e-06
      vertex   1.000000e+01 3.022612e+01 -2.384186e-06
      vertex   1.000021e+00 4.049617e+01 -2.384186e-06
    endloop
  endfacet
  facet normal 1.231363e-16 -1.509794e-18 -1.000000e+00
    outer loop
      vertex   1.000021e+00 4.049617e+01 -2.384186e-06
      vertex   1.000000e+01 3.022612e+01 -2.384186e-06
      vertex   -4.065156e-01 3.987044e+01 -2.384186e-06
    endloop
  endfacet
  facet normal 1.232104e-16 -1.429883e-18 -1.000000e+00
    outer loop
      vertex   -4.065156e-01 3.987044e+01 -2.384186e-06
      vertex   1.000000e+01 3.022612e+01 -2.384186e-06
      vertex   -1.771429e+00 3.915847e+01 -2.384186e-06
    endloop
  endfacet
  facet normal 1.232759e-16 -1.343565e-18 -1.000000e+00
    outer loop
      vertex   -1.771429e+00 3.915847e+01 -2.384186e-06
      vertex   1.000000e+01 3.022612e+01 -2.384186e-06
      vertex   -3.089440e+00 3.836302e+01 -2.384186e-06
    endloop
  endfacet
  facet normal 1.233319e-16 -1.253486e-18 -1.000000e+00
    outer loop
      vertex   -3.089440e+00 3.836302e+01 -2.384186e-06
      vertex   1.000000e+01 3.022612e+01 -2.384186e-06
      vertex   -4.355449e+00 3.748718e+01 -2.384186e-06
    endloop
  endfacet
  facet normal 1.233791e-16 -1.160158e-18 -1.000000e+00
    outer loop
      vertex   -4.355449e+00 3.748718e+01 -2.384186e-06
      vertex   1.000000e+01 3.022612e+01 -2.384186e-06
      vertex   -5.564557e+00 3.653432e+01 -2.384186e-06
    endloop
  endfacet
  facet normal 1.234174e-16 -1.065655e-18 -1.000000e+00
    outer loop
      vertex   -5.564557e+00 3.653432e+01 -2.384186e-06
      vertex   1.000000e+01 3.022612e+01 -2.384186e-06
      vertex   -6.712088e+00 3.550813e+01 -2.384186e-06
    endloop
  endfacet
  facet normal 1.234476e-16 -9.699781e-19 -1.000000e+00
    outer loop
      vertex   -6.712088e+00 3.550813e+01 -2.384186e-06
      vertex   1.000000e+01 3.022612e+01 -2.384186e-06
      vertex   -7.793602e+00 3.441259e+01 -2.384186e-06
    endloop
  endfacet
  facet normal 1.234697e-16 -8.759040e-19 -1.000000e+00
    outer loop
      vertex   -7.793602e+00 3.441259e+01 -2.384186e-06
      vertex   1.000000e+01 3.022612e+01 -2.384186e-06
      vertex   -8.804913e+00 3.325193e+01 -2.384186e-06
    endloop
  endfacet
  facet normal 1.234847e-16 -7.826150e-19 -1.000000e+00
    outer loop
      vertex   -8.804913e+00 3.325193e+01 -2.384186e-06
      vertex   1.000000e+01 3.022612e+01 -2.384186e-06
      vertex   -9.742111e+00 3.203064e+01 -2.384186e-06
    endloop
  endfacet
  facet normal 1.234930e-16 -6.920359e-19 -1.000000e+00
    outer loop
      vertex   -9.742111e+00 3.203064e+01 -2.384186e-06
      vertex   1.000000e+01 3.022612e+01 -2.384186e-06
      vertex   -1.060157e+01 3.075345e+01 -2.384186e-06
    endloop
  endfacet
  facet normal 1.283920e-16 1.907014e-16 -1.000000e+00
    outer loop
      vertex   -1.060157e+01 3.075345e+01 -2.384186e-06
      vertex   1.000000e+01 3.022612e+01 -2.384186e-06
      vertex   8.899246e+00 3.014733e+01 -2.384186e-06
    endloop
  endfacet
  facet normal 1.224646e-16 -1.709779e-21 -1.000000e+00
    outer loop
      vertex   -1.060157e+01 3.075345e+01 -2.384186e-06
      vertex   8.899246e+00 3.014733e+01 -2.384186e-06
      vertex   7.809548e+00 2.997290e+01 -2.384186e-06
    endloop
  endfacet
  facet normal 1.224647e-16 -4.005564e-25 -1.000000e+00
    outer loop
      vertex   1.153922e+01 4.230253e+01 -2.384186e-06
      vertex   1.307385e+01 4.218089e+01 -2.384186e-06
      vertex   1.110343e+01 3.020868e+01 -2.384186e-06
    endloop
  endfacet
  facet normal 1.224649e-16 -3.711905e-23 -1.000000e+00
    outer loop
      vertex   1.110343e+01 3.020868e+01 -2.384186e-06
      vertex   1.307385e+01 4.218089e+01 -2.384186e-06
      vertex   1.220115e+01 3.009513e+01 -2.384186e-06
    endloop
  endfacet
  facet normal 1.224649e-16 -4.123313e-23 -1.000000e+00
    outer loop
      vertex   1.220115e+01 3.009513e+01 -2.384186e-06
      vertex   1.307385e+01 4.218089e+01 -2.384186e-06
      vertex   1.459795e+01 4.196408e+01 -2.384186e-06
    endloop
  endfacet
  facet normal 1.224643e-16 8.171275e-23 -1.000000e+00
    outer loop
      vertex   1.220115e+01 3.009513e+01 -2.384186e-06
      vertex   1.459795e+01 4.196408e+01 -2.384186e-06
      vertex   1.328479e+01 2.988634e+01 -2.384186e-06
    endloop
  endfacet
  facet normal 1.224644e-16 7.235155e-23 -1.000000e+00
    outer loop
      vertex   1.328479e+01 2.988634e+01 -2.384186e-06
      vertex   1.459795e+01 4.196408e+01 -2.384186e-06
      vertex   1.610563e+01 4.165295e+01 -2.384186e-06
    endloop
  endfacet
  facet normal 1.224649e-16 -3.706796e-23 -1.000000e+00
    outer loop
      vertex   1.328479e+01 2.988634e+01 -2.384186e-06
      vertex   1.610563e+01 4.165295e+01 -2.384186e-06
      vertex   1.759104e+01 4.124868e+01 -2.384186e-06
    endloop
  endfacet
  facet normal 1.224652e-16 -1.525006e-22 -1.000000e+00
    outer loop
      vertex   1.328479e+01 2.988634e+01 -2.384186e-06
      vertex   1.759104e+01 4.124868e+01 -2.384186e-06
      vertex   1.434610e+01 2.958390e+01 -2.384186e-06
    endloop
  endfacet
  facet normal 1.224647e-16 -2.479507e-23 -1.000000e+00
    outer loop
      vertex   1.434610e+01 2.958390e+01 -2.384186e-06
      vertex   1.759104e+01 4.124868e+01 -2.384186e-06
      vertex   1.904845e+01 4.075284e+01 -2.384186e-06
    endloop
  endfacet
  facet normal 1.224644e-16 9.920618e-23 -1.000000e+00
    outer loop
      vertex   1.434610e+01 2.958390e+01 -2.384186e-06
      vertex   1.904845e+01 4.075284e+01 -2.384186e-06
      vertex   1.537703e+01 2.919011e+01 -2.384186e-06
    endloop
  endfacet
  facet normal 1.224644e-16 9.726002e-23 -1.000000e+00
    outer loop
      vertex   1.537703e+01 2.919011e+01 -2.384186e-06
      vertex   1.904845e+01 4.075284e+01 -2.384186e-06
      vertex   2.047221e+01 4.016736e+01 -2.384186e-06
    endloop
  endfacet
  facet normal 1.224646e-16 -8.004582e-24 -1.000000e+00
    outer loop
      vertex   1.537703e+01 2.919011e+01 -2.384186e-06
      vertex   2.047221e+01 4.016736e+01 -2.384186e-06
      vertex   1.636970e+01 2.870797e+01 -2.384186e-06
    endloop
  endfacet
  facet normal 1.224646e-16 1.738138e-23 -1.000000e+00
    outer loop
      vertex   1.636970e+01 2.870797e+01 -2.384186e-06
      vertex   2.047221e+01 4.016736e+01 -2.384186e-06
      vertex   2.185682e+01 3.949449e+01 -2.384186e-06
    endloop
  endfacet
  facet normal 1.224647e-16 -5.847463e-23 -1.000000e+00
    outer loop
      vertex   1.636970e+01 2.870797e+01 -2.384186e-06
      vertex   2.185682e+01 3.949449e+01 -2.384186e-06
      vertex   2.319691e+01 3.873685e+01 -2.384186e-06
    endloop
  endfacet
  facet normal 1.224647e-16 -5.899544e-23 -1.000000e+00
    outer loop
      vertex   1.636970e+01 2.870797e+01 -2.384186e-06
      vertex   2.319691e+01 3.873685e+01 -2.384186e-06
      vertex   1.731658e+01 2.814115e+01 -2.384186e-06
    endloop
  endfacet
  facet normal 1.224647e-16 -3.038715e-23 -1.000000e+00
    outer loop
      vertex   1.731658e+01 2.814115e+01 -2.384186e-06
      vertex   2.319691e+01 3.873685e+01 -2.384186e-06
      vertex   2.448732e+01 3.789736e+01 -2.384186e-06
    endloop
  endfacet
  facet normal 1.224647e-16 -7.279978e-23 -1.000000e+00
    outer loop
      vertex   1.731658e+01 2.814115e+01 -2.384186e-06
      vertex   2.448732e+01 3.789736e+01 -2.384186e-06
      vertex   1.821045e+01 2.749395e+01 -2.384186e-06
    endloop
  endfacet
  facet normal 1.224648e-16 -8.930231e-23 -1.000000e+00
    outer loop
      vertex   1.821045e+01 2.749395e+01 -2.384186e-06
      vertex   2.448732e+01 3.789736e+01 -2.384186e-06
      vertex   2.572303e+01 3.697927e+01 -2.384186e-06
    endloop
  endfacet
  facet normal 1.224647e-16 -5.261853e-23 -1.000000e+00
    outer loop
      vertex   1.821045e+01 2.749395e+01 -2.384186e-06
      vertex   2.572303e+01 3.697927e+01 -2.384186e-06
      vertex   2.689928e+01 3.598613e+01 -2.384186e-06
    endloop
  endfacet
  facet normal 1.224645e-16 1.546932e-22 -1.000000e+00
    outer loop
      vertex   1.821045e+01 2.749395e+01 -2.384186e-06
      vertex   2.689928e+01 3.598613e+01 -2.384186e-06
      vertex   1.904452e+01 2.677132e+01 -2.384186e-06
    endloop
  endfacet
  facet normal 1.224647e-16 2.600756e-23 -1.000000e+00
    outer loop
      vertex   1.904452e+01 2.677132e+01 -2.384186e-06
      vertex   2.689928e+01 3.598613e+01 -2.384186e-06
      vertex   2.801151e+01 3.492179e+01 -2.384186e-06
    endloop
  endfacet
  facet normal 1.224647e-16 -2.739329e-23 -1.000000e+00
    outer loop
      vertex   1.904452e+01 2.677132e+01 -2.384186e-06
      vertex   2.801151e+01 3.492179e+01 -2.384186e-06
      vertex   1.981243e+01 2.597874e+01 -2.384186e-06
    endloop
  endfacet
  facet normal 1.224646e-16 3.380908e-23 -1.000000e+00
    outer loop
      vertex   1.981243e+01 2.597874e+01 -2.384186e-06
      vertex   2.801151e+01 3.492179e+01 -2.384186e-06
      vertex   2.905542e+01 3.379035e+01 -2.384186e-06
    endloop
  endfacet
  facet normal 1.224648e-16 -1.264383e-22 -1.000000e+00
    outer loop
      vertex   1.981243e+01 2.597874e+01 -2.384186e-06
      vertex   2.905542e+01 3.379035e+01 -2.384186e-06
      vertex   3.002697e+01 3.259621e+01 -2.384186e-06
    endloop
  endfacet
  facet normal 1.224646e-16 9.222340e-23 -1.000000e+00
    outer loop
      vertex   1.981243e+01 2.597874e+01 -2.384186e-06
      vertex   3.002697e+01 3.259621e+01 -2.384186e-06
      vertex   2.050834e+01 2.512225e+01 -2.384186e-06
    endloop
  endfacet
  facet normal 1.224646e-16 1.808336e-22 -1.000000e+00
    outer loop
      vertex   2.050834e+01 2.512225e+01 -2.384186e-06
      vertex   3.002697e+01 3.259621e+01 -2.384186e-06
      vertex   3.092240e+01 3.134397e+01 -2.384186e-06
    endloop
  endfacet
  facet normal 1.224648e-16 -2.872259e-22 -1.000000e+00
    outer loop
      vertex   2.050834e+01 2.512225e+01 -2.384186e-06
      vertex   3.092240e+01 3.134397e+01 -2.384186e-06
      vertex   2.112695e+01 2.420836e+01 -2.384186e-06
    endloop
  endfacet
  facet normal 1.224648e-16 -1.513218e-22 -1.000000e+00
    outer loop
      vertex   2.112695e+01 2.420836e+01 -2.384186e-06
      vertex   3.092240e+01 3.134397e+01 -2.384186e-06
      vertex   3.173824e+01 3.003849e+01 -2.384186e-06
    endloop
  endfacet
  facet normal 1.224646e-16 2.078236e-22 -1.000000e+00
    outer loop
      vertex   2.112695e+01 2.420836e+01 -2.384186e-06
      vertex   3.173824e+01 3.003849e+01 -2.384186e-06
      vertex   2.166356e+01 2.324404e+01 -2.384186e-06
    endloop
  endfacet
  facet normal 1.224646e-16 8.150643e-23 -1.000000e+00
    outer loop
      vertex   2.166356e+01 2.324404e+01 -2.384186e-06
      vertex   3.173824e+01 3.003849e+01 -2.384186e-06
      vertex   3.247135e+01 2.868482e+01 -2.384186e-06
    endloop
  endfacet
  facet normal 1.224647e-16 3.259275e-23 -1.000000e+00
    outer loop
      vertex   2.166356e+01 2.324404e+01 -2.384186e-06
      vertex   3.247135e+01 2.868482e+01 -2.384186e-06
      vertex   3.311888e+01 2.728818e+01 -2.384186e-06
    endloop
  endfacet
  facet normal 1.224648e-16 -2.840959e-22 -1.000000e+00
    outer loop
      vertex   2.166356e+01 2.324404e+01 -2.384186e-06
      vertex   3.311888e+01 2.728818e+01 -2.384186e-06
      vertex   2.211408e+01 2.223662e+01 -2.384186e-06
    endloop
  endfacet
  facet normal 1.224647e-16 -1.282892e-22 -1.000000e+00
    outer loop
      vertex   2.211408e+01 2.223662e+01 -2.384186e-06
      vertex   3.311888e+01 2.728818e+01 -2.384186e-06
      vertex   3.367833e+01 2.585399e+01 -2.384186e-06
    endloop
  endfacet
  facet normal 1.224645e-16 4.912460e-22 -1.000000e+00
    outer loop
      vertex   2.211408e+01 2.223662e+01 -2.384186e-06
      vertex   3.367833e+01 2.585399e+01 -2.384186e-06
      vertex   2.247508e+01 2.119376e+01 -2.384186e-06
    endloop
  endfacet
  facet normal 1.224647e-16 2.829185e-23 -1.000000e+00
    outer loop
      vertex   2.247508e+01 2.119376e+01 -2.384186e-06
      vertex   3.367833e+01 2.585399e+01 -2.384186e-06
      vertex   3.414754e+01 2.438780e+01 -2.384186e-06
    endloop
  endfacet
  facet normal 1.224647e-16 1.949050e-22 -1.000000e+00
    outer loop
      vertex   2.247508e+01 2.119376e+01 -2.384186e-06
      vertex   3.414754e+01 2.438780e+01 -2.384186e-06
      vertex   3.452468e+01 2.289527e+01 -2.384186e-06
    endloop
  endfacet
  facet normal 1.224647e-16 -3.704025e-22 -1.000000e+00
    outer loop
      vertex   2.247508e+01 2.119376e+01 -2.384186e-06
      vertex   3.452468e+01 2.289527e+01 -2.384186e-06
      vertex   2.274382e+01 2.012341e+01 -2.384186e-06
    endloop
  endfacet
  facet normal 1.224647e-16 -1.592016e-22 -1.000000e+00
    outer loop
      vertex   2.274382e+01 2.012341e+01 -2.384186e-06
      vertex   3.452468e+01 2.289527e+01 -2.384186e-06
      vertex   3.480831e+01 2.138218e+01 -2.384186e-06
    endloop
  endfacet
  facet normal 1.224647e-16 1.087957e-22 -1.000000e+00
    outer loop
      vertex   2.274382e+01 2.012341e+01 -2.384186e-06
      vertex   3.480831e+01 2.138218e+01 -2.384186e-06
      vertex   2.291825e+01 1.903372e+01 -2.384186e-06
    endloop
  endfacet
  facet normal 1.224647e-16 -4.009739e-23 -1.000000e+00
    outer loop
      vertex   2.291825e+01 1.903372e+01 -2.384186e-06
      vertex   3.480831e+01 2.138218e+01 -2.384186e-06
      vertex   3.499731e+01 1.985438e+01 -2.384186e-06
    endloop
  endfacet
  facet normal 1.224647e-16 -1.208222e-22 -1.000000e+00
    outer loop
      vertex   2.291825e+01 1.903372e+01 -2.384186e-06
      vertex   3.499731e+01 1.985438e+01 -2.384186e-06
      vertex   2.299705e+01 1.793296e+01 -2.384186e-06
    endloop
  endfacet
  facet normal 1.224647e-16 -4.632115e-23 -1.000000e+00
    outer loop
      vertex   2.299705e+01 1.793296e+01 -2.384186e-06
      vertex   3.499731e+01 1.985438e+01 -2.384186e-06
      vertex   3.509097e+01 1.831779e+01 -2.384186e-06
    endloop
  endfacet
  facet normal 1.224647e-16 9.132083e-24 -1.000000e+00
    outer loop
      vertex   2.299705e+01 1.793296e+01 -2.384186e-06
      vertex   3.509097e+01 1.831779e+01 -2.384186e-06
      vertex   3.508892e+01 1.677835e+01 -2.384186e-06
    endloop
  endfacet
  facet normal 1.224647e-16 -1.223916e-22 -1.000000e+00
    outer loop
      vertex   2.299705e+01 1.793296e+01 -2.384186e-06
      vertex   3.508892e+01 1.677835e+01 -2.384186e-06
      vertex   2.297960e+01 1.682953e+01 -2.384186e-06
    endloop
  endfacet
  facet normal 1.224647e-16 -1.290620e-22 -1.000000e+00
    outer loop
      vertex   2.297960e+01 1.682953e+01 -2.384186e-06
      vertex   3.508892e+01 1.677835e+01 -2.384186e-06
      vertex   3.499117e+01 1.524201e+01 -2.384186e-06
    endloop
  endfacet
  facet normal 1.224647e-16 2.546230e-23 -1.000000e+00
    outer loop
      vertex   2.297960e+01 1.682953e+01 -2.384186e-06
      vertex   3.499117e+01 1.524201e+01 -2.384186e-06
      vertex   2.286605e+01 1.573182e+01 -2.384186e-06
    endloop
  endfacet
  facet normal 1.224647e-16 1.045666e-22 -1.000000e+00
    outer loop
      vertex   2.286605e+01 1.573182e+01 -2.384186e-06
      vertex   3.499117e+01 1.524201e+01 -2.384186e-06
      vertex   3.479809e+01 1.371472e+01 -2.384186e-06
    endloop
  endfacet
  facet normal 1.224647e-16 6.447890e-23 -1.000000e+00
    outer loop
      vertex   2.286605e+01 1.573182e+01 -2.384186e-06
      vertex   3.479809e+01 1.371472e+01 -2.384186e-06
      vertex   3.451044e+01 1.220239e+01 -2.384186e-06
    endloop
  endfacet
  facet normal 1.224647e-16 1.289375e-22 -1.000000e+00
    outer loop
      vertex   2.286605e+01 1.573182e+01 -2.384186e-06
      vertex   3.451044e+01 1.220239e+01 -2.384186e-06
      vertex   2.265726e+01 1.464818e+01 -2.384186e-06
    endloop
  endfacet
  facet normal 1.224647e-16 2.398360e-22 -1.000000e+00
    outer loop
      vertex   2.265726e+01 1.464818e+01 -2.384186e-06
      vertex   3.451044e+01 1.220239e+01 -2.384186e-06
      vertex   3.412932e+01 1.071087e+01 -2.384186e-06
    endloop
  endfacet
  facet normal 1.224648e-16 4.073428e-22 -1.000000e+00
    outer loop
      vertex   2.265726e+01 1.464818e+01 -2.384186e-06
      vertex   3.412932e+01 1.071087e+01 -2.384186e-06
      vertex   2.235482e+01 1.358686e+01 -2.384186e-06
    endloop
  endfacet
  facet normal 1.224646e-16 -2.955333e-22 -1.000000e+00
    outer loop
      vertex   2.235482e+01 1.358686e+01 -2.384186e-06
      vertex   3.412932e+01 1.071087e+01 -2.384186e-06
      vertex   3.365621e+01 9.245931e+00 -2.384186e-06
    endloop
  endfacet
  facet normal 1.224645e-16 -5.793060e-22 -1.000000e+00
    outer loop
      vertex   2.235482e+01 1.358686e+01 -2.384186e-06
      vertex   3.365621e+01 9.245931e+00 -2.384186e-06
      vertex   2.196104e+01 1.255594e+01 -2.384186e-06
    endloop
  endfacet
  facet normal 1.224647e-16 5.508012e-23 -1.000000e+00
    outer loop
      vertex   2.196104e+01 1.255594e+01 -2.384186e-06
      vertex   3.365621e+01 9.245931e+00 -2.384186e-06
      vertex   3.309294e+01 7.813237e+00 -2.384186e-06
    endloop
  endfacet
  facet normal 1.224646e-16 -8.998279e-23 -1.000000e+00
    outer loop
      vertex   2.196104e+01 1.255594e+01 -2.384186e-06
      vertex   3.309294e+01 7.813237e+00 -2.384186e-06
      vertex   3.244169e+01 6.418332e+00 -2.384186e-06
    endloop
  endfacet
  facet normal 1.224649e-16 4.556664e-22 -1.000000e+00
    outer loop
      vertex   2.196104e+01 1.255594e+01 -2.384186e-06
      vertex   3.244169e+01 6.418332e+00 -2.384186e-06
      vertex   2.147889e+01 1.156326e+01 -2.384186e-06
    endloop
  endfacet
  facet normal 1.224648e-16 1.282557e-22 -1.000000e+00
    outer loop
      vertex   2.147889e+01 1.156326e+01 -2.384186e-06
      vertex   3.244169e+01 6.418332e+00 -2.384186e-06
      vertex   3.170498e+01 5.066614e+00 -2.384186e-06
    endloop
  endfacet
  facet normal 1.224648e-16 1.019219e-22 -1.000000e+00
    outer loop
      vertex   2.147889e+01 1.156326e+01 -2.384186e-06
      vertex   3.170498e+01 5.066614e+00 -2.384186e-06
      vertex   2.091207e+01 1.061638e+01 -2.384186e-06
    endloop
  endfacet
  facet normal 1.224647e-16 -8.100665e-23 -1.000000e+00
    outer loop
      vertex   2.091207e+01 1.061638e+01 -2.384186e-06
      vertex   3.170498e+01 5.066614e+00 -2.384186e-06
      vertex   3.088566e+01 3.763311e+00 -2.384186e-06
    endloop
  endfacet
  facet normal 1.224648e-16 8.259388e-23 -1.000000e+00
    outer loop
      vertex   2.091207e+01 1.061638e+01 -2.384186e-06
      vertex   3.088566e+01 3.763311e+00 -2.384186e-06
      vertex   2.998689e+01 2.513467e+00 -2.384186e-06
    endloop
  endfacet
  facet normal 1.224644e-16 -3.783893e-22 -1.000000e+00
    outer loop
      vertex   2.091207e+01 1.061638e+01 -2.384186e-06
      vertex   2.998689e+01 2.513467e+00 -2.384186e-06
      vertex   2.026488e+01 9.722507e+00 -2.384186e-06
    endloop
  endfacet
  facet normal 1.224646e-16 -6.392556e-23 -1.000000e+00
    outer loop
      vertex   2.026488e+01 9.722507e+00 -2.384186e-06
      vertex   2.998689e+01 2.513467e+00 -2.384186e-06
      vertex   2.901217e+01 1.321915e+00 -2.384186e-06
    endloop
  endfacet
  facet normal 1.224648e-16 1.151922e-22 -1.000000e+00
    outer loop
      vertex   2.026488e+01 9.722507e+00 -2.384186e-06
      vertex   2.901217e+01 1.321915e+00 -2.384186e-06
      vertex   1.954224e+01 8.888442e+00 -2.384186e-06
    endloop
  endfacet
  facet normal 1.224647e-16 5.503916e-23 -1.000000e+00
    outer loop
      vertex   1.954224e+01 8.888442e+00 -2.384186e-06
      vertex   2.901217e+01 1.321915e+00 -2.384186e-06
      vertex   2.796525e+01 1.932676e-01 -2.384186e-06
    endloop
  endfacet
  facet normal 1.224645e-16 -1.681530e-22 -1.000000e+00
    outer loop
      vertex   1.954224e+01 8.888442e+00 -2.384186e-06
      vertex   2.796525e+01 1.932676e-01 -2.384186e-06
      vertex   1.874966e+01 8.120533e+00 -2.384186e-06
    endloop
  endfacet
  facet normal 1.224645e-16 -1.711617e-22 -1.000000e+00
    outer loop
      vertex   1.874966e+01 8.120533e+00 -2.384186e-06
      vertex   2.796525e+01 1.932676e-01 -2.384186e-06
      vertex   2.685019e+01 -8.681104e-01 -2.384186e-06
    endloop
  endfacet
  facet normal 1.224648e-16 5.882939e-23 -1.000000e+00
    outer loop
      vertex   1.874966e+01 8.120533e+00 -2.384186e-06
      vertex   2.685019e+01 -8.681104e-01 -2.384186e-06
      vertex   2.567130e+01 -1.858112e+00 -2.384186e-06
    endloop
  endfacet
  facet normal 1.224652e-16 3.448787e-22 -1.000000e+00
    outer loop
      vertex   1.874966e+01 8.120533e+00 -2.384186e-06
      vertex   2.567130e+01 -1.858112e+00 -2.384186e-06
      vertex   1.789317e+01 7.424623e+00 -2.384186e-06
    endloop
  endfacet
  facet normal 1.224648e-16 3.721778e-23 -1.000000e+00
    outer loop
      vertex   1.789317e+01 7.424623e+00 -2.384186e-06
      vertex   2.567130e+01 -1.858112e+00 -2.384186e-06
      vertex   2.443314e+01 -2.772908e+00 -2.384186e-06
    endloop
  endfacet
  facet normal 1.224646e-16 -1.069751e-22 -1.000000e+00
    outer loop
      vertex   1.789317e+01 7.424623e+00 -2.384186e-06
      vertex   2.443314e+01 -2.772908e+00 -2.384186e-06
      vertex   1.697928e+01 6.806010e+00 -2.384186e-06
    endloop
  endfacet
  facet normal 1.224646e-16 -7.526366e-23 -1.000000e+00
    outer loop
      vertex   1.697928e+01 6.806010e+00 -2.384186e-06
      vertex   2.443314e+01 -2.772908e+00 -2.384186e-06
      vertex   2.314051e+01 -3.608958e+00 -2.384186e-06
    endloop
  endfacet
  facet normal 1.224647e-16 -3.308006e-23 -1.000000e+00
    outer loop
      vertex   1.697928e+01 6.806010e+00 -2.384186e-06
      vertex   2.314051e+01 -3.608958e+00 -2.384186e-06
      vertex   2.179839e+01 -4.363029e+00 -2.384186e-06
    endloop
  endfacet
  facet normal 1.224648e-16 1.052894e-22 -1.000000e+00
    outer loop
      vertex   2.041200e+01 -5.032202e+00 -2.384186e-06
      vertex   1.500754e+01 5.818881e+00 -2.384186e-06
      vertex   2.179839e+01 -4.363029e+00 -2.384186e-06
    endloop
  endfacet
  facet normal 1.224648e-16 5.928116e-23 -1.000000e+00
    outer loop
      vertex   2.179839e+01 -4.363029e+00 -2.384186e-06
      vertex   1.500754e+01 5.818881e+00 -2.384186e-06
      vertex   1.601496e+01 6.269401e+00 -2.384186e-06
    endloop
  endfacet
  facet normal 1.224643e-16 -2.027462e-22 -1.000000e+00
    outer loop
      vertex   2.179839e+01 -4.363029e+00 -2.384186e-06
      vertex   1.601496e+01 6.269401e+00 -2.384186e-06
      vertex   1.697928e+01 6.806010e+00 -2.384186e-06
    endloop
  endfacet
  facet normal 1.224647e-16 -4.311198e-22 -1.000000e+00
    outer loop
      vertex   1.898668e+01 -5.613889e+00 -2.384186e-06
      vertex   9.390048e-01 -5.309134e+00 -2.384186e-06
      vertex   2.041200e+01 -5.032202e+00 -2.384186e-06
    endloop
  endfacet
  facet normal 1.224647e-16 4.432144e-22 -1.000000e+00
    outer loop
      vertex   2.041200e+01 -5.032202e+00 -2.384186e-06
      vertex   9.390048e-01 -5.309134e+00 -2.384186e-06
      vertex   -4.658593e-01 -4.679656e+00 -2.384186e-06
    endloop
  endfacet
  facet normal 1.224647e-16 3.839812e-23 -1.000000e+00
    outer loop
      vertex   2.041200e+01 -5.032202e+00 -2.384186e-06
      vertex   -4.658593e-01 -4.679656e+00 -2.384186e-06
      vertex   1.070388e+01 4.935916e+00 -2.384186e-06
    endloop
  endfacet
  facet normal 1.224646e-16 1.709320e-22 -1.000000e+00
    outer loop
      vertex   1.070388e+01 4.935916e+00 -2.384186e-06
      vertex   -4.658593e-01 -4.679656e+00 -2.384186e-06
      vertex   -1.828871e+00 -3.964056e+00 -2.384186e-06
    endloop
  endfacet
  facet normal 1.224650e-16 -5.170784e-22 -1.000000e+00
    outer loop
      vertex   1.070388e+01 4.935916e+00 -2.384186e-06
      vertex   -1.828871e+00 -3.964056e+00 -2.384186e-06
      vertex   -3.144758e+00 -3.165102e+00 -2.384186e-06
    endloop
  endfacet
  facet normal 1.224647e-16 -7.613424e-22 -1.000000e+00
    outer loop
      vertex   9.390048e-01 -5.309134e+00 -2.384186e-06
      vertex   1.898668e+01 -5.613889e+00 -2.384186e-06
      vertex   2.380286e+00 -5.850054e+00 -2.384186e-06
    endloop
  endfacet
  facet normal 1.224647e-16 -2.741183e-22 -1.000000e+00
    outer loop
      vertex   2.380286e+00 -5.850054e+00 -2.384186e-06
      vertex   1.898668e+01 -5.613889e+00 -2.384186e-06
      vertex   1.752796e+01 -6.105839e+00 -2.384186e-06
    endloop
  endfacet
  facet normal 1.224647e-16 -9.438082e-24 -1.000000e+00
    outer loop
      vertex   2.380286e+00 -5.850054e+00 -2.384186e-06
      vertex   1.752796e+01 -6.105839e+00 -2.384186e-06
      vertex   3.852407e+00 -6.300324e+00 -2.384186e-06
    endloop
  endfacet
  facet normal 1.224647e-16 8.764834e-22 -1.000000e+00
    outer loop
      vertex   3.852407e+00 -6.300324e+00 -2.384186e-06
      vertex   1.752796e+01 -6.105839e+00 -2.384186e-06
      vertex   1.604148e+01 -6.506150e+00 -2.384186e-06
    endloop
  endfacet
  facet normal 1.224647e-16 1.256534e-21 -1.000000e+00
    outer loop
      vertex   3.852407e+00 -6.300324e+00 -2.384186e-06
      vertex   1.604148e+01 -6.506150e+00 -2.384186e-06
      vertex   5.349675e+00 -6.658201e+00 -2.384186e-06
    endloop
  endfacet
  facet normal 1.224647e-16 -2.880184e-22 -1.000000e+00
    outer loop
      vertex   5.349675e+00 -6.658201e+00 -2.384186e-06
      vertex   1.604148e+01 -6.506150e+00 -2.384186e-06
      vertex   1.453298e+01 -6.813271e+00 -2.384186e-06
    endloop
  endfacet
  facet normal 1.224647e-16 -1.342952e-21 -1.000000e+00
    outer loop
      vertex   5.349675e+00 -6.658201e+00 -2.384186e-06
      vertex   1.453298e+01 -6.813271e+00 -2.384186e-06
      vertex   6.866295e+00 -6.922302e+00 -2.384186e-06
    endloop
  endfacet
  facet normal 1.224647e-16 -9.834722e-22 -1.000000e+00
    outer loop
      vertex   6.866295e+00 -6.922302e+00 -2.384186e-06
      vertex   1.453298e+01 -6.813271e+00 -2.384186e-06
      vertex   1.300831e+01 -7.026017e+00 -2.384186e-06
    endloop
  endfacet
  facet normal 1.224647e-16 1.867217e-21 -1.000000e+00
    outer loop
      vertex   6.866295e+00 -6.922302e+00 -2.384186e-06
      vertex   1.300831e+01 -7.026017e+00 -2.384186e-06
      vertex   8.396400e+00 -7.091604e+00 -2.384186e-06
    endloop
  endfacet
  facet normal 1.224647e-16 2.362581e-21 -1.000000e+00
    outer loop
      vertex   8.396400e+00 -7.091604e+00 -2.384186e-06
      vertex   1.300831e+01 -7.026017e+00 -2.384186e-06
      vertex   1.147336e+01 -7.143562e+00 -2.384186e-06
    endloop
  endfacet
  facet normal 1.224646e-16 -6.532481e-21 -1.000000e+00
    outer loop
      vertex   8.396400e+00 -7.091604e+00 -2.384186e-06
      vertex   1.147336e+01 -7.143562e+00 -2.384186e-06
      vertex   9.934071e+00 -7.165453e+00 -2.384186e-06
    endloop
  endfacet
  facet normal 1.224646e-16 3.101817e-22 -1.000000e+00
    outer loop
      vertex   -3.144758e+00 -3.165102e+00 -2.384186e-06
      vertex   -4.408429e+00 -2.285886e+00 -2.384186e-06
      vertex   1.070388e+01 4.935916e+00 -2.384186e-06
    endloop
  endfacet
  facet normal 1.224646e-16 1.408164e-22 -1.000000e+00
    outer loop
      vertex   1.070388e+01 4.935916e+00 -2.384186e-06
      vertex   -4.408429e+00 -2.285886e+00 -2.384186e-06
      vertex   -5.614995e+00 -1.329808e+00 -2.384186e-06
    endloop
  endfacet
  facet normal 1.224648e-16 -2.595382e-22 -1.000000e+00
    outer loop
      vertex   1.070388e+01 4.935916e+00 -2.384186e-06
      vertex   -5.614995e+00 -1.329808e+00 -2.384186e-06
      vertex   -6.759788e+00 -3.005686e-01 -2.384186e-06
    endloop
  endfacet
  facet normal 1.224646e-16 3.253654e-22 -1.000000e+00
    outer loop
      vertex   -6.759788e+00 -3.005686e-01 -2.384186e-06
      vertex   -7.838379e+00 7.978517e-01 -2.384186e-06
      vertex   1.070388e+01 4.935916e+00 -2.384186e-06
    endloop
  endfacet
  facet normal 1.224647e-16 -2.026217e-22 -1.000000e+00
    outer loop
      vertex   1.070388e+01 4.935916e+00 -2.384186e-06
      vertex   -7.838379e+00 7.978517e-01 -2.384186e-06
      vertex   -8.846595e+00 1.961203e+00 -2.384186e-06
    endloop
  endfacet
  facet normal 1.224647e-16 -7.032925e-23 -1.000000e+00
    outer loop
      vertex   1.070388e+01 4.935916e+00 -2.384186e-06
      vertex   -8.846595e+00 1.961203e+00 -2.384186e-06
      vertex   -9.780535e+00 3.184984e+00 -2.384186e-06
    endloop
  endfacet
  facet normal 1.224647e-16 1.180435e-22 -1.000000e+00
    outer loop
      vertex   -9.780535e+00 3.184984e+00 -2.384186e-06
      vertex   -1.063659e+01 4.464460e+00 -2.384186e-06
      vertex   1.070388e+01 4.935916e+00 -2.384186e-06
    endloop
  endfacet
  facet normal 1.224648e-16 -6.701698e-21 -1.000000e+00
    outer loop
      vertex   1.070388e+01 4.935916e+00 -2.384186e-06
      vertex   -1.063659e+01 4.464460e+00 -2.384186e-06
      vertex   9.600452e+00 4.953361e+00 -2.384186e-06
    endloop
  endfacet
  facet normal 1.224647e-16 -1.506159e-21 -1.000000e+00
    outer loop
      vertex   9.600452e+00 4.953361e+00 -2.384186e-06
      vertex   -1.063659e+01 4.464460e+00 -2.384186e-06
      vertex   8.502739e+00 5.066910e+00 -2.384186e-06
    endloop
  endfacet
  facet normal 1.224646e-16 1.642768e-21 -1.000000e+00
    outer loop
      vertex   8.502739e+00 5.066910e+00 -2.384186e-06
      vertex   -1.063659e+01 4.464460e+00 -2.384186e-06
      vertex   7.419099e+00 5.275698e+00 -2.384186e-06
    endloop
  endfacet
  facet normal 1.224648e-16 -1.564049e-21 -1.000000e+00
    outer loop
      vertex   7.419099e+00 5.275698e+00 -2.384186e-06
      vertex   -1.063659e+01 4.464460e+00 -2.384186e-06
      vertex   6.357780e+00 5.578138e+00 -2.384186e-06
    endloop
  endfacet
  facet normal 1.224646e-16 6.407765e-22 -1.000000e+00
    outer loop
      vertex   6.357780e+00 5.578138e+00 -2.384186e-06
      vertex   -1.063659e+01 4.464460e+00 -2.384186e-06
      vertex   5.326859e+00 5.971927e+00 -2.384186e-06
    endloop
  endfacet
  facet normal 1.224647e-16 5.270338e-23 -1.000000e+00
    outer loop
      vertex   5.326859e+00 5.971927e+00 -2.384186e-06
      vertex   -1.063659e+01 4.464460e+00 -2.384186e-06
      vertex   4.334182e+00 6.454068e+00 -2.384186e-06
    endloop
  endfacet
  facet normal 1.224647e-16 -1.063515e-22 -1.000000e+00
    outer loop
      vertex   4.334182e+00 6.454068e+00 -2.384186e-06
      vertex   -1.063659e+01 4.464460e+00 -2.384186e-06
      vertex   3.387303e+00 7.020891e+00 -2.384186e-06
    endloop
  endfacet
  facet normal 1.224647e-16 -1.176189e-22 -1.000000e+00
    outer loop
      vertex   3.387303e+00 7.020891e+00 -2.384186e-06
      vertex   -1.063659e+01 4.464460e+00 -2.384186e-06
      vertex   2.493430e+00 7.668084e+00 -2.384186e-06
    endloop
  endfacet
  facet normal 1.224646e-16 2.651874e-22 -1.000000e+00
    outer loop
      vertex   2.493430e+00 7.668084e+00 -2.384186e-06
      vertex   -1.063659e+01 4.464460e+00 -2.384186e-06
      vertex   1.659365e+00 8.390720e+00 -2.384186e-06
    endloop
  endfacet
  facet normal 1.224647e-16 -3.505062e-23 -1.000000e+00
    outer loop
      vertex   1.659365e+00 8.390720e+00 -2.384186e-06
      vertex   -1.063659e+01 4.464460e+00 -2.384186e-06
      vertex   8.914554e-01 9.183300e+00 -2.384186e-06
    endloop
  endfacet
  facet normal 1.224646e-16 1.001393e-22 -1.000000e+00
    outer loop
      vertex   8.914554e-01 9.183300e+00 -2.384186e-06
      vertex   -1.063659e+01 4.464460e+00 -2.384186e-06
      vertex   1.955460e-01 1.003979e+01 -2.384186e-06
    endloop
  endfacet
  facet normal 1.224648e-16 -2.876971e-22 -1.000000e+00
    outer loop
      vertex   1.955460e-01 1.003979e+01 -2.384186e-06
      vertex   -1.063659e+01 4.464460e+00 -2.384186e-06
      vertex   -4.230672e-01 1.095368e+01 -2.384186e-06
    endloop
  endfacet
  facet normal 1.224645e-16 2.835104e-22 -1.000000e+00
    outer loop
      vertex   -4.230672e-01 1.095368e+01 -2.384186e-06
      vertex   -1.063659e+01 4.464460e+00 -2.384186e-06
      vertex   -1.141144e+01 5.794682e+00 -2.384186e-06
    endloop
  endfacet
  facet normal 1.224645e-16 1.938130e-22 -1.000000e+00
    outer loop
      vertex   -4.230672e-01 1.095368e+01 -2.384186e-06
      vertex   -1.141144e+01 5.794682e+00 -2.384186e-06
      vertex   -9.596760e-01 1.191800e+01 -2.384186e-06
    endloop
  endfacet
  facet normal 1.224649e-16 -4.106226e-22 -1.000000e+00
    outer loop
      vertex   -9.596760e-01 1.191800e+01 -2.384186e-06
      vertex   -1.141144e+01 5.794682e+00 -2.384186e-06
      vertex   -1.210209e+01 7.170503e+00 -2.384186e-06
    endloop
  endfacet
  facet normal 1.224648e-16 -2.640321e-22 -1.000000e+00
    outer loop
      vertex   -9.596760e-01 1.191800e+01 -2.384186e-06
      vertex   -1.210209e+01 7.170503e+00 -2.384186e-06
      vertex   -1.410197e+00 1.292542e+01 -2.384186e-06
    endloop
  endfacet
  facet normal 1.224646e-16 1.905383e-22 -1.000000e+00
    outer loop
      vertex   -1.410197e+00 1.292542e+01 -2.384186e-06
      vertex   -1.210209e+01 7.170503e+00 -2.384186e-06
      vertex   -1.270587e+01 8.586601e+00 -2.384186e-06
    endloop
  endfacet
  facet normal 1.224647e-16 -6.662742e-23 -1.000000e+00
    outer loop
      vertex   -1.410197e+00 1.292542e+01 -2.384186e-06
      vertex   -1.270587e+01 8.586601e+00 -2.384186e-06
      vertex   -1.322045e+01 1.003750e+01 -2.384186e-06
    endloop
  endfacet
  facet normal 1.224645e-16 5.001418e-22 -1.000000e+00
    outer loop
      vertex   -1.410197e+00 1.292542e+01 -2.384186e-06
      vertex   -1.322045e+01 1.003750e+01 -2.384186e-06
      vertex   -1.771200e+00 1.396828e+01 -2.384186e-06
    endloop
  endfacet
  facet normal 1.224647e-16 3.562923e-23 -1.000000e+00
    outer loop
      vertex   -1.771200e+00 1.396828e+01 -2.384186e-06
      vertex   -1.322045e+01 1.003750e+01 -2.384186e-06
      vertex   -1.364383e+01 1.151758e+01 -2.384186e-06
    endloop
  endfacet
  facet normal 1.224648e-16 -3.603347e-22 -1.000000e+00
    outer loop
      vertex   -1.771200e+00 1.396828e+01 -2.384186e-06
      vertex   -1.364383e+01 1.151758e+01 -2.384186e-06
      vertex   -2.039939e+00 1.503862e+01 -2.384186e-06
    endloop
  endfacet
  facet normal 1.224647e-16 -5.510055e-23 -1.000000e+00
    outer loop
      vertex   -2.039939e+00 1.503862e+01 -2.384186e-06
      vertex   -1.364383e+01 1.151758e+01 -2.384186e-06
      vertex   -1.397438e+01 1.302111e+01 -2.384186e-06
    endloop
  endfacet
  facet normal 1.224647e-16 1.083946e-22 -1.000000e+00
    outer loop
      vertex   -2.039939e+00 1.503862e+01 -2.384186e-06
      vertex   -1.397438e+01 1.302111e+01 -2.384186e-06
      vertex   -2.214369e+00 1.612832e+01 -2.384186e-06
    endloop
  endfacet
  facet normal 1.224646e-16 1.904468e-22 -1.000000e+00
    outer loop
      vertex   -2.214369e+00 1.612832e+01 -2.384186e-06
      vertex   -1.397438e+01 1.302111e+01 -2.384186e-06
      vertex   -1.421081e+01 1.454229e+01 -2.384186e-06
    endloop
  endfacet
  facet normal 1.224647e-16 -2.420570e-22 -1.000000e+00
    outer loop
      vertex   -2.214369e+00 1.612832e+01 -2.384186e-06
      vertex   -1.421081e+01 1.454229e+01 -2.384186e-06
      vertex   -1.435221e+01 1.607523e+01 -2.384186e-06
    endloop
  endfacet
  facet normal 1.224647e-16 -1.209960e-22 -1.000000e+00
    outer loop
      vertex   -2.214369e+00 1.612832e+01 -2.384186e-06
      vertex   -1.435221e+01 1.607523e+01 -2.384186e-06
      vertex   -2.293161e+00 1.722908e+01 -2.384186e-06
    endloop
  endfacet
  facet normal 1.224647e-16 9.392962e-23 -1.000000e+00
    outer loop
      vertex   -2.293161e+00 1.722908e+01 -2.384186e-06
      vertex   -1.435221e+01 1.607523e+01 -2.384186e-06
      vertex   -1.439804e+01 1.761399e+01 -2.384186e-06
    endloop
  endfacet
  facet normal 1.224647e-16 -1.223344e-22 -1.000000e+00
    outer loop
      vertex   -2.293161e+00 1.722908e+01 -2.384186e-06
      vertex   -1.439804e+01 1.761399e+01 -2.384186e-06
      vertex   -2.275716e+00 1.833251e+01 -2.384186e-06
    endloop
  endfacet
  facet normal 1.224647e-16 8.288092e-23 -1.000000e+00
    outer loop
      vertex   -2.275716e+00 1.833251e+01 -2.384186e-06
      vertex   -1.439804e+01 1.761399e+01 -2.384186e-06
      vertex   -1.434811e+01 1.915262e+01 -2.384186e-06
    endloop
  endfacet
  facet normal 1.224646e-16 3.232192e-23 -1.000000e+00
    outer loop
      vertex   -2.275716e+00 1.833251e+01 -2.384186e-06
      vertex   -1.434811e+01 1.915262e+01 -2.384186e-06
      vertex   -1.420262e+01 2.068517e+01 -2.384186e-06
    endloop
  endfacet
  facet normal 1.224646e-16 2.961479e-23 -1.000000e+00
    outer loop
      vertex   -2.275716e+00 1.833251e+01 -2.384186e-06
      vertex   -1.420262e+01 2.068517e+01 -2.384186e-06
      vertex   -2.162168e+00 1.943022e+01 -2.384186e-06
    endloop
  endfacet
  facet normal 1.224646e-16 -8.472374e-23 -1.000000e+00
    outer loop
      vertex   -2.162168e+00 1.943022e+01 -2.384186e-06
      vertex   -1.420262e+01 2.068517e+01 -2.384186e-06
      vertex   -1.396214e+01 2.220572e+01 -2.384186e-06
    endloop
  endfacet
  facet normal 1.224647e-16 1.322112e-22 -1.000000e+00
    outer loop
      vertex   -2.162168e+00 1.943022e+01 -2.384186e-06
      vertex   -1.396214e+01 2.220572e+01 -2.384186e-06
      vertex   -1.953379e+00 2.051386e+01 -2.384186e-06
    endloop
  endfacet
  facet normal 1.224647e-16 7.514878e-23 -1.000000e+00
    outer loop
      vertex   -1.953379e+00 2.051386e+01 -2.384186e-06
      vertex   -1.396214e+01 2.220572e+01 -2.384186e-06
      vertex   -1.362759e+01 2.370837e+01 -2.384186e-06
    endloop
  endfacet
  facet normal 1.224648e-16 4.111765e-22 -1.000000e+00
    outer loop
      vertex   -1.953379e+00 2.051386e+01 -2.384186e-06
      vertex   -1.362759e+01 2.370837e+01 -2.384186e-06
      vertex   -1.650939e+00 2.157518e+01 -2.384186e-06
    endloop
  endfacet
  facet normal 1.224647e-16 -2.433875e-22 -1.000000e+00
    outer loop
      vertex   -1.650939e+00 2.157518e+01 -2.384186e-06
      vertex   -1.362759e+01 2.370837e+01 -2.384186e-06
      vertex   -1.320027e+01 2.518732e+01 -2.384186e-06
    endloop
  endfacet
  facet normal 1.224648e-16 2.547086e-22 -1.000000e+00
    outer loop
      vertex   -1.650939e+00 2.157518e+01 -2.384186e-06
      vertex   -1.320027e+01 2.518732e+01 -2.384186e-06
      vertex   -1.268183e+01 2.663684e+01 -2.384186e-06
    endloop
  endfacet
  facet normal 1.224644e-16 -5.545163e-22 -1.000000e+00
    outer loop
      vertex   -1.650939e+00 2.157518e+01 -2.384186e-06
      vertex   -1.268183e+01 2.663684e+01 -2.384186e-06
      vertex   -1.257150e+00 2.260610e+01 -2.384186e-06
    endloop
  endfacet
  facet normal 1.224646e-16 -3.269812e-24 -1.000000e+00
    outer loop
      vertex   -1.257150e+00 2.260610e+01 -2.384186e-06
      vertex   -1.268183e+01 2.663684e+01 -2.384186e-06
      vertex   -1.207428e+01 2.805132e+01 -2.384186e-06
    endloop
  endfacet
  facet normal 1.224649e-16 4.855897e-22 -1.000000e+00
    outer loop
      vertex   -1.257150e+00 2.260610e+01 -2.384186e-06
      vertex   -1.207428e+01 2.805132e+01 -2.384186e-06
      vertex   -7.750095e-01 2.359878e+01 -2.384186e-06
    endloop
  endfacet
  facet normal 1.224646e-16 -1.347243e-22 -1.000000e+00
    outer loop
      vertex   -7.750095e-01 2.359878e+01 -2.384186e-06
      vertex   -1.207428e+01 2.805132e+01 -2.384186e-06
      vertex   -1.137996e+01 2.942530e+01 -2.384186e-06
    endloop
  endfacet
  facet normal 1.224647e-16 -6.246241e-23 -1.000000e+00
    outer loop
      vertex   -7.750095e-01 2.359878e+01 -2.384186e-06
      vertex   -1.137996e+01 2.942530e+01 -2.384186e-06
      vertex   -1.060157e+01 3.075345e+01 -2.384186e-06
    endloop
  endfacet
  facet normal 1.224647e-16 1.929539e-22 -1.000000e+00
    outer loop
      vertex   7.809548e+00 2.997290e+01 -2.384186e-06
      vertex   6.739199e+00 2.970416e+01 -2.384186e-06
      vertex   -1.060157e+01 3.075345e+01 -2.384186e-06
    endloop
  endfacet
  facet normal 1.224647e-16 6.957911e-22 -1.000000e+00
    outer loop
      vertex   -1.060157e+01 3.075345e+01 -2.384186e-06
      vertex   6.739199e+00 2.970416e+01 -2.384186e-06
      vertex   5.696345e+00 2.934316e+01 -2.384186e-06
    endloop
  endfacet
  facet normal 1.224647e-16 2.263437e-22 -1.000000e+00
    outer loop
      vertex   -1.060157e+01 3.075345e+01 -2.384186e-06
      vertex   5.696345e+00 2.934316e+01 -2.384186e-06
      vertex   4.688923e+00 2.889264e+01 -2.384186e-06
    endloop
  endfacet
  facet normal 1.224646e-16 -7.259114e-22 -1.000000e+00
    outer loop
      vertex   4.688923e+00 2.889264e+01 -2.384186e-06
      vertex   3.724600e+00 2.835603e+01 -2.384186e-06
      vertex   -1.060157e+01 3.075345e+01 -2.384186e-06
    endloop
  endfacet
  facet normal 1.224647e-16 -2.414487e-22 -1.000000e+00
    outer loop
      vertex   -1.060157e+01 3.075345e+01 -2.384186e-06
      vertex   3.724600e+00 2.835603e+01 -2.384186e-06
      vertex   2.810715e+00 2.773742e+01 -2.384186e-06
    endloop
  endfacet
  facet normal 1.224649e-16 7.007126e-22 -1.000000e+00
    outer loop
      vertex   -1.060157e+01 3.075345e+01 -2.384186e-06
      vertex   2.810715e+00 2.773742e+01 -2.384186e-06
      vertex   1.954223e+00 2.704151e+01 -2.384186e-06
    endloop
  endfacet
  facet normal 1.224646e-16 -2.622744e-22 -1.000000e+00
    outer loop
      vertex   1.954223e+00 2.704151e+01 -2.384186e-06
      vertex   1.161643e+00 2.627360e+01 -2.384186e-06
      vertex   -1.060157e+01 3.075345e+01 -2.384186e-06
    endloop
  endfacet
  facet normal 1.224647e-16 1.435448e-22 -1.000000e+00
    outer loop
      vertex   -1.060157e+01 3.075345e+01 -2.384186e-06
      vertex   1.161643e+00 2.627360e+01 -2.384186e-06
      vertex   4.390071e-01 2.543953e+01 -2.384186e-06
    endloop
  endfacet
  facet normal 1.224645e-16 -4.434983e-22 -1.000000e+00
    outer loop
      vertex   -1.060157e+01 3.075345e+01 -2.384186e-06
      vertex   4.390071e-01 2.543953e+01 -2.384186e-06
      vertex   -2.081857e-01 2.454566e+01 -2.384186e-06
    endloop
  endfacet
  facet normal 1.224648e-16 9.202925e-23 -1.000000e+00
    outer loop
      vertex   -2.081857e-01 2.454566e+01 -2.384186e-06
      vertex   -7.750095e-01 2.359878e+01 -2.384186e-06
      vertex   -1.060157e+01 3.075345e+01 -2.384186e-06
    endloop
  endfacet
  facet normal 1.224644e-16 -2.206035e-22 -1.000000e+00
    outer loop
      vertex   1.070388e+01 4.935916e+00 -2.384186e-06
      vertex   1.180464e+01 5.014708e+00 -2.384186e-06
      vertex   2.041200e+01 -5.032202e+00 -2.384186e-06
    endloop
  endfacet
  facet normal 1.224644e-16 -2.256215e-22 -1.000000e+00
    outer loop
      vertex   2.041200e+01 -5.032202e+00 -2.384186e-06
      vertex   1.180464e+01 5.014708e+00 -2.384186e-06
      vertex   1.289434e+01 5.189138e+00 -2.384186e-06
    endloop
  endfacet
  facet normal 1.224648e-16 3.720046e-23 -1.000000e+00
    outer loop
      vertex   2.041200e+01 -5.032202e+00 -2.384186e-06
      vertex   1.289434e+01 5.189138e+00 -2.384186e-06
      vertex   1.396469e+01 5.457877e+00 -2.384186e-06
    endloop
  endfacet
  facet normal 1.224649e-16 1.483410e-22 -1.000000e+00
    outer loop
      vertex   1.396469e+01 5.457877e+00 -2.384186e-06
      vertex   1.500754e+01 5.818881e+00 -2.384186e-06
      vertex   2.041200e+01 -5.032202e+00 -2.384186e-06
    endloop
  endfacet
  facet normal 1.415168e-16 2.272709e-17 -1.000000e+00
    outer loop
      vertex   8.963475e+00 2.891630e+01 -2.384186e-06
      vertex   1.000000e+01 2.899560e+01 -2.384186e-06
      vertex   2.175555e+01 1.819270e+01 -2.384186e-06
    endloop
  endfacet
  facet normal 1.014250e-16 -2.090020e-17 -1.000000e+00
    outer loop
      vertex   2.175555e+01 1.819270e+01 -2.384186e-06
      vertex   1.000000e+01 2.899560e+01 -2.384186e-06
      vertex   1.103944e+01 2.898031e+01 -2.384186e-06
    endloop
  endfacet
  facet normal 1.224646e-16 -1.576649e-23 -1.000000e+00
    outer loop
      vertex   2.175555e+01 1.819270e+01 -2.384186e-06
      vertex   1.103944e+01 2.898031e+01 -2.384186e-06
      vertex   1.207319e+01 2.887056e+01 -2.384186e-06
    endloop
  endfacet
  facet normal 1.224643e-16 -3.664272e-22 -1.000000e+00
    outer loop
      vertex   1.207319e+01 2.887056e+01 -2.384186e-06
      vertex   1.309267e+01 2.866726e+01 -2.384186e-06
      vertex   2.175555e+01 1.819270e+01 -2.384186e-06
    endloop
  endfacet
  facet normal 1.224648e-16 5.374388e-23 -1.000000e+00
    outer loop
      vertex   2.175555e+01 1.819270e+01 -2.384186e-06
      vertex   1.309267e+01 2.866726e+01 -2.384186e-06
      vertex   1.408944e+01 2.837211e+01 -2.384186e-06
    endloop
  endfacet
  facet normal 1.224644e-16 -2.437834e-22 -1.000000e+00
    outer loop
      vertex   2.175555e+01 1.819270e+01 -2.384186e-06
      vertex   1.408944e+01 2.837211e+01 -2.384186e-06
      vertex   1.505524e+01 2.798753e+01 -2.384186e-06
    endloop
  endfacet
  facet normal 1.224647e-16 -4.580087e-23 -1.000000e+00
    outer loop
      vertex   1.505524e+01 2.798753e+01 -2.384186e-06
      vertex   1.598207e+01 2.751672e+01 -2.384186e-06
      vertex   2.175555e+01 1.819270e+01 -2.384186e-06
    endloop
  endfacet
  facet normal 1.224649e-16 7.003098e-23 -1.000000e+00
    outer loop
      vertex   2.175555e+01 1.819270e+01 -2.384186e-06
      vertex   1.598207e+01 2.751672e+01 -2.384186e-06
      vertex   1.686224e+01 2.696358e+01 -2.384186e-06
    endloop
  endfacet
  facet normal 1.224642e-16 -3.009003e-22 -1.000000e+00
    outer loop
      vertex   2.175555e+01 1.819270e+01 -2.384186e-06
      vertex   1.686224e+01 2.696358e+01 -2.384186e-06
      vertex   1.768847e+01 2.633269e+01 -2.384186e-06
    endloop
  endfacet
  facet normal 1.224650e-16 1.136699e-22 -1.000000e+00
    outer loop
      vertex   1.768847e+01 2.633269e+01 -2.384186e-06
      vertex   1.845391e+01 2.562929e+01 -2.384186e-06
      vertex   2.175555e+01 1.819270e+01 -2.384186e-06
    endloop
  endfacet
  facet normal 1.224651e-16 1.414562e-22 -1.000000e+00
    outer loop
      vertex   2.175555e+01 1.819270e+01 -2.384186e-06
      vertex   1.845391e+01 2.562929e+01 -2.384186e-06
      vertex   1.915221e+01 2.485919e+01 -2.384186e-06
    endloop
  endfacet
  facet normal 1.224654e-16 2.822105e-22 -1.000000e+00
    outer loop
      vertex   2.175555e+01 1.819270e+01 -2.384186e-06
      vertex   1.915221e+01 2.485919e+01 -2.384186e-06
      vertex   1.977758e+01 2.402878e+01 -2.384186e-06
    endloop
  endfacet
  facet normal 1.224634e-16 -4.117070e-22 -1.000000e+00
    outer loop
      vertex   1.977758e+01 2.402878e+01 -2.384186e-06
      vertex   2.032486e+01 2.314495e+01 -2.384186e-06
      vertex   2.175555e+01 1.819270e+01 -2.384186e-06
    endloop
  endfacet
  facet normal 1.224648e-16 -8.016526e-24 -1.000000e+00
    outer loop
      vertex   2.175555e+01 1.819270e+01 -2.384186e-06
      vertex   2.032486e+01 2.314495e+01 -2.384186e-06
      vertex   2.078949e+01 2.221501e+01 -2.384186e-06
    endloop
  endfacet
  facet normal 1.224656e-16 1.813796e-22 -1.000000e+00
    outer loop
      vertex   2.175555e+01 1.819270e+01 -2.384186e-06
      vertex   2.078949e+01 2.221501e+01 -2.384186e-06
      vertex   2.116764e+01 2.124668e+01 -2.384186e-06
    endloop
  endfacet
  facet normal 1.224635e-16 -2.211810e-22 -1.000000e+00
    outer loop
      vertex   2.116764e+01 2.124668e+01 -2.384186e-06
      vertex   2.145617e+01 2.024796e+01 -2.384186e-06
      vertex   2.175555e+01 1.819270e+01 -2.384186e-06
    endloop
  endfacet
  facet normal 1.224669e-16 2.697971e-22 -1.000000e+00
    outer loop
      vertex   2.175555e+01 1.819270e+01 -2.384186e-06
      vertex   2.145617e+01 2.024796e+01 -2.384186e-06
      vertex   2.165268e+01 1.922715e+01 -2.384186e-06
    endloop
  endfacet
  facet normal 1.224651e-16 4.653652e-22 -1.000000e+00
    outer loop
      vertex   2.175555e+01 1.819270e+01 -2.384186e-06
      vertex   2.176393e+01 1.715318e+01 -2.384186e-06
      vertex   8.963475e+00 2.891630e+01 -2.384186e-06
    endloop
  endfacet
  facet normal 1.224650e-16 3.301896e-22 -1.000000e+00
    outer loop
      vertex   8.963475e+00 2.891630e+01 -2.384186e-06
      vertex   2.176393e+01 1.715318e+01 -2.384186e-06
      vertex   7.938456e+00 2.874307e+01 -2.384186e-06
    endloop
  endfacet
  facet normal 1.224646e-16 -1.069163e-22 -1.000000e+00
    outer loop
      vertex   7.938456e+00 2.874307e+01 -2.384186e-06
      vertex   2.176393e+01 1.715318e+01 -2.384186e-06
      vertex   6.933435e+00 2.847736e+01 -2.384186e-06
    endloop
  endfacet
  facet normal 1.224643e-16 -4.739273e-22 -1.000000e+00
    outer loop
      vertex   6.933435e+00 2.847736e+01 -2.384186e-06
      vertex   2.176393e+01 1.715318e+01 -2.384186e-06
      vertex   5.956742e+00 2.812135e+01 -2.384186e-06
    endloop
  endfacet
  facet normal 1.224649e-16 4.281862e-22 -1.000000e+00
    outer loop
      vertex   5.956742e+00 2.812135e+01 -2.384186e-06
      vertex   2.176393e+01 1.715318e+01 -2.384186e-06
      vertex   5.016468e+00 2.767800e+01 -2.384186e-06
    endloop
  endfacet
  facet normal 1.224647e-16 1.114031e-22 -1.000000e+00
    outer loop
      vertex   5.016468e+00 2.767800e+01 -2.384186e-06
      vertex   2.176393e+01 1.715318e+01 -2.384186e-06
      vertex   4.120406e+00 2.715099e+01 -2.384186e-06
    endloop
  endfacet
  facet normal 1.224646e-16 -1.741398e-22 -1.000000e+00
    outer loop
      vertex   4.120406e+00 2.715099e+01 -2.384186e-06
      vertex   2.176393e+01 1.715318e+01 -2.384186e-06
      vertex   3.275980e+00 2.654468e+01 -2.384186e-06
    endloop
  endfacet
  facet normal 1.224649e-16 4.586452e-22 -1.000000e+00
    outer loop
      vertex   3.275980e+00 2.654468e+01 -2.384186e-06
      vertex   2.176393e+01 1.715318e+01 -2.384186e-06
      vertex   2.490188e+00 2.586409e+01 -2.384186e-06
    endloop
  endfacet
  facet normal 1.224644e-16 -5.736766e-22 -1.000000e+00
    outer loop
      vertex   2.490188e+00 2.586409e+01 -2.384186e-06
      vertex   2.176393e+01 1.715318e+01 -2.384186e-06
      vertex   1.769541e+00 2.511486e+01 -2.384186e-06
    endloop
  endfacet
  facet normal 1.224648e-16 2.946013e-22 -1.000000e+00
    outer loop
      vertex   1.769541e+00 2.511486e+01 -2.384186e-06
      vertex   2.176393e+01 1.715318e+01 -2.384186e-06
      vertex   1.120010e+00 2.430321e+01 -2.384186e-06
    endloop
  endfacet
  facet normal 1.224647e-16 8.003403e-23 -1.000000e+00
    outer loop
      vertex   1.120010e+00 2.430321e+01 -2.384186e-06
      vertex   2.176393e+01 1.715318e+01 -2.384186e-06
      vertex   5.469780e-01 2.343585e+01 -2.384186e-06
    endloop
  endfacet
  facet normal 1.224646e-16 -1.158999e-22 -1.000000e+00
    outer loop
      vertex   5.469780e-01 2.343585e+01 -2.384186e-06
      vertex   2.176393e+01 1.715318e+01 -2.384186e-06
      vertex   5.519300e-02 2.251998e+01 -2.384186e-06
    endloop
  endfacet
  facet normal 1.224647e-16 2.348579e-22 -1.000000e+00
    outer loop
      vertex   5.519300e-02 2.251998e+01 -2.384186e-06
      vertex   2.176393e+01 1.715318e+01 -2.384186e-06
      vertex   -3.512698e-01 2.156319e+01 -2.384186e-06
    endloop
  endfacet
  facet normal 1.224646e-16 -2.545612e-22 -1.000000e+00
    outer loop
      vertex   -3.512698e-01 2.156319e+01 -2.384186e-06
      vertex   2.176393e+01 1.715318e+01 -2.384186e-06
      vertex   -6.690425e-01 2.057339e+01 -2.384186e-06
    endloop
  endfacet
  facet normal 1.224646e-16 -1.716945e-22 -1.000000e+00
    outer loop
      vertex   -6.690425e-01 2.057339e+01 -2.384186e-06
      vertex   2.176393e+01 1.715318e+01 -2.384186e-06
      vertex   -8.954918e-01 1.955880e+01 -2.384186e-06
    endloop
  endfacet
  facet normal 1.224647e-16 1.488625e-22 -1.000000e+00
    outer loop
      vertex   -8.954918e-01 1.955880e+01 -2.384186e-06
      vertex   2.176393e+01 1.715318e+01 -2.384186e-06
      vertex   -1.028741e+00 1.852782e+01 -2.384186e-06
    endloop
  endfacet
  facet normal 1.224647e-16 1.757636e-22 -1.000000e+00
    outer loop
      vertex   -1.028741e+00 1.852782e+01 -2.384186e-06
      vertex   2.176393e+01 1.715318e+01 -2.384186e-06
      vertex   -1.067687e+00 1.748900e+01 -2.384186e-06
    endloop
  endfacet
  facet normal 1.224647e-16 3.335654e-22 -1.000000e+00
    outer loop
      vertex   -1.067687e+00 1.748900e+01 -2.384186e-06
      vertex   2.176393e+01 1.715318e+01 -2.384186e-06
      vertex   -1.012006e+00 1.645094e+01 -2.384186e-06
    endloop
  endfacet
  facet normal 1.224647e-16 -3.825328e-22 -1.000000e+00
    outer loop
      vertex   -1.012006e+00 1.645094e+01 -2.384186e-06
      vertex   2.176393e+01 1.715318e+01 -2.384186e-06
      vertex   2.167774e+01 1.611721e+01 -2.384186e-06
    endloop
  endfacet
  facet normal 1.224647e-16 -8.349855e-23 -1.000000e+00
    outer loop
      vertex   -1.012006e+00 1.645094e+01 -2.384186e-06
      vertex   2.167774e+01 1.611721e+01 -2.384186e-06
      vertex   -8.621596e-01 1.542224e+01 -2.384186e-06
    endloop
  endfacet
  facet normal 1.224647e-16 2.096095e-22 -1.000000e+00
    outer loop
      vertex   -8.621596e-01 1.542224e+01 -2.384186e-06
      vertex   2.167774e+01 1.611721e+01 -2.384186e-06
      vertex   2.149770e+01 1.509336e+01 -2.384186e-06
    endloop
  endfacet
  facet normal 1.224647e-16 -1.168861e-22 -1.000000e+00
    outer loop
      vertex   -8.621596e-01 1.542224e+01 -2.384186e-06
      vertex   2.149770e+01 1.509336e+01 -2.384186e-06
      vertex   -6.193897e-01 1.441143e+01 -2.384186e-06
    endloop
  endfacet
  facet normal 1.224647e-16 -2.831021e-22 -1.000000e+00
    outer loop
      vertex   -6.193897e-01 1.441143e+01 -2.384186e-06
      vertex   2.149770e+01 1.509336e+01 -2.384186e-06
      vertex   2.122531e+01 1.409013e+01 -2.384186e-06
    endloop
  endfacet
  facet normal 1.224647e-16 -1.725549e-23 -1.000000e+00
    outer loop
      vertex   -6.193897e-01 1.441143e+01 -2.384186e-06
      vertex   2.122531e+01 1.409013e+01 -2.384186e-06
      vertex   -2.857079e-01 1.342689e+01 -2.384186e-06
    endloop
  endfacet
  facet normal 1.224647e-16 3.634101e-22 -1.000000e+00
    outer loop
      vertex   -2.857079e-01 1.342689e+01 -2.384186e-06
      vertex   2.122531e+01 1.409013e+01 -2.384186e-06
      vertex   2.086282e+01 1.311583e+01 -2.384186e-06
    endloop
  endfacet
  facet normal 1.224647e-16 -6.070953e-22 -1.000000e+00
    outer loop
      vertex   -2.857079e-01 1.342689e+01 -2.384186e-06
      vertex   2.086282e+01 1.311583e+01 -2.384186e-06
      vertex   1.361208e-01 1.247677e+01 -2.384186e-06
    endloop
  endfacet
  facet normal 1.224647e-16 -2.877010e-23 -1.000000e+00
    outer loop
      vertex   1.361208e-01 1.247677e+01 -2.384186e-06
      vertex   2.086282e+01 1.311583e+01 -2.384186e-06
      vertex   2.041323e+01 1.217852e+01 -2.384186e-06
    endloop
  endfacet
  facet normal 1.224647e-16 7.427351e-22 -1.000000e+00
    outer loop
      vertex   1.361208e-01 1.247677e+01 -2.384186e-06
      vertex   2.041323e+01 1.217852e+01 -2.384186e-06
      vertex   6.426010e-01 1.156894e+01 -2.384186e-06
    endloop
  endfacet
  facet normal 1.224647e-16 -3.767384e-22 -1.000000e+00
    outer loop
      vertex   6.426010e-01 1.156894e+01 -2.384186e-06
      vertex   2.041323e+01 1.217852e+01 -2.384186e-06
      vertex   1.988027e+01 1.128598e+01 -2.384186e-06
    endloop
  endfacet
  facet normal 1.224647e-16 -4.790572e-22 -1.000000e+00
    outer loop
      vertex   6.426010e-01 1.156894e+01 -2.384186e-06
      vertex   1.988027e+01 1.128598e+01 -2.384186e-06
      vertex   1.229536e+00 1.071093e+01 -2.384186e-06
    endloop
  endfacet
  facet normal 1.224647e-16 2.922179e-22 -1.000000e+00
    outer loop
      vertex   1.229536e+00 1.071093e+01 -2.384186e-06
      vertex   1.988027e+01 1.128598e+01 -2.384186e-06
      vertex   1.926835e+01 1.044561e+01 -2.384186e-06
    endloop
  endfacet
  facet normal 1.224647e-16 2.040319e-23 -1.000000e+00
    outer loop
      vertex   1.229536e+00 1.071093e+01 -2.384186e-06
      vertex   1.926835e+01 1.044561e+01 -2.384186e-06
      vertex   1.892062e+00 9.909851e+00 -2.384186e-06
    endloop
  endfacet
  facet normal 1.224647e-16 7.126075e-23 -1.000000e+00
    outer loop
      vertex   1.892062e+00 9.909851e+00 -2.384186e-06
      vertex   1.926835e+01 1.044561e+01 -2.384186e-06
      vertex   1.858255e+01 9.664360e+00 -2.384186e-06
    endloop
  endfacet
  facet normal 1.224647e-16 3.578218e-22 -1.000000e+00
    outer loop
      vertex   1.892062e+00 9.909851e+00 -2.384186e-06
      vertex   1.858255e+01 9.664360e+00 -2.384186e-06
      vertex   2.624689e+00 9.172336e+00 -2.384186e-06
    endloop
  endfacet
  facet normal 1.224647e-16 -6.844252e-22 -1.000000e+00
    outer loop
      vertex   2.624689e+00 9.172336e+00 -2.384186e-06
      vertex   1.858255e+01 9.664360e+00 -2.384186e-06
      vertex   1.782855e+01 8.948711e+00 -2.384186e-06
    endloop
  endfacet
  facet normal 1.224647e-16 -7.444028e-22 -1.000000e+00
    outer loop
      vertex   2.624689e+00 9.172336e+00 -2.384186e-06
      vertex   1.782855e+01 8.948711e+00 -2.384186e-06
      vertex   3.421347e+00 8.504498e+00 -2.384186e-06
    endloop
  endfacet
  facet normal 1.224647e-16 2.122805e-22 -1.000000e+00
    outer loop
      vertex   3.421347e+00 8.504498e+00 -2.384186e-06
      vertex   1.782855e+01 8.948711e+00 -2.384186e-06
      vertex   1.701259e+01 8.304592e+00 -2.384186e-06
    endloop
  endfacet
  facet normal 1.224647e-16 3.682168e-23 -1.000000e+00
    outer loop
      vertex   3.421347e+00 8.504498e+00 -2.384186e-06
      vertex   1.701259e+01 8.304592e+00 -2.384186e-06
      vertex   4.275434e+00 7.911870e+00 -2.384186e-06
    endloop
  endfacet
  facet normal 1.224647e-16 6.633828e-22 -1.000000e+00
    outer loop
      vertex   4.275434e+00 7.911870e+00 -2.384186e-06
      vertex   1.701259e+01 8.304592e+00 -2.384186e-06
      vertex   1.614145e+01 7.737340e+00 -2.384186e-06
    endloop
  endfacet
  facet normal 1.224647e-16 6.887162e-22 -1.000000e+00
    outer loop
      vertex   4.275434e+00 7.911870e+00 -2.384186e-06
      vertex   1.614145e+01 7.737340e+00 -2.384186e-06
      vertex   5.179872e+00 7.399365e+00 -2.384186e-06
    endloop
  endfacet
  facet normal 1.224647e-16 -2.728642e-22 -1.000000e+00
    outer loop
      vertex   5.179872e+00 7.399365e+00 -2.384186e-06
      vertex   1.614145e+01 7.737340e+00 -2.384186e-06
      vertex   1.522233e+01 7.251656e+00 -2.384186e-06
    endloop
  endfacet
  facet normal 1.224647e-16 -3.900217e-22 -1.000000e+00
    outer loop
      vertex   5.179872e+00 7.399365e+00 -2.384186e-06
      vertex   1.522233e+01 7.251656e+00 -2.384186e-06
      vertex   6.127168e+00 6.971227e+00 -2.384186e-06
    endloop
  endfacet
  facet normal 1.224647e-16 -1.506599e-22 -1.000000e+00
    outer loop
      vertex   6.127168e+00 6.971227e+00 -2.384186e-06
      vertex   1.522233e+01 7.251656e+00 -2.384186e-06
      vertex   1.426285e+01 6.851564e+00 -2.384186e-06
    endloop
  endfacet
  facet normal 1.224647e-16 6.574422e-22 -1.000000e+00
    outer loop
      vertex   6.127168e+00 6.971227e+00 -2.384186e-06
      vertex   1.426285e+01 6.851564e+00 -2.384186e-06
      vertex   7.109472e+00 6.631006e+00 -2.384186e-06
    endloop
  endfacet
  facet normal 1.224647e-16 -1.166147e-22 -1.000000e+00
    outer loop
      vertex   7.109472e+00 6.631006e+00 -2.384186e-06
      vertex   1.426285e+01 6.851564e+00 -2.384186e-06
      vertex   1.327096e+01 6.540380e+00 -2.384186e-06
    endloop
  endfacet
  facet normal 1.224647e-16 -3.266621e-22 -1.000000e+00
    outer loop
      vertex   7.109472e+00 6.631006e+00 -2.384186e-06
      vertex   1.327096e+01 6.540380e+00 -2.384186e-06
      vertex   8.118644e+00 6.381520e+00 -2.384186e-06
    endloop
  endfacet
  facet normal 1.224647e-16 -6.213034e-22 -1.000000e+00
    outer loop
      vertex   8.118644e+00 6.381520e+00 -2.384186e-06
      vertex   1.327096e+01 6.540380e+00 -2.384186e-06
      vertex   1.225489e+01 6.320683e+00 -2.384186e-06
    endloop
  endfacet
  facet normal 1.224647e-16 6.556318e-23 -1.000000e+00
    outer loop
      vertex   8.118644e+00 6.381520e+00 -2.384186e-06
      vertex   1.225489e+01 6.320683e+00 -2.384186e-06
      vertex   9.146322e+00 6.224837e+00 -2.384186e-06
    endloop
  endfacet
  facet normal 1.224647e-16 9.924940e-23 -1.000000e+00
    outer loop
      vertex   9.146322e+00 6.224837e+00 -2.384186e-06
      vertex   1.225489e+01 6.320683e+00 -2.384186e-06
      vertex   1.122305e+01 6.194292e+00 -2.384186e-06
    endloop
  endfacet
  facet normal 1.224647e-16 -1.914230e-21 -1.000000e+00
    outer loop
      vertex   9.146322e+00 6.224837e+00 -2.384186e-06
      vertex   1.122305e+01 6.194292e+00 -2.384186e-06
      vertex   1.018399e+01 6.162255e+00 -2.384186e-06
    endloop
  endfacet
  facet normal -1.580745e-02 -9.998751e-01 0.000000e+00
    outer loop
      vertex   1.110343e+01 3.020868e+01 -2.384186e-06
      vertex   1.000000e+01 3.022612e+01 9.999998e+00
      vertex   1.000000e+01 3.022612e+01 -2.384186e-06
    endloop
  endfacet
  facet normal 7.139755e-02 -9.974479e-01 0.000000e+00
    outer loop
      vertex   1.000000e+01 3.022612e+01 -2.384186e-06
      vertex   1.000000e+01 3.022612e+01 9.999998e+00
      vertex   8.899246e+00 3.014733e+01 9.999998e+00
    endloop
  endfacet
  facet normal 7.139755e-02 -9.974479e-01 1.257535e-17
    outer loop
      vertex   1.000000e+01 3.022612e+01 -2.384186e-06
      vertex   8.899246e+00 3.014733e+01 9.999998e+00
      vertex   8.899246e+00 3.014733e+01 -2.384186e-06
    endloop
  endfacet
  facet normal 1.580592e-01 -9.874296e-01 2.807695e-17
    outer loop
      vertex   8.899246e+00 3.014733e+01 -2.384186e-06
      vertex   8.899246e+00 3.014733e+01 9.999998e+00
      vertex   7.809548e+00 2.997290e+01 9.999998e+00
    endloop
  endfacet
  facet normal 1.580592e-01 -9.874296e-01 4.024113e-17
    outer loop
      vertex   8.899246e+00 3.014733e+01 -2.384186e-06
      vertex   7.809548e+00 2.997290e+01 9.999998e+00
      vertex   7.809548e+00 2.997290e+01 -2.384186e-06
    endloop
  endfacet
  facet normal 2.435179e-01 -9.698964e-01 6.488620e-17
    outer loop
      vertex   7.809548e+00 2.997290e+01 -2.384186e-06
      vertex   7.809548e+00 2.997290e+01 9.999998e+00
      vertex   6.739199e+00 2.970416e+01 9.999998e+00
    endloop
  endfacet
  facet normal 2.435179e-01 -9.698964e-01 6.539183e-17
    outer loop
      vertex   7.809548e+00 2.997290e+01 -2.384186e-06
      vertex   6.739199e+00 2.970416e+01 9.999998e+00
      vertex   6.739199e+00 2.970416e+01 -2.384186e-06
    endloop
  endfacet
  facet normal 3.271233e-01 -9.449817e-01 8.716315e-17
    outer loop
      vertex   6.739199e+00 2.970416e+01 -2.384186e-06
      vertex   6.739199e+00 2.970416e+01 9.999998e+00
      vertex   5.696345e+00 2.934316e+01 9.999998e+00
    endloop
  endfacet
  facet normal 3.271233e-01 -9.449817e-01 9.054254e-17
    outer loop
      vertex   6.739199e+00 2.970416e+01 -2.384186e-06
      vertex   5.696345e+00 2.934316e+01 9.999998e+00
      vertex   5.696345e+00 2.934316e+01 -2.384186e-06
    endloop
  endfacet
  facet normal 4.082390e-01 -9.128751e-01 1.087767e-16
    outer loop
      vertex   5.696345e+00 2.934316e+01 -2.384186e-06
      vertex   5.696345e+00 2.934316e+01 9.999998e+00
      vertex   4.688923e+00 2.889264e+01 9.999998e+00
    endloop
  endfacet
  facet normal 4.082390e-01 -9.128751e-01 1.106631e-16
    outer loop
      vertex   5.696345e+00 2.934316e+01 -2.384186e-06
      vertex   4.688923e+00 2.889264e+01 9.999998e+00
      vertex   4.688923e+00 2.889264e+01 -2.384186e-06
    endloop
  endfacet
  facet normal 4.862479e-01 -8.738209e-01 1.295625e-16
    outer loop
      vertex   4.688923e+00 2.889264e+01 -2.384186e-06
      vertex   4.688923e+00 2.889264e+01 9.999998e+00
      vertex   3.724600e+00 2.835603e+01 9.999998e+00
    endloop
  endfacet
  facet normal 4.862479e-01 -8.738209e-01 1.307837e-16
    outer loop
      vertex   4.688923e+00 2.889264e+01 -2.384186e-06
      vertex   3.724600e+00 2.835603e+01 9.999998e+00
      vertex   3.724600e+00 2.835603e+01 -2.384186e-06
    endloop
  endfacet
  facet normal 5.605561e-01 -8.281165e-01 1.493621e-16
    outer loop
      vertex   3.724600e+00 2.835603e+01 -2.384186e-06
      vertex   3.724600e+00 2.835603e+01 9.999998e+00
      vertex   2.810715e+00 2.773742e+01 9.999998e+00
    endloop
  endfacet
  facet normal 5.605561e-01 -8.281165e-01 1.509042e-16
    outer loop
      vertex   3.724600e+00 2.835603e+01 -2.384186e-06
      vertex   2.810715e+00 2.773742e+01 9.999998e+00
      vertex   2.810715e+00 2.773742e+01 -2.384186e-06
    endloop
  endfacet
  facet normal 6.305981e-01 -7.761096e-01 1.680251e-16
    outer loop
      vertex   2.810715e+00 2.773742e+01 -2.384186e-06
      vertex   2.810715e+00 2.773742e+01 9.999998e+00
      vertex   1.954223e+00 2.704151e+01 9.999998e+00
    endloop
  endfacet
  facet normal 6.305981e-01 -7.761096e-01 1.408439e-16
    outer loop
      vertex   2.810715e+00 2.773742e+01 -2.384186e-06
      vertex   1.954223e+00 2.704151e+01 9.999998e+00
      vertex   1.954223e+00 2.704151e+01 -2.384186e-06
    endloop
  endfacet
  facet normal 6.958409e-01 -7.181960e-01 1.545077e-16
    outer loop
      vertex   1.954223e+00 2.704151e+01 -2.384186e-06
      vertex   1.954223e+00 2.704151e+01 9.999998e+00
      vertex   1.161643e+00 2.627360e+01 9.999998e+00
    endloop
  endfacet
  facet normal 6.958409e-01 -7.181960e-01 1.609645e-16
    outer loop
      vertex   1.954223e+00 2.704151e+01 -2.384186e-06
      vertex   1.161643e+00 2.627360e+01 9.999998e+00
      vertex   1.161643e+00 2.627360e+01 -2.384186e-06
    endloop
  endfacet
  facet normal 7.557879e-01 -6.548165e-01 1.678186e-16
    outer loop
      vertex   1.161643e+00 2.627360e+01 -2.384186e-06
      vertex   1.161643e+00 2.627360e+01 9.999998e+00
      vertex   4.390071e-01 2.543953e+01 9.999998e+00
    endloop
  endfacet
  facet normal 7.557879e-01 -6.548165e-01 1.710248e-16
    outer loop
      vertex   1.161643e+00 2.627360e+01 -2.384186e-06
      vertex   4.390071e-01 2.543953e+01 9.999998e+00
      vertex   4.390071e-01 2.543953e+01 -2.384186e-06
    endloop
  endfacet
  facet normal 8.099829e-01 -5.864535e-01 1.798523e-16
    outer loop
      vertex   4.390071e-01 2.543953e+01 -2.384186e-06
      vertex   4.390071e-01 2.543953e+01 9.999998e+00
      vertex   -2.081857e-01 2.454566e+01 9.999998e+00
    endloop
  endfacet
  facet normal 8.099829e-01 -5.864535e-01 1.810851e-16
    outer loop
      vertex   4.390071e-01 2.543953e+01 -2.384186e-06
      vertex   -2.081857e-01 2.454566e+01 9.999998e+00
      vertex   -2.081857e-01 2.454566e+01 -2.384186e-06
    endloop
  endfacet
  facet normal 8.580135e-01 -5.136272e-01 1.905173e-16
    outer loop
      vertex   -2.081857e-01 2.454566e+01 -2.384186e-06
      vertex   -2.081857e-01 2.454566e+01 9.999998e+00
      vertex   -7.750095e-01 2.359878e+01 9.999998e+00
    endloop
  endfacet
  facet normal 8.580135e-01 -5.136272e-01 1.911454e-16
    outer loop
      vertex   -2.081857e-01 2.454566e+01 -2.384186e-06
      vertex   -7.750095e-01 2.359878e+01 9.999998e+00
      vertex   -7.750095e-01 2.359878e+01 -2.384186e-06
    endloop
  endfacet
  facet normal 8.995140e-01 -4.368919e-01 1.997322e-16
    outer loop
      vertex   -7.750095e-01 2.359878e+01 -2.384186e-06
      vertex   -7.750095e-01 2.359878e+01 9.999998e+00
      vertex   -1.257150e+00 2.260610e+01 9.999998e+00
    endloop
  endfacet
  facet normal 8.995140e-01 -4.368919e-01 2.012056e-16
    outer loop
      vertex   -7.750095e-01 2.359878e+01 -2.384186e-06
      vertex   -1.257150e+00 2.260610e+01 9.999998e+00
      vertex   -1.257150e+00 2.260610e+01 -2.384186e-06
    endloop
  endfacet
  facet normal 9.341687e-01 -3.568316e-01 2.074271e-16
    outer loop
      vertex   -1.257150e+00 2.260610e+01 -2.384186e-06
      vertex   -1.257150e+00 2.260610e+01 9.999998e+00
      vertex   -1.650939e+00 2.157518e+01 9.999998e+00
    endloop
  endfacet
  facet normal 9.341687e-01 -3.568316e-01 2.062358e-16
    outer loop
      vertex   -1.257150e+00 2.260610e+01 -2.384186e-06
      vertex   -1.650939e+00 2.157518e+01 9.999998e+00
      vertex   -1.650939e+00 2.157518e+01 -2.384186e-06
    endloop
  endfacet
  facet normal 9.617139e-01 -2.740555e-01 2.135434e-16
    outer loop
      vertex   -1.650939e+00 2.157518e+01 -2.384186e-06
      vertex   -1.650939e+00 2.157518e+01 9.999998e+00
      vertex   -1.953379e+00 2.051386e+01 9.999998e+00
    endloop
  endfacet
  facet normal 9.617139e-01 -2.740555e-01 2.112659e-16
    outer loop
      vertex   -1.650939e+00 2.157518e+01 -2.384186e-06
      vertex   -1.953379e+00 2.051386e+01 9.999998e+00
      vertex   -1.953379e+00 2.051386e+01 -2.384186e-06
    endloop
  endfacet
  facet normal 9.819398e-01 -1.891938e-01 2.180344e-16
    outer loop
      vertex   -1.953379e+00 2.051386e+01 -2.384186e-06
      vertex   -1.953379e+00 2.051386e+01 9.999998e+00
      vertex   -2.162168e+00 1.943022e+01 9.999998e+00
    endloop
  endfacet
  facet normal 9.819398e-01 -1.891938e-01 2.188111e-16
    outer loop
      vertex   -1.953379e+00 2.051386e+01 -2.384186e-06
      vertex   -2.162168e+00 1.943022e+01 9.999998e+00
      vertex   -2.162168e+00 1.943022e+01 -2.384186e-06
    endloop
  endfacet
  facet normal 9.946925e-01 -1.028922e-01 2.208661e-16
    outer loop
      vertex   -2.162168e+00 1.943022e+01 -2.384186e-06
      vertex   -2.162168e+00 1.943022e+01 9.999998e+00
      vertex   -2.275716e+00 1.833251e+01 9.999998e+00
    endloop
  endfacet
  facet normal 9.946925e-01 -1.028922e-01 2.200687e-16
    outer loop
      vertex   -2.162168e+00 1.943022e+01 -2.384186e-06
      vertex   -2.275716e+00 1.833251e+01 9.999998e+00
      vertex   -2.275716e+00 1.833251e+01 -2.384186e-06
    endloop
  endfacet
  facet normal 9.998751e-01 -1.580745e-02 2.220169e-16
    outer loop
      vertex   -2.275716e+00 1.833251e+01 -2.384186e-06
      vertex   -2.275716e+00 1.833251e+01 9.999998e+00
      vertex   -2.293161e+00 1.722908e+01 9.999998e+00
    endloop
  endfacet
  facet normal 9.998751e-01 -1.580745e-02 2.219550e-16
    outer loop
      vertex   -2.275716e+00 1.833251e+01 -2.384186e-06
      vertex   -2.293161e+00 1.722908e+01 9.999998e+00
      vertex   -2.293161e+00 1.722908e+01 -2.384186e-06
    endloop
  endfacet
  facet normal 9.974479e-01 7.139755e-02 2.214779e-16
    outer loop
      vertex   -2.293161e+00 1.722908e+01 -2.384186e-06
      vertex   -2.293161e+00 1.722908e+01 9.999998e+00
      vertex   -2.214369e+00 1.612832e+01 9.999998e+00
    endloop
  endfacet
  facet normal 9.974479e-01 7.139755e-02 2.213262e-16
    outer loop
      vertex   -2.293161e+00 1.722908e+01 -2.384186e-06
      vertex   -2.214369e+00 1.612832e+01 9.999998e+00
      vertex   -2.214369e+00 1.612832e+01 -2.384186e-06
    endloop
  endfacet
  facet normal 9.874296e-01 1.580592e-01 2.192534e-16
    outer loop
      vertex   -2.214369e+00 1.612832e+01 -2.384186e-06
      vertex   -2.214369e+00 1.612832e+01 9.999998e+00
      vertex   -2.039939e+00 1.503862e+01 9.999998e+00
    endloop
  endfacet
  facet normal 9.874296e-01 1.580592e-01 2.188111e-16
    outer loop
      vertex   -2.214369e+00 1.612832e+01 -2.384186e-06
      vertex   -2.039939e+00 1.503862e+01 9.999998e+00
      vertex   -2.039939e+00 1.503862e+01 -2.384186e-06
    endloop
  endfacet
  facet normal 9.698964e-01 2.435179e-01 2.153603e-16
    outer loop
      vertex   -2.039939e+00 1.503862e+01 -2.384186e-06
      vertex   -2.039939e+00 1.503862e+01 9.999998e+00
      vertex   -1.771200e+00 1.396828e+01 9.999998e+00
    endloop
  endfacet
  facet normal 9.698964e-01 2.435179e-01 2.162961e-16
    outer loop
      vertex   -2.039939e+00 1.503862e+01 -2.384186e-06
      vertex   -1.771200e+00 1.396828e+01 9.999998e+00
      vertex   -1.771200e+00 1.396828e+01 -2.384186e-06
    endloop
  endfacet
  facet normal 9.449817e-01 3.271233e-01 2.098281e-16
    outer loop
      vertex   -1.771200e+00 1.396828e+01 -2.384186e-06
      vertex   -1.771200e+00 1.396828e+01 9.999998e+00
      vertex   -1.410197e+00 1.292542e+01 9.999998e+00
    endloop
  endfacet
  facet normal 9.449817e-01 3.271233e-01 2.112659e-16
    outer loop
      vertex   -1.771200e+00 1.396828e+01 -2.384186e-06
      vertex   -1.410197e+00 1.292542e+01 9.999998e+00
      vertex   -1.410197e+00 1.292542e+01 -2.384186e-06
    endloop
  endfacet
  facet normal 9.128751e-01 4.082390e-01 2.026990e-16
    outer loop
      vertex   -1.410197e+00 1.292542e+01 -2.384186e-06
      vertex   -1.410197e+00 1.292542e+01 9.999998e+00
      vertex   -9.596760e-01 1.191800e+01 9.999998e+00
    endloop
  endfacet
  facet normal 9.128751e-01 4.082390e-01 2.012056e-16
    outer loop
      vertex   -1.410197e+00 1.292542e+01 -2.384186e-06
      vertex   -9.596760e-01 1.191800e+01 9.999998e+00
      vertex   -9.596760e-01 1.191800e+01 -2.384186e-06
    endloop
  endfacet
  facet normal 8.738209e-01 4.862479e-01 1.940272e-16
    outer loop
      vertex   -9.596760e-01 1.191800e+01 -2.384186e-06
      vertex   -9.596760e-01 1.191800e+01 9.999998e+00
      vertex   -4.230672e-01 1.095368e+01 9.999998e+00
    endloop
  endfacet
  facet normal 8.738209e-01 4.862479e-01 1.911454e-16
    outer loop
      vertex   -9.596760e-01 1.191800e+01 -2.384186e-06
      vertex   -4.230672e-01 1.095368e+01 9.999998e+00
      vertex   -4.230672e-01 1.095368e+01 -2.384186e-06
    endloop
  endfacet
  facet normal 8.281165e-01 5.605561e-01 1.838788e-16
    outer loop
      vertex   -4.230672e-01 1.095368e+01 -2.384186e-06
      vertex   -4.230672e-01 1.095368e+01 9.999998e+00
      vertex   1.955460e-01 1.003979e+01 9.999998e+00
    endloop
  endfacet
  facet normal 8.281165e-01 5.605561e-01 1.810851e-16
    outer loop
      vertex   -4.230672e-01 1.095368e+01 -2.384186e-06
      vertex   1.955460e-01 1.003979e+01 9.999998e+00
      vertex   1.955460e-01 1.003979e+01 -2.384186e-06
    endloop
  endfacet
  facet normal 7.761096e-01 6.305981e-01 1.723309e-16
    outer loop
      vertex   1.955460e-01 1.003979e+01 -2.384186e-06
      vertex   1.955460e-01 1.003979e+01 9.999998e+00
      vertex   8.914554e-01 9.183300e+00 9.999998e+00
    endloop
  endfacet
  facet normal 7.761096e-01 6.305981e-01 1.710248e-16
    outer loop
      vertex   1.955460e-01 1.003979e+01 -2.384186e-06
      vertex   8.914554e-01 9.183300e+00 9.999998e+00
      vertex   8.914554e-01 9.183300e+00 -2.384186e-06
    endloop
  endfacet
  facet normal 7.181960e-01 6.958409e-01 1.594715e-16
    outer loop
      vertex   8.914554e-01 9.183300e+00 -2.384186e-06
      vertex   8.914554e-01 9.183300e+00 9.999998e+00
      vertex   1.659365e+00 8.390720e+00 9.999998e+00
    endloop
  endfacet
  facet normal 7.181960e-01 6.958409e-01 1.609645e-16
    outer loop
      vertex   8.914554e-01 9.183300e+00 -2.384186e-06
      vertex   1.659365e+00 8.390720e+00 9.999998e+00
      vertex   1.659365e+00 8.390720e+00 -2.384186e-06
    endloop
  endfacet
  facet normal 6.548165e-01 7.557879e-01 1.453985e-16
    outer loop
      vertex   1.659365e+00 8.390720e+00 -2.384186e-06
      vertex   1.659365e+00 8.390720e+00 9.999998e+00
      vertex   2.493430e+00 7.668084e+00 9.999998e+00
    endloop
  endfacet
  facet normal 6.548165e-01 7.557879e-01 1.207234e-16
    outer loop
      vertex   1.659365e+00 8.390720e+00 -2.384186e-06
      vertex   2.493430e+00 7.668084e+00 9.999998e+00
      vertex   2.493430e+00 7.668084e+00 -2.384186e-06
    endloop
  endfacet
  facet normal 5.864535e-01 8.099829e-01 1.041751e-16
    outer loop
      vertex   2.493430e+00 7.668084e+00 -2.384186e-06
      vertex   2.493430e+00 7.668084e+00 9.999998e+00
      vertex   3.387303e+00 7.020891e+00 9.999998e+00
    endloop
  endfacet
  facet normal 5.864535e-01 8.099829e-01 1.106631e-16
    outer loop
      vertex   2.493430e+00 7.668084e+00 -2.384186e-06
      vertex   3.387303e+00 7.020891e+00 9.999998e+00
      vertex   3.387303e+00 7.020891e+00 -2.384186e-06
    endloop
  endfacet
  facet normal 5.136272e-01 8.580135e-01 9.123852e-17
    outer loop
      vertex   3.387303e+00 7.020891e+00 -2.384186e-06
      vertex   3.387303e+00 7.020891e+00 9.999998e+00
      vertex   4.334182e+00 6.454068e+00 9.999998e+00
    endloop
  endfacet
  facet normal 5.136272e-01 8.580135e-01 1.408439e-16
    outer loop
      vertex   3.387303e+00 7.020891e+00 -2.384186e-06
      vertex   4.334182e+00 6.454068e+00 9.999998e+00
      vertex   4.334182e+00 6.454068e+00 -2.384186e-06
    endloop
  endfacet
  facet normal 4.368919e-01 8.995140e-01 1.164114e-16
    outer loop
      vertex   4.334182e+00 6.454068e+00 -2.384186e-06
      vertex   4.334182e+00 6.454068e+00 9.999998e+00
      vertex   5.326859e+00 5.971927e+00 9.999998e+00
    endloop
  endfacet
  facet normal 4.368919e-01 8.995140e-01 1.156932e-16
    outer loop
      vertex   4.334182e+00 6.454068e+00 -2.384186e-06
      vertex   5.326859e+00 5.971927e+00 9.999998e+00
      vertex   5.326859e+00 5.971927e+00 -2.384186e-06
    endloop
  endfacet
  facet normal 3.568316e-01 9.341687e-01 9.507903e-17
    outer loop
      vertex   5.326859e+00 5.971927e+00 -2.384186e-06
      vertex   5.326859e+00 5.971927e+00 9.999998e+00
      vertex   6.357780e+00 5.578138e+00 9.999998e+00
    endloop
  endfacet
  facet normal 3.568316e-01 9.341687e-01 6.036169e-17
    outer loop
      vertex   5.326859e+00 5.971927e+00 -2.384186e-06
      vertex   6.357780e+00 5.578138e+00 9.999998e+00
      vertex   6.357780e+00 5.578138e+00 -2.384186e-06
    endloop
  endfacet
  facet normal 2.740555e-01 9.617139e-01 4.868204e-17
    outer loop
      vertex   6.357780e+00 5.578138e+00 -2.384186e-06
      vertex   6.357780e+00 5.578138e+00 9.999998e+00
      vertex   7.419099e+00 5.275698e+00 9.999998e+00
    endloop
  endfacet
  facet normal 2.740555e-01 9.617139e-01 5.030141e-17
    outer loop
      vertex   6.357780e+00 5.578138e+00 -2.384186e-06
      vertex   7.419099e+00 5.275698e+00 9.999998e+00
      vertex   7.419099e+00 5.275698e+00 -2.384186e-06
    endloop
  endfacet
  facet normal 1.891938e-01 9.819398e-01 3.360757e-17
    outer loop
      vertex   7.419099e+00 5.275698e+00 -2.384186e-06
      vertex   7.419099e+00 5.275698e+00 9.999998e+00
      vertex   8.502739e+00 5.066910e+00 9.999998e+00
    endloop
  endfacet
  facet normal 1.891938e-01 9.819398e-01 3.269592e-17
    outer loop
      vertex   7.419099e+00 5.275698e+00 -2.384186e-06
      vertex   8.502739e+00 5.066910e+00 9.999998e+00
      vertex   8.502739e+00 5.066910e+00 -2.384186e-06
    endloop
  endfacet
  facet normal 1.028922e-01 9.946925e-01 1.827732e-17
    outer loop
      vertex   8.502739e+00 5.066910e+00 -2.384186e-06
      vertex   8.502739e+00 5.066910e+00 9.999998e+00
      vertex   9.600452e+00 4.953361e+00 9.999998e+00
    endloop
  endfacet
  facet normal 1.028922e-01 9.946925e-01 1.886303e-17
    outer loop
      vertex   8.502739e+00 5.066910e+00 -2.384186e-06
      vertex   9.600452e+00 4.953361e+00 9.999998e+00
      vertex   9.600452e+00 4.953361e+00 -2.384186e-06
    endloop
  endfacet
  facet normal 1.580745e-02 9.998751e-01 2.807968e-18
    outer loop
      vertex   9.600452e+00 4.953361e+00 -2.384186e-06
      vertex   9.600452e+00 4.953361e+00 9.999998e+00
      vertex   1.070388e+01 4.935916e+00 9.999998e+00
    endloop
  endfacet
  facet normal 1.580745e-02 9.998751e-01 2.829454e-18
    outer loop
      vertex   9.600452e+00 4.953361e+00 -2.384186e-06
      vertex   1.070388e+01 4.935916e+00 9.999998e+00
      vertex   1.070388e+01 4.935916e+00 -2.384186e-06
    endloop
  endfacet
  facet normal -7.139755e-02 9.974479e-01 -1.268275e-17
    outer loop
      vertex   1.070388e+01 4.935916e+00 -2.384186e-06
      vertex   1.070388e+01 4.935916e+00 9.999998e+00
      vertex   1.180464e+01 5.014708e+00 9.999998e+00
    endloop
  endfacet
  facet normal -7.139755e-02 9.974479e-01 -1.257535e-17
    outer loop
      vertex   1.070388e+01 4.935916e+00 -2.384186e-06
      vertex   1.180464e+01 5.014708e+00 9.999998e+00
      vertex   1.180464e+01 5.014708e+00 -2.384186e-06
    endloop
  endfacet
  facet normal -1.580592e-01 9.874296e-01 -2.807695e-17
    outer loop
      vertex   1.180464e+01 5.014708e+00 -2.384186e-06
      vertex   1.180464e+01 5.014708e+00 9.999998e+00
      vertex   1.289434e+01 5.189138e+00 9.999998e+00
    endloop
  endfacet
  facet normal -1.580592e-01 9.874296e-01 -2.766578e-17
    outer loop
      vertex   1.180464e+01 5.014708e+00 -2.384186e-06
      vertex   1.289434e+01 5.189138e+00 9.999998e+00
      vertex   1.289434e+01 5.189138e+00 -2.384186e-06
    endloop
  endfacet
  facet normal -2.435179e-01 9.698964e-01 -4.325746e-17
    outer loop
      vertex   1.289434e+01 5.189138e+00 -2.384186e-06
      vertex   1.289434e+01 5.189138e+00 9.999998e+00
      vertex   1.396469e+01 5.457877e+00 9.999998e+00
    endloop
  endfacet
  facet normal -2.435179e-01 9.698964e-01 -4.024113e-17
    outer loop
      vertex   1.289434e+01 5.189138e+00 -2.384186e-06
      vertex   1.396469e+01 5.457877e+00 9.999998e+00
      vertex   1.396469e+01 5.457877e+00 -2.384186e-06
    endloop
  endfacet
  facet normal -3.271233e-01 9.449817e-01 -5.810876e-17
    outer loop
      vertex   1.396469e+01 5.457877e+00 -2.384186e-06
      vertex   1.396469e+01 5.457877e+00 9.999998e+00
      vertex   1.500754e+01 5.818881e+00 9.999998e+00
    endloop
  endfacet
  facet normal -3.271233e-01 9.449817e-01 -1.156932e-16
    outer loop
      vertex   1.396469e+01 5.457877e+00 -2.384186e-06
      vertex   1.500754e+01 5.818881e+00 9.999998e+00
      vertex   1.500754e+01 5.818881e+00 -2.384186e-06
    endloop
  endfacet
  facet normal -4.082390e-01 9.128751e-01 -1.450356e-16
    outer loop
      vertex   1.500754e+01 5.818881e+00 -2.384186e-06
      vertex   1.500754e+01 5.818881e+00 9.999998e+00
      vertex   1.601496e+01 6.269401e+00 9.999998e+00
    endloop
  endfacet
  facet normal -4.082390e-01 9.128751e-01 0.000000e+00
    outer loop
      vertex   1.500754e+01 5.818881e+00 -2.384186e-06
      vertex   1.601496e+01 6.269401e+00 9.999998e+00
      vertex   1.601496e+01 6.269401e+00 -2.384186e-06
    endloop
  endfacet
  facet normal -4.862479e-01 8.738209e-01 0.000000e+00
    outer loop
      vertex   1.601496e+01 6.269401e+00 -2.384186e-06
      vertex   1.601496e+01 6.269401e+00 9.999998e+00
      vertex   1.697928e+01 6.806010e+00 9.999998e+00
    endloop
  endfacet
  facet normal -4.862479e-01 8.738209e-01 0.000000e+00
    outer loop
      vertex   1.601496e+01 6.269401e+00 -2.384186e-06
      vertex   1.697928e+01 6.806010e+00 9.999998e+00
      vertex   1.697928e+01 6.806010e+00 -2.384186e-06
    endloop
  endfacet
  facet normal -5.605561e-01 8.281165e-01 0.000000e+00
    outer loop
      vertex   1.697928e+01 6.806010e+00 -2.384186e-06
      vertex   1.697928e+01 6.806010e+00 9.999998e+00
      vertex   1.789317e+01 7.424623e+00 9.999998e+00
    endloop
  endfacet
  facet normal -5.605561e-01 8.281165e-01 -2.012056e-16
    outer loop
      vertex   1.697928e+01 6.806010e+00 -2.384186e-06
      vertex   1.789317e+01 7.424623e+00 9.999998e+00
      vertex   1.789317e+01 7.424623e+00 -2.384186e-06
    endloop
  endfacet
  facet normal -6.305981e-01 7.761096e-01 -2.240334e-16
    outer loop
      vertex   1.789317e+01 7.424623e+00 -2.384186e-06
      vertex   1.789317e+01 7.424623e+00 9.999998e+00
      vertex   1.874966e+01 8.120533e+00 9.999998e+00
    endloop
  endfacet
  facet normal -6.305981e-01 7.761096e-01 0.000000e+00
    outer loop
      vertex   1.789317e+01 7.424623e+00 -2.384186e-06
      vertex   1.874966e+01 8.120533e+00 9.999998e+00
      vertex   1.874966e+01 8.120533e+00 -2.384186e-06
    endloop
  endfacet
  facet normal -6.958409e-01 7.181960e-01 0.000000e+00
    outer loop
      vertex   1.874966e+01 8.120533e+00 -2.384186e-06
      vertex   1.874966e+01 8.120533e+00 9.999998e+00
      vertex   1.954224e+01 8.888442e+00 9.999998e+00
    endloop
  endfacet
  facet normal -6.958409e-01 7.181960e-01 0.000000e+00
    outer loop
      vertex   1.874966e+01 8.120533e+00 -2.384186e-06
      vertex   1.954224e+01 8.888442e+00 9.999998e+00
      vertex   1.954224e+01 8.888442e+00 -2.384186e-06
    endloop
  endfacet
  facet normal -7.557879e-01 6.548165e-01 0.000000e+00
    outer loop
      vertex   1.954224e+01 8.888442e+00 -2.384186e-06
      vertex   1.954224e+01 8.888442e+00 9.999998e+00
      vertex   2.026488e+01 9.722507e+00 9.999998e+00
    endloop
  endfacet
  facet normal -7.557879e-01 6.548165e-01 -2.615673e-16
    outer loop
      vertex   1.954224e+01 8.888442e+00 -2.384186e-06
      vertex   2.026488e+01 9.722507e+00 9.999998e+00
      vertex   2.026488e+01 9.722507e+00 -2.384186e-06
    endloop
  endfacet
  facet normal -8.099829e-01 5.864535e-01 -2.877637e-16
    outer loop
      vertex   2.026488e+01 9.722507e+00 -2.384186e-06
      vertex   2.026488e+01 9.722507e+00 9.999998e+00
      vertex   2.091207e+01 1.061638e+01 9.999998e+00
    endloop
  endfacet
  facet normal -8.099829e-01 5.864535e-01 0.000000e+00
    outer loop
      vertex   2.026488e+01 9.722507e+00 -2.384186e-06
      vertex   2.091207e+01 1.061638e+01 9.999998e+00
      vertex   2.091207e+01 1.061638e+01 -2.384186e-06
    endloop
  endfacet
  facet normal -8.580135e-01 5.136272e-01 0.000000e+00
    outer loop
      vertex   2.091207e+01 1.061638e+01 -2.384186e-06
      vertex   2.091207e+01 1.061638e+01 9.999998e+00
      vertex   2.147889e+01 1.156326e+01 9.999998e+00
    endloop
  endfacet
  facet normal -8.580135e-01 5.136272e-01 0.000000e+00
    outer loop
      vertex   2.091207e+01 1.061638e+01 -2.384186e-06
      vertex   2.147889e+01 1.156326e+01 9.999998e+00
      vertex   2.147889e+01 1.156326e+01 -2.384186e-06
    endloop
  endfacet
  facet normal -8.995140e-01 4.368919e-01 0.000000e+00
    outer loop
      vertex   2.147889e+01 1.156326e+01 -2.384186e-06
      vertex   2.147889e+01 1.156326e+01 9.999998e+00
      vertex   2.196104e+01 1.255594e+01 9.999998e+00
    endloop
  endfacet
  facet normal -8.995140e-01 4.368919e-01 -3.219290e-16
    outer loop
      vertex   2.147889e+01 1.156326e+01 -2.384186e-06
      vertex   2.196104e+01 1.255594e+01 9.999998e+00
      vertex   2.196104e+01 1.255594e+01 -2.384186e-06
    endloop
  endfacet
  facet normal -9.341687e-01 3.568316e-01 -3.318834e-16
    outer loop
      vertex   2.196104e+01 1.255594e+01 -2.384186e-06
      vertex   2.196104e+01 1.255594e+01 9.999998e+00
      vertex   2.235482e+01 1.358686e+01 9.999998e+00
    endloop
  endfacet
  facet normal -9.341687e-01 3.568316e-01 0.000000e+00
    outer loop
      vertex   2.196104e+01 1.255594e+01 -2.384186e-06
      vertex   2.235482e+01 1.358686e+01 9.999998e+00
      vertex   2.235482e+01 1.358686e+01 -2.384186e-06
    endloop
  endfacet
  facet normal -9.617139e-01 2.740555e-01 0.000000e+00
    outer loop
      vertex   2.235482e+01 1.358686e+01 -2.384186e-06
      vertex   2.235482e+01 1.358686e+01 9.999998e+00
      vertex   2.265726e+01 1.464818e+01 9.999998e+00
    endloop
  endfacet
  facet normal -9.617139e-01 2.740555e-01 0.000000e+00
    outer loop
      vertex   2.235482e+01 1.358686e+01 -2.384186e-06
      vertex   2.265726e+01 1.464818e+01 9.999998e+00
      vertex   2.265726e+01 1.464818e+01 -2.384186e-06
    endloop
  endfacet
  facet normal -9.819398e-01 1.891938e-01 0.000000e+00
    outer loop
      vertex   2.265726e+01 1.464818e+01 -2.384186e-06
      vertex   2.265726e+01 1.464818e+01 9.999998e+00
      vertex   2.286605e+01 1.573182e+01 9.999998e+00
    endloop
  endfacet
  facet normal -9.819398e-01 1.891938e-01 -3.470797e-16
    outer loop
      vertex   2.265726e+01 1.464818e+01 -2.384186e-06
      vertex   2.286605e+01 1.573182e+01 9.999998e+00
      vertex   2.286605e+01 1.573182e+01 -2.384186e-06
    endloop
  endfacet
  facet normal -9.946925e-01 1.028922e-01 -3.533858e-16
    outer loop
      vertex   2.286605e+01 1.573182e+01 -2.384186e-06
      vertex   2.286605e+01 1.573182e+01 9.999998e+00
      vertex   2.297960e+01 1.682953e+01 9.999998e+00
    endloop
  endfacet
  facet normal -9.946925e-01 1.028922e-01 0.000000e+00
    outer loop
      vertex   2.286605e+01 1.573182e+01 -2.384186e-06
      vertex   2.297960e+01 1.682953e+01 9.999998e+00
      vertex   2.297960e+01 1.682953e+01 -2.384186e-06
    endloop
  endfacet
  facet normal -9.998751e-01 1.580745e-02 0.000000e+00
    outer loop
      vertex   2.297960e+01 1.682953e+01 -2.384186e-06
      vertex   2.297960e+01 1.682953e+01 9.999998e+00
      vertex   2.299705e+01 1.793296e+01 9.999998e+00
    endloop
  endfacet
  facet normal -9.998751e-01 1.580745e-02 -7.101930e-16
    outer loop
      vertex   2.297960e+01 1.682953e+01 -2.384186e-06
      vertex   2.299705e+01 1.793296e+01 9.999998e+00
      vertex   2.299705e+01 1.793296e+01 -2.384186e-06
    endloop
  endfacet
  facet normal -9.974479e-01 -7.139755e-02 -7.087294e-16
    outer loop
      vertex   2.299705e+01 1.793296e+01 -2.384186e-06
      vertex   2.299705e+01 1.793296e+01 9.999998e+00
      vertex   2.291825e+01 1.903372e+01 9.999998e+00
    endloop
  endfacet
  facet normal -9.974479e-01 -7.139755e-02 -7.092499e-16
    outer loop
      vertex   2.299705e+01 1.793296e+01 -2.384186e-06
      vertex   2.291825e+01 1.903372e+01 9.999998e+00
      vertex   2.291825e+01 1.903372e+01 -2.384186e-06
    endloop
  endfacet
  facet normal -9.874296e-01 -1.580592e-01 -7.016110e-16
    outer loop
      vertex   2.291825e+01 1.903372e+01 -2.384186e-06
      vertex   2.291825e+01 1.903372e+01 9.999998e+00
      vertex   2.274382e+01 2.012341e+01 9.999998e+00
    endloop
  endfacet
  facet normal -9.874296e-01 -1.580592e-01 0.000000e+00
    outer loop
      vertex   2.291825e+01 1.903372e+01 -2.384186e-06
      vertex   2.274382e+01 2.012341e+01 9.999998e+00
      vertex   2.274382e+01 2.012341e+01 -2.384186e-06
    endloop
  endfacet
  facet normal -9.698964e-01 -2.435179e-01 0.000000e+00
    outer loop
      vertex   2.274382e+01 2.012341e+01 -2.384186e-06
      vertex   2.274382e+01 2.012341e+01 9.999998e+00
      vertex   2.247508e+01 2.119376e+01 9.999998e+00
    endloop
  endfacet
  facet normal -9.698964e-01 -2.435179e-01 -3.420496e-16
    outer loop
      vertex   2.274382e+01 2.012341e+01 -2.384186e-06
      vertex   2.247508e+01 2.119376e+01 9.999998e+00
      vertex   2.247508e+01 2.119376e+01 -2.384186e-06
    endloop
  endfacet
  facet normal -9.449817e-01 -3.271233e-01 -3.357249e-16
    outer loop
      vertex   2.247508e+01 2.119376e+01 -2.384186e-06
      vertex   2.247508e+01 2.119376e+01 9.999998e+00
      vertex   2.211408e+01 2.223662e+01 9.999998e+00
    endloop
  endfacet
  facet normal -9.449817e-01 -3.271233e-01 0.000000e+00
    outer loop
      vertex   2.247508e+01 2.119376e+01 -2.384186e-06
      vertex   2.211408e+01 2.223662e+01 9.999998e+00
      vertex   2.211408e+01 2.223662e+01 -2.384186e-06
    endloop
  endfacet
  facet normal -9.128751e-01 -4.082390e-01 0.000000e+00
    outer loop
      vertex   2.211408e+01 2.223662e+01 -2.384186e-06
      vertex   2.211408e+01 2.223662e+01 9.999998e+00
      vertex   2.166356e+01 2.324404e+01 9.999998e+00
    endloop
  endfacet
  facet normal -9.128751e-01 -4.082390e-01 -3.269592e-16
    outer loop
      vertex   2.211408e+01 2.223662e+01 -2.384186e-06
      vertex   2.166356e+01 2.324404e+01 9.999998e+00
      vertex   2.166356e+01 2.324404e+01 -2.384186e-06
    endloop
  endfacet
  facet normal -8.738209e-01 -4.862479e-01 -3.104436e-16
    outer loop
      vertex   2.166356e+01 2.324404e+01 -2.384186e-06
      vertex   2.166356e+01 2.324404e+01 9.999998e+00
      vertex   2.112695e+01 2.420836e+01 9.999998e+00
    endloop
  endfacet
  facet normal -8.738209e-01 -4.862479e-01 -3.118687e-16
    outer loop
      vertex   2.166356e+01 2.324404e+01 -2.384186e-06
      vertex   2.112695e+01 2.420836e+01 9.999998e+00
      vertex   2.112695e+01 2.420836e+01 -2.384186e-06
    endloop
  endfacet
  facet normal -8.281165e-01 -5.605561e-01 -2.942061e-16
    outer loop
      vertex   2.112695e+01 2.420836e+01 -2.384186e-06
      vertex   2.112695e+01 2.420836e+01 9.999998e+00
      vertex   2.050834e+01 2.512225e+01 9.999998e+00
    endloop
  endfacet
  facet normal -8.281165e-01 -5.605561e-01 -2.917482e-16
    outer loop
      vertex   2.112695e+01 2.420836e+01 -2.384186e-06
      vertex   2.050834e+01 2.512225e+01 9.999998e+00
      vertex   2.050834e+01 2.512225e+01 -2.384186e-06
    endloop
  endfacet
  facet normal -7.761096e-01 -6.305981e-01 -2.757295e-16
    outer loop
      vertex   2.050834e+01 2.512225e+01 -2.384186e-06
      vertex   2.050834e+01 2.512225e+01 9.999998e+00
      vertex   1.981243e+01 2.597874e+01 9.999998e+00
    endloop
  endfacet
  facet normal -7.761096e-01 -6.305981e-01 0.000000e+00
    outer loop
      vertex   2.050834e+01 2.512225e+01 -2.384186e-06
      vertex   1.981243e+01 2.597874e+01 9.999998e+00
      vertex   1.981243e+01 2.597874e+01 -2.384186e-06
    endloop
  endfacet
  facet normal -7.181960e-01 -6.958409e-01 0.000000e+00
    outer loop
      vertex   1.981243e+01 2.597874e+01 -2.384186e-06
      vertex   1.981243e+01 2.597874e+01 9.999998e+00
      vertex   1.904452e+01 2.677132e+01 9.999998e+00
    endloop
  endfacet
  facet normal -7.181960e-01 -6.958409e-01 0.000000e+00
    outer loop
      vertex   1.981243e+01 2.597874e+01 -2.384186e-06
      vertex   1.904452e+01 2.677132e+01 9.999998e+00
      vertex   1.904452e+01 2.677132e+01 -2.384186e-06
    endloop
  endfacet
  facet normal -6.548165e-01 -7.557879e-01 0.000000e+00
    outer loop
      vertex   1.904452e+01 2.677132e+01 -2.384186e-06
      vertex   1.904452e+01 2.677132e+01 9.999998e+00
      vertex   1.821045e+01 2.749395e+01 9.999998e+00
    endloop
  endfacet
  facet normal -6.548165e-01 -7.557879e-01 0.000000e+00
    outer loop
      vertex   1.904452e+01 2.677132e+01 -2.384186e-06
      vertex   1.821045e+01 2.749395e+01 9.999998e+00
      vertex   1.821045e+01 2.749395e+01 -2.384186e-06
    endloop
  endfacet
  facet normal -5.864535e-01 -8.099829e-01 0.000000e+00
    outer loop
      vertex   1.821045e+01 2.749395e+01 -2.384186e-06
      vertex   1.821045e+01 2.749395e+01 9.999998e+00
      vertex   1.731658e+01 2.814115e+01 9.999998e+00
    endloop
  endfacet
  facet normal -5.864535e-01 -8.099829e-01 -2.112659e-16
    outer loop
      vertex   1.821045e+01 2.749395e+01 -2.384186e-06
      vertex   1.731658e+01 2.814115e+01 9.999998e+00
      vertex   1.731658e+01 2.814115e+01 -2.384186e-06
    endloop
  endfacet
  facet normal -5.136272e-01 -8.580135e-01 -1.824770e-16
    outer loop
      vertex   1.731658e+01 2.814115e+01 -2.384186e-06
      vertex   1.731658e+01 2.814115e+01 9.999998e+00
      vertex   1.636970e+01 2.870797e+01 9.999998e+00
    endloop
  endfacet
  facet normal -5.136272e-01 -8.580135e-01 -1.810851e-16
    outer loop
      vertex   1.731658e+01 2.814115e+01 -2.384186e-06
      vertex   1.636970e+01 2.870797e+01 9.999998e+00
      vertex   1.636970e+01 2.870797e+01 -2.384186e-06
    endloop
  endfacet
  facet normal -4.368919e-01 -8.995140e-01 -1.552152e-16
    outer loop
      vertex   1.636970e+01 2.870797e+01 -2.384186e-06
      vertex   1.636970e+01 2.870797e+01 9.999998e+00
      vertex   1.537703e+01 2.919011e+01 9.999998e+00
    endloop
  endfacet
  facet normal -4.368919e-01 -8.995140e-01 -2.313865e-16
    outer loop
      vertex   1.636970e+01 2.870797e+01 -2.384186e-06
      vertex   1.537703e+01 2.919011e+01 9.999998e+00
      vertex   1.537703e+01 2.919011e+01 -2.384186e-06
    endloop
  endfacet
  facet normal -3.568316e-01 -9.341687e-01 -1.901581e-16
    outer loop
      vertex   1.537703e+01 2.919011e+01 -2.384186e-06
      vertex   1.537703e+01 2.919011e+01 9.999998e+00
      vertex   1.434610e+01 2.958390e+01 9.999998e+00
    endloop
  endfacet
  facet normal -3.568316e-01 -9.341687e-01 -6.539183e-17
    outer loop
      vertex   1.537703e+01 2.919011e+01 -2.384186e-06
      vertex   1.434610e+01 2.958390e+01 9.999998e+00
      vertex   1.434610e+01 2.958390e+01 -2.384186e-06
    endloop
  endfacet
  facet normal -2.740555e-01 -9.617139e-01 -4.868204e-17
    outer loop
      vertex   1.434610e+01 2.958390e+01 -2.384186e-06
      vertex   1.434610e+01 2.958390e+01 9.999998e+00
      vertex   1.328479e+01 2.988634e+01 9.999998e+00
    endloop
  endfacet
  facet normal -2.740555e-01 -9.617139e-01 -5.030141e-17
    outer loop
      vertex   1.434610e+01 2.958390e+01 -2.384186e-06
      vertex   1.328479e+01 2.988634e+01 9.999998e+00
      vertex   1.328479e+01 2.988634e+01 -2.384186e-06
    endloop
  endfacet
  facet normal -1.891938e-01 -9.819398e-01 -3.360757e-17
    outer loop
      vertex   1.328479e+01 2.988634e+01 -2.384186e-06
      vertex   1.328479e+01 2.988634e+01 9.999998e+00
      vertex   1.220115e+01 3.009513e+01 9.999998e+00
    endloop
  endfacet
  facet normal -1.891938e-01 -9.819398e-01 -3.269592e-17
    outer loop
      vertex   1.328479e+01 2.988634e+01 -2.384186e-06
      vertex   1.220115e+01 3.009513e+01 9.999998e+00
      vertex   1.220115e+01 3.009513e+01 -2.384186e-06
    endloop
  endfacet
  facet normal -1.028922e-01 -9.946925e-01 -1.827732e-17
    outer loop
      vertex   1.220115e+01 3.009513e+01 -2.384186e-06
      vertex   1.220115e+01 3.009513e+01 9.999998e+00
      vertex   1.110343e+01 3.020868e+01 9.999998e+00
    endloop
  endfacet
  facet normal -1.028922e-01 -9.946925e-01 -1.760549e-17
    outer loop
      vertex   1.220115e+01 3.009513e+01 -2.384186e-06
      vertex   1.110343e+01 3.020868e+01 9.999998e+00
      vertex   1.110343e+01 3.020868e+01 -2.384186e-06
    endloop
  endfacet
  facet normal -1.580745e-02 -9.998751e-01 -2.807968e-18
    outer loop
      vertex   1.110343e+01 3.020868e+01 -2.384186e-06
      vertex   1.110343e+01 3.020868e+01 9.999998e+00
      vertex   1.000000e+01 3.022612e+01 9.999998e+00
    endloop
  endfacet
  facet normal 1.470685e-02 9.998918e-01 0.000000e+00
    outer loop
      vertex   1.103944e+01 2.898031e+01 9.999998e+00
      vertex   1.000000e+01 2.899560e+01 -2.384186e-06
      vertex   1.000000e+01 2.899560e+01 9.999998e+00
    endloop
  endfacet
  facet normal -7.627911e-02 9.970865e-01 0.000000e+00
    outer loop
      vertex   1.000000e+01 2.899560e+01 9.999998e+00
      vertex   1.000000e+01 2.899560e+01 -2.384186e-06
      vertex   8.963475e+00 2.891630e+01 -2.384186e-06
    endloop
  endfacet
  facet normal -7.627911e-02 9.970865e-01 -1.334976e-17
    outer loop
      vertex   1.000000e+01 2.899560e+01 9.999998e+00
      vertex   8.963475e+00 2.891630e+01 -2.384186e-06
      vertex   8.963475e+00 2.891630e+01 9.999998e+00
    endloop
  endfacet
  facet normal -1.666330e-01 9.860190e-01 -2.959997e-17
    outer loop
      vertex   8.963475e+00 2.891630e+01 9.999998e+00
      vertex   8.963475e+00 2.891630e+01 -2.384186e-06
      vertex   7.938456e+00 2.874307e+01 -2.384186e-06
    endloop
  endfacet
  facet normal -1.666330e-01 9.860190e-01 -4.538918e-17
    outer loop
      vertex   8.963475e+00 2.891630e+01 9.999998e+00
      vertex   7.938456e+00 2.874307e+01 -2.384186e-06
      vertex   7.938456e+00 2.874307e+01 9.999998e+00
    endloop
  endfacet
  facet normal -2.556061e-01 9.667810e-01 -6.810715e-17
    outer loop
      vertex   7.938456e+00 2.874307e+01 9.999998e+00
      vertex   7.938456e+00 2.874307e+01 -2.384186e-06
      vertex   6.933435e+00 2.847736e+01 -2.384186e-06
    endloop
  endfacet
  facet normal -2.556061e-01 9.667810e-01 -6.407884e-17
    outer loop
      vertex   7.938456e+00 2.874307e+01 9.999998e+00
      vertex   6.933435e+00 2.847736e+01 -2.384186e-06
      vertex   6.933435e+00 2.847736e+01 9.999998e+00
    endloop
  endfacet
  facet normal -3.424612e-01 9.395320e-01 -9.124999e-17
    outer loop
      vertex   6.933435e+00 2.847736e+01 9.999998e+00
      vertex   6.933435e+00 2.847736e+01 -2.384186e-06
      vertex   5.956742e+00 2.812135e+01 -2.384186e-06
    endloop
  endfacet
  facet normal -3.424612e-01 9.395320e-01 -6.407884e-17
    outer loop
      vertex   6.933435e+00 2.847736e+01 9.999998e+00
      vertex   5.956742e+00 2.812135e+01 -2.384186e-06
      vertex   5.956742e+00 2.812135e+01 9.999998e+00
    endloop
  endfacet
  facet normal -4.264785e-01 9.044977e-01 -7.575781e-17
    outer loop
      vertex   5.956742e+00 2.812135e+01 9.999998e+00
      vertex   5.956742e+00 2.812135e+01 -2.384186e-06
      vertex   5.016468e+00 2.767800e+01 -2.384186e-06
    endloop
  endfacet
  facet normal -4.264785e-01 9.044977e-01 -7.475865e-17
    outer loop
      vertex   5.956742e+00 2.812135e+01 9.999998e+00
      vertex   5.016468e+00 2.767800e+01 -2.384186e-06
      vertex   5.016468e+00 2.767800e+01 9.999998e+00
    endloop
  endfacet
  facet normal -5.069619e-01 8.619684e-01 -9.005453e-17
    outer loop
      vertex   5.016468e+00 2.767800e+01 9.999998e+00
      vertex   5.016468e+00 2.767800e+01 -2.384186e-06
      vertex   4.120406e+00 2.715099e+01 -2.384186e-06
    endloop
  endfacet
  facet normal -5.069619e-01 8.619684e-01 -1.334976e-16
    outer loop
      vertex   5.016468e+00 2.767800e+01 9.999998e+00
      vertex   4.120406e+00 2.715099e+01 -2.384186e-06
      vertex   4.120406e+00 2.715099e+01 9.999998e+00
    endloop
  endfacet
  facet normal -5.832445e-01 8.122967e-01 -1.554076e-16
    outer loop
      vertex   4.120406e+00 2.715099e+01 9.999998e+00
      vertex   4.120406e+00 2.715099e+01 -2.384186e-06
      vertex   3.275980e+00 2.654468e+01 -2.384186e-06
    endloop
  endfacet
  facet normal -5.832445e-01 8.122967e-01 -1.067981e-16
    outer loop
      vertex   4.120406e+00 2.715099e+01 9.999998e+00
      vertex   3.275980e+00 2.654468e+01 -2.384186e-06
      vertex   3.275980e+00 2.654468e+01 9.999998e+00
    endloop
  endfacet
  facet normal -6.546941e-01 7.558939e-01 -1.162970e-16
    outer loop
      vertex   3.275980e+00 2.654468e+01 9.999998e+00
      vertex   3.275980e+00 2.654468e+01 -2.384186e-06
      vertex   2.490188e+00 2.586409e+01 -2.384186e-06
    endloop
  endfacet
  facet normal -6.546941e-01 7.558939e-01 -1.495173e-16
    outer loop
      vertex   3.275980e+00 2.654468e+01 9.999998e+00
      vertex   2.490188e+00 2.586409e+01 -2.384186e-06
      vertex   2.490188e+00 2.586409e+01 9.999998e+00
    endloop
  endfacet
  facet normal -7.207187e-01 6.932276e-01 -1.600317e-16
    outer loop
      vertex   2.490188e+00 2.586409e+01 9.999998e+00
      vertex   2.490188e+00 2.586409e+01 -2.384186e-06
      vertex   1.769541e+00 2.511486e+01 -2.384186e-06
    endloop
  endfacet
  facet normal -7.207187e-01 6.932276e-01 -1.495173e-16
    outer loop
      vertex   2.490188e+00 2.586409e+01 9.999998e+00
      vertex   1.769541e+00 2.511486e+01 -2.384186e-06
      vertex   1.769541e+00 2.511486e+01 9.999998e+00
    endloop
  endfacet
  facet normal -7.807712e-01 6.248170e-01 -1.733660e-16
    outer loop
      vertex   1.769541e+00 2.511486e+01 9.999998e+00
      vertex   1.769541e+00 2.511486e+01 -2.384186e-06
      vertex   1.120010e+00 2.430321e+01 -2.384186e-06
    endloop
  endfacet
  facet normal -7.807712e-01 6.248170e-01 -1.708769e-16
    outer loop
      vertex   1.769541e+00 2.511486e+01 9.999998e+00
      vertex   1.120010e+00 2.430321e+01 -2.384186e-06
      vertex   1.120010e+00 2.430321e+01 9.999998e+00
    endloop
  endfacet
  facet normal -8.343540e-01 5.512290e-01 -1.852638e-16
    outer loop
      vertex   1.120010e+00 2.430321e+01 9.999998e+00
      vertex   1.120010e+00 2.430321e+01 -2.384186e-06
      vertex   5.469780e-01 2.343585e+01 -2.384186e-06
    endloop
  endfacet
  facet normal -8.343540e-01 5.512290e-01 -1.815567e-16
    outer loop
      vertex   1.120010e+00 2.430321e+01 9.999998e+00
      vertex   5.469780e-01 2.343585e+01 -2.384186e-06
      vertex   5.469780e-01 2.343585e+01 9.999998e+00
    endloop
  endfacet
  facet normal -8.810231e-01 4.730733e-01 -1.956264e-16
    outer loop
      vertex   5.469780e-01 2.343585e+01 9.999998e+00
      vertex   5.469780e-01 2.343585e+01 -2.384186e-06
      vertex   5.519300e-02 2.251998e+01 -2.384186e-06
    endloop
  endfacet
  facet normal -8.810231e-01 4.730733e-01 -1.975764e-16
    outer loop
      vertex   5.469780e-01 2.343585e+01 9.999998e+00
      vertex   5.519300e-02 2.251998e+01 -2.384186e-06
      vertex   5.519300e-02 2.251998e+01 9.999998e+00
    endloop
  endfacet
  facet normal -9.203917e-01 3.909975e-01 -2.043680e-16
    outer loop
      vertex   5.519300e-02 2.251998e+01 9.999998e+00
      vertex   5.519300e-02 2.251998e+01 -2.384186e-06
      vertex   -3.512698e-01 2.156319e+01 -2.384186e-06
    endloop
  endfacet
  facet normal -9.203917e-01 3.909975e-01 -2.029163e-16
    outer loop
      vertex   5.519300e-02 2.251998e+01 9.999998e+00
      vertex   -3.512698e-01 2.156319e+01 -2.384186e-06
      vertex   -3.512698e-01 2.156319e+01 9.999998e+00
    endloop
  endfacet
  facet normal -9.521337e-01 3.056819e-01 -2.114162e-16
    outer loop
      vertex   -3.512698e-01 2.156319e+01 9.999998e+00
      vertex   -3.512698e-01 2.156319e+01 -2.384186e-06
      vertex   -6.690425e-01 2.057339e+01 -2.384186e-06
    endloop
  endfacet
  facet normal -9.521337e-01 3.056819e-01 -2.135961e-16
    outer loop
      vertex   -3.512698e-01 2.156319e+01 9.999998e+00
      vertex   -6.690425e-01 2.057339e+01 -2.384186e-06
      vertex   -6.690425e-01 2.057339e+01 9.999998e+00
    endloop
  endfacet
  facet normal -9.759860e-01 2.178333e-01 -2.167124e-16
    outer loop
      vertex   -6.690425e-01 2.057339e+01 9.999998e+00
      vertex   -6.690425e-01 2.057339e+01 -2.384186e-06
      vertex   -8.954918e-01 1.955880e+01 -2.384186e-06
    endloop
  endfacet
  facet normal -9.759860e-01 2.178333e-01 -2.162661e-16
    outer loop
      vertex   -6.690425e-01 2.057339e+01 9.999998e+00
      vertex   -8.954918e-01 1.955880e+01 -2.384186e-06
      vertex   -8.954918e-01 1.955880e+01 9.999998e+00
    endloop
  endfacet
  facet normal -9.917510e-01 1.281796e-01 -2.202130e-16
    outer loop
      vertex   -8.954918e-01 1.955880e+01 9.999998e+00
      vertex   -8.954918e-01 1.955880e+01 -2.384186e-06
      vertex   -1.028741e+00 1.852782e+01 -2.384186e-06
    endloop
  endfacet
  facet normal -9.917510e-01 1.281796e-01 -2.216060e-16
    outer loop
      vertex   -8.954918e-01 1.955880e+01 9.999998e+00
      vertex   -1.028741e+00 1.852782e+01 -2.384186e-06
      vertex   -1.028741e+00 1.852782e+01 9.999998e+00
    endloop
  endfacet
  facet normal -9.992980e-01 3.746378e-02 -2.218887e-16
    outer loop
      vertex   -1.028741e+00 1.852782e+01 9.999998e+00
      vertex   -1.028741e+00 1.852782e+01 -2.384186e-06
      vertex   -1.067687e+00 1.748900e+01 -2.384186e-06
    endloop
  endfacet
  facet normal -9.992980e-01 3.746378e-02 -2.222735e-16
    outer loop
      vertex   -1.028741e+00 1.852782e+01 9.999998e+00
      vertex   -1.067687e+00 1.748900e+01 -2.384186e-06
      vertex   -1.067687e+00 1.748900e+01 9.999998e+00
    endloop
  endfacet
  facet normal -9.985645e-01 -5.356247e-02 -2.217259e-16
    outer loop
      vertex   -1.067687e+00 1.748900e+01 9.999998e+00
      vertex   -1.067687e+00 1.748900e+01 -2.384186e-06
      vertex   -1.012006e+00 1.645094e+01 -2.384186e-06
    endloop
  endfacet
  facet normal -9.985645e-01 -5.356247e-02 -2.216060e-16
    outer loop
      vertex   -1.067687e+00 1.748900e+01 9.999998e+00
      vertex   -1.012006e+00 1.645094e+01 -2.384186e-06
      vertex   -1.012006e+00 1.645094e+01 9.999998e+00
    endloop
  endfacet
  facet normal -9.895566e-01 -1.441449e-01 -2.197257e-16
    outer loop
      vertex   -1.012006e+00 1.645094e+01 9.999998e+00
      vertex   -1.012006e+00 1.645094e+01 -2.384186e-06
      vertex   -8.621596e-01 1.542224e+01 -2.384186e-06
    endloop
  endfacet
  facet normal -9.895566e-01 -1.441449e-01 -2.189360e-16
    outer loop
      vertex   -1.012006e+00 1.645094e+01 9.999998e+00
      vertex   -8.621596e-01 1.542224e+01 -2.384186e-06
      vertex   -8.621596e-01 1.542224e+01 9.999998e+00
    endloop
  endfacet
  facet normal -9.723489e-01 -2.335329e-01 -2.159048e-16
    outer loop
      vertex   -8.621596e-01 1.542224e+01 9.999998e+00
      vertex   -8.621596e-01 1.542224e+01 -2.384186e-06
      vertex   -6.193897e-01 1.441143e+01 -2.384186e-06
    endloop
  endfacet
  facet normal -9.723489e-01 -2.335329e-01 -2.162661e-16
    outer loop
      vertex   -8.621596e-01 1.542224e+01 9.999998e+00
      vertex   -6.193897e-01 1.441143e+01 -2.384186e-06
      vertex   -6.193897e-01 1.441143e+01 9.999998e+00
    endloop
  endfacet
  facet normal -9.470840e-01 -3.209857e-01 -2.102949e-16
    outer loop
      vertex   -6.193897e-01 1.441143e+01 9.999998e+00
      vertex   -6.193897e-01 1.441143e+01 -2.384186e-06
      vertex   -2.857079e-01 1.342689e+01 -2.384186e-06
    endloop
  endfacet
  facet normal -9.470840e-01 -3.209857e-01 -2.135961e-16
    outer loop
      vertex   -6.193897e-01 1.441143e+01 9.999998e+00
      vertex   -2.857079e-01 1.342689e+01 -2.384186e-06
      vertex   -2.857079e-01 1.342689e+01 9.999998e+00
    endloop
  endfacet
  facet normal -9.139713e-01 -4.057788e-01 -2.029424e-16
    outer loop
      vertex   -2.857079e-01 1.342689e+01 9.999998e+00
      vertex   -2.857079e-01 1.342689e+01 -2.384186e-06
      vertex   1.361208e-01 1.247677e+01 -2.384186e-06
    endloop
  endfacet
  facet normal -9.139713e-01 -4.057788e-01 -2.029163e-16
    outer loop
      vertex   -2.857079e-01 1.342689e+01 9.999998e+00
      vertex   1.361208e-01 1.247677e+01 -2.384186e-06
      vertex   1.361208e-01 1.247677e+01 9.999998e+00
    endloop
  endfacet
  facet normal -8.732852e-01 -4.872094e-01 -1.939083e-16
    outer loop
      vertex   1.361208e-01 1.247677e+01 9.999998e+00
      vertex   1.361208e-01 1.247677e+01 -2.384186e-06
      vertex   6.426010e-01 1.156894e+01 -2.384186e-06
    endloop
  endfacet
  facet normal -8.732852e-01 -4.872094e-01 -1.975764e-16
    outer loop
      vertex   1.361208e-01 1.247677e+01 9.999998e+00
      vertex   6.426010e-01 1.156894e+01 -2.384186e-06
      vertex   6.426010e-01 1.156894e+01 9.999998e+00
    endloop
  endfacet
  facet normal -8.253627e-01 -5.646029e-01 -1.832673e-16
    outer loop
      vertex   6.426010e-01 1.156894e+01 9.999998e+00
      vertex   6.426010e-01 1.156894e+01 -2.384186e-06
      vertex   1.229536e+00 1.071093e+01 -2.384186e-06
    endloop
  endfacet
  facet normal -8.253627e-01 -5.646029e-01 -1.815567e-16
    outer loop
      vertex   6.426010e-01 1.156894e+01 9.999998e+00
      vertex   1.229536e+00 1.071093e+01 -2.384186e-06
      vertex   1.229536e+00 1.071093e+01 9.999998e+00
    endloop
  endfacet
  facet normal -7.706010e-01 -6.373179e-01 -1.711078e-16
    outer loop
      vertex   1.229536e+00 1.071093e+01 9.999998e+00
      vertex   1.229536e+00 1.071093e+01 -2.384186e-06
      vertex   1.892062e+00 9.909851e+00 -2.384186e-06
    endloop
  endfacet
  facet normal -7.706010e-01 -6.373179e-01 -1.708769e-16
    outer loop
      vertex   1.229536e+00 1.071093e+01 9.999998e+00
      vertex   1.892062e+00 9.909851e+00 -2.384186e-06
      vertex   1.892062e+00 9.909851e+00 9.999998e+00
    endloop
  endfacet
  facet normal -7.094539e-01 -7.047519e-01 -1.575304e-16
    outer loop
      vertex   1.892062e+00 9.909851e+00 9.999998e+00
      vertex   1.892062e+00 9.909851e+00 -2.384186e-06
      vertex   2.624689e+00 9.172336e+00 -2.384186e-06
    endloop
  endfacet
  facet normal -7.094539e-01 -7.047519e-01 -1.174779e-16
    outer loop
      vertex   1.892062e+00 9.909851e+00 9.999998e+00
      vertex   2.624689e+00 9.172336e+00 -2.384186e-06
      vertex   2.624689e+00 9.172336e+00 9.999998e+00
    endloop
  endfacet
  facet normal -6.424280e-01 -7.663461e-01 -1.141181e-16
    outer loop
      vertex   2.624689e+00 9.172336e+00 9.999998e+00
      vertex   2.624689e+00 9.172336e+00 -2.384186e-06
      vertex   3.421347e+00 8.504498e+00 -2.384186e-06
    endloop
  endfacet
  facet normal -6.424280e-01 -7.663461e-01 -1.495173e-16
    outer loop
      vertex   2.624689e+00 9.172336e+00 9.999998e+00
      vertex   3.421347e+00 8.504498e+00 -2.384186e-06
      vertex   3.421347e+00 8.504498e+00 9.999998e+00
    endloop
  endfacet
  facet normal -5.700787e-01 -8.215901e-01 -1.265829e-16
    outer loop
      vertex   3.421347e+00 8.504498e+00 9.999998e+00
      vertex   3.421347e+00 8.504498e+00 -2.384186e-06
      vertex   4.275434e+00 7.911870e+00 -2.384186e-06
    endloop
  endfacet
  facet normal -5.700787e-01 -8.215901e-01 -9.611826e-17
    outer loop
      vertex   3.421347e+00 8.504498e+00 9.999998e+00
      vertex   4.275434e+00 7.911870e+00 -2.384186e-06
      vertex   4.275434e+00 7.911870e+00 9.999998e+00
    endloop
  endfacet
  facet normal -4.930056e-01 -8.700261e-01 -8.757539e-17
    outer loop
      vertex   4.275434e+00 7.911870e+00 9.999998e+00
      vertex   4.275434e+00 7.911870e+00 -2.384186e-06
      vertex   5.179872e+00 7.399365e+00 -2.384186e-06
    endloop
  endfacet
  facet normal -4.930056e-01 -8.700261e-01 -9.077836e-17
    outer loop
      vertex   4.275434e+00 7.911870e+00 9.999998e+00
      vertex   5.179872e+00 7.399365e+00 -2.384186e-06
      vertex   5.179872e+00 7.399365e+00 9.999998e+00
    endloop
  endfacet
  facet normal -4.118473e-01 -9.112529e-01 -7.315878e-17
    outer loop
      vertex   5.179872e+00 7.399365e+00 9.999998e+00
      vertex   5.179872e+00 7.399365e+00 -2.384186e-06
      vertex   6.127168e+00 6.971227e+00 -2.384186e-06
    endloop
  endfacet
  facet normal -4.118473e-01 -9.112529e-01 -1.121380e-16
    outer loop
      vertex   5.179872e+00 7.399365e+00 9.999998e+00
      vertex   6.127168e+00 6.971227e+00 -2.384186e-06
      vertex   6.127168e+00 6.971227e+00 9.999998e+00
    endloop
  endfacet
  facet normal -3.272763e-01 -9.449287e-01 -8.720392e-17
    outer loop
      vertex   6.127168e+00 6.971227e+00 9.999998e+00
      vertex   6.127168e+00 6.971227e+00 -2.384186e-06
      vertex   7.109472e+00 6.631006e+00 -2.384186e-06
    endloop
  endfacet
  facet normal -3.272763e-01 -9.449287e-01 -5.873894e-17
    outer loop
      vertex   6.127168e+00 6.971227e+00 9.999998e+00
      vertex   7.109472e+00 6.631006e+00 -2.384186e-06
      vertex   7.109472e+00 6.631006e+00 9.999998e+00
    endloop
  endfacet
  facet normal -2.399934e-01 -9.707745e-01 -4.263139e-17
    outer loop
      vertex   7.109472e+00 6.631006e+00 9.999998e+00
      vertex   7.109472e+00 6.631006e+00 -2.384186e-06
      vertex   8.118644e+00 6.381520e+00 -2.384186e-06
    endloop
  endfacet
  facet normal -2.399934e-01 -9.707745e-01 -8.543846e-17
    outer loop
      vertex   7.109472e+00 6.631006e+00 9.999998e+00
      vertex   8.118644e+00 6.381520e+00 -2.384186e-06
      vertex   8.118644e+00 6.381520e+00 9.999998e+00
    endloop
  endfacet
  facet normal -1.507218e-01 -9.885762e-01 -5.354714e-17
    outer loop
      vertex   8.118644e+00 6.381520e+00 9.999998e+00
      vertex   8.118644e+00 6.381520e+00 -2.384186e-06
      vertex   9.146322e+00 6.224837e+00 -2.384186e-06
    endloop
  endfacet
  facet normal -1.507218e-01 -9.885762e-01 -2.669952e-17
    outer loop
      vertex   8.118644e+00 6.381520e+00 9.999998e+00
      vertex   9.146322e+00 6.224837e+00 -2.384186e-06
      vertex   9.146322e+00 6.224837e+00 9.999998e+00
    endloop
  endfacet
  facet normal -6.020129e-02 -9.981863e-01 -1.069390e-17
    outer loop
      vertex   9.146322e+00 6.224837e+00 9.999998e+00
      vertex   9.146322e+00 6.224837e+00 -2.384186e-06
      vertex   1.018399e+01 6.162255e+00 -2.384186e-06
    endloop
  endfacet
  facet normal -6.020129e-02 -9.981863e-01 -2.135961e-17
    outer loop
      vertex   9.146322e+00 6.224837e+00 9.999998e+00
      vertex   1.018399e+01 6.162255e+00 -2.384186e-06
      vertex   1.018399e+01 6.162255e+00 9.999998e+00
    endloop
  endfacet
  facet normal 3.081807e-02 -9.995250e-01 1.094878e-17
    outer loop
      vertex   1.018399e+01 6.162255e+00 9.999998e+00
      vertex   1.018399e+01 6.162255e+00 -2.384186e-06
      vertex   1.122305e+01 6.194292e+00 -2.384186e-06
    endloop
  endfacet
  facet normal 3.081807e-02 -9.995250e-01 1.067981e-17
    outer loop
      vertex   1.018399e+01 6.162255e+00 9.999998e+00
      vertex   1.122305e+01 6.194292e+00 -2.384186e-06
      vertex   1.122305e+01 6.194292e+00 9.999998e+00
    endloop
  endfacet
  facet normal 1.215821e-01 -9.925814e-01 4.319462e-17
    outer loop
      vertex   1.122305e+01 6.194292e+00 9.999998e+00
      vertex   1.122305e+01 6.194292e+00 -2.384186e-06
      vertex   1.225489e+01 6.320683e+00 -2.384186e-06
    endloop
  endfacet
  facet normal 1.215821e-01 -9.925814e-01 4.271923e-17
    outer loop
      vertex   1.122305e+01 6.194292e+00 9.999998e+00
      vertex   1.225489e+01 6.320683e+00 -2.384186e-06
      vertex   1.225489e+01 6.320683e+00 9.999998e+00
    endloop
  endfacet
  facet normal 2.113386e-01 -9.774129e-01 7.508254e-17
    outer loop
      vertex   1.225489e+01 6.320683e+00 9.999998e+00
      vertex   1.225489e+01 6.320683e+00 -2.384186e-06
      vertex   1.327096e+01 6.540380e+00 -2.384186e-06
    endloop
  endfacet
  facet normal 2.113386e-01 -9.774129e-01 3.737932e-17
    outer loop
      vertex   1.225489e+01 6.320683e+00 9.999998e+00
      vertex   1.327096e+01 6.540380e+00 -2.384186e-06
      vertex   1.327096e+01 6.540380e+00 9.999998e+00
    endloop
  endfacet
  facet normal 2.993439e-01 -9.541453e-01 5.317415e-17
    outer loop
      vertex   1.327096e+01 6.540380e+00 9.999998e+00
      vertex   1.327096e+01 6.540380e+00 -2.384186e-06
      vertex   1.426285e+01 6.851564e+00 -2.384186e-06
    endloop
  endfacet
  facet normal 2.993439e-01 -9.541453e-01 5.339904e-17
    outer loop
      vertex   1.327096e+01 6.540380e+00 9.999998e+00
      vertex   1.426285e+01 6.851564e+00 -2.384186e-06
      vertex   1.426285e+01 6.851564e+00 9.999998e+00
    endloop
  endfacet
  facet normal 3.848687e-01 -9.229713e-01 6.836642e-17
    outer loop
      vertex   1.426285e+01 6.851564e+00 9.999998e+00
      vertex   1.426285e+01 6.851564e+00 -2.384186e-06
      vertex   1.522233e+01 7.251656e+00 -2.384186e-06
    endloop
  endfacet
  facet normal 3.848687e-01 -9.229713e-01 6.941875e-17
    outer loop
      vertex   1.426285e+01 6.851564e+00 9.999998e+00
      vertex   1.522233e+01 7.251656e+00 -2.384186e-06
      vertex   1.522233e+01 7.251656e+00 9.999998e+00
    endloop
  endfacet
  facet normal 4.672044e-01 -8.841493e-01 8.299218e-17
    outer loop
      vertex   1.522233e+01 7.251656e+00 9.999998e+00
      vertex   1.522233e+01 7.251656e+00 -2.384186e-06
      vertex   1.614145e+01 7.737340e+00 -2.384186e-06
    endloop
  endfacet
  facet normal 4.672044e-01 -8.841493e-01 0.000000e+00
    outer loop
      vertex   1.522233e+01 7.251656e+00 9.999998e+00
      vertex   1.614145e+01 7.737340e+00 -2.384186e-06
      vertex   1.614145e+01 7.737340e+00 9.999998e+00
    endloop
  endfacet
  facet normal 5.456687e-01 -8.380010e-01 0.000000e+00
    outer loop
      vertex   1.614145e+01 7.737340e+00 9.999998e+00
      vertex   1.614145e+01 7.737340e+00 -2.384186e-06
      vertex   1.701259e+01 8.304592e+00 -2.384186e-06
    endloop
  endfacet
  facet normal 5.456687e-01 -8.380010e-01 1.922365e-16
    outer loop
      vertex   1.614145e+01 7.737340e+00 9.999998e+00
      vertex   1.701259e+01 8.304592e+00 -2.384186e-06
      vertex   1.701259e+01 8.304592e+00 9.999998e+00
    endloop
  endfacet
  facet normal 6.196114e-01 -7.849087e-01 2.201302e-16
    outer loop
      vertex   1.701259e+01 8.304592e+00 9.999998e+00
      vertex   1.701259e+01 8.304592e+00 -2.384186e-06
      vertex   1.782855e+01 8.948711e+00 -2.384186e-06
    endloop
  endfacet
  facet normal 6.196114e-01 -7.849087e-01 2.242759e-16
    outer loop
      vertex   1.701259e+01 8.304592e+00 9.999998e+00
      vertex   1.782855e+01 8.948711e+00 -2.384186e-06
      vertex   1.782855e+01 8.948711e+00 9.999998e+00
    endloop
  endfacet
  facet normal 6.884198e-01 -7.253124e-01 2.445759e-16
    outer loop
      vertex   1.782855e+01 8.948711e+00 9.999998e+00
      vertex   1.782855e+01 8.948711e+00 -2.384186e-06
      vertex   1.858255e+01 9.664360e+00 -2.384186e-06
    endloop
  endfacet
  facet normal 6.884198e-01 -7.253124e-01 2.456356e-16
    outer loop
      vertex   1.782855e+01 8.948711e+00 9.999998e+00
      vertex   1.858255e+01 9.664360e+00 -2.384186e-06
      vertex   1.858255e+01 9.664360e+00 9.999998e+00
    endloop
  endfacet
  facet normal 7.515238e-01 -6.597060e-01 2.669949e-16
    outer loop
      vertex   1.858255e+01 9.664360e+00 9.999998e+00
      vertex   1.858255e+01 9.664360e+00 -2.384186e-06
      vertex   1.926835e+01 1.044561e+01 -2.384186e-06
    endloop
  endfacet
  facet normal 7.515238e-01 -6.597060e-01 0.000000e+00
    outer loop
      vertex   1.858255e+01 9.664360e+00 9.999998e+00
      vertex   1.926835e+01 1.044561e+01 -2.384186e-06
      vertex   1.926835e+01 1.044561e+01 9.999998e+00
    endloop
  endfacet
  facet normal 8.084004e-01 -5.886330e-01 0.000000e+00
    outer loop
      vertex   1.926835e+01 1.044561e+01 9.999998e+00
      vertex   1.926835e+01 1.044561e+01 -2.384186e-06
      vertex   1.988027e+01 1.128598e+01 -2.384186e-06
    endloop
  endfacet
  facet normal 8.084004e-01 -5.886330e-01 2.883548e-16
    outer loop
      vertex   1.926835e+01 1.044561e+01 9.999998e+00
      vertex   1.988027e+01 1.128598e+01 -2.384186e-06
      vertex   1.988027e+01 1.128598e+01 9.999998e+00
    endloop
  endfacet
  facet normal 8.585783e-01 -5.126824e-01 3.050283e-16
    outer loop
      vertex   1.988027e+01 1.128598e+01 9.999998e+00
      vertex   1.988027e+01 1.128598e+01 -2.384186e-06
      vertex   2.041323e+01 1.217852e+01 -2.384186e-06
    endloop
  endfacet
  facet normal 8.585783e-01 -5.126824e-01 3.043745e-16
    outer loop
      vertex   1.988027e+01 1.128598e+01 9.999998e+00
      vertex   2.041323e+01 1.217852e+01 -2.384186e-06
      vertex   2.041323e+01 1.217852e+01 9.999998e+00
    endloop
  endfacet
  facet normal 9.016418e-01 -4.324836e-01 3.203275e-16
    outer loop
      vertex   2.041323e+01 1.217852e+01 9.999998e+00
      vertex   2.041323e+01 1.217852e+01 -2.384186e-06
      vertex   2.086282e+01 1.311583e+01 -2.384186e-06
    endloop
  endfacet
  facet normal 9.016418e-01 -4.324836e-01 3.203942e-16
    outer loop
      vertex   2.041323e+01 1.217852e+01 9.999998e+00
      vertex   2.086282e+01 1.311583e+01 -2.384186e-06
      vertex   2.086282e+01 1.311583e+01 9.999998e+00
    endloop
  endfacet
  facet normal 9.372340e-01 -3.487011e-01 3.329724e-16
    outer loop
      vertex   2.086282e+01 1.311583e+01 9.999998e+00
      vertex   2.086282e+01 1.311583e+01 -2.384186e-06
      vertex   2.122531e+01 1.409013e+01 -2.384186e-06
    endloop
  endfacet
  facet normal 9.372340e-01 -3.487011e-01 0.000000e+00
    outer loop
      vertex   2.086282e+01 1.311583e+01 9.999998e+00
      vertex   2.122531e+01 1.409013e+01 -2.384186e-06
      vertex   2.122531e+01 1.409013e+01 9.999998e+00
    endloop
  endfacet
  facet normal 9.650600e-01 -2.620291e-01 0.000000e+00
    outer loop
      vertex   2.122531e+01 1.409013e+01 9.999998e+00
      vertex   2.122531e+01 1.409013e+01 -2.384186e-06
      vertex   2.149770e+01 1.509336e+01 -2.384186e-06
    endloop
  endfacet
  facet normal 9.650600e-01 -2.620291e-01 0.000000e+00
    outer loop
      vertex   2.122531e+01 1.409013e+01 9.999998e+00
      vertex   2.149770e+01 1.509336e+01 -2.384186e-06
      vertex   2.149770e+01 1.509336e+01 9.999998e+00
    endloop
  endfacet
  facet normal 9.848892e-01 -1.731859e-01 0.000000e+00
    outer loop
      vertex   2.149770e+01 1.509336e+01 9.999998e+00
      vertex   2.149770e+01 1.509336e+01 -2.384186e-06
      vertex   2.167774e+01 1.611721e+01 -2.384186e-06
    endloop
  endfacet
  facet normal 9.848892e-01 -1.731859e-01 3.497637e-16
    outer loop
      vertex   2.149770e+01 1.509336e+01 9.999998e+00
      vertex   2.167774e+01 1.611721e+01 -2.384186e-06
      vertex   2.167774e+01 1.611721e+01 9.999998e+00
    endloop
  endfacet
  facet normal 9.965572e-01 -8.290760e-02 3.540483e-16
    outer loop
      vertex   2.167774e+01 1.611721e+01 9.999998e+00
      vertex   2.167774e+01 1.611721e+01 -2.384186e-06
      vertex   2.176393e+01 1.715318e+01 -2.384186e-06
    endloop
  endfacet
  facet normal 9.965572e-01 -8.290760e-02 0.000000e+00
    outer loop
      vertex   2.167774e+01 1.611721e+01 9.999998e+00
      vertex   2.176393e+01 1.715318e+01 -2.384186e-06
      vertex   2.176393e+01 1.715318e+01 9.999998e+00
    endloop
  endfacet
  facet normal 9.999675e-01 8.057696e-03 0.000000e+00
    outer loop
      vertex   2.176393e+01 1.715318e+01 9.999998e+00
      vertex   2.176393e+01 1.715318e+01 -2.384186e-06
      vertex   2.175555e+01 1.819270e+01 -2.384186e-06
    endloop
  endfacet
  facet normal 9.999675e-01 8.057696e-03 0.000000e+00
    outer loop
      vertex   2.176393e+01 1.715318e+01 9.999998e+00
      vertex   2.175555e+01 1.819270e+01 -2.384186e-06
      vertex   2.175555e+01 1.819270e+01 9.999998e+00
    endloop
  endfacet
  facet normal 9.950918e-01 9.895622e-02 0.000000e+00
    outer loop
      vertex   2.175555e+01 1.819270e+01 9.999998e+00
      vertex   2.175555e+01 1.819270e+01 -2.384186e-06
      vertex   2.165268e+01 1.922715e+01 -2.384186e-06
    endloop
  endfacet
  facet normal 9.950918e-01 9.895622e-02 3.537686e-16
    outer loop
      vertex   2.175555e+01 1.819270e+01 9.999998e+00
      vertex   2.165268e+01 1.922715e+01 -2.384186e-06
      vertex   2.165268e+01 1.922715e+01 9.999998e+00
    endloop
  endfacet
  facet normal 9.819704e-01 1.890348e-01 3.488660e-16
    outer loop
      vertex   2.165268e+01 1.922715e+01 9.999998e+00
      vertex   2.165268e+01 1.922715e+01 -2.384186e-06
      vertex   2.145617e+01 2.024796e+01 -2.384186e-06
    endloop
  endfacet
  facet normal 9.819704e-01 1.890348e-01 0.000000e+00
    outer loop
      vertex   2.165268e+01 1.922715e+01 9.999998e+00
      vertex   2.145617e+01 2.024796e+01 -2.384186e-06
      vertex   2.145617e+01 2.024796e+01 9.999998e+00
    endloop
  endfacet
  facet normal 9.607121e-01 2.775469e-01 0.000000e+00
    outer loop
      vertex   2.145617e+01 2.024796e+01 9.999998e+00
      vertex   2.145617e+01 2.024796e+01 -2.384186e-06
      vertex   2.116764e+01 2.124668e+01 -2.384186e-06
    endloop
  endfacet
  facet normal 9.607121e-01 2.775469e-01 3.417538e-16
    outer loop
      vertex   2.145617e+01 2.024796e+01 9.999998e+00
      vertex   2.116764e+01 2.124668e+01 -2.384186e-06
      vertex   2.116764e+01 2.124668e+01 9.999998e+00
    endloop
  endfacet
  facet normal 9.314930e-01 3.637592e-01 3.309328e-16
    outer loop
      vertex   2.116764e+01 2.124668e+01 9.999998e+00
      vertex   2.116764e+01 2.124668e+01 -2.384186e-06
      vertex   2.078949e+01 2.221501e+01 -2.384186e-06
    endloop
  endfacet
  facet normal 9.314930e-01 3.637592e-01 6.621480e-16
    outer loop
      vertex   2.116764e+01 2.124668e+01 9.999998e+00
      vertex   2.078949e+01 2.221501e+01 -2.384186e-06
      vertex   2.078949e+01 2.221501e+01 9.999998e+00
    endloop
  endfacet
  facet normal 8.945553e-01 4.469573e-01 6.356198e-16
    outer loop
      vertex   2.078949e+01 2.221501e+01 9.999998e+00
      vertex   2.078949e+01 2.221501e+01 -2.384186e-06
      vertex   2.032486e+01 2.314495e+01 -2.384186e-06
    endloop
  endfacet
  facet normal 8.945553e-01 4.469573e-01 3.150543e-16
    outer loop
      vertex   2.078949e+01 2.221501e+01 9.999998e+00
      vertex   2.032486e+01 2.314495e+01 -2.384186e-06
      vertex   2.032486e+01 2.314495e+01 9.999998e+00
    endloop
  endfacet
  facet normal 8.502050e-01 5.264517e-01 3.020535e-16
    outer loop
      vertex   2.032486e+01 2.314495e+01 9.999998e+00
      vertex   2.032486e+01 2.314495e+01 -2.384186e-06
      vertex   1.977758e+01 2.402878e+01 -2.384186e-06
    endloop
  endfacet
  facet normal 8.502050e-01 5.264517e-01 0.000000e+00
    outer loop
      vertex   2.032486e+01 2.314495e+01 9.999998e+00
      vertex   1.977758e+01 2.402878e+01 -2.384186e-06
      vertex   1.977758e+01 2.402878e+01 9.999998e+00
    endloop
  endfacet
  facet normal 7.988097e-01 6.015838e-01 0.000000e+00
    outer loop
      vertex   1.977758e+01 2.402878e+01 9.999998e+00
      vertex   1.977758e+01 2.402878e+01 -2.384186e-06
      vertex   1.915221e+01 2.485919e+01 -2.384186e-06
    endloop
  endfacet
  facet normal 7.988097e-01 6.015838e-01 0.000000e+00
    outer loop
      vertex   1.977758e+01 2.402878e+01 9.999998e+00
      vertex   1.915221e+01 2.485919e+01 -2.384186e-06
      vertex   1.915221e+01 2.485919e+01 9.999998e+00
    endloop
  endfacet
  facet normal 7.407951e-01 6.717310e-01 0.000000e+00
    outer loop
      vertex   1.915221e+01 2.485919e+01 9.999998e+00
      vertex   1.915221e+01 2.485919e+01 -2.384186e-06
      vertex   1.845391e+01 2.562929e+01 -2.384186e-06
    endloop
  endfacet
  facet normal 7.407951e-01 6.717310e-01 2.669952e-16
    outer loop
      vertex   1.915221e+01 2.485919e+01 9.999998e+00
      vertex   1.845391e+01 2.562929e+01 -2.384186e-06
      vertex   1.845391e+01 2.562929e+01 9.999998e+00
    endloop
  endfacet
  facet normal 6.766421e-01 7.363120e-01 2.403916e-16
    outer loop
      vertex   1.845391e+01 2.562929e+01 9.999998e+00
      vertex   1.845391e+01 2.562929e+01 -2.384186e-06
      vertex   1.768847e+01 2.633269e+01 -2.384186e-06
    endloop
  endfacet
  facet normal 6.766421e-01 7.363120e-01 2.456356e-16
    outer loop
      vertex   1.845391e+01 2.562929e+01 9.999998e+00
      vertex   1.768847e+01 2.633269e+01 -2.384186e-06
      vertex   1.768847e+01 2.633269e+01 9.999998e+00
    endloop
  endfacet
  facet normal 6.068823e-01 7.947917e-01 2.156079e-16
    outer loop
      vertex   1.768847e+01 2.633269e+01 9.999998e+00
      vertex   1.768847e+01 2.633269e+01 -2.384186e-06
      vertex   1.686224e+01 2.696358e+01 -2.384186e-06
    endloop
  endfacet
  facet normal 6.068823e-01 7.947917e-01 2.135961e-16
    outer loop
      vertex   1.768847e+01 2.633269e+01 9.999998e+00
      vertex   1.686224e+01 2.696358e+01 -2.384186e-06
      vertex   1.686224e+01 2.696358e+01 9.999998e+00
    endloop
  endfacet
  facet normal 5.320936e-01 8.466856e-01 1.890376e-16
    outer loop
      vertex   1.686224e+01 2.696358e+01 9.999998e+00
      vertex   1.686224e+01 2.696358e+01 -2.384186e-06
      vertex   1.598207e+01 2.751672e+01 -2.384186e-06
    endloop
  endfacet
  facet normal 5.320936e-01 8.466856e-01 0.000000e+00
    outer loop
      vertex   1.686224e+01 2.696358e+01 9.999998e+00
      vertex   1.598207e+01 2.751672e+01 -2.384186e-06
      vertex   1.598207e+01 2.751672e+01 9.999998e+00
    endloop
  endfacet
  facet normal 4.528958e-01 8.915635e-01 0.000000e+00
    outer loop
      vertex   1.598207e+01 2.751672e+01 9.999998e+00
      vertex   1.598207e+01 2.751672e+01 -2.384186e-06
      vertex   1.505524e+01 2.798753e+01 -2.384186e-06
    endloop
  endfacet
  facet normal 4.528958e-01 8.915635e-01 8.009855e-17
    outer loop
      vertex   1.598207e+01 2.751672e+01 9.999998e+00
      vertex   1.505524e+01 2.798753e+01 -2.384186e-06
      vertex   1.505524e+01 2.798753e+01 9.999998e+00
    endloop
  endfacet
  facet normal 3.699452e-01 9.290536e-01 6.571546e-17
    outer loop
      vertex   1.505524e+01 2.798753e+01 9.999998e+00
      vertex   1.505524e+01 2.798753e+01 -2.384186e-06
      vertex   1.408944e+01 2.837211e+01 -2.384186e-06
    endloop
  endfacet
  facet normal 3.699452e-01 9.290536e-01 6.941875e-17
    outer loop
      vertex   1.505524e+01 2.798753e+01 9.999998e+00
      vertex   1.408944e+01 2.837211e+01 -2.384186e-06
      vertex   1.408944e+01 2.837211e+01 9.999998e+00
    endloop
  endfacet
  facet normal 2.839291e-01 9.588453e-01 5.043594e-17
    outer loop
      vertex   1.408944e+01 2.837211e+01 9.999998e+00
      vertex   1.408944e+01 2.837211e+01 -2.384186e-06
      vertex   1.309267e+01 2.866726e+01 -2.384186e-06
    endloop
  endfacet
  facet normal 2.839291e-01 9.588453e-01 4.805913e-17
    outer loop
      vertex   1.408944e+01 2.837211e+01 9.999998e+00
      vertex   1.309267e+01 2.866726e+01 -2.384186e-06
      vertex   1.309267e+01 2.866726e+01 9.999998e+00
    endloop
  endfacet
  facet normal 1.955602e-01 9.806917e-01 3.473848e-17
    outer loop
      vertex   1.309267e+01 2.866726e+01 9.999998e+00
      vertex   1.309267e+01 2.866726e+01 -2.384186e-06
      vertex   1.207319e+01 2.887056e+01 -2.384186e-06
    endloop
  endfacet
  facet normal 1.955602e-01 9.806917e-01 3.470937e-17
    outer loop
      vertex   1.309267e+01 2.866726e+01 9.999998e+00
      vertex   1.207319e+01 2.887056e+01 -2.384186e-06
      vertex   1.207319e+01 2.887056e+01 9.999998e+00
    endloop
  endfacet
  facet normal 1.055709e-01 9.944118e-01 1.875317e-17
    outer loop
      vertex   1.207319e+01 2.887056e+01 9.999998e+00
      vertex   1.207319e+01 2.887056e+01 -2.384186e-06
      vertex   1.103944e+01 2.898031e+01 -2.384186e-06
    endloop
  endfacet
  facet normal 1.055709e-01 9.944118e-01 1.868966e-17
    outer loop
      vertex   1.207319e+01 2.887056e+01 9.999998e+00
      vertex   1.103944e+01 2.898031e+01 -2.384186e-06
      vertex   1.103944e+01 2.898031e+01 9.999998e+00
    endloop
  endfacet
  facet normal 1.470685e-02 9.998918e-01 2.612462e-18
    outer loop
      vertex   1.103944e+01 2.898031e+01 9.999998e+00
      vertex   1.103944e+01 2.898031e+01 -2.384186e-06
      vertex   1.000000e+01 2.899560e+01 -2.384186e-06
    endloop
  endfacet
  facet normal -0.000000e+00 0.000000e+00 -1.000000e+00
    outer loop
      vertex   1.110343e+01 3.020868e+01 9.999998e+00
      vertex   1.103944e+01 2.898031e+01 9.999998e+00
      vertex   1.000000e+01 3.022612e+01 9.999998e+00
    endloop
  endfacet
  facet normal 0.000000e+00 0.000000e+00 -1.000000e+00
    outer loop
      vertex   1.000000e+01 3.022612e+01 9.999998e+00
      vertex   1.103944e+01 2.898031e+01 9.999998e+00
      vertex   1.000000e+01 2.899560e+01 9.999998e+00
    endloop
  endfacet
  facet normal 0.000000e+00 -0.000000e+00 -1.000000e+00
    outer loop
      vertex   1.000000e+01 3.022612e+01 9.999998e+00
      vertex   1.000000e+01 2.899560e+01 9.999998e+00
      vertex   8.899246e+00 3.014733e+01 9.999998e+00
    endloop
  endfacet
  facet normal 0.000000e+00 0.000000e+00 -1.000000e+00
    outer loop
      vertex   8.899246e+00 3.014733e+01 9.999998e+00
      vertex   1.000000e+01 2.899560e+01 9.999998e+00
      vertex   8.963475e+00 2.891630e+01 9.999998e+00
    endloop
  endfacet
  facet normal 0.000000e+00 -0.000000e+00 -1.000000e+00
    outer loop
      vertex   8.899246e+00 3.014733e+01 9.999998e+00
      vertex   8.963475e+00 2.891630e+01 9.999998e+00
      vertex   7.809548e+00 2.997290e+01 9.999998e+00
    endloop
  endfacet
  facet normal 0.000000e+00 0.000000e+00 -1.000000e+00
    outer loop
      vertex   7.809548e+00 2.997290e+01 9.999998e+00
      vertex   8.963475e+00 2.891630e+01 9.999998e+00
      vertex   7.938456e+00 2.874307e+01 9.999998e+00
    endloop
  endfacet
  facet normal 0.000000e+00 -0.000000e+00 -1.000000e+00
    outer loop
      vertex   7.809548e+00 2.997290e+01 9.999998e+00
      vertex   7.938456e+00 2.874307e+01 9.999998e+00
      vertex   6.739199e+00 2.970416e+01 9.999998e+00
    endloop
  endfacet
  facet normal 0.000000e+00 0.000000e+00 -1.000000e+00
    outer loop
      vertex   6.739199e+00 2.970416e+01 9.999998e+00
      vertex   7.938456e+00 2.874307e+01 9.999998e+00
      vertex   6.933435e+00 2.847736e+01 9.999998e+00
    endloop
  endfacet
  facet normal 1.614854e-15 2.556759e-16 -1.000000e+00
    outer loop
      vertex   6.739199e+00 2.970416e+01 9.999998e+00
      vertex   6.933435e+00 2.847736e+01 9.999998e+00
      vertex   5.696345e+00 2.934316e+01 9.999998e+00
    endloop
  endfacet
  facet normal 4.917406e-16 -1.349076e-15 -1.000000e+00
    outer loop
      vertex   5.696345e+00 2.934316e+01 9.999998e+00
      vertex   6.933435e+00 2.847736e+01 9.999998e+00
      vertex   5.956742e+00 2.812135e+01 9.999998e+00
    endloop
  endfacet
  facet normal 5.936003e-16 -1.327367e-15 -1.000000e+00
    outer loop
      vertex   5.696345e+00 2.934316e+01 9.999998e+00
      vertex   5.956742e+00 2.812135e+01 9.999998e+00
      vertex   4.688923e+00 2.889264e+01 9.999998e+00
    endloop
  endfacet
  facet normal 1.676078e-15 4.519813e-16 -1.000000e+00
    outer loop
      vertex   4.688923e+00 2.889264e+01 9.999998e+00
      vertex   5.956742e+00 2.812135e+01 9.999998e+00
      vertex   5.016468e+00 2.767800e+01 9.999998e+00
    endloop
  endfacet
  facet normal 0.000000e+00 -0.000000e+00 -1.000000e+00
    outer loop
      vertex   4.688923e+00 2.889264e+01 9.999998e+00
      vertex   5.016468e+00 2.767800e+01 9.999998e+00
      vertex   3.724600e+00 2.835603e+01 9.999998e+00
    endloop
  endfacet
  facet normal 0.000000e+00 0.000000e+00 -1.000000e+00
    outer loop
      vertex   3.724600e+00 2.835603e+01 9.999998e+00
      vertex   5.016468e+00 2.767800e+01 9.999998e+00
      vertex   4.120406e+00 2.715099e+01 9.999998e+00
    endloop
  endfacet
  facet normal 0.000000e+00 -0.000000e+00 -1.000000e+00
    outer loop
      vertex   3.724600e+00 2.835603e+01 9.999998e+00
      vertex   4.120406e+00 2.715099e+01 9.999998e+00
      vertex   2.810715e+00 2.773742e+01 9.999998e+00
    endloop
  endfacet
  facet normal 0.000000e+00 0.000000e+00 -1.000000e+00
    outer loop
      vertex   2.810715e+00 2.773742e+01 9.999998e+00
      vertex   4.120406e+00 2.715099e+01 9.999998e+00
      vertex   3.275980e+00 2.654468e+01 9.999998e+00
    endloop
  endfacet
  facet normal 0.000000e+00 -0.000000e+00 -1.000000e+00
    outer loop
      vertex   2.810715e+00 2.773742e+01 9.999998e+00
      vertex   3.275980e+00 2.654468e+01 9.999998e+00
      vertex   1.954223e+00 2.704151e+01 9.999998e+00
    endloop
  endfacet
  facet normal 0.000000e+00 0.000000e+00 -1.000000e+00
    outer loop
      vertex   1.954223e+00 2.704151e+01 9.999998e+00
      vertex   3.275980e+00 2.654468e+01 9.999998e+00
      vertex   2.490188e+00 2.586409e+01 9.999998e+00
    endloop
  endfacet
  facet normal 0.000000e+00 -0.000000e+00 -1.000000e+00
    outer loop
      vertex   1.954223e+00 2.704151e+01 9.999998e+00
      vertex   2.490188e+00 2.586409e+01 9.999998e+00
      vertex   1.161643e+00 2.627360e+01 9.999998e+00
    endloop
  endfacet
  facet normal 0.000000e+00 0.000000e+00 -1.000000e+00
    outer loop
      vertex   1.161643e+00 2.627360e+01 9.999998e+00
      vertex   2.490188e+00 2.586409e+01 9.999998e+00
      vertex   1.769541e+00 2.511486e+01 9.999998e+00
    endloop
  endfacet
  facet normal 0.000000e+00 -0.000000e+00 -1.000000e+00
    outer loop
      vertex   1.161643e+00 2.627360e+01 9.999998e+00
      vertex   1.769541e+00 2.511486e+01 9.999998e+00
      vertex   4.390071e-01 2.543953e+01 9.999998e+00
    endloop
  endfacet
  facet normal 0.000000e+00 0.000000e+00 -1.000000e+00
    outer loop
      vertex   4.390071e-01 2.543953e+01 9.999998e+00
      vertex   1.769541e+00 2.511486e+01 9.999998e+00
      vertex   1.120010e+00 2.430321e+01 9.999998e+00
    endloop
  endfacet
  facet normal 0.000000e+00 -0.000000e+00 -1.000000e+00
    outer loop
      vertex   4.390071e-01 2.543953e+01 9.999998e+00
      vertex   1.120010e+00 2.430321e+01 9.999998e+00
      vertex   -2.081857e-01 2.454566e+01 9.999998e+00
    endloop
  endfacet
  facet normal 0.000000e+00 0.000000e+00 -1.000000e+00
    outer loop
      vertex   -2.081857e-01 2.454566e+01 9.999998e+00
      vertex   1.120010e+00 2.430321e+01 9.999998e+00
      vertex   5.469780e-01 2.343585e+01 9.999998e+00
    endloop
  endfacet
  facet normal 0.000000e+00 -0.000000e+00 -1.000000e+00
    outer loop
      vertex   -2.081857e-01 2.454566e+01 9.999998e+00
      vertex   5.469780e-01 2.343585e+01 9.999998e+00
      vertex   -7.750095e-01 2.359878e+01 9.999998e+00
    endloop
  endfacet
  facet normal 0.000000e+00 0.000000e+00 -1.000000e+00
    outer loop
      vertex   -7.750095e-01 2.359878e+01 9.999998e+00
      vertex   5.469780e-01 2.343585e+01 9.999998e+00
      vertex   5.519300e-02 2.251998e+01 9.999998e+00
    endloop
  endfacet
  facet normal 0.000000e+00 -0.000000e+00 -1.000000e+00
    outer loop
      vertex   -7.750095e-01 2.359878e+01 9.999998e+00
      vertex   5.519300e-02 2.251998e+01 9.999998e+00
      vertex   -1.257150e+00 2.260610e+01 9.999998e+00
    endloop
  endfacet
  facet normal 0.000000e+00 0.000000e+00 -1.000000e+00
    outer loop
      vertex   -1.257150e+00 2.260610e+01 9.999998e+00
      vertex   5.519300e-02 2.251998e+01 9.999998e+00
      vertex   -3.512698e-01 2.156319e+01 9.999998e+00
    endloop
  endfacet
  facet normal 0.000000e+00 -0.000000e+00 -1.000000e+00
    outer loop
      vertex   -1.257150e+00 2.260610e+01 9.999998e+00
      vertex   -3.512698e-01 2.156319e+01 9.999998e+00
      vertex   -1.650939e+00 2.157518e+01 9.999998e+00
    endloop
  endfacet
  facet normal 0.000000e+00 0.000000e+00 -1.000000e+00
    outer loop
      vertex   -1.650939e+00 2.157518e+01 9.999998e+00
      vertex   -3.512698e-01 2.156319e+01 9.999998e+00
      vertex   -6.690425e-01 2.057339e+01 9.999998e+00
    endloop
  endfacet
  facet normal 0.000000e+00 -0.000000e+00 -1.000000e+00
    outer loop
      vertex   -1.650939e+00 2.157518e+01 9.999998e+00
      vertex   -6.690425e-01 2.057339e+01 9.999998e+00
      vertex   -1.953379e+00 2.051386e+01 9.999998e+00
    endloop
  endfacet
  facet normal 0.000000e+00 0.000000e+00 -1.000000e+00
    outer loop
      vertex   -1.953379e+00 2.051386e+01 9.999998e+00
      vertex   -6.690425e-01 2.057339e+01 9.999998e+00
      vertex   -8.954918e-01 1.955880e+01 9.999998e+00
    endloop
  endfacet
  facet normal 0.000000e+00 -0.000000e+00 -1.000000e+00
    outer loop
      vertex   -1.953379e+00 2.051386e+01 9.999998e+00
      vertex   -8.954918e-01 1.955880e+01 9.999998e+00
      vertex   -2.162168e+00 1.943022e+01 9.999998e+00
    endloop
  endfacet
  facet normal 0.000000e+00 0.000000e+00 -1.000000e+00
    outer loop
      vertex   -2.162168e+00 1.943022e+01 9.999998e+00
      vertex   -8.954918e-01 1.955880e+01 9.999998e+00
      vertex   -1.028741e+00 1.852782e+01 9.999998e+00
    endloop
  endfacet
  facet normal 0.000000e+00 -0.000000e+00 -1.000000e+00
    outer loop
      vertex   -2.162168e+00 1.943022e+01 9.999998e+00
      vertex   -1.028741e+00 1.852782e+01 9.999998e+00
      vertex   -2.275716e+00 1.833251e+01 9.999998e+00
    endloop
  endfacet
  facet normal 0.000000e+00 0.000000e+00 -1.000000e+00
    outer loop
      vertex   -2.275716e+00 1.833251e+01 9.999998e+00
      vertex   -1.028741e+00 1.852782e+01 9.999998e+00
      vertex   -1.067687e+00 1.748900e+01 9.999998e+00
    endloop
  endfacet
  facet normal 0.000000e+00 -0.000000e+00 -1.000000e+00
    outer loop
      vertex   -2.275716e+00 1.833251e+01 9.999998e+00
      vertex   -1.067687e+00 1.748900e+01 9.999998e+00
      vertex   -2.293161e+00 1.722908e+01 9.999998e+00
    endloop
  endfacet
  facet normal 0.000000e+00 0.000000e+00 -1.000000e+00
    outer loop
      vertex   -2.293161e+00 1.722908e+01 9.999998e+00
      vertex   -1.067687e+00 1.748900e+01 9.999998e+00
      vertex   -1.012006e+00 1.645094e+01 9.999998e+00
    endloop
  endfacet
  facet normal 0.000000e+00 0.000000e+00 -1.000000e+00
    outer loop
      vertex   -2.293161e+00 1.722908e+01 9.999998e+00
      vertex   -1.012006e+00 1.645094e+01 9.999998e+00
      vertex   -2.214369e+00 1.612832e+01 9.999998e+00
    endloop
  endfacet
  facet normal 0.000000e+00 0.000000e+00 -1.000000e+00
    outer loop
      vertex   -2.214369e+00 1.612832e+01 9.999998e+00
      vertex   -1.012006e+00 1.645094e+01 9.999998e+00
      vertex   -8.621596e-01 1.542224e+01 9.999998e+00
    endloop
  endfacet
  facet normal 0.000000e+00 0.000000e+00 -1.000000e+00
    outer loop
      vertex   -2.214369e+00 1.612832e+01 9.999998e+00
      vertex   -8.621596e-01 1.542224e+01 9.999998e+00
      vertex   -2.039939e+00 1.503862e+01 9.999998e+00
    endloop
  endfacet
  facet normal 0.000000e+00 0.000000e+00 -1.000000e+00
    outer loop
      vertex   -2.039939e+00 1.503862e+01 9.999998e+00
      vertex   -8.621596e-01 1.542224e+01 9.999998e+00
      vertex   -6.193897e-01 1.441143e+01 9.999998e+00
    endloop
  endfacet
  facet normal 0.000000e+00 0.000000e+00 -1.000000e+00
    outer loop
      vertex   -2.039939e+00 1.503862e+01 9.999998e+00
      vertex   -6.193897e-01 1.441143e+01 9.999998e+00
      vertex   -1.771200e+00 1.396828e+01 9.999998e+00
    endloop
  endfacet
  facet normal 0.000000e+00 0.000000e+00 -1.000000e+00
    outer loop
      vertex   -1.771200e+00 1.396828e+01 9.999998e+00
      vertex   -6.193897e-01 1.441143e+01 9.999998e+00
      vertex   -2.857079e-01 1.342689e+01 9.999998e+00
    endloop
  endfacet
  facet normal 0.000000e+00 0.000000e+00 -1.000000e+00
    outer loop
      vertex   -1.771200e+00 1.396828e+01 9.999998e+00
      vertex   -2.857079e-01 1.342689e+01 9.999998e+00
      vertex   -1.410197e+00 1.292542e+01 9.999998e+00
    endloop
  endfacet
  facet normal 0.000000e+00 0.000000e+00 -1.000000e+00
    outer loop
      vertex   -1.410197e+00 1.292542e+01 9.999998e+00
      vertex   -2.857079e-01 1.342689e+01 9.999998e+00
      vertex   1.361208e-01 1.247677e+01 9.999998e+00
    endloop
  endfacet
  facet normal 0.000000e+00 0.000000e+00 -1.000000e+00
    outer loop
      vertex   -1.410197e+00 1.292542e+01 9.999998e+00
      vertex   1.361208e-01 1.247677e+01 9.999998e+00
      vertex   -9.596760e-01 1.191800e+01 9.999998e+00
    endloop
  endfacet
  facet normal 0.000000e+00 0.000000e+00 -1.000000e+00
    outer loop
      vertex   -9.596760e-01 1.191800e+01 9.999998e+00
      vertex   1.361208e-01 1.247677e+01 9.999998e+00
      vertex   -4.230672e-01 1.095368e+01 9.999998e+00
    endloop
  endfacet
  facet normal 0.000000e+00 0.000000e+00 -1.000000e+00
    outer loop
      vertex   -4.230672e-01 1.095368e+01 9.999998e+00
      vertex   1.361208e-01 1.247677e+01 9.999998e+00
      vertex   6.426010e-01 1.156894e+01 9.999998e+00
    endloop
  endfacet
  facet normal 0.000000e+00 0.000000e+00 -1.000000e+00
    outer loop
      vertex   -4.230672e-01 1.095368e+01 9.999998e+00
      vertex   6.426010e-01 1.156894e+01 9.999998e+00
      vertex   1.955460e-01 1.003979e+01 9.999998e+00
    endloop
  endfacet
  facet normal 0.000000e+00 0.000000e+00 -1.000000e+00
    outer loop
      vertex   1.955460e-01 1.003979e+01 9.999998e+00
      vertex   6.426010e-01 1.156894e+01 9.999998e+00
      vertex   1.229536e+00 1.071093e+01 9.999998e+00
    endloop
  endfacet
  facet normal 0.000000e+00 0.000000e+00 -1.000000e+00
    outer loop
      vertex   1.955460e-01 1.003979e+01 9.999998e+00
      vertex   1.229536e+00 1.071093e+01 9.999998e+00
      vertex   8.914554e-01 9.183300e+00 9.999998e+00
    endloop
  endfacet
  facet normal 0.000000e+00 0.000000e+00 -1.000000e+00
    outer loop
      vertex   8.914554e-01 9.183300e+00 9.999998e+00
      vertex   1.229536e+00 1.071093e+01 9.999998e+00
      vertex   1.892062e+00 9.909851e+00 9.999998e+00
    endloop
  endfacet
  facet normal 0.000000e+00 0.000000e+00 -1.000000e+00
    outer loop
      vertex   8.914554e-01 9.183300e+00 9.999998e+00
      vertex   1.892062e+00 9.909851e+00 9.999998e+00
      vertex   1.659365e+00 8.390720e+00 9.999998e+00
    endloop
  endfacet
  facet normal 0.000000e+00 0.000000e+00 -1.000000e+00
    outer loop
      vertex   1.659365e+00 8.390720e+00 9.999998e+00
      vertex   1.892062e+00 9.909851e+00 9.999998e+00
      vertex   2.624689e+00 9.172336e+00 9.999998e+00
    endloop
  endfacet
  facet normal 0.000000e+00 0.000000e+00 -1.000000e+00
    outer loop
      vertex   1.659365e+00 8.390720e+00 9.999998e+00
      vertex   2.624689e+00 9.172336e+00 9.999998e+00
      vertex   2.493430e+00 7.668084e+00 9.999998e+00
    endloop
  endfacet
  facet normal 0.000000e+00 0.000000e+00 -1.000000e+00
    outer loop
      vertex   2.493430e+00 7.668084e+00 9.999998e+00
      vertex   2.624689e+00 9.172336e+00 9.999998e+00
      vertex   3.421347e+00 8.504498e+00 9.999998e+00
    endloop
  endfacet
  facet normal 0.000000e+00 0.000000e+00 -1.000000e+00
    outer loop
      vertex   2.493430e+00 7.668084e+00 9.999998e+00
      vertex   3.421347e+00 8.504498e+00 9.999998e+00
      vertex   3.387303e+00 7.020891e+00 9.999998e+00
    endloop
  endfacet
  facet normal 0.000000e+00 0.000000e+00 -1.000000e+00
    outer loop
      vertex   3.387303e+00 7.020891e+00 9.999998e+00
      vertex   3.421347e+00 8.504498e+00 9.999998e+00
      vertex   4.275434e+00 7.911870e+00 9.999998e+00
    endloop
  endfacet
  facet normal 0.000000e+00 0.000000e+00 -1.000000e+00
    outer loop
      vertex   3.387303e+00 7.020891e+00 9.999998e+00
      vertex   4.275434e+00 7.911870e+00 9.999998e+00
      vertex   4.334182e+00 6.454068e+00 9.999998e+00
    endloop
  endfacet
  facet normal 0.000000e+00 0.000000e+00 -1.000000e+00
    outer loop
      vertex   4.334182e+00 6.454068e+00 9.999998e+00
      vertex   4.275434e+00 7.911870e+00 9.999998e+00
      vertex   5.179872e+00 7.399365e+00 9.999998e+00
    endloop
  endfacet
  facet normal 0.000000e+00 0.000000e+00 -1.000000e+00
    outer loop
      vertex   4.334182e+00 6.454068e+00 9.999998e+00
      vertex   5.179872e+00 7.399365e+00 9.999998e+00
      vertex   5.326859e+00 5.971927e+00 9.999998e+00
    endloop
  endfacet
  facet normal 1.966716e-15 2.025171e-16 -1.000000e+00
    outer loop
      vertex   5.326859e+00 5.971927e+00 9.999998e+00
      vertex   5.179872e+00 7.399365e+00 9.999998e+00
      vertex   6.127168e+00 6.971227e+00 9.999998e+00
    endloop
  endfacet
  facet normal 1.839386e-15 3.044912e-16 -1.000000e+00
    outer loop
      vertex   5.326859e+00 5.971927e+00 9.999998e+00
      vertex   6.127168e+00 6.971227e+00 9.999998e+00
      vertex   6.357780e+00 5.578138e+00 9.999998e+00
    endloop
  endfacet
  facet normal 0.000000e+00 0.000000e+00 -1.000000e+00
    outer loop
      vertex   6.357780e+00 5.578138e+00 9.999998e+00
      vertex   6.127168e+00 6.971227e+00 9.999998e+00
      vertex   7.109472e+00 6.631006e+00 9.999998e+00
    endloop
  endfacet
  facet normal 0.000000e+00 0.000000e+00 -1.000000e+00
    outer loop
      vertex   6.357780e+00 5.578138e+00 9.999998e+00
      vertex   7.109472e+00 6.631006e+00 9.999998e+00
      vertex   7.419099e+00 5.275698e+00 9.999998e+00
    endloop
  endfacet
  facet normal 0.000000e+00 0.000000e+00 -1.000000e+00
    outer loop
      vertex   7.419099e+00 5.275698e+00 9.999998e+00
      vertex   7.109472e+00 6.631006e+00 9.999998e+00
      vertex   8.118644e+00 6.381520e+00 9.999998e+00
    endloop
  endfacet
  facet normal 0.000000e+00 0.000000e+00 -1.000000e+00
    outer loop
      vertex   7.419099e+00 5.275698e+00 9.999998e+00
      vertex   8.118644e+00 6.381520e+00 9.999998e+00
      vertex   8.502739e+00 5.066910e+00 9.999998e+00
    endloop
  endfacet
  facet normal 0.000000e+00 0.000000e+00 -1.000000e+00
    outer loop
      vertex   8.502739e+00 5.066910e+00 9.999998e+00
      vertex   8.118644e+00 6.381520e+00 9.999998e+00
      vertex   9.146322e+00 6.224837e+00 9.999998e+00
    endloop
  endfacet
  facet normal 0.000000e+00 0.000000e+00 -1.000000e+00
    outer loop
      vertex   8.502739e+00 5.066910e+00 9.999998e+00
      vertex   9.146322e+00 6.224837e+00 9.999998e+00
      vertex   9.600452e+00 4.953361e+00 9.999998e+00
    endloop
  endfacet
  facet normal 0.000000e+00 0.000000e+00 -1.000000e+00
    outer loop
      vertex   9.600452e+00 4.953361e+00 9.999998e+00
      vertex   9.146322e+00 6.224837e+00 9.999998e+00
      vertex   1.018399e+01 6.162255e+00 9.999998e+00
    endloop
  endfacet
  facet normal 0.000000e+00 0.000000e+00 -1.000000e+00
    outer loop
      vertex   9.600452e+00 4.953361e+00 9.999998e+00
      vertex   1.018399e+01 6.162255e+00 9.999998e+00
      vertex   1.070388e+01 4.935916e+00 9.999998e+00
    endloop
  endfacet
  facet normal 0.000000e+00 0.000000e+00 -1.000000e+00
    outer loop
      vertex   1.070388e+01 4.935916e+00 9.999998e+00
      vertex   1.018399e+01 6.162255e+00 9.999998e+00
      vertex   1.122305e+01 6.194292e+00 9.999998e+00
    endloop
  endfacet
  facet normal 0.000000e+00 0.000000e+00 -1.000000e+00
    outer loop
      vertex   1.070388e+01 4.935916e+00 9.999998e+00
      vertex   1.122305e+01 6.194292e+00 9.999998e+00
      vertex   1.180464e+01 5.014708e+00 9.999998e+00
    endloop
  endfacet
  facet normal 0.000000e+00 0.000000e+00 -1.000000e+00
    outer loop
      vertex   1.180464e+01 5.014708e+00 9.999998e+00
      vertex   1.122305e+01 6.194292e+00 9.999998e+00
      vertex   1.225489e+01 6.320683e+00 9.999998e+00
    endloop
  endfacet
  facet normal 0.000000e+00 0.000000e+00 -1.000000e+00
    outer loop
      vertex   1.180464e+01 5.014708e+00 9.999998e+00
      vertex   1.225489e+01 6.320683e+00 9.999998e+00
      vertex   1.289434e+01 5.189138e+00 9.999998e+00
    endloop
  endfacet
  facet normal 0.000000e+00 0.000000e+00 -1.000000e+00
    outer loop
      vertex   1.289434e+01 5.189138e+00 9.999998e+00
      vertex   1.225489e+01 6.320683e+00 9.999998e+00
      vertex   1.327096e+01 6.540380e+00 9.999998e+00
    endloop
  endfacet
  facet normal 0.000000e+00 0.000000e+00 -1.000000e+00
    outer loop
      vertex   1.289434e+01 5.189138e+00 9.999998e+00
      vertex   1.327096e+01 6.540380e+00 9.999998e+00
      vertex   1.396469e+01 5.457877e+00 9.999998e+00
    endloop
  endfacet
  facet normal 0.000000e+00 0.000000e+00 -1.000000e+00
    outer loop
      vertex   1.396469e+01 5.457877e+00 9.999998e+00
      vertex   1.327096e+01 6.540380e+00 9.999998e+00
      vertex   1.426285e+01 6.851564e+00 9.999998e+00
    endloop
  endfacet
  facet normal 1.839600e-15 -3.935608e-16 -1.000000e+00
    outer loop
      vertex   1.396469e+01 5.457877e+00 9.999998e+00
      vertex   1.426285e+01 6.851564e+00 9.999998e+00
      vertex   1.500754e+01 5.818881e+00 9.999998e+00
    endloop
  endfacet
  facet normal 1.974826e-15 -2.960460e-16 -1.000000e+00
    outer loop
      vertex   1.500754e+01 5.818881e+00 9.999998e+00
      vertex   1.426285e+01 6.851564e+00 9.999998e+00
      vertex   1.522233e+01 7.251656e+00 9.999998e+00
    endloop
  endfacet
  facet normal 0.000000e+00 0.000000e+00 -1.000000e+00
    outer loop
      vertex   1.500754e+01 5.818881e+00 9.999998e+00
      vertex   1.522233e+01 7.251656e+00 9.999998e+00
      vertex   1.601496e+01 6.269401e+00 9.999998e+00
    endloop
  endfacet
  facet normal 0.000000e+00 0.000000e+00 -1.000000e+00
    outer loop
      vertex   1.601496e+01 6.269401e+00 9.999998e+00
      vertex   1.522233e+01 7.251656e+00 9.999998e+00
      vertex   1.614145e+01 7.737340e+00 9.999998e+00
    endloop
  endfacet
  facet normal 0.000000e+00 0.000000e+00 -1.000000e+00
    outer loop
      vertex   1.601496e+01 6.269401e+00 9.999998e+00
      vertex   1.614145e+01 7.737340e+00 9.999998e+00
      vertex   1.697928e+01 6.806010e+00 9.999998e+00
    endloop
  endfacet
  facet normal 0.000000e+00 0.000000e+00 -1.000000e+00
    outer loop
      vertex   1.697928e+01 6.806010e+00 9.999998e+00
      vertex   1.614145e+01 7.737340e+00 9.999998e+00
      vertex   1.701259e+01 8.304592e+00 9.999998e+00
    endloop
  endfacet
  facet normal 0.000000e+00 0.000000e+00 -1.000000e+00
    outer loop
      vertex   1.697928e+01 6.806010e+00 9.999998e+00
      vertex   1.701259e+01 8.304592e+00 9.999998e+00
      vertex   1.789317e+01 7.424623e+00 9.999998e+00
    endloop
  endfacet
  facet normal 0.000000e+00 0.000000e+00 -1.000000e+00
    outer loop
      vertex   1.789317e+01 7.424623e+00 9.999998e+00
      vertex   1.701259e+01 8.304592e+00 9.999998e+00
      vertex   1.782855e+01 8.948711e+00 9.999998e+00
    endloop
  endfacet
  facet normal 0.000000e+00 0.000000e+00 -1.000000e+00
    outer loop
      vertex   1.789317e+01 7.424623e+00 9.999998e+00
      vertex   1.782855e+01 8.948711e+00 9.999998e+00
      vertex   1.874966e+01 8.120533e+00 9.999998e+00
    endloop
  endfacet
  facet normal 0.000000e+00 0.000000e+00 -1.000000e+00
    outer loop
      vertex   1.874966e+01 8.120533e+00 9.999998e+00
      vertex   1.782855e+01 8.948711e+00 9.999998e+00
      vertex   1.858255e+01 9.664360e+00 9.999998e+00
    endloop
  endfacet
  facet normal 0.000000e+00 0.000000e+00 -1.000000e+00
    outer loop
      vertex   1.874966e+01 8.120533e+00 9.999998e+00
      vertex   1.858255e+01 9.664360e+00 9.999998e+00
      vertex   1.954224e+01 8.888442e+00 9.999998e+00
    endloop
  endfacet
  facet normal 0.000000e+00 0.000000e+00 -1.000000e+00
    outer loop
      vertex   1.954224e+01 8.888442e+00 9.999998e+00
      vertex   1.858255e+01 9.664360e+00 9.999998e+00
      vertex   1.926835e+01 1.044561e+01 9.999998e+00
    endloop
  endfacet
  facet normal 0.000000e+00 0.000000e+00 -1.000000e+00
    outer loop
      vertex   1.954224e+01 8.888442e+00 9.999998e+00
      vertex   1.926835e+01 1.044561e+01 9.999998e+00
      vertex   2.026488e+01 9.722507e+00 9.999998e+00
    endloop
  endfacet
  facet normal 0.000000e+00 0.000000e+00 -1.000000e+00
    outer loop
      vertex   2.026488e+01 9.722507e+00 9.999998e+00
      vertex   1.926835e+01 1.044561e+01 9.999998e+00
      vertex   1.988027e+01 1.128598e+01 9.999998e+00
    endloop
  endfacet
  facet normal 0.000000e+00 0.000000e+00 -1.000000e+00
    outer loop
      vertex   2.026488e+01 9.722507e+00 9.999998e+00
      vertex   1.988027e+01 1.128598e+01 9.999998e+00
      vertex   2.091207e+01 1.061638e+01 9.999998e+00
    endloop
  endfacet
  facet normal 0.000000e+00 0.000000e+00 -1.000000e+00
    outer loop
      vertex   2.091207e+01 1.061638e+01 9.999998e+00
      vertex   1.988027e+01 1.128598e+01 9.999998e+00
      vertex   2.147889e+01 1.156326e+01 9.999998e+00
    endloop
  endfacet
  facet normal -0.000000e+00 0.000000e+00 -1.000000e+00
    outer loop
      vertex   2.147889e+01 1.156326e+01 9.999998e+00
      vertex   1.988027e+01 1.128598e+01 9.999998e+00
      vertex   2.041323e+01 1.217852e+01 9.999998e+00
    endloop
  endfacet
  facet normal 0.000000e+00 0.000000e+00 -1.000000e+00
    outer loop
      vertex   2.147889e+01 1.156326e+01 9.999998e+00
      vertex   2.041323e+01 1.217852e+01 9.999998e+00
      vertex   2.196104e+01 1.255594e+01 9.999998e+00
    endloop
  endfacet
  facet normal -0.000000e+00 0.000000e+00 -1.000000e+00
    outer loop
      vertex   2.196104e+01 1.255594e+01 9.999998e+00
      vertex   2.041323e+01 1.217852e+01 9.999998e+00
      vertex   2.086282e+01 1.311583e+01 9.999998e+00
    endloop
  endfacet
  facet normal 0.000000e+00 0.000000e+00 -1.000000e+00
    outer loop
      vertex   2.196104e+01 1.255594e+01 9.999998e+00
      vertex   2.086282e+01 1.311583e+01 9.999998e+00
      vertex   2.235482e+01 1.358686e+01 9.999998e+00
    endloop
  endfacet
  facet normal -0.000000e+00 0.000000e+00 -1.000000e+00
    outer loop
      vertex   2.235482e+01 1.358686e+01 9.999998e+00
      vertex   2.086282e+01 1.311583e+01 9.999998e+00
      vertex   2.122531e+01 1.409013e+01 9.999998e+00
    endloop
  endfacet
  facet normal 0.000000e+00 0.000000e+00 -1.000000e+00
    outer loop
      vertex   2.235482e+01 1.358686e+01 9.999998e+00
      vertex   2.122531e+01 1.409013e+01 9.999998e+00
      vertex   2.265726e+01 1.464818e+01 9.999998e+00
    endloop
  endfacet
  facet normal -0.000000e+00 0.000000e+00 -1.000000e+00
    outer loop
      vertex   2.265726e+01 1.464818e+01 9.999998e+00
      vertex   2.122531e+01 1.409013e+01 9.999998e+00
      vertex   2.149770e+01 1.509336e+01 9.999998e+00
    endloop
  endfacet
  facet normal 0.000000e+00 0.000000e+00 -1.000000e+00
    outer loop
      vertex   2.265726e+01 1.464818e+01 9.999998e+00
      vertex   2.149770e+01 1.509336e+01 9.999998e+00
      vertex   2.286605e+01 1.573182e+01 9.999998e+00
    endloop
  endfacet
  facet normal -0.000000e+00 0.000000e+00 -1.000000e+00
    outer loop
      vertex   2.286605e+01 1.573182e+01 9.999998e+00
      vertex   2.149770e+01 1.509336e+01 9.999998e+00
      vertex   2.167774e+01 1.611721e+01 9.999998e+00
    endloop
  endfacet
  facet normal 0.000000e+00 0.000000e+00 -1.000000e+00
    outer loop
      vertex   2.286605e+01 1.573182e+01 9.999998e+00
      vertex   2.167774e+01 1.611721e+01 9.999998e+00
      vertex   2.297960e+01 1.682953e+01 9.999998e+00
    endloop
  endfacet
  facet normal -0.000000e+00 0.000000e+00 -1.000000e+00
    outer loop
      vertex   2.297960e+01 1.682953e+01 9.999998e+00
      vertex   2.167774e+01 1.611721e+01 9.999998e+00
      vertex   2.176393e+01 1.715318e+01 9.999998e+00
    endloop
  endfacet
  facet normal 0.000000e+00 0.000000e+00 -1.000000e+00
    outer loop
      vertex   2.297960e+01 1.682953e+01 9.999998e+00
      vertex   2.176393e+01 1.715318e+01 9.999998e+00
      vertex   2.299705e+01 1.793296e+01 9.999998e+00
    endloop
  endfacet
  facet normal -0.000000e+00 0.000000e+00 -1.000000e+00
    outer loop
      vertex   2.299705e+01 1.793296e+01 9.999998e+00
      vertex   2.176393e+01 1.715318e+01 9.999998e+00
      vertex   2.175555e+01 1.819270e+01 9.999998e+00
    endloop
  endfacet
  facet normal 0.000000e+00 0.000000e+00 -1.000000e+00
    outer loop
      vertex   2.299705e+01 1.793296e+01 9.999998e+00
      vertex   2.175555e+01 1.819270e+01 9.999998e+00
      vertex   2.291825e+01 1.903372e+01 9.999998e+00
    endloop
  endfacet
  facet normal -0.000000e+00 0.000000e+00 -1.000000e+00
    outer loop
      vertex   2.291825e+01 1.903372e+01 9.999998e+00
      vertex   2.175555e+01 1.819270e+01 9.999998e+00
      vertex   2.165268e+01 1.922715e+01 9.999998e+00
    endloop
  endfacet
  facet normal 0.000000e+00 0.000000e+00 -1.000000e+00
    outer loop
      vertex   2.291825e+01 1.903372e+01 9.999998e+00
      vertex   2.165268e+01 1.922715e+01 9.999998e+00
      vertex   2.274382e+01 2.012341e+01 9.999998e+00
    endloop
  endfacet
  facet normal -0.000000e+00 0.000000e+00 -1.000000e+00
    outer loop
      vertex   2.274382e+01 2.012341e+01 9.999998e+00
      vertex   2.165268e+01 1.922715e+01 9.999998e+00
      vertex   2.145617e+01 2.024796e+01 9.999998e+00
    endloop
  endfacet
  facet normal 0.000000e+00 0.000000e+00 -1.000000e+00
    outer loop
      vertex   2.274382e+01 2.012341e+01 9.999998e+00
      vertex   2.145617e+01 2.024796e+01 9.999998e+00
      vertex   2.247508e+01 2.119376e+01 9.999998e+00
    endloop
  endfacet
  facet normal -0.000000e+00 0.000000e+00 -1.000000e+00
    outer loop
      vertex   2.247508e+01 2.119376e+01 9.999998e+00
      vertex   2.145617e+01 2.024796e+01 9.999998e+00
      vertex   2.116764e+01 2.124668e+01 9.999998e+00
    endloop
  endfacet
  facet normal 0.000000e+00 0.000000e+00 -1.000000e+00
    outer loop
      vertex   2.247508e+01 2.119376e+01 9.999998e+00
      vertex   2.116764e+01 2.124668e+01 9.999998e+00
      vertex   2.211408e+01 2.223662e+01 9.999998e+00
    endloop
  endfacet
  facet normal 0.000000e+00 0.000000e+00 -1.000000e+00
    outer loop
      vertex   2.211408e+01 2.223662e+01 9.999998e+00
      vertex   2.116764e+01 2.124668e+01 9.999998e+00
      vertex   2.078949e+01 2.221501e+01 9.999998e+00
    endloop
  endfacet
  facet normal -0.000000e+00 0.000000e+00 -1.000000e+00
    outer loop
      vertex   2.211408e+01 2.223662e+01 9.999998e+00
      vertex   2.078949e+01 2.221501e+01 9.999998e+00
      vertex   2.166356e+01 2.324404e+01 9.999998e+00
    endloop
  endfacet
  facet normal 0.000000e+00 0.000000e+00 -1.000000e+00
    outer loop
      vertex   2.166356e+01 2.324404e+01 9.999998e+00
      vertex   2.078949e+01 2.221501e+01 9.999998e+00
      vertex   2.032486e+01 2.314495e+01 9.999998e+00
    endloop
  endfacet
  facet normal -0.000000e+00 0.000000e+00 -1.000000e+00
    outer loop
      vertex   2.166356e+01 2.324404e+01 9.999998e+00
      vertex   2.032486e+01 2.314495e+01 9.999998e+00
      vertex   2.112695e+01 2.420836e+01 9.999998e+00
    endloop
  endfacet
  facet normal 0.000000e+00 0.000000e+00 -1.000000e+00
    outer loop
      vertex   2.112695e+01 2.420836e+01 9.999998e+00
      vertex   2.032486e+01 2.314495e+01 9.999998e+00
      vertex   1.977758e+01 2.402878e+01 9.999998e+00
    endloop
  endfacet
  facet normal -0.000000e+00 0.000000e+00 -1.000000e+00
    outer loop
      vertex   2.112695e+01 2.420836e+01 9.999998e+00
      vertex   1.977758e+01 2.402878e+01 9.999998e+00
      vertex   2.050834e+01 2.512225e+01 9.999998e+00
    endloop
  endfacet
  facet normal 0.000000e+00 0.000000e+00 -1.000000e+00
    outer loop
      vertex   2.050834e+01 2.512225e+01 9.999998e+00
      vertex   1.977758e+01 2.402878e+01 9.999998e+00
      vertex   1.915221e+01 2.485919e+01 9.999998e+00
    endloop
  endfacet
  facet normal -0.000000e+00 0.000000e+00 -1.000000e+00
    outer loop
      vertex   2.050834e+01 2.512225e+01 9.999998e+00
      vertex   1.915221e+01 2.485919e+01 9.999998e+00
      vertex   1.981243e+01 2.597874e+01 9.999998e+00
    endloop
  endfacet
  facet normal 0.000000e+00 0.000000e+00 -1.000000e+00
    outer loop
      vertex   1.981243e+01 2.597874e+01 9.999998e+00
      vertex   1.915221e+01 2.485919e+01 9.999998e+00
      vertex   1.845391e+01 2.562929e+01 9.999998e+00
    endloop
  endfacet
  facet normal -0.000000e+00 0.000000e+00 -1.000000e+00
    outer loop
      vertex   1.981243e+01 2.597874e+01 9.999998e+00
      vertex   1.845391e+01 2.562929e+01 9.999998e+00
      vertex   1.904452e+01 2.677132e+01 9.999998e+00
    endloop
  endfacet
  facet normal 0.000000e+00 0.000000e+00 -1.000000e+00
    outer loop
      vertex   1.904452e+01 2.677132e+01 9.999998e+00
      vertex   1.845391e+01 2.562929e+01 9.999998e+00
      vertex   1.768847e+01 2.633269e+01 9.999998e+00
    endloop
  endfacet
  facet normal -0.000000e+00 0.000000e+00 -1.000000e+00
    outer loop
      vertex   1.904452e+01 2.677132e+01 9.999998e+00
      vertex   1.768847e+01 2.633269e+01 9.999998e+00
      vertex   1.821045e+01 2.749395e+01 9.999998e+00
    endloop
  endfacet
  facet normal 0.000000e+00 0.000000e+00 -1.000000e+00
    outer loop
      vertex   1.821045e+01 2.749395e+01 9.999998e+00
      vertex   1.768847e+01 2.633269e+01 9.999998e+00
      vertex   1.686224e+01 2.696358e+01 9.999998e+00
    endloop
  endfacet
  facet normal -0.000000e+00 0.000000e+00 -1.000000e+00
    outer loop
      vertex   1.821045e+01 2.749395e+01 9.999998e+00
      vertex   1.686224e+01 2.696358e+01 9.999998e+00
      vertex   1.731658e+01 2.814115e+01 9.999998e+00
    endloop
  endfacet
  facet normal 0.000000e+00 0.000000e+00 -1.000000e+00
    outer loop
      vertex   1.731658e+01 2.814115e+01 9.999998e+00
      vertex   1.686224e+01 2.696358e+01 9.999998e+00
      vertex   1.598207e+01 2.751672e+01 9.999998e+00
    endloop
  endfacet
  facet normal -0.000000e+00 0.000000e+00 -1.000000e+00
    outer loop
      vertex   1.731658e+01 2.814115e+01 9.999998e+00
      vertex   1.598207e+01 2.751672e+01 9.999998e+00
      vertex   1.636970e+01 2.870797e+01 9.999998e+00
    endloop
  endfacet
  facet normal 0.000000e+00 0.000000e+00 -1.000000e+00
    outer loop
      vertex   1.636970e+01 2.870797e+01 9.999998e+00
      vertex   1.598207e+01 2.751672e+01 9.999998e+00
      vertex   1.505524e+01 2.798753e+01 9.999998e+00
    endloop
  endfacet
  facet normal -0.000000e+00 0.000000e+00 -1.000000e+00
    outer loop
      vertex   1.636970e+01 2.870797e+01 9.999998e+00
      vertex   1.505524e+01 2.798753e+01 9.999998e+00
      vertex   1.537703e+01 2.919011e+01 9.999998e+00
    endloop
  endfacet
  facet normal 1.662157e-15 -4.447595e-16 -1.000000e+00
    outer loop
      vertex   1.537703e+01 2.919011e+01 9.999998e+00
      vertex   1.505524e+01 2.798753e+01 9.999998e+00
      vertex   1.408944e+01 2.837211e+01 9.999998e+00
    endloop
  endfacet
  facet normal 1.594105e-15 -3.376431e-16 -1.000000e+00
    outer loop
      vertex   1.537703e+01 2.919011e+01 9.999998e+00
      vertex   1.408944e+01 2.837211e+01 9.999998e+00
      vertex   1.434610e+01 2.958390e+01 9.999998e+00
    endloop
  endfacet
  facet normal 0.000000e+00 0.000000e+00 -1.000000e+00
    outer loop
      vertex   1.434610e+01 2.958390e+01 9.999998e+00
      vertex   1.408944e+01 2.837211e+01 9.999998e+00
      vertex   1.309267e+01 2.866726e+01 9.999998e+00
    endloop
  endfacet
  facet normal -0.000000e+00 0.000000e+00 -1.000000e+00
    outer loop
      vertex   1.434610e+01 2.958390e+01 9.999998e+00
      vertex   1.309267e+01 2.866726e+01 9.999998e+00
      vertex   1.328479e+01 2.988634e+01 9.999998e+00
    endloop
  endfacet
  facet normal 0.000000e+00 0.000000e+00 -1.000000e+00
    outer loop
      vertex   1.328479e+01 2.988634e+01 9.999998e+00
      vertex   1.309267e+01 2.866726e+01 9.999998e+00
      vertex   1.207319e+01 2.887056e+01 9.999998e+00
    endloop
  endfacet
  facet normal -0.000000e+00 0.000000e+00 -1.000000e+00
    outer loop
      vertex   1.328479e+01 2.988634e+01 9.999998e+00
      vertex   1.207319e+01 2.887056e+01 9.999998e+00
      vertex   1.220115e+01 3.009513e+01 9.999998e+00
    endloop
  endfacet
  facet normal 0.000000e+00 0.000000e+00 -1.000000e+00
    outer loop
      vertex   1.220115e+01 3.009513e+01 9.999998e+00
      vertex   1.207319e+01 2.887056e+01 9.999998e+00
      vertex   1.103944e+01 2.898031e+01 9.999998e+00
    endloop
  endfacet
  facet normal -0.000000e+00 0.000000e+00 -1.000000e+00
    outer loop
      vertex   1.220115e+01 3.009513e+01 9.999998e+00
      vertex   1.103944e+01 2.898031e+01 9.999998e+00
      vertex   1.110343e+01 3.020868e+01 9.999998e+00
    endloop
  endfacet
  facet normal 0.000000e+00 0.000000e+00 1.000000e+00
    outer loop
      vertex   1.126751e+01 3.430598e+01 3.040000e+01
      vertex   1.000000e+01 3.432732e+01 3.040000e+01
      vertex   2.690502e+01 2.014189e+01 3.040000e+01
    endloop
  endfacet
  facet normal 0.000000e+00 0.000000e+00 1.000000e+00
    outer loop
      vertex   2.690502e+01 2.014189e+01 3.040000e+01
      vertex   1.000000e+01 3.432732e+01 3.040000e+01
      vertex   8.734506e+00 3.425274e+01 3.040000e+01
    endloop
  endfacet
  facet normal 0.000000e+00 0.000000e+00 1.000000e+00
    outer loop
      vertex   2.690502e+01 2.014189e+01 3.040000e+01
      vertex   8.734506e+00 3.425274e+01 3.040000e+01
      vertex   7.478277e+00 3.408267e+01 3.040000e+01
    endloop
  endfacet
  facet normal 0.000000e+00 0.000000e+00 1.000000e+00
    outer loop
      vertex   7.478277e+00 3.408267e+01 3.040000e+01
      vertex   6.238507e+00 3.381808e+01 3.040000e+01
      vertex   2.690502e+01 2.014189e+01 3.040000e+01
    endloop
  endfacet
  facet normal 0.000000e+00 0.000000e+00 1.000000e+00
    outer loop
      vertex   2.690502e+01 2.014189e+01 3.040000e+01
      vertex   6.238507e+00 3.381808e+01 3.040000e+01
      vertex   5.022300e+00 3.346048e+01 3.040000e+01
    endloop
  endfacet
  facet normal 0.000000e+00 0.000000e+00 1.000000e+00
    outer loop
      vertex   2.690502e+01 2.014189e+01 3.040000e+01
      vertex   5.022300e+00 3.346048e+01 3.040000e+01
      vertex   3.836619e+00 3.301193e+01 3.040000e+01
    endloop
  endfacet
  facet normal 0.000000e+00 0.000000e+00 1.000000e+00
    outer loop
      vertex   3.836619e+00 3.301193e+01 3.040000e+01
      vertex   2.688258e+00 3.247499e+01 3.040000e+01
      vertex   2.690502e+01 2.014189e+01 3.040000e+01
    endloop
  endfacet
  facet normal 0.000000e+00 0.000000e+00 1.000000e+00
    outer loop
      vertex   2.690502e+01 2.014189e+01 3.040000e+01
      vertex   2.688258e+00 3.247499e+01 3.040000e+01
      vertex   1.583794e+00 3.185274e+01 3.040000e+01
    endloop
  endfacet
  facet normal 0.000000e+00 0.000000e+00 1.000000e+00
    outer loop
      vertex   2.690502e+01 2.014189e+01 3.040000e+01
      vertex   1.583794e+00 3.185274e+01 3.040000e+01
      vertex   5.295534e-01 3.114874e+01 3.040000e+01
    endloop
  endfacet
  facet normal 0.000000e+00 0.000000e+00 1.000000e+00
    outer loop
      vertex   5.295534e-01 3.114874e+01 3.040000e+01
      vertex   -4.684258e-01 3.036703e+01 3.040000e+01
      vertex   2.690502e+01 2.014189e+01 3.040000e+01
    endloop
  endfacet
  facet normal 0.000000e+00 0.000000e+00 1.000000e+00
    outer loop
      vertex   2.690502e+01 2.014189e+01 3.040000e+01
      vertex   -4.684258e-01 3.036703e+01 3.040000e+01
      vertex   -1.404427e+00 2.951208e+01 3.040000e+01
    endloop
  endfacet
  facet normal 0.000000e+00 0.000000e+00 1.000000e+00
    outer loop
      vertex   2.690502e+01 2.014189e+01 3.040000e+01
      vertex   -1.404427e+00 2.951208e+01 3.040000e+01
      vertex   -2.273089e+00 2.858879e+01 3.040000e+01
    endloop
  endfacet
  facet normal 0.000000e+00 0.000000e+00 1.000000e+00
    outer loop
      vertex   -2.273089e+00 2.858879e+01 3.040000e+01
      vertex   -3.069435e+00 2.760245e+01 3.040000e+01
      vertex   2.690502e+01 2.014189e+01 3.040000e+01
    endloop
  endfacet
  facet normal 0.000000e+00 0.000000e+00 1.000000e+00
    outer loop
      vertex   2.690502e+01 2.014189e+01 3.040000e+01
      vertex   -3.069435e+00 2.760245e+01 3.040000e+01
      vertex   -3.788905e+00 2.655871e+01 3.040000e+01
    endloop
  endfacet
  facet normal 0.000000e+00 0.000000e+00 1.000000e+00
    outer loop
      vertex   2.690502e+01 2.014189e+01 3.040000e+01
      vertex   -3.788905e+00 2.655871e+01 3.040000e+01
      vertex   -4.427378e+00 2.546354e+01 3.040000e+01
    endloop
  endfacet
  facet normal 0.000000e+00 0.000000e+00 1.000000e+00
    outer loop
      vertex   -4.427378e+00 2.546354e+01 3.040000e+01
      vertex   -4.981196e+00 2.432323e+01 3.040000e+01
      vertex   2.690502e+01 2.014189e+01 3.040000e+01
    endloop
  endfacet
  facet normal 0.000000e+00 0.000000e+00 1.000000e+00
    outer loop
      vertex   2.690502e+01 2.014189e+01 3.040000e+01
      vertex   -4.981196e+00 2.432323e+01 3.040000e+01
      vertex   -5.447188e+00 2.314429e+01 3.040000e+01
    endloop
  endfacet
  facet normal 0.000000e+00 0.000000e+00 1.000000e+00
    outer loop
      vertex   2.690502e+01 2.014189e+01 3.040000e+01
      vertex   -5.447188e+00 2.314429e+01 3.040000e+01
      vertex   -5.822683e+00 2.193349e+01 3.040000e+01
    endloop
  endfacet
  facet normal 0.000000e+00 0.000000e+00 1.000000e+00
    outer loop
      vertex   -5.822683e+00 2.193349e+01 3.040000e+01
      vertex   -6.105531e+00 2.069776e+01 3.040000e+01
      vertex   2.690502e+01 2.014189e+01 3.040000e+01
    endloop
  endfacet
  facet normal 0.000000e+00 0.000000e+00 1.000000e+00
    outer loop
      vertex   2.690502e+01 2.014189e+01 3.040000e+01
      vertex   -6.105531e+00 2.069776e+01 3.040000e+01
      vertex   -6.294113e+00 1.944417e+01 3.040000e+01
    endloop
  endfacet
  facet normal 0.000000e+00 0.000000e+00 1.000000e+00
    outer loop
      vertex   2.690502e+01 2.014189e+01 3.040000e+01
      vertex   -6.294113e+00 1.944417e+01 3.040000e+01
      vertex   2.705129e+01 1.888267e+01 3.040000e+01
    endloop
  endfacet
  facet normal 0.000000e+00 0.000000e+00 1.000000e+00
    outer loop
      vertex   2.705129e+01 1.888267e+01 3.040000e+01
      vertex   -6.294113e+00 1.944417e+01 3.040000e+01
      vertex   -6.387347e+00 1.817992e+01 3.040000e+01
    endloop
  endfacet
  facet normal 0.000000e+00 0.000000e+00 1.000000e+00
    outer loop
      vertex   2.705129e+01 1.888267e+01 3.040000e+01
      vertex   -6.387347e+00 1.817992e+01 3.040000e+01
      vertex   2.710191e+01 1.761599e+01 3.040000e+01
    endloop
  endfacet
  facet normal 0.000000e+00 0.000000e+00 1.000000e+00
    outer loop
      vertex   2.710191e+01 1.761599e+01 3.040000e+01
      vertex   -6.387347e+00 1.817992e+01 3.040000e+01
      vertex   -6.384701e+00 1.691223e+01 3.040000e+01
    endloop
  endfacet
  facet normal 0.000000e+00 0.000000e+00 1.000000e+00
    outer loop
      vertex   2.710191e+01 1.761599e+01 3.040000e+01
      vertex   -6.384701e+00 1.691223e+01 3.040000e+01
      vertex   2.705658e+01 1.634911e+01 3.040000e+01
    endloop
  endfacet
  facet normal 0.000000e+00 0.000000e+00 1.000000e+00
    outer loop
      vertex   2.705658e+01 1.634911e+01 3.040000e+01
      vertex   -6.384701e+00 1.691223e+01 3.040000e+01
      vertex   -6.286188e+00 1.564838e+01 3.040000e+01
    endloop
  endfacet
  facet normal 0.000000e+00 0.000000e+00 1.000000e+00
    outer loop
      vertex   2.705658e+01 1.634911e+01 3.040000e+01
      vertex   -6.286188e+00 1.564838e+01 3.040000e+01
      vertex   2.691557e+01 1.508929e+01 3.040000e+01
    endloop
  endfacet
  facet normal 0.000000e+00 0.000000e+00 1.000000e+00
    outer loop
      vertex   2.691557e+01 1.508929e+01 3.040000e+01
      vertex   -6.286188e+00 1.564838e+01 3.040000e+01
      vertex   -6.092374e+00 1.439559e+01 3.040000e+01
    endloop
  endfacet
  facet normal 0.000000e+00 0.000000e+00 1.000000e+00
    outer loop
      vertex   2.691557e+01 1.508929e+01 3.040000e+01
      vertex   -6.092374e+00 1.439559e+01 3.040000e+01
      vertex   2.667969e+01 1.384374e+01 3.040000e+01
    endloop
  endfacet
  facet normal 0.000000e+00 0.000000e+00 1.000000e+00
    outer loop
      vertex   2.667969e+01 1.384374e+01 3.040000e+01
      vertex   -6.092374e+00 1.439559e+01 3.040000e+01
      vertex   -5.804368e+00 1.316105e+01 3.040000e+01
    endloop
  endfacet
  facet normal 0.000000e+00 0.000000e+00 1.000000e+00
    outer loop
      vertex   2.667969e+01 1.384374e+01 3.040000e+01
      vertex   -5.804368e+00 1.316105e+01 3.040000e+01
      vertex   2.635028e+01 1.261959e+01 3.040000e+01
    endloop
  endfacet
  facet normal 0.000000e+00 0.000000e+00 1.000000e+00
    outer loop
      vertex   2.635028e+01 1.261959e+01 3.040000e+01
      vertex   -5.804368e+00 1.316105e+01 3.040000e+01
      vertex   -5.423820e+00 1.195183e+01 3.040000e+01
    endloop
  endfacet
  facet normal 0.000000e+00 0.000000e+00 1.000000e+00
    outer loop
      vertex   2.635028e+01 1.261959e+01 3.040000e+01
      vertex   -5.423820e+00 1.195183e+01 3.040000e+01
      vertex   2.592923e+01 1.142387e+01 3.040000e+01
    endloop
  endfacet
  facet normal 0.000000e+00 0.000000e+00 1.000000e+00
    outer loop
      vertex   2.592923e+01 1.142387e+01 3.040000e+01
      vertex   -5.423820e+00 1.195183e+01 3.040000e+01
      vertex   -4.952910e+00 1.077485e+01 3.040000e+01
    endloop
  endfacet
  facet normal 0.000000e+00 0.000000e+00 1.000000e+00
    outer loop
      vertex   2.592923e+01 1.142387e+01 3.040000e+01
      vertex   -4.952910e+00 1.077485e+01 3.040000e+01
      vertex   2.541896e+01 1.026341e+01 3.040000e+01
    endloop
  endfacet
  facet normal 0.000000e+00 0.000000e+00 1.000000e+00
    outer loop
      vertex   2.541896e+01 1.026341e+01 3.040000e+01
      vertex   -4.952910e+00 1.077485e+01 3.040000e+01
      vertex   -4.394336e+00 9.636853e+00 3.040000e+01
    endloop
  endfacet
  facet normal 0.000000e+00 0.000000e+00 1.000000e+00
    outer loop
      vertex   2.541896e+01 1.026341e+01 3.040000e+01
      vertex   -4.394336e+00 9.636853e+00 3.040000e+01
      vertex   2.482239e+01 9.144870e+00 3.040000e+01
    endloop
  endfacet
  facet normal 0.000000e+00 0.000000e+00 1.000000e+00
    outer loop
      vertex   2.482239e+01 9.144870e+00 3.040000e+01
      vertex   -4.394336e+00 9.636853e+00 3.040000e+01
      vertex   -3.751296e+00 8.544362e+00 3.040000e+01
    endloop
  endfacet
  facet normal 0.000000e+00 0.000000e+00 1.000000e+00
    outer loop
      vertex   2.482239e+01 9.144870e+00 3.040000e+01
      vertex   -3.751296e+00 8.544362e+00 3.040000e+01
      vertex   2.414293e+01 8.074649e+00 3.040000e+01
    endloop
  endfacet
  facet normal 0.000000e+00 0.000000e+00 1.000000e+00
    outer loop
      vertex   2.414293e+01 8.074649e+00 3.040000e+01
      vertex   -3.751296e+00 8.544362e+00 3.040000e+01
      vertex   -3.027473e+00 7.503632e+00 3.040000e+01
    endloop
  endfacet
  facet normal 0.000000e+00 0.000000e+00 1.000000e+00
    outer loop
      vertex   2.414293e+01 8.074649e+00 3.040000e+01
      vertex   -3.027473e+00 7.503632e+00 3.040000e+01
      vertex   2.338448e+01 7.058879e+00 3.040000e+01
    endloop
  endfacet
  facet normal 0.000000e+00 0.000000e+00 1.000000e+00
    outer loop
      vertex   2.338448e+01 7.058879e+00 3.040000e+01
      vertex   -3.027473e+00 7.503632e+00 3.040000e+01
      vertex   -2.227015e+00 6.520625e+00 3.040000e+01
    endloop
  endfacet
  facet normal 0.000000e+00 0.000000e+00 1.000000e+00
    outer loop
      vertex   2.338448e+01 7.058879e+00 3.040000e+01
      vertex   -2.227015e+00 6.520625e+00 3.040000e+01
      vertex   2.255138e+01 6.103380e+00 3.040000e+01
    endloop
  endfacet
  facet normal 0.000000e+00 0.000000e+00 1.000000e+00
    outer loop
      vertex   2.255138e+01 6.103380e+00 3.040000e+01
      vertex   -2.227015e+00 6.520625e+00 3.040000e+01
      vertex   -1.354506e+00 5.600971e+00 3.040000e+01
    endloop
  endfacet
  facet normal 0.000000e+00 0.000000e+00 1.000000e+00
    outer loop
      vertex   2.255138e+01 6.103380e+00 3.040000e+01
      vertex   -1.354506e+00 5.600971e+00 3.040000e+01
      vertex   2.164840e+01 5.213623e+00 3.040000e+01
    endloop
  endfacet
  facet normal 0.000000e+00 0.000000e+00 1.000000e+00
    outer loop
      vertex   2.164840e+01 5.213623e+00 3.040000e+01
      vertex   -1.354506e+00 5.600971e+00 3.040000e+01
      vertex   -4.149431e-01 4.749937e+00 3.040000e+01
    endloop
  endfacet
  facet normal 0.000000e+00 0.000000e+00 1.000000e+00
    outer loop
      vertex   2.164840e+01 5.213623e+00 3.040000e+01
      vertex   -4.149431e-01 4.749937e+00 3.040000e+01
      vertex   2.068072e+01 4.394705e+00 3.040000e+01
    endloop
  endfacet
  facet normal 0.000000e+00 0.000000e+00 1.000000e+00
    outer loop
      vertex   2.068072e+01 4.394705e+00 3.040000e+01
      vertex   -4.149431e-01 4.749937e+00 3.040000e+01
      vertex   5.862915e-01 3.972399e+00 3.040000e+01
    endloop
  endfacet
  facet normal 0.000000e+00 0.000000e+00 1.000000e+00
    outer loop
      vertex   2.068072e+01 4.394705e+00 3.040000e+01
      vertex   5.862915e-01 3.972399e+00 3.040000e+01
      vertex   1.965387e+01 3.651318e+00 3.040000e+01
    endloop
  endfacet
  facet normal 0.000000e+00 0.000000e+00 1.000000e+00
    outer loop
      vertex   1.965387e+01 3.651318e+00 3.040000e+01
      vertex   5.862915e-01 3.972399e+00 3.040000e+01
      vertex   1.643463e+00 3.272809e+00 3.040000e+01
    endloop
  endfacet
  facet normal 0.000000e+00 0.000000e+00 1.000000e+00
    outer loop
      vertex   1.965387e+01 3.651318e+00 3.040000e+01
      vertex   1.643463e+00 3.272809e+00 3.040000e+01
      vertex   1.857375e+01 2.987719e+00 3.040000e+01
    endloop
  endfacet
  facet normal 0.000000e+00 0.000000e+00 1.000000e+00
    outer loop
      vertex   1.857375e+01 2.987719e+00 3.040000e+01
      vertex   1.643463e+00 3.272809e+00 3.040000e+01
      vertex   2.750516e+00 2.655176e+00 3.040000e+01
    endloop
  endfacet
  facet normal 0.000000e+00 0.000000e+00 1.000000e+00
    outer loop
      vertex   1.857375e+01 2.987719e+00 3.040000e+01
      vertex   2.750516e+00 2.655176e+00 3.040000e+01
      vertex   1.744653e+01 2.407708e+00 3.040000e+01
    endloop
  endfacet
  facet normal 0.000000e+00 0.000000e+00 1.000000e+00
    outer loop
      vertex   1.744653e+01 2.407708e+00 3.040000e+01
      vertex   2.750516e+00 2.655176e+00 3.040000e+01
      vertex   3.901108e+00 2.123036e+00 3.040000e+01
    endloop
  endfacet
  facet normal 0.000000e+00 0.000000e+00 1.000000e+00
    outer loop
      vertex   1.744653e+01 2.407708e+00 3.040000e+01
      vertex   3.901108e+00 2.123036e+00 3.040000e+01
      vertex   1.627867e+01 1.914610e+00 3.040000e+01
    endloop
  endfacet
  facet normal 0.000000e+00 0.000000e+00 1.000000e+00
    outer loop
      vertex   1.627867e+01 1.914610e+00 3.040000e+01
      vertex   3.901108e+00 2.123036e+00 3.040000e+01
      vertex   5.088651e+00 1.679439e+00 3.040000e+01
    endloop
  endfacet
  facet normal 0.000000e+00 0.000000e+00 1.000000e+00
    outer loop
      vertex   1.627867e+01 1.914610e+00 3.040000e+01
      vertex   5.088651e+00 1.679439e+00 3.040000e+01
      vertex   1.507687e+01 1.511246e+00 3.040000e+01
    endloop
  endfacet
  facet normal 0.000000e+00 0.000000e+00 1.000000e+00
    outer loop
      vertex   1.507687e+01 1.511246e+00 3.040000e+01
      vertex   5.088651e+00 1.679439e+00 3.040000e+01
      vertex   6.306342e+00 1.326924e+00 3.040000e+01
    endloop
  endfacet
  facet normal 0.000000e+00 0.000000e+00 1.000000e+00
    outer loop
      vertex   1.507687e+01 1.511246e+00 3.040000e+01
      vertex   6.306342e+00 1.326924e+00 3.040000e+01
      vertex   1.384800e+01 1.199930e+00 3.040000e+01
    endloop
  endfacet
  facet normal 0.000000e+00 0.000000e+00 1.000000e+00
    outer loop
      vertex   1.384800e+01 1.199930e+00 3.040000e+01
      vertex   6.306342e+00 1.326924e+00 3.040000e+01
      vertex   7.547205e+00 1.067511e+00 3.040000e+01
    endloop
  endfacet
  facet normal 0.000000e+00 0.000000e+00 1.000000e+00
    outer loop
      vertex   1.384800e+01 1.199930e+00 3.040000e+01
      vertex   7.547205e+00 1.067511e+00 3.040000e+01
      vertex   1.259910e+01 9.824421e-01 3.040000e+01
    endloop
  endfacet
  facet normal 0.000000e+00 0.000000e+00 1.000000e+00
    outer loop
      vertex   1.259910e+01 9.824421e-01 3.040000e+01
      vertex   7.547205e+00 1.067511e+00 3.040000e+01
      vertex   8.804134e+00 9.026866e-01 3.040000e+01
    endloop
  endfacet
  facet normal 0.000000e+00 0.000000e+00 1.000000e+00
    outer loop
      vertex   1.259910e+01 9.824421e-01 3.040000e+01
      vertex   8.804134e+00 9.026866e-01 3.040000e+01
      vertex   1.133734e+01 8.600298e-01 3.040000e+01
    endloop
  endfacet
  facet normal 0.000000e+00 0.000000e+00 1.000000e+00
    outer loop
      vertex   1.133734e+01 8.600298e-01 3.040000e+01
      vertex   8.804134e+00 9.026866e-01 3.040000e+01
      vertex   1.006993e+01 8.333937e-01 3.040000e+01
    endloop
  endfacet
  facet normal 0.000000e+00 0.000000e+00 1.000000e+00
    outer loop
      vertex   2.666394e+01 2.138645e+01 3.040000e+01
      vertex   2.632942e+01 2.260920e+01 3.040000e+01
      vertex   2.690502e+01 2.014189e+01 3.040000e+01
    endloop
  endfacet
  facet normal 0.000000e+00 0.000000e+00 1.000000e+00
    outer loop
      vertex   2.690502e+01 2.014189e+01 3.040000e+01
      vertex   2.632942e+01 2.260920e+01 3.040000e+01
      vertex   2.590339e+01 2.380316e+01 3.040000e+01
    endloop
  endfacet
  facet normal 0.000000e+00 0.000000e+00 1.000000e+00
    outer loop
      vertex   2.690502e+01 2.014189e+01 3.040000e+01
      vertex   2.590339e+01 2.380316e+01 3.040000e+01
      vertex   2.538828e+01 2.496148e+01 3.040000e+01
    endloop
  endfacet
  facet normal 0.000000e+00 0.000000e+00 1.000000e+00
    outer loop
      vertex   2.538828e+01 2.496148e+01 3.040000e+01
      vertex   2.478704e+01 2.607752e+01 3.040000e+01
      vertex   2.690502e+01 2.014189e+01 3.040000e+01
    endloop
  endfacet
  facet normal 0.000000e+00 0.000000e+00 1.000000e+00
    outer loop
      vertex   2.690502e+01 2.014189e+01 3.040000e+01
      vertex   2.478704e+01 2.607752e+01 3.040000e+01
      vertex   2.410312e+01 2.714489e+01 3.040000e+01
    endloop
  endfacet
  facet normal 0.000000e+00 0.000000e+00 1.000000e+00
    outer loop
      vertex   2.690502e+01 2.014189e+01 3.040000e+01
      vertex   2.410312e+01 2.714489e+01 3.040000e+01
      vertex   2.334043e+01 2.815749e+01 3.040000e+01
    endloop
  endfacet
  facet normal 0.000000e+00 0.000000e+00 1.000000e+00
    outer loop
      vertex   2.334043e+01 2.815749e+01 3.040000e+01
      vertex   2.250335e+01 2.910950e+01 3.040000e+01
      vertex   2.690502e+01 2.014189e+01 3.040000e+01
    endloop
  endfacet
  facet normal 0.000000e+00 0.000000e+00 1.000000e+00
    outer loop
      vertex   2.690502e+01 2.014189e+01 3.040000e+01
      vertex   2.250335e+01 2.910950e+01 3.040000e+01
      vertex   2.159666e+01 2.999548e+01 3.040000e+01
    endloop
  endfacet
  facet normal 0.000000e+00 0.000000e+00 1.000000e+00
    outer loop
      vertex   2.690502e+01 2.014189e+01 3.040000e+01
      vertex   2.159666e+01 2.999548e+01 3.040000e+01
      vertex   2.062557e+01 3.081035e+01 3.040000e+01
    endloop
  endfacet
  facet normal 0.000000e+00 0.000000e+00 1.000000e+00
    outer loop
      vertex   2.062557e+01 3.081035e+01 3.040000e+01
      vertex   1.959563e+01 3.154944e+01 3.040000e+01
      vertex   2.690502e+01 2.014189e+01 3.040000e+01
    endloop
  endfacet
  facet normal 0.000000e+00 0.000000e+00 1.000000e+00
    outer loop
      vertex   2.690502e+01 2.014189e+01 3.040000e+01
      vertex   1.959563e+01 3.154944e+01 3.040000e+01
      vertex   1.851274e+01 3.220852e+01 3.040000e+01
    endloop
  endfacet
  facet normal 0.000000e+00 0.000000e+00 1.000000e+00
    outer loop
      vertex   2.690502e+01 2.014189e+01 3.040000e+01
      vertex   1.851274e+01 3.220852e+01 3.040000e+01
      vertex   1.738311e+01 3.278382e+01 3.040000e+01
    endloop
  endfacet
  facet normal 0.000000e+00 0.000000e+00 1.000000e+00
    outer loop
      vertex   1.738311e+01 3.278382e+01 3.040000e+01
      vertex   1.621320e+01 3.327204e+01 3.040000e+01
      vertex   2.690502e+01 2.014189e+01 3.040000e+01
    endloop
  endfacet
  facet normal 0.000000e+00 0.000000e+00 1.000000e+00
    outer loop
      vertex   2.690502e+01 2.014189e+01 3.040000e+01
      vertex   1.621320e+01 3.327204e+01 3.040000e+01
      vertex   1.500972e+01 3.367038e+01 3.040000e+01
    endloop
  endfacet
  facet normal 0.000000e+00 0.000000e+00 1.000000e+00
    outer loop
      vertex   2.690502e+01 2.014189e+01 3.040000e+01
      vertex   1.500972e+01 3.367038e+01 3.040000e+01
      vertex   1.377957e+01 3.397656e+01 3.040000e+01
    endloop
  endfacet
  facet normal 0.000000e+00 0.000000e+00 1.000000e+00
    outer loop
      vertex   1.377957e+01 3.397656e+01 3.040000e+01
      vertex   1.252978e+01 3.418884e+01 3.040000e+01
      vertex   2.690502e+01 2.014189e+01 3.040000e+01
    endloop
  endfacet
  facet normal 0.000000e+00 0.000000e+00 1.000000e+00
    outer loop
      vertex   2.690502e+01 2.014189e+01 3.040000e+01
      vertex   1.252978e+01 3.418884e+01 3.040000e+01
      vertex   1.126751e+01 3.430598e+01 3.040000e+01
    endloop
  endfacet
  facet normal 1.683669e-02 9.998583e-01 0.000000e+00
    outer loop
      vertex   1.126751e+01 3.430598e+01 3.040000e+01
      vertex   1.000000e+01 3.432732e+01 4.999998e+00
      vertex   1.000000e+01 3.432732e+01 3.040000e+01
    endloop
  endfacet
  facet normal -5.882956e-02 9.982680e-01 0.000000e+00
    outer loop
      vertex   1.000000e+01 3.432732e+01 3.040000e+01
      vertex   1.000000e+01 3.432732e+01 4.999998e+00
      vertex   8.734506e+00 3.425274e+01 4.999998e+00
    endloop
  endfacet
  facet normal -5.882956e-02 9.982680e-01 -2.590288e-16
    outer loop
      vertex   1.000000e+01 3.432732e+01 3.040000e+01
      vertex   8.734506e+00 3.425274e+01 4.999998e+00
      vertex   8.734506e+00 3.425274e+01 3.040000e+01
    endloop
  endfacet
  facet normal -1.341588e-01 9.909598e-01 -2.303001e-16
    outer loop
      vertex   8.734506e+00 3.425274e+01 3.040000e+01
      vertex   8.734506e+00 3.425274e+01 4.999998e+00
      vertex   7.478277e+00 3.408267e+01 4.999998e+00
    endloop
  endfacet
  facet normal -1.341588e-01 9.909598e-01 4.740960e-17
    outer loop
      vertex   8.734506e+00 3.425274e+01 3.040000e+01
      vertex   7.478277e+00 3.408267e+01 4.999998e+00
      vertex   7.478277e+00 3.408267e+01 3.040000e+01
    endloop
  endfacet
  facet normal -2.087197e-01 9.779755e-01 7.298437e-17
    outer loop
      vertex   7.478277e+00 3.408267e+01 3.040000e+01
      vertex   7.478277e+00 3.408267e+01 4.999998e+00
      vertex   6.238507e+00 3.381808e+01 4.999998e+00
    endloop
  endfacet
  facet normal -2.087197e-01 9.779755e-01 7.240740e-17
    outer loop
      vertex   7.478277e+00 3.408267e+01 3.040000e+01
      vertex   6.238507e+00 3.381808e+01 4.999998e+00
      vertex   6.238507e+00 3.381808e+01 3.040000e+01
    endloop
  endfacet
  facet normal -2.820850e-01 9.593894e-01 9.863849e-17
    outer loop
      vertex   6.238507e+00 3.381808e+01 3.040000e+01
      vertex   6.238507e+00 3.381808e+01 4.999998e+00
      vertex   5.022300e+00 3.346048e+01 4.999998e+00
    endloop
  endfacet
  facet normal -2.820850e-01 9.593894e-01 5.861551e-17
    outer loop
      vertex   6.238507e+00 3.381808e+01 3.040000e+01
      vertex   5.022300e+00 3.346048e+01 4.999998e+00
      vertex   5.022300e+00 3.346048e+01 3.040000e+01
    endloop
  endfacet
  facet normal -3.538345e-01 9.353081e-01 7.423657e-17
    outer loop
      vertex   5.022300e+00 3.346048e+01 3.040000e+01
      vertex   5.022300e+00 3.346048e+01 4.999998e+00
      vertex   3.836619e+00 3.301193e+01 4.999998e+00
    endloop
  endfacet
  facet normal -3.538345e-01 9.353081e-01 6.206348e-17
    outer loop
      vertex   5.022300e+00 3.346048e+01 3.040000e+01
      vertex   3.836619e+00 3.301193e+01 4.999998e+00
      vertex   3.836619e+00 3.301193e+01 3.040000e+01
    endloop
  endfacet
  facet normal -4.235573e-01 9.058693e-01 7.405403e-17
    outer loop
      vertex   3.836619e+00 3.301193e+01 3.040000e+01
      vertex   3.836619e+00 3.301193e+01 4.999998e+00
      vertex   2.688258e+00 3.247499e+01 4.999998e+00
    endloop
  endfacet
  facet normal -4.235573e-01 9.058693e-01 1.310229e-16
    outer loop
      vertex   3.836619e+00 3.301193e+01 3.040000e+01
      vertex   2.688258e+00 3.247499e+01 4.999998e+00
      vertex   2.688258e+00 3.247499e+01 3.040000e+01
    endloop
  endfacet
  facet normal -4.908540e-01 8.712418e-01 1.544761e-16
    outer loop
      vertex   2.688258e+00 3.247499e+01 3.040000e+01
      vertex   2.688258e+00 3.247499e+01 4.999998e+00
      vertex   1.583794e+00 3.185274e+01 4.999998e+00
    endloop
  endfacet
  facet normal -4.908540e-01 8.712418e-01 -2.379100e-16
    outer loop
      vertex   2.688258e+00 3.247499e+01 3.040000e+01
      vertex   1.583794e+00 3.185274e+01 4.999998e+00
      vertex   1.583794e+00 3.185274e+01 3.040000e+01
    endloop
  endfacet
  facet normal -5.553392e-01 8.316240e-01 -2.033175e-16
    outer loop
      vertex   1.583794e+00 3.185274e+01 3.040000e+01
      vertex   1.583794e+00 3.185274e+01 4.999998e+00
      vertex   5.295534e-01 3.114874e+01 4.999998e+00
    endloop
  endfacet
  facet normal -5.553392e-01 8.316240e-01 1.689506e-16
    outer loop
      vertex   1.583794e+00 3.185274e+01 3.040000e+01
      vertex   5.295534e-01 3.114874e+01 4.999998e+00
      vertex   5.295534e-01 3.114874e+01 3.040000e+01
    endloop
  endfacet
  facet normal -6.166434e-01 7.872426e-01 1.886725e-16
    outer loop
      vertex   5.295534e-01 3.114874e+01 3.040000e+01
      vertex   5.295534e-01 3.114874e+01 4.999998e+00
      vertex   -4.684258e-01 3.036703e+01 4.999998e+00
    endloop
  endfacet
  facet normal -6.166434e-01 7.872426e-01 -5.861551e-17
    outer loop
      vertex   5.295534e-01 3.114874e+01 3.040000e+01
      vertex   -4.684258e-01 3.036703e+01 4.999998e+00
      vertex   -4.684258e-01 3.036703e+01 3.040000e+01
    endloop
  endfacet
  facet normal -6.744155e-01 7.383520e-01 -2.967705e-17
    outer loop
      vertex   -4.684258e-01 3.036703e+01 3.040000e+01
      vertex   -4.684258e-01 3.036703e+01 4.999998e+00
      vertex   -1.404427e+00 2.951208e+01 4.999998e+00
    endloop
  endfacet
  facet normal -6.744155e-01 7.383520e-01 -3.103174e-17
    outer loop
      vertex   -4.684258e-01 3.036703e+01 3.040000e+01
      vertex   -1.404427e+00 2.951208e+01 4.999998e+00
      vertex   -1.404427e+00 2.951208e+01 3.040000e+01
    endloop
  endfacet
  facet normal -7.283246e-01 6.852322e-01 -6.791766e-19
    outer loop
      vertex   -1.404427e+00 2.951208e+01 3.040000e+01
      vertex   -1.404427e+00 2.951208e+01 4.999998e+00
      vertex   -2.273089e+00 2.858879e+01 4.999998e+00
    endloop
  endfacet
  facet normal -7.283246e-01 6.852322e-01 6.206348e-17
    outer loop
      vertex   -1.404427e+00 2.951208e+01 3.040000e+01
      vertex   -2.273089e+00 2.858879e+01 4.999998e+00
      vertex   -2.273089e+00 2.858879e+01 3.040000e+01
    endloop
  endfacet
  facet normal -7.780620e-01 6.281875e-01 9.634009e-17
    outer loop
      vertex   -2.273089e+00 2.858879e+01 3.040000e+01
      vertex   -2.273089e+00 2.858879e+01 4.999998e+00
      vertex   -3.069435e+00 2.760245e+01 4.999998e+00
    endloop
  endfacet
  facet normal -7.780620e-01 6.281875e-01 -1.275749e-16
    outer loop
      vertex   -2.273089e+00 2.858879e+01 3.040000e+01
      vertex   -3.069435e+00 2.760245e+01 4.999998e+00
      vertex   -3.069435e+00 2.760245e+01 3.040000e+01
    endloop
  endfacet
  facet normal -8.233427e-01 5.675445e-01 -9.419659e-17
    outer loop
      vertex   -3.069435e+00 2.760245e+01 3.040000e+01
      vertex   -3.069435e+00 2.760245e+01 4.999998e+00
      vertex   -3.788905e+00 2.655871e+01 4.999998e+00
    endloop
  endfacet
  facet normal -8.233427e-01 5.675445e-01 -8.619928e-17
    outer loop
      vertex   -3.069435e+00 2.760245e+01 3.040000e+01
      vertex   -3.788905e+00 2.655871e+01 4.999998e+00
      vertex   -3.788905e+00 2.655871e+01 3.040000e+01
    endloop
  endfacet
  facet normal -8.639074e-01 5.036507e-01 -6.536984e-17
    outer loop
      vertex   -3.788905e+00 2.655871e+01 3.040000e+01
      vertex   -3.788905e+00 2.655871e+01 4.999998e+00
      vertex   -4.427378e+00 2.546354e+01 4.999998e+00
    endloop
  endfacet
  facet normal -8.639074e-01 5.036507e-01 4.137565e-17
    outer loop
      vertex   -3.788905e+00 2.655871e+01 3.040000e+01
      vertex   -4.427378e+00 2.546354e+01 4.999998e+00
      vertex   -4.427378e+00 2.546354e+01 3.040000e+01
    endloop
  endfacet
  facet normal -8.995237e-01 4.368721e-01 6.651426e-17
    outer loop
      vertex   -4.427378e+00 2.546354e+01 3.040000e+01
      vertex   -4.427378e+00 2.546354e+01 4.999998e+00
      vertex   -4.981196e+00 2.432323e+01 4.999998e+00
    endloop
  endfacet
  facet normal -8.995237e-01 4.368721e-01 -5.861551e-17
    outer loop
      vertex   -4.427378e+00 2.546354e+01 3.040000e+01
      vertex   -4.981196e+00 2.432323e+01 4.999998e+00
      vertex   -4.981196e+00 2.432323e+01 3.040000e+01
    endloop
  endfacet
  facet normal -9.299875e-01 3.675910e-01 -3.779140e-17
    outer loop
      vertex   -4.981196e+00 2.432323e+01 3.040000e+01
      vertex   -4.981196e+00 2.432323e+01 4.999998e+00
      vertex   -5.447188e+00 2.314429e+01 4.999998e+00
    endloop
  endfacet
  facet normal -9.299875e-01 3.675910e-01 -8.964725e-17
    outer loop
      vertex   -4.981196e+00 2.432323e+01 3.040000e+01
      vertex   -5.447188e+00 2.314429e+01 4.999998e+00
      vertex   -5.447188e+00 2.314429e+01 3.040000e+01
    endloop
  endfacet
  facet normal -9.551246e-01 2.962045e-01 -5.749398e-17
    outer loop
      vertex   -5.447188e+00 2.314429e+01 3.040000e+01
      vertex   -5.447188e+00 2.314429e+01 4.999998e+00
      vertex   -5.822683e+00 2.193349e+01 4.999998e+00
    endloop
  endfacet
  facet normal -9.551246e-01 2.962045e-01 -8.275131e-17
    outer loop
      vertex   -5.447188e+00 2.314429e+01 3.040000e+01
      vertex   -5.822683e+00 2.193349e+01 4.999998e+00
      vertex   -5.822683e+00 2.193349e+01 3.040000e+01
    endloop
  endfacet
  facet normal -9.747907e-01 2.231213e-01 -6.241622e-17
    outer loop
      vertex   -5.822683e+00 2.193349e+01 3.040000e+01
      vertex   -5.822683e+00 2.193349e+01 4.999998e+00
      vertex   -6.105531e+00 2.069776e+01 4.999998e+00
    endloop
  endfacet
  facet normal -9.747907e-01 2.231213e-01 -9.309522e-17
    outer loop
      vertex   -5.822683e+00 2.193349e+01 3.040000e+01
      vertex   -6.105531e+00 2.069776e+01 4.999998e+00
      vertex   -6.105531e+00 2.069776e+01 3.040000e+01
    endloop
  endfacet
  facet normal -9.888733e-01 1.487601e-01 -6.242149e-17
    outer loop
      vertex   -6.105531e+00 2.069776e+01 3.040000e+01
      vertex   -6.105531e+00 2.069776e+01 4.999998e+00
      vertex   -6.294113e+00 1.944417e+01 4.999998e+00
    endloop
  endfacet
  facet normal -9.888733e-01 1.487601e-01 -1.525727e-16
    outer loop
      vertex   -6.105531e+00 2.069776e+01 3.040000e+01
      vertex   -6.294113e+00 1.944417e+01 4.999998e+00
      vertex   -6.294113e+00 1.944417e+01 3.040000e+01
    endloop
  endfacet
  facet normal -9.972918e-01 7.354679e-02 -1.108940e-16
    outer loop
      vertex   -6.294113e+00 1.944417e+01 3.040000e+01
      vertex   -6.294113e+00 1.944417e+01 4.999998e+00
      vertex   -6.387347e+00 1.817992e+01 4.999998e+00
    endloop
  endfacet
  facet normal -9.972918e-01 7.354679e-02 -1.456768e-16
    outer loop
      vertex   -6.294113e+00 1.944417e+01 3.040000e+01
      vertex   -6.387347e+00 1.817992e+01 4.999998e+00
      vertex   -6.387347e+00 1.817992e+01 3.040000e+01
    endloop
  endfacet
  facet normal -9.999978e-01 -2.087770e-03 -1.037347e-16
    outer loop
      vertex   -6.387347e+00 1.817992e+01 3.040000e+01
      vertex   -6.387347e+00 1.817992e+01 4.999998e+00
      vertex   -6.384701e+00 1.691223e+01 4.999998e+00
    endloop
  endfacet
  facet normal -9.999978e-01 -2.087770e-03 -1.040183e-16
    outer loop
      vertex   -6.387347e+00 1.817992e+01 3.040000e+01
      vertex   -6.384701e+00 1.691223e+01 4.999998e+00
      vertex   -6.384701e+00 1.691223e+01 3.040000e+01
    endloop
  endfacet
  facet normal -9.969760e-01 -7.771037e-02 -7.197754e-17
    outer loop
      vertex   -6.384701e+00 1.691223e+01 3.040000e+01
      vertex   -6.384701e+00 1.691223e+01 4.999998e+00
      vertex   -6.286188e+00 1.564838e+01 4.999998e+00
    endloop
  endfacet
  facet normal -9.969760e-01 -7.771037e-02 -6.637345e-17
    outer loop
      vertex   -6.384701e+00 1.691223e+01 3.040000e+01
      vertex   -6.286188e+00 1.564838e+01 4.999998e+00
      vertex   -6.286188e+00 1.564838e+01 3.040000e+01
    endloop
  endfacet
  facet normal -9.882435e-01 -1.528879e-01 -2.882386e-17
    outer loop
      vertex   -6.286188e+00 1.564838e+01 3.040000e+01
      vertex   -6.286188e+00 1.564838e+01 4.999998e+00
      vertex   -6.092374e+00 1.439559e+01 4.999998e+00
    endloop
  endfacet
  facet normal -9.882435e-01 -1.528879e-01 -1.301609e-16
    outer loop
      vertex   -6.286188e+00 1.564838e+01 3.040000e+01
      vertex   -6.092374e+00 1.439559e+01 4.999998e+00
      vertex   -6.092374e+00 1.439559e+01 3.040000e+01
    endloop
  endfacet
  facet normal -9.738505e-01 -2.271896e-01 -1.067120e-16
    outer loop
      vertex   -6.092374e+00 1.439559e+01 3.040000e+01
      vertex   -6.092374e+00 1.439559e+01 4.999998e+00
      vertex   -5.804368e+00 1.316105e+01 4.999998e+00
    endloop
  endfacet
  facet normal -9.738505e-01 -2.271896e-01 5.861551e-17
    outer loop
      vertex   -6.092374e+00 1.439559e+01 3.040000e+01
      vertex   -5.804368e+00 1.316105e+01 4.999998e+00
      vertex   -5.804368e+00 1.316105e+01 3.040000e+01
    endloop
  endfacet
  facet normal -9.538794e-01 -3.001900e-01 1.012412e-16
    outer loop
      vertex   -5.804368e+00 1.316105e+01 3.040000e+01
      vertex   -5.804368e+00 1.316105e+01 4.999998e+00
      vertex   -5.423820e+00 1.195183e+01 4.999998e+00
    endloop
  endfacet
  facet normal -9.538794e-01 -3.001900e-01 -1.068871e-16
    outer loop
      vertex   -5.804368e+00 1.316105e+01 3.040000e+01
      vertex   -5.423820e+00 1.195183e+01 4.999998e+00
      vertex   -5.423820e+00 1.195183e+01 3.040000e+01
    endloop
  endfacet
  facet normal -9.284445e-01 -3.714710e-01 -7.138505e-17
    outer loop
      vertex   -5.423820e+00 1.195183e+01 3.040000e+01
      vertex   -5.423820e+00 1.195183e+01 4.999998e+00
      vertex   -4.952910e+00 1.077485e+01 4.999998e+00
    endloop
  endfacet
  facet normal -9.284445e-01 -3.714710e-01 -4.482363e-17
    outer loop
      vertex   -5.423820e+00 1.195183e+01 3.040000e+01
      vertex   -4.952910e+00 1.077485e+01 4.999998e+00
      vertex   -4.952910e+00 1.077485e+01 3.040000e+01
    endloop
  endfacet
  facet normal -8.976916e-01 -4.406242e-01 -4.024851e-18
    outer loop
      vertex   -4.952910e+00 1.077485e+01 3.040000e+01
      vertex   -4.952910e+00 1.077485e+01 4.999998e+00
      vertex   -4.394336e+00 9.636853e+00 4.999998e+00
    endloop
  endfacet
  facet normal -8.976916e-01 -4.406242e-01 -9.654319e-17
    outer loop
      vertex   -4.952910e+00 1.077485e+01 3.040000e+01
      vertex   -4.394336e+00 9.636853e+00 4.999998e+00
      vertex   -4.394336e+00 9.636853e+00 3.040000e+01
    endloop
  endfacet
  facet normal -8.617968e-01 -5.072536e-01 -6.370542e-17
    outer loop
      vertex   -4.394336e+00 9.636853e+00 3.040000e+01
      vertex   -4.394336e+00 9.636853e+00 4.999998e+00
      vertex   -3.751296e+00 8.544362e+00 4.999998e+00
    endloop
  endfacet
  facet normal -8.617968e-01 -5.072536e-01 -4.827160e-17
    outer loop
      vertex   -4.394336e+00 9.636853e+00 3.040000e+01
      vertex   -3.751296e+00 8.544362e+00 4.999998e+00
      vertex   -3.751296e+00 8.544362e+00 3.040000e+01
    endloop
  endfacet
  facet normal -8.209657e-01 -5.709775e-01 -1.564692e-17
    outer loop
      vertex   -3.751296e+00 8.544362e+00 3.040000e+01
      vertex   -3.751296e+00 8.544362e+00 4.999998e+00
      vertex   -3.027473e+00 7.503632e+00 4.999998e+00
    endloop
  endfacet
  facet normal -8.209657e-01 -5.709775e-01 -2.758377e-17
    outer loop
      vertex   -3.751296e+00 8.544362e+00 3.040000e+01
      vertex   -3.027473e+00 7.503632e+00 4.999998e+00
      vertex   -3.027473e+00 7.503632e+00 3.040000e+01
    endloop
  endfacet
  facet normal -7.754322e-01 -6.314308e-01 1.588506e-17
    outer loop
      vertex   -3.027473e+00 7.503632e+00 3.040000e+01
      vertex   -3.027473e+00 7.503632e+00 4.999998e+00
      vertex   -2.227015e+00 6.520625e+00 4.999998e+00
    endloop
  endfacet
  facet normal -7.754322e-01 -6.314308e-01 -4.827160e-17
    outer loop
      vertex   -3.027473e+00 7.503632e+00 3.040000e+01
      vertex   -2.227015e+00 6.520625e+00 4.999998e+00
      vertex   -2.227015e+00 6.520625e+00 3.040000e+01
    endloop
  endfacet
  facet normal -7.254571e-01 -6.882674e-01 -1.300436e-17
    outer loop
      vertex   -2.227015e+00 6.520625e+00 3.040000e+01
      vertex   -2.227015e+00 6.520625e+00 4.999998e+00
      vertex   -1.354506e+00 5.600971e+00 4.999998e+00
    endloop
  endfacet
  facet normal -7.254571e-01 -6.882674e-01 -1.379188e-17
    outer loop
      vertex   -2.227015e+00 6.520625e+00 3.040000e+01
      vertex   -1.354506e+00 5.600971e+00 4.999998e+00
      vertex   -1.354506e+00 5.600971e+00 3.040000e+01
    endloop
  endfacet
  facet normal -6.713266e-01 -7.411616e-01 2.441967e-17
    outer loop
      vertex   -1.354506e+00 5.600971e+00 3.040000e+01
      vertex   -1.354506e+00 5.600971e+00 4.999998e+00
      vertex   -4.149431e-01 4.749937e+00 4.999998e+00
    endloop
  endfacet
  facet normal -6.713266e-01 -7.411616e-01 -5.516754e-17
    outer loop
      vertex   -1.354506e+00 5.600971e+00 3.040000e+01
      vertex   -4.149431e-01 4.749937e+00 4.999998e+00
      vertex   -4.149431e-01 4.749937e+00 3.040000e+01
    endloop
  endfacet
  facet normal -6.133508e-01 -7.898106e-01 -2.114964e-17
    outer loop
      vertex   -4.149431e-01 4.749937e+00 3.040000e+01
      vertex   -4.149431e-01 4.749937e+00 4.999998e+00
      vertex   5.862915e-01 3.972399e+00 4.999998e+00
    endloop
  endfacet
  facet normal -6.133508e-01 -7.898106e-01 6.895942e-18
    outer loop
      vertex   -4.149431e-01 4.749937e+00 3.040000e+01
      vertex   5.862915e-01 3.972399e+00 4.999998e+00
      vertex   5.862915e-01 3.972399e+00 3.040000e+01
    endloop
  endfacet
  facet normal -5.518618e-01 -8.339356e-01 5.039127e-17
    outer loop
      vertex   5.862915e-01 3.972399e+00 3.040000e+01
      vertex   5.862915e-01 3.972399e+00 4.999998e+00
      vertex   1.643463e+00 3.272809e+00 4.999998e+00
    endloop
  endfacet
  facet normal -5.518618e-01 -8.339356e-01 -1.172310e-16
    outer loop
      vertex   5.862915e-01 3.972399e+00 3.040000e+01
      vertex   1.643463e+00 3.272809e+00 4.999998e+00
      vertex   1.643463e+00 3.272809e+00 3.040000e+01
    endloop
  endfacet
  facet normal -4.872118e-01 -8.732838e-01 -8.157058e-17
    outer loop
      vertex   1.643463e+00 3.272809e+00 3.040000e+01
      vertex   1.643463e+00 3.272809e+00 4.999998e+00
      vertex   2.750516e+00 2.655176e+00 4.999998e+00
    endloop
  endfacet
  facet normal -4.872118e-01 -8.732838e-01 -8.619928e-17
    outer loop
      vertex   1.643463e+00 3.272809e+00 3.040000e+01
      vertex   2.750516e+00 2.655176e+00 4.999998e+00
      vertex   2.750516e+00 2.655176e+00 3.040000e+01
    endloop
  endfacet
  facet normal -4.197711e-01 -9.076300e-01 -4.680930e-17
    outer loop
      vertex   2.750516e+00 2.655176e+00 3.040000e+01
      vertex   2.750516e+00 2.655176e+00 4.999998e+00
      vertex   3.901108e+00 2.123036e+00 4.999998e+00
    endloop
  endfacet
  facet normal -4.197711e-01 -9.076300e-01 -3.792768e-17
    outer loop
      vertex   2.750516e+00 2.655176e+00 3.040000e+01
      vertex   3.901108e+00 2.123036e+00 4.999998e+00
      vertex   3.901108e+00 2.123036e+00 3.040000e+01
    endloop
  endfacet
  facet normal -3.499260e-01 -9.367773e-01 -1.402703e-18
    outer loop
      vertex   3.901108e+00 2.123036e+00 3.040000e+01
      vertex   3.901108e+00 2.123036e+00 4.999998e+00
      vertex   5.088651e+00 1.679439e+00 4.999998e+00
    endloop
  endfacet
  facet normal -3.499260e-01 -9.367773e-01 -8.964725e-17
    outer loop
      vertex   3.901108e+00 2.123036e+00 3.040000e+01
      vertex   5.088651e+00 1.679439e+00 4.999998e+00
      vertex   5.088651e+00 1.679439e+00 3.040000e+01
    endloop
  endfacet
  facet normal -2.780765e-01 -9.605589e-01 -5.216035e-17
    outer loop
      vertex   5.088651e+00 1.679439e+00 3.040000e+01
      vertex   5.088651e+00 1.679439e+00 4.999998e+00
      vertex   6.306342e+00 1.326924e+00 4.999998e+00
    endloop
  endfacet
  facet normal -2.780765e-01 -9.605589e-01 -5.344355e-17
    outer loop
      vertex   5.088651e+00 1.679439e+00 3.040000e+01
      vertex   6.306342e+00 1.326924e+00 4.999998e+00
      vertex   6.306342e+00 1.326924e+00 3.040000e+01
    endloop
  endfacet
  facet normal -2.046343e-01 -9.788385e-01 -1.460891e-17
    outer loop
      vertex   6.306342e+00 1.326924e+00 3.040000e+01
      vertex   6.306342e+00 1.326924e+00 4.999998e+00
      vertex   7.547205e+00 1.067511e+00 4.999998e+00
    endloop
  endfacet
  facet normal -2.046343e-01 -9.788385e-01 -2.241181e-17
    outer loop
      vertex   6.306342e+00 1.326924e+00 3.040000e+01
      vertex   7.547205e+00 1.067511e+00 4.999998e+00
      vertex   7.547205e+00 1.067511e+00 3.040000e+01
    endloop
  endfacet
  facet normal -1.300199e-01 -9.915114e-01 1.847972e-17
    outer loop
      vertex   7.547205e+00 1.067511e+00 3.040000e+01
      vertex   7.547205e+00 1.067511e+00 4.999998e+00
      vertex   8.804134e+00 9.026866e-01 4.999998e+00
    endloop
  endfacet
  facet normal -1.300199e-01 -9.915114e-01 -8.188932e-17
    outer loop
      vertex   7.547205e+00 1.067511e+00 3.040000e+01
      vertex   8.804134e+00 9.026866e-01 4.999998e+00
      vertex   8.804134e+00 9.026866e-01 3.040000e+01
    endloop
  endfacet
  facet normal -5.466074e-02 -9.985050e-01 -3.440444e-17
    outer loop
      vertex   8.804134e+00 9.026866e-01 3.040000e+01
      vertex   8.804134e+00 9.026866e-01 4.999998e+00
      vertex   1.006993e+01 8.333937e-01 4.999998e+00
    endloop
  endfacet
  facet normal -5.466074e-02 -9.985050e-01 -3.060074e-17
    outer loop
      vertex   8.804134e+00 9.026866e-01 3.040000e+01
      vertex   1.006993e+01 8.333937e-01 4.999998e+00
      vertex   1.006993e+01 8.333937e-01 3.040000e+01
    endloop
  endfacet
  facet normal 2.101148e-02 -9.997792e-01 1.175556e-17
    outer loop
      vertex   1.006993e+01 8.333937e-01 3.040000e+01
      vertex   1.006993e+01 8.333937e-01 4.999998e+00
      vertex   1.133734e+01 8.600298e-01 4.999998e+00
    endloop
  endfacet
  facet normal 2.101148e-02 -9.997792e-01 1.185240e-17
    outer loop
      vertex   1.006993e+01 8.333937e-01 3.040000e+01
      vertex   1.133734e+01 8.600298e-01 4.999998e+00
      vertex   1.133734e+01 8.600298e-01 3.040000e+01
    endloop
  endfacet
  facet normal 9.656336e-02 -9.953268e-01 5.402550e-17
    outer loop
      vertex   1.133734e+01 8.600298e-01 3.040000e+01
      vertex   1.133734e+01 8.600298e-01 4.999998e+00
      vertex   1.259910e+01 9.824421e-01 4.999998e+00
    endloop
  endfacet
  facet normal 9.656336e-02 -9.953268e-01 -3.965167e-17
    outer loop
      vertex   1.133734e+01 8.600298e-01 3.040000e+01
      vertex   1.259910e+01 9.824421e-01 4.999998e+00
      vertex   1.259910e+01 9.824421e-01 3.040000e+01
    endloop
  endfacet
  facet normal 1.715621e-01 -9.851733e-01 -2.135248e-18
    outer loop
      vertex   1.259910e+01 9.824421e-01 3.040000e+01
      vertex   1.259910e+01 9.824421e-01 4.999998e+00
      vertex   1.384800e+01 1.199930e+00 4.999998e+00
    endloop
  endfacet
  facet normal 1.715621e-01 -9.851733e-01 -7.585537e-17
    outer loop
      vertex   1.259910e+01 9.824421e-01 3.040000e+01
      vertex   1.384800e+01 1.199930e+00 4.999998e+00
      vertex   1.384800e+01 1.199930e+00 3.040000e+01
    endloop
  endfacet
  facet normal 2.455782e-01 -9.693768e-01 -3.208746e-17
    outer loop
      vertex   1.384800e+01 1.199930e+00 3.040000e+01
      vertex   1.384800e+01 1.199930e+00 4.999998e+00
      vertex   1.507687e+01 1.511246e+00 4.999998e+00
    endloop
  endfacet
  facet normal 2.455782e-01 -9.693768e-01 -6.551145e-17
    outer loop
      vertex   1.384800e+01 1.199930e+00 3.040000e+01
      vertex   1.507687e+01 1.511246e+00 4.999998e+00
      vertex   1.507687e+01 1.511246e+00 3.040000e+01
    endloop
  endfacet
  facet normal 3.181876e-01 -9.480278e-01 -3.223624e-17
    outer loop
      vertex   1.507687e+01 1.511246e+00 3.040000e+01
      vertex   1.507687e+01 1.511246e+00 4.999998e+00
      vertex   1.627867e+01 1.914610e+00 4.999998e+00
    endloop
  endfacet
  facet normal 3.181876e-01 -9.480278e-01 9.481921e-17
    outer loop
      vertex   1.507687e+01 1.511246e+00 3.040000e+01
      vertex   1.627867e+01 1.914610e+00 4.999998e+00
      vertex   1.627867e+01 1.914610e+00 3.040000e+01
    endloop
  endfacet
  facet normal 3.889745e-01 -9.212485e-01 1.370897e-16
    outer loop
      vertex   1.627867e+01 1.914610e+00 3.040000e+01
      vertex   1.627867e+01 1.914610e+00 4.999998e+00
      vertex   1.744653e+01 2.407708e+00 4.999998e+00
    endloop
  endfacet
  facet normal 3.889745e-01 -9.212485e-01 3.447971e-18
    outer loop
      vertex   1.627867e+01 1.914610e+00 3.040000e+01
      vertex   1.744653e+01 2.407708e+00 4.999998e+00
      vertex   1.744653e+01 2.407708e+00 3.040000e+01
    endloop
  endfacet
  facet normal 4.575334e-01 -8.891925e-01 3.652155e-17
    outer loop
      vertex   1.744653e+01 2.407708e+00 3.040000e+01
      vertex   1.744653e+01 2.407708e+00 4.999998e+00
      vertex   1.857375e+01 2.987719e+00 4.999998e+00
    endloop
  endfacet
  facet normal 4.575334e-01 -8.891925e-01 5.171957e-17
    outer loop
      vertex   1.744653e+01 2.407708e+00 3.040000e+01
      vertex   1.857375e+01 2.987719e+00 4.999998e+00
      vertex   1.857375e+01 2.987719e+00 3.040000e+01
    endloop
  endfacet
  facet normal 5.234715e-01 -8.520432e-01 7.195169e-17
    outer loop
      vertex   1.857375e+01 2.987719e+00 3.040000e+01
      vertex   1.857375e+01 2.987719e+00 4.999998e+00
      vertex   1.965387e+01 3.651318e+00 4.999998e+00
    endloop
  endfacet
  facet normal 5.234715e-01 -8.520432e-01 6.895942e-17
    outer loop
      vertex   1.857375e+01 2.987719e+00 3.040000e+01
      vertex   1.965387e+01 3.651318e+00 4.999998e+00
      vertex   1.965387e+01 3.651318e+00 3.040000e+01
    endloop
  endfacet
  facet normal 5.864113e-01 -8.100135e-01 1.044438e-16
    outer loop
      vertex   1.965387e+01 3.651318e+00 3.040000e+01
      vertex   1.965387e+01 3.651318e+00 4.999998e+00
      vertex   2.068072e+01 4.394705e+00 4.999998e+00
    endloop
  endfacet
  facet normal 5.864113e-01 -8.100135e-01 2.448060e-16
    outer loop
      vertex   1.965387e+01 3.651318e+00 3.040000e+01
      vertex   2.068072e+01 4.394705e+00 4.999998e+00
      vertex   2.068072e+01 4.394705e+00 3.040000e+01
    endloop
  endfacet
  facet normal 6.459921e-01 -7.633441e-01 2.813442e-16
    outer loop
      vertex   2.068072e+01 4.394705e+00 3.040000e+01
      vertex   2.068072e+01 4.394705e+00 4.999998e+00
      vertex   2.164840e+01 5.213623e+00 4.999998e+00
    endloop
  endfacet
  facet normal 6.459921e-01 -7.633441e-01 3.447971e-17
    outer loop
      vertex   2.068072e+01 4.394705e+00 3.040000e+01
      vertex   2.164840e+01 5.213623e+00 4.999998e+00
      vertex   2.164840e+01 5.213623e+00 3.040000e+01
    endloop
  endfacet
  facet normal 7.018728e-01 -7.123023e-01 4.835630e-17
    outer loop
      vertex   2.164840e+01 5.213623e+00 3.040000e+01
      vertex   2.164840e+01 5.213623e+00 4.999998e+00
      vertex   2.255138e+01 6.103380e+00 4.999998e+00
    endloop
  endfacet
  facet normal 7.018728e-01 -7.123023e-01 9.309522e-17
    outer loop
      vertex   2.164840e+01 5.213623e+00 3.040000e+01
      vertex   2.255138e+01 6.103380e+00 4.999998e+00
      vertex   2.255138e+01 6.103380e+00 3.040000e+01
    endloop
  endfacet
  facet normal 7.537332e-01 -6.571806e-01 1.324349e-16
    outer loop
      vertex   2.255138e+01 6.103380e+00 3.040000e+01
      vertex   2.255138e+01 6.103380e+00 4.999998e+00
      vertex   2.338448e+01 7.058879e+00 4.999998e+00
    endloop
  endfacet
  facet normal 7.537332e-01 -6.571806e-01 -8.619928e-17
    outer loop
      vertex   2.255138e+01 6.103380e+00 3.040000e+01
      vertex   2.338448e+01 7.058879e+00 4.999998e+00
      vertex   2.338448e+01 7.058879e+00 3.040000e+01
    endloop
  endfacet
  facet normal 8.012763e-01 -5.982945e-01 -4.782242e-17
    outer loop
      vertex   2.338448e+01 7.058879e+00 3.040000e+01
      vertex   2.338448e+01 7.058879e+00 4.999998e+00
      vertex   2.414293e+01 8.074649e+00 4.999998e+00
    endloop
  endfacet
  facet normal 8.012763e-01 -5.982945e-01 8.619928e-17
    outer loop
      vertex   2.338448e+01 7.058879e+00 3.040000e+01
      vertex   2.414293e+01 8.074649e+00 4.999998e+00
      vertex   2.414293e+01 8.074649e+00 3.040000e+01
    endloop
  endfacet
  facet normal 8.442297e-01 -5.359815e-01 1.293446e-16
    outer loop
      vertex   2.414293e+01 8.074649e+00 3.040000e+01
      vertex   2.414293e+01 8.074649e+00 4.999998e+00
      vertex   2.482239e+01 9.144870e+00 4.999998e+00
    endloop
  endfacet
  facet normal 8.442297e-01 -5.359815e-01 9.309522e-17
    outer loop
      vertex   2.414293e+01 8.074649e+00 3.040000e+01
      vertex   2.482239e+01 9.144870e+00 4.999998e+00
      vertex   2.482239e+01 9.144870e+00 3.040000e+01
    endloop
  endfacet
  facet normal 8.823475e-01 -4.705985e-01 1.398633e-16
    outer loop
      vertex   2.482239e+01 9.144870e+00 3.040000e+01
      vertex   2.482239e+01 9.144870e+00 4.999998e+00
      vertex   2.541896e+01 1.026341e+01 4.999998e+00
    endloop
  endfacet
  facet normal 8.823475e-01 -4.705985e-01 -1.413668e-16
    outer loop
      vertex   2.482239e+01 9.144870e+00 3.040000e+01
      vertex   2.541896e+01 1.026341e+01 4.999998e+00
      vertex   2.541896e+01 1.026341e+01 3.040000e+01
    endloop
  endfacet
  facet normal 9.154113e-01 -4.025198e-01 -9.716366e-17
    outer loop
      vertex   2.541896e+01 1.026341e+01 3.040000e+01
      vertex   2.541896e+01 1.026341e+01 4.999998e+00
      vertex   2.592923e+01 1.142387e+01 4.999998e+00
    endloop
  endfacet
  facet normal 9.154113e-01 -4.025198e-01 1.586067e-16
    outer loop
      vertex   2.541896e+01 1.026341e+01 3.040000e+01
      vertex   2.592923e+01 1.142387e+01 4.999998e+00
      vertex   2.592923e+01 1.142387e+01 3.040000e+01
    endloop
  endfacet
  facet normal 9.432316e-01 -3.321356e-01 2.099671e-16
    outer loop
      vertex   2.592923e+01 1.142387e+01 3.040000e+01
      vertex   2.592923e+01 1.142387e+01 4.999998e+00
      vertex   2.635028e+01 1.261959e+01 4.999998e+00
    endloop
  endfacet
  facet normal 9.432316e-01 -3.321356e-01 -7.585537e-17
    outer loop
      vertex   2.592923e+01 1.142387e+01 3.040000e+01
      vertex   2.635028e+01 1.261959e+01 4.999998e+00
      vertex   2.635028e+01 1.261959e+01 3.040000e+01
    endloop
  endfacet
  facet normal 9.656493e-01 -2.598490e-01 -2.848762e-17
    outer loop
      vertex   2.635028e+01 1.261959e+01 3.040000e+01
      vertex   2.635028e+01 1.261959e+01 4.999998e+00
      vertex   2.667969e+01 1.384374e+01 4.999998e+00
    endloop
  endfacet
  facet normal 9.656493e-01 -2.598490e-01 -1.034391e-17
    outer loop
      vertex   2.635028e+01 1.261959e+01 3.040000e+01
      vertex   2.667969e+01 1.384374e+01 4.999998e+00
      vertex   2.667969e+01 1.384374e+01 3.040000e+01
    endloop
  endfacet
  facet normal 9.825357e-01 -1.860740e-01 3.332276e-17
    outer loop
      vertex   2.667969e+01 1.384374e+01 3.040000e+01
      vertex   2.667969e+01 1.384374e+01 4.999998e+00
      vertex   2.691557e+01 1.508929e+01 4.999998e+00
    endloop
  endfacet
  facet normal 9.825357e-01 -1.860740e-01 -9.137124e-17
    outer loop
      vertex   2.667969e+01 1.384374e+01 3.040000e+01
      vertex   2.691557e+01 1.508929e+01 4.999998e+00
      vertex   2.691557e+01 1.508929e+01 3.040000e+01
    endloop
  endfacet
  facet normal 9.937943e-01 -1.112331e-01 -5.445385e-17
    outer loop
      vertex   2.691557e+01 1.508929e+01 3.040000e+01
      vertex   2.691557e+01 1.508929e+01 4.999998e+00
      vertex   2.705658e+01 1.634911e+01 4.999998e+00
    endloop
  endfacet
  facet normal 9.937943e-01 -1.112331e-01 6.120149e-17
    outer loop
      vertex   2.691557e+01 1.508929e+01 3.040000e+01
      vertex   2.705658e+01 1.634911e+01 4.999998e+00
      vertex   2.705658e+01 1.634911e+01 3.040000e+01
    endloop
  endfacet
  facet normal 9.993606e-01 -3.575512e-02 1.147757e-16
    outer loop
      vertex   2.705658e+01 1.634911e+01 3.040000e+01
      vertex   2.705658e+01 1.634911e+01 4.999998e+00
      vertex   2.710191e+01 1.761599e+01 4.999998e+00
    endloop
  endfacet
  facet normal 9.993606e-01 -3.575512e-02 -1.486938e-17
    outer loop
      vertex   2.705658e+01 1.634911e+01 3.040000e+01
      vertex   2.710191e+01 1.761599e+01 4.999998e+00
      vertex   2.710191e+01 1.761599e+01 3.040000e+01
    endloop
  endfacet
  facet normal 9.992026e-01 3.992767e-02 1.675412e-17
    outer loop
      vertex   2.710191e+01 1.761599e+01 3.040000e+01
      vertex   2.710191e+01 1.761599e+01 4.999998e+00
      vertex   2.705129e+01 1.888267e+01 4.999998e+00
    endloop
  endfacet
  facet normal 9.992026e-01 3.992767e-02 1.676576e-16
    outer loop
      vertex   2.710191e+01 1.761599e+01 3.040000e+01
      vertex   2.705129e+01 1.888267e+01 4.999998e+00
      vertex   2.705129e+01 1.888267e+01 3.040000e+01
    endloop
  endfacet
  facet normal 9.933212e-01 1.153818e-01 2.196290e-16
    outer loop
      vertex   2.705129e+01 1.888267e+01 3.040000e+01
      vertex   2.705129e+01 1.888267e+01 4.999998e+00
      vertex   2.690502e+01 2.014189e+01 4.999998e+00
    endloop
  endfacet
  facet normal 9.933212e-01 1.153818e-01 4.827160e-17
    outer loop
      vertex   2.705129e+01 1.888267e+01 3.040000e+01
      vertex   2.690502e+01 2.014189e+01 4.999998e+00
      vertex   2.690502e+01 2.014189e+01 3.040000e+01
    endloop
  endfacet
  facet normal 9.817502e-01 1.901749e-01 7.979966e-17
    outer loop
      vertex   2.690502e+01 2.014189e+01 3.040000e+01
      vertex   2.690502e+01 2.014189e+01 4.999998e+00
      vertex   2.666394e+01 2.138645e+01 4.999998e+00
    endloop
  endfacet
  facet normal 9.817502e-01 1.901749e-01 1.327469e-16
    outer loop
      vertex   2.690502e+01 2.014189e+01 3.040000e+01
      vertex   2.666394e+01 2.138645e+01 4.999998e+00
      vertex   2.666394e+01 2.138645e+01 3.040000e+01
    endloop
  endfacet
  facet normal 9.645558e-01 2.638788e-01 1.845445e-16
    outer loop
      vertex   2.666394e+01 2.138645e+01 3.040000e+01
      vertex   2.666394e+01 2.138645e+01 4.999998e+00
      vertex   2.632942e+01 2.260920e+01 4.999998e+00
    endloop
  endfacet
  facet normal 9.645558e-01 2.638788e-01 1.844665e-16
    outer loop
      vertex   2.666394e+01 2.138645e+01 3.040000e+01
      vertex   2.632942e+01 2.260920e+01 4.999998e+00
      vertex   2.632942e+01 2.260920e+01 3.040000e+01
    endloop
  endfacet
  facet normal 9.418366e-01 3.360712e-01 2.350325e-16
    outer loop
      vertex   2.632942e+01 2.260920e+01 3.040000e+01
      vertex   2.632942e+01 2.260920e+01 4.999998e+00
      vertex   2.590339e+01 2.380316e+01 4.999998e+00
    endloop
  endfacet
  facet normal 9.418366e-01 3.360712e-01 5.516754e-17
    outer loop
      vertex   2.632942e+01 2.260920e+01 3.040000e+01
      vertex   2.590339e+01 2.380316e+01 4.999998e+00
      vertex   2.590339e+01 2.380316e+01 3.040000e+01
    endloop
  endfacet
  facet normal 9.137225e-01 4.063387e-01 9.953642e-17
    outer loop
      vertex   2.590339e+01 2.380316e+01 3.040000e+01
      vertex   2.590339e+01 2.380316e+01 4.999998e+00
      vertex   2.538828e+01 2.496148e+01 4.999998e+00
    endloop
  endfacet
  facet normal 9.137225e-01 4.063387e-01 -8.275131e-17
    outer loop
      vertex   2.590339e+01 2.380316e+01 3.040000e+01
      vertex   2.538828e+01 2.496148e+01 4.999998e+00
      vertex   2.538828e+01 2.496148e+01 3.040000e+01
    endloop
  endfacet
  facet normal 8.803748e-01 4.742786e-01 -4.726420e-17
    outer loop
      vertex   2.538828e+01 2.496148e+01 3.040000e+01
      vertex   2.538828e+01 2.496148e+01 4.999998e+00
      vertex   2.478704e+01 2.607752e+01 4.999998e+00
    endloop
  endfacet
  facet normal 8.803748e-01 4.742786e-01 -1.034391e-16
    outer loop
      vertex   2.538828e+01 2.496148e+01 3.040000e+01
      vertex   2.478704e+01 2.607752e+01 4.999998e+00
      vertex   2.478704e+01 2.607752e+01 3.040000e+01
    endloop
  endfacet
  facet normal 8.419843e-01 5.395020e-01 -5.146473e-17
    outer loop
      vertex   2.478704e+01 2.607752e+01 3.040000e+01
      vertex   2.478704e+01 2.607752e+01 4.999998e+00
      vertex   2.410312e+01 2.714489e+01 4.999998e+00
    endloop
  endfacet
  facet normal 8.419843e-01 5.395020e-01 -8.275131e-17
    outer loop
      vertex   2.478704e+01 2.607752e+01 3.040000e+01
      vertex   2.410312e+01 2.714489e+01 4.999998e+00
      vertex   2.410312e+01 2.714489e+01 3.040000e+01
    endloop
  endfacet
  facet normal 7.987711e-01 6.016351e-01 -5.514708e-17
    outer loop
      vertex   2.410312e+01 2.714489e+01 3.040000e+01
      vertex   2.410312e+01 2.714489e+01 4.999998e+00
      vertex   2.334043e+01 2.815749e+01 4.999998e+00
    endloop
  endfacet
  facet normal 7.987711e-01 6.016351e-01 2.758377e-17
    outer loop
      vertex   2.410312e+01 2.714489e+01 3.040000e+01
      vertex   2.334043e+01 2.815749e+01 4.999998e+00
      vertex   2.334043e+01 2.815749e+01 3.040000e+01
    endloop
  endfacet
  facet normal 7.509825e-01 6.603221e-01 6.699818e-17
    outer loop
      vertex   2.334043e+01 2.815749e+01 3.040000e+01
      vertex   2.334043e+01 2.815749e+01 4.999998e+00
      vertex   2.250335e+01 2.910950e+01 4.999998e+00
    endloop
  endfacet
  facet normal 7.509825e-01 6.603221e-01 -3.792768e-17
    outer loop
      vertex   2.334043e+01 2.815749e+01 3.040000e+01
      vertex   2.250335e+01 2.910950e+01 4.999998e+00
      vertex   2.250335e+01 2.910950e+01 3.040000e+01
    endloop
  endfacet
  facet normal 6.988924e-01 7.152268e-01 6.854095e-18
    outer loop
      vertex   2.250335e+01 2.910950e+01 3.040000e+01
      vertex   2.250335e+01 2.910950e+01 4.999998e+00
      vertex   2.159666e+01 2.999548e+01 4.999998e+00
    endloop
  endfacet
  facet normal 6.988924e-01 7.152268e-01 -8.964725e-17
    outer loop
      vertex   2.250335e+01 2.910950e+01 3.040000e+01
      vertex   2.159666e+01 2.999548e+01 4.999998e+00
      vertex   2.159666e+01 2.999548e+01 3.040000e+01
    endloop
  endfacet
  facet normal 6.427991e-01 7.660348e-01 -3.819757e-17
    outer loop
      vertex   2.159666e+01 2.999548e+01 3.040000e+01
      vertex   2.159666e+01 2.999548e+01 4.999998e+00
      vertex   2.062557e+01 3.081035e+01 4.999998e+00
    endloop
  endfacet
  facet normal 6.427991e-01 7.660348e-01 5.171957e-17
    outer loop
      vertex   2.159666e+01 2.999548e+01 3.040000e+01
      vertex   2.062557e+01 3.081035e+01 4.999998e+00
      vertex   2.062557e+01 3.081035e+01 3.040000e+01
    endloop
  endfacet
  facet normal 5.830239e-01 8.124550e-01 9.627199e-17
    outer loop
      vertex   2.062557e+01 3.081035e+01 3.040000e+01
      vertex   2.062557e+01 3.081035e+01 4.999998e+00
      vertex   1.959563e+01 3.154944e+01 4.999998e+00
    endloop
  endfacet
  facet normal 5.830239e-01 8.124550e-01 1.792945e-16
    outer loop
      vertex   2.062557e+01 3.081035e+01 3.040000e+01
      vertex   1.959563e+01 3.154944e+01 4.999998e+00
      vertex   1.959563e+01 3.154944e+01 3.040000e+01
    endloop
  endfacet
  facet normal 5.199092e-01 8.542215e-01 2.130014e-16
    outer loop
      vertex   1.959563e+01 3.154944e+01 3.040000e+01
      vertex   1.959563e+01 3.154944e+01 4.999998e+00
      vertex   1.851274e+01 3.220852e+01 4.999998e+00
    endloop
  endfacet
  facet normal 5.199092e-01 8.542215e-01 -2.172222e-16
    outer loop
      vertex   1.959563e+01 3.154944e+01 3.040000e+01
      vertex   1.851274e+01 3.220852e+01 4.999998e+00
      vertex   1.851274e+01 3.220852e+01 3.040000e+01
    endloop
  endfacet
  facet normal 4.538165e-01 8.910951e-01 -1.904268e-16
    outer loop
      vertex   1.851274e+01 3.220852e+01 3.040000e+01
      vertex   1.851274e+01 3.220852e+01 4.999998e+00
      vertex   1.738311e+01 3.278382e+01 4.999998e+00
    endloop
  endfacet
  facet normal 4.538165e-01 8.910951e-01 5.861551e-17
    outer loop
      vertex   1.851274e+01 3.220852e+01 3.040000e+01
      vertex   1.738311e+01 3.278382e+01 4.999998e+00
      vertex   1.738311e+01 3.278382e+01 3.040000e+01
    endloop
  endfacet
  facet normal 3.851244e-01 9.228647e-01 9.656054e-17
    outer loop
      vertex   1.738311e+01 3.278382e+01 3.040000e+01
      vertex   1.738311e+01 3.278382e+01 4.999998e+00
      vertex   1.621320e+01 3.327204e+01 4.999998e+00
    endloop
  endfacet
  facet normal 3.851244e-01 9.228647e-01 4.137565e-17
    outer loop
      vertex   1.738311e+01 3.278382e+01 3.040000e+01
      vertex   1.621320e+01 3.327204e+01 4.999998e+00
      vertex   1.621320e+01 3.327204e+01 3.040000e+01
    endloop
  endfacet
  facet normal 3.142263e-01 9.493481e-01 8.976769e-17
    outer loop
      vertex   1.621320e+01 3.327204e+01 3.040000e+01
      vertex   1.621320e+01 3.327204e+01 4.999998e+00
      vertex   1.500972e+01 3.367038e+01 4.999998e+00
    endloop
  endfacet
  facet normal 3.142263e-01 9.493481e-01 1.327469e-16
    outer loop
      vertex   1.621320e+01 3.327204e+01 3.040000e+01
      vertex   1.500972e+01 3.367038e+01 4.999998e+00
      vertex   1.500972e+01 3.367038e+01 3.040000e+01
    endloop
  endfacet
  facet normal 2.415284e-01 9.703938e-01 1.701110e-16
    outer loop
      vertex   1.500972e+01 3.367038e+01 3.040000e+01
      vertex   1.500972e+01 3.367038e+01 4.999998e+00
      vertex   1.377957e+01 3.397656e+01 4.999998e+00
    endloop
  endfacet
  facet normal 2.415284e-01 9.703938e-01 1.534347e-16
    outer loop
      vertex   1.500972e+01 3.367038e+01 3.040000e+01
      vertex   1.377957e+01 3.397656e+01 4.999998e+00
      vertex   1.377957e+01 3.397656e+01 3.040000e+01
    endloop
  endfacet
  facet normal 1.674470e-01 9.858811e-01 1.938184e-16
    outer loop
      vertex   1.377957e+01 3.397656e+01 3.040000e+01
      vertex   1.377957e+01 3.397656e+01 4.999998e+00
      vertex   1.252978e+01 3.418884e+01 4.999998e+00
    endloop
  endfacet
  facet normal 1.674470e-01 9.858811e-01 -8.275131e-17
    outer loop
      vertex   1.377957e+01 3.397656e+01 3.040000e+01
      vertex   1.252978e+01 3.418884e+01 4.999998e+00
      vertex   1.252978e+01 3.418884e+01 3.040000e+01
    endloop
  endfacet
  facet normal 9.240650e-02 9.957214e-01 -4.523734e-17
    outer loop
      vertex   1.252978e+01 3.418884e+01 3.040000e+01
      vertex   1.252978e+01 3.418884e+01 4.999998e+00
      vertex   1.126751e+01 3.430598e+01 4.999998e+00
    endloop
  endfacet
  facet normal 9.240650e-02 9.957214e-01 -4.568562e-17
    outer loop
      vertex   1.252978e+01 3.418884e+01 3.040000e+01
      vertex   1.126751e+01 3.430598e+01 4.999998e+00
      vertex   1.126751e+01 3.430598e+01 3.040000e+01
    endloop
  endfacet
  facet normal 1.683669e-02 9.998583e-01 -8.242354e-18
    outer loop
      vertex   1.126751e+01 3.430598e+01 3.040000e+01
      vertex   1.126751e+01 3.430598e+01 4.999998e+00
      vertex   1.000000e+01 3.432732e+01 4.999998e+00
    endloop
  endfacet
endsolid
