solid ASCII
  facet normal 0.000000e+00 0.000000e+00 -1.000000e+00
    outer loop
      vertex   3.483775e+01 1.608665e+01 1.000000e+01
      vertex   3.468802e+01 1.609571e+01 1.000000e+01
      vertex   3.488290e+01 1.758102e+01 1.000000e+01
    endloop
  endfacet
  facet normal 0.000000e+00 0.000000e+00 -1.000000e+00
    outer loop
      vertex   3.488290e+01 1.758102e+01 1.000000e+01
      vertex   3.468802e+01 1.609571e+01 1.000000e+01
      vertex   3.473290e+01 1.758102e+01 1.000000e+01
    endloop
  endfacet
  facet normal -0.000000e+00 0.000000e+00 -1.000000e+00
    outer loop
      vertex   3.488290e+01 1.758102e+01 1.000000e+01
      vertex   3.473290e+01 1.758102e+01 1.000000e+01
      vertex   3.483775e+01 1.907539e+01 1.000000e+01
    endloop
  endfacet
  facet normal 0.000000e+00 0.000000e+00 -1.000000e+00
    outer loop
      vertex   3.483775e+01 1.907539e+01 1.000000e+01
      vertex   3.473290e+01 1.758102e+01 1.000000e+01
      vertex   3.468802e+01 1.906633e+01 1.000000e+01
    endloop
  endfacet
  facet normal -0.000000e+00 0.000000e+00 -1.000000e+00
    outer loop
      vertex   3.483775e+01 1.907539e+01 1.000000e+01
      vertex   3.468802e+01 1.906633e+01 1.000000e+01
      vertex   3.455354e+01 2.054622e+01 1.000000e+01
    endloop
  endfacet
  facet normal 0.000000e+00 -0.000000e+00 -1.000000e+00
    outer loop
      vertex   3.468802e+01 1.609571e+01 1.000000e+01
      vertex   3.483775e+01 1.608665e+01 1.000000e+01
      vertex   3.455354e+01 1.461582e+01 1.000000e+01
    endloop
  endfacet
  facet normal 0.000000e+00 0.000000e+00 -1.000000e+00
    outer loop
      vertex   3.455354e+01 1.461582e+01 1.000000e+01
      vertex   3.483775e+01 1.608665e+01 1.000000e+01
      vertex   3.470245e+01 1.459774e+01 1.000000e+01
    endloop
  endfacet
  facet normal 0.000000e+00 -0.000000e+00 -1.000000e+00
    outer loop
      vertex   3.455354e+01 1.461582e+01 1.000000e+01
      vertex   3.470245e+01 1.459774e+01 1.000000e+01
      vertex   3.432995e+01 1.314675e+01 1.000000e+01
    endloop
  endfacet
  facet normal 0.000000e+00 0.000000e+00 -1.000000e+00
    outer loop
      vertex   3.432995e+01 1.314675e+01 1.000000e+01
      vertex   3.470245e+01 1.459774e+01 1.000000e+01
      vertex   3.447750e+01 1.311971e+01 1.000000e+01
    endloop
  endfacet
  facet normal 0.000000e+00 -0.000000e+00 -1.000000e+00
    outer loop
      vertex   3.432995e+01 1.314675e+01 1.000000e+01
      vertex   3.447750e+01 1.311971e+01 1.000000e+01
      vertex   3.401807e+01 1.169385e+01 1.000000e+01
    endloop
  endfacet
  facet normal 0.000000e+00 0.000000e+00 -1.000000e+00
    outer loop
      vertex   3.401807e+01 1.169385e+01 1.000000e+01
      vertex   3.447750e+01 1.311971e+01 1.000000e+01
      vertex   3.416371e+01 1.165796e+01 1.000000e+01
    endloop
  endfacet
  facet normal 0.000000e+00 -0.000000e+00 -1.000000e+00
    outer loop
      vertex   3.401807e+01 1.169385e+01 1.000000e+01
      vertex   3.416371e+01 1.165796e+01 1.000000e+01
      vertex   3.361904e+01 1.026244e+01 1.000000e+01
    endloop
  endfacet
  facet normal 0.000000e+00 0.000000e+00 -1.000000e+00
    outer loop
      vertex   3.361904e+01 1.026244e+01 1.000000e+01
      vertex   3.416371e+01 1.165796e+01 1.000000e+01
      vertex   3.376224e+01 1.021782e+01 1.000000e+01
    endloop
  endfacet
  facet normal 0.000000e+00 -0.000000e+00 -1.000000e+00
    outer loop
      vertex   3.361904e+01 1.026244e+01 1.000000e+01
      vertex   3.376224e+01 1.021782e+01 1.000000e+01
      vertex   3.313430e+01 8.857739e+00 1.000000e+01
    endloop
  endfacet
  facet normal 0.000000e+00 0.000000e+00 -1.000000e+00
    outer loop
      vertex   3.313430e+01 8.857739e+00 1.000000e+01
      vertex   3.376224e+01 1.021782e+01 1.000000e+01
      vertex   3.327455e+01 8.804548e+00 1.000000e+01
    endloop
  endfacet
  facet normal 0.000000e+00 -0.000000e+00 -1.000000e+00
    outer loop
      vertex   3.313430e+01 8.857739e+00 1.000000e+01
      vertex   3.327455e+01 8.804548e+00 1.000000e+01
      vertex   3.256564e+01 7.484864e+00 1.000000e+01
    endloop
  endfacet
  facet normal 0.000000e+00 0.000000e+00 -1.000000e+00
    outer loop
      vertex   3.256564e+01 7.484864e+00 1.000000e+01
      vertex   3.327455e+01 8.804548e+00 1.000000e+01
      vertex   3.270242e+01 7.423303e+00 1.000000e+01
    endloop
  endfacet
  facet normal 0.000000e+00 -0.000000e+00 -1.000000e+00
    outer loop
      vertex   3.256564e+01 7.484864e+00 1.000000e+01
      vertex   3.270242e+01 7.423303e+00 1.000000e+01
      vertex   3.191512e+01 6.148829e+00 1.000000e+01
    endloop
  endfacet
  facet normal 0.000000e+00 0.000000e+00 -1.000000e+00
    outer loop
      vertex   3.191512e+01 6.148829e+00 1.000000e+01
      vertex   3.270242e+01 7.423303e+00 1.000000e+01
      vertex   3.204794e+01 6.079121e+00 1.000000e+01
    endloop
  endfacet
  facet normal 0.000000e+00 -0.000000e+00 -1.000000e+00
    outer loop
      vertex   3.191512e+01 6.148829e+00 1.000000e+01
      vertex   3.204794e+01 6.079121e+00 1.000000e+01
      vertex   3.118512e+01 4.854509e+00 1.000000e+01
    endloop
  endfacet
  facet normal 0.000000e+00 0.000000e+00 -1.000000e+00
    outer loop
      vertex   3.118512e+01 4.854509e+00 1.000000e+01
      vertex   3.204794e+01 6.079121e+00 1.000000e+01
      vertex   3.131349e+01 4.776909e+00 1.000000e+01
    endloop
  endfacet
  facet normal 0.000000e+00 -0.000000e+00 -1.000000e+00
    outer loop
      vertex   3.118512e+01 4.854509e+00 1.000000e+01
      vertex   3.131349e+01 4.776909e+00 1.000000e+01
      vertex   3.037831e+01 3.606627e+00 1.000000e+01
    endloop
  endfacet
  facet normal 0.000000e+00 0.000000e+00 -1.000000e+00
    outer loop
      vertex   3.037831e+01 3.606627e+00 1.000000e+01
      vertex   3.131349e+01 4.776909e+00 1.000000e+01
      vertex   3.050175e+01 3.521417e+00 1.000000e+01
    endloop
  endfacet
  facet normal 0.000000e+00 -0.000000e+00 -1.000000e+00
    outer loop
      vertex   3.037831e+01 3.606627e+00 1.000000e+01
      vertex   3.050175e+01 3.521417e+00 1.000000e+01
      vertex   2.949762e+01 2.409735e+00 1.000000e+01
    endloop
  endfacet
  facet normal 0.000000e+00 0.000000e+00 -1.000000e+00
    outer loop
      vertex   2.949762e+01 2.409735e+00 1.000000e+01
      vertex   3.050175e+01 3.521417e+00 1.000000e+01
      vertex   2.961569e+01 2.317227e+00 1.000000e+01
    endloop
  endfacet
  facet normal 0.000000e+00 -0.000000e+00 -1.000000e+00
    outer loop
      vertex   2.949762e+01 2.409735e+00 1.000000e+01
      vertex   2.961569e+01 2.317227e+00 1.000000e+01
      vertex   2.854627e+01 1.268202e+00 1.000000e+01
    endloop
  endfacet
  facet normal 0.000000e+00 0.000000e+00 -1.000000e+00
    outer loop
      vertex   2.854627e+01 1.268202e+00 1.000000e+01
      vertex   2.961569e+01 2.317227e+00 1.000000e+01
      vertex   2.865854e+01 1.168734e+00 1.000000e+01
    endloop
  endfacet
  facet normal 0.000000e+00 -0.000000e+00 -1.000000e+00
    outer loop
      vertex   2.854627e+01 1.268202e+00 1.000000e+01
      vertex   2.865854e+01 1.168734e+00 1.000000e+01
      vertex   2.752773e+01 1.861926e-01 1.000000e+01
    endloop
  endfacet
  facet normal 0.000000e+00 0.000000e+00 -1.000000e+00
    outer loop
      vertex   2.752773e+01 1.861926e-01 1.000000e+01
      vertex   2.865854e+01 1.168734e+00 1.000000e+01
      vertex   2.763380e+01 8.012662e-02 1.000000e+01
    endloop
  endfacet
  facet normal 0.000000e+00 -0.000000e+00 -1.000000e+00
    outer loop
      vertex   2.752773e+01 1.861926e-01 1.000000e+01
      vertex   2.763380e+01 8.012662e-02 1.000000e+01
      vertex   2.644572e+01 -8.323450e-01 1.000000e+01
    endloop
  endfacet
  facet normal 0.000000e+00 0.000000e+00 -1.000000e+00
    outer loop
      vertex   2.644572e+01 -8.323450e-01 1.000000e+01
      vertex   2.763380e+01 8.012662e-02 1.000000e+01
      vertex   2.654519e+01 -9.446216e-01 1.000000e+01
    endloop
  endfacet
  facet normal 0.000000e+00 -0.000000e+00 -1.000000e+00
    outer loop
      vertex   2.644572e+01 -8.323450e-01 1.000000e+01
      vertex   2.654519e+01 -9.446216e-01 1.000000e+01
      vertex   2.530419e+01 -1.783694e+00 1.000000e+01
    endloop
  endfacet
  facet normal 0.000000e+00 0.000000e+00 -1.000000e+00
    outer loop
      vertex   2.530419e+01 -1.783694e+00 1.000000e+01
      vertex   2.654519e+01 -9.446216e-01 1.000000e+01
      vertex   2.539669e+01 -1.901772e+00 1.000000e+01
    endloop
  endfacet
  facet normal 0.000000e+00 -0.000000e+00 -1.000000e+00
    outer loop
      vertex   2.530419e+01 -1.783694e+00 1.000000e+01
      vertex   2.539669e+01 -1.901772e+00 1.000000e+01
      vertex   2.410730e+01 -2.664384e+00 1.000000e+01
    endloop
  endfacet
  facet normal 0.000000e+00 0.000000e+00 -1.000000e+00
    outer loop
      vertex   2.410730e+01 -2.664384e+00 1.000000e+01
      vertex   2.539669e+01 -1.901772e+00 1.000000e+01
      vertex   2.419251e+01 -2.787831e+00 1.000000e+01
    endloop
  endfacet
  facet normal 0.000000e+00 -0.000000e+00 -1.000000e+00
    outer loop
      vertex   2.410730e+01 -2.664384e+00 1.000000e+01
      vertex   2.419251e+01 -2.787831e+00 1.000000e+01
      vertex   2.285941e+01 -3.471200e+00 1.000000e+01
    endloop
  endfacet
  facet normal 0.000000e+00 0.000000e+00 -1.000000e+00
    outer loop
      vertex   2.285941e+01 -3.471200e+00 1.000000e+01
      vertex   2.419251e+01 -2.787831e+00 1.000000e+01
      vertex   2.293701e+01 -3.599567e+00 1.000000e+01
    endloop
  endfacet
  facet normal 0.000000e+00 -0.000000e+00 -1.000000e+00
    outer loop
      vertex   2.285941e+01 -3.471200e+00 1.000000e+01
      vertex   2.293701e+01 -3.599567e+00 1.000000e+01
      vertex   2.156509e+01 -4.201199e+00 1.000000e+01
    endloop
  endfacet
  facet normal 0.000000e+00 0.000000e+00 -1.000000e+00
    outer loop
      vertex   2.156509e+01 -4.201199e+00 1.000000e+01
      vertex   2.293701e+01 -3.599567e+00 1.000000e+01
      vertex   2.163480e+01 -4.334017e+00 1.000000e+01
    endloop
  endfacet
  facet normal 0.000000e+00 -0.000000e+00 -1.000000e+00
    outer loop
      vertex   2.156509e+01 -4.201199e+00 1.000000e+01
      vertex   2.163480e+01 -4.334017e+00 1.000000e+01
      vertex   2.022906e+01 -4.851717e+00 1.000000e+01
    endloop
  endfacet
  facet normal 0.000000e+00 0.000000e+00 -1.000000e+00
    outer loop
      vertex   2.022906e+01 -4.851717e+00 1.000000e+01
      vertex   2.163480e+01 -4.334017e+00 1.000000e+01
      vertex   2.029062e+01 -4.988502e+00 1.000000e+01
    endloop
  endfacet
  facet normal 0.000000e+00 -0.000000e+00 -1.000000e+00
    outer loop
      vertex   2.022906e+01 -4.851717e+00 1.000000e+01
      vertex   2.029062e+01 -4.988502e+00 1.000000e+01
      vertex   1.885618e+01 -5.420380e+00 1.000000e+01
    endloop
  endfacet
  facet normal 0.000000e+00 0.000000e+00 -1.000000e+00
    outer loop
      vertex   1.885618e+01 -5.420380e+00 1.000000e+01
      vertex   2.029062e+01 -4.988502e+00 1.000000e+01
      vertex   1.890937e+01 -5.560633e+00 1.000000e+01
    endloop
  endfacet
  facet normal 0.000000e+00 -0.000000e+00 -1.000000e+00
    outer loop
      vertex   1.885618e+01 -5.420380e+00 1.000000e+01
      vertex   1.890937e+01 -5.560633e+00 1.000000e+01
      vertex   1.745148e+01 -5.905114e+00 1.000000e+01
    endloop
  endfacet
  facet normal 0.000000e+00 0.000000e+00 -1.000000e+00
    outer loop
      vertex   1.745148e+01 -5.905114e+00 1.000000e+01
      vertex   1.890937e+01 -5.560633e+00 1.000000e+01
      vertex   1.749610e+01 -6.048322e+00 1.000000e+01
    endloop
  endfacet
  facet normal 0.000000e+00 -0.000000e+00 -1.000000e+00
    outer loop
      vertex   1.745148e+01 -5.905114e+00 1.000000e+01
      vertex   1.749610e+01 -6.048322e+00 1.000000e+01
      vertex   1.602007e+01 -6.304149e+00 1.000000e+01
    endloop
  endfacet
  facet normal 0.000000e+00 0.000000e+00 -1.000000e+00
    outer loop
      vertex   1.602007e+01 -6.304149e+00 1.000000e+01
      vertex   1.749610e+01 -6.048322e+00 1.000000e+01
      vertex   1.605597e+01 -6.449791e+00 1.000000e+01
    endloop
  endfacet
  facet normal 0.000000e+00 -0.000000e+00 -1.000000e+00
    outer loop
      vertex   1.602007e+01 -6.304149e+00 1.000000e+01
      vertex   1.605597e+01 -6.449791e+00 1.000000e+01
      vertex   1.456718e+01 -6.616030e+00 1.000000e+01
    endloop
  endfacet
  facet normal 0.000000e+00 0.000000e+00 -1.000000e+00
    outer loop
      vertex   1.456718e+01 -6.616030e+00 1.000000e+01
      vertex   1.605597e+01 -6.449791e+00 1.000000e+01
      vertex   1.459422e+01 -6.763573e+00 1.000000e+01
    endloop
  endfacet
  facet normal 0.000000e+00 -0.000000e+00 -1.000000e+00
    outer loop
      vertex   1.456718e+01 -6.616030e+00 1.000000e+01
      vertex   1.459422e+01 -6.763573e+00 1.000000e+01
      vertex   1.309811e+01 -6.839619e+00 1.000000e+01
    endloop
  endfacet
  facet normal 0.000000e+00 0.000000e+00 -1.000000e+00
    outer loop
      vertex   1.309811e+01 -6.839619e+00 1.000000e+01
      vertex   1.459422e+01 -6.763573e+00 1.000000e+01
      vertex   1.311619e+01 -6.988525e+00 1.000000e+01
    endloop
  endfacet
  facet normal 0.000000e+00 -0.000000e+00 -1.000000e+00
    outer loop
      vertex   1.309811e+01 -6.839619e+00 1.000000e+01
      vertex   1.311619e+01 -6.988525e+00 1.000000e+01
      vertex   1.161821e+01 -6.974099e+00 1.000000e+01
    endloop
  endfacet
  facet normal 0.000000e+00 0.000000e+00 -1.000000e+00
    outer loop
      vertex   1.161821e+01 -6.974099e+00 1.000000e+01
      vertex   1.311619e+01 -6.988525e+00 1.000000e+01
      vertex   1.162727e+01 -7.123826e+00 1.000000e+01
    endloop
  endfacet
  facet normal 0.000000e+00 -0.000000e+00 -1.000000e+00
    outer loop
      vertex   1.161821e+01 -6.974099e+00 1.000000e+01
      vertex   1.162727e+01 -7.123826e+00 1.000000e+01
      vertex   1.013290e+01 -7.018981e+00 1.000000e+01
    endloop
  endfacet
  facet normal 0.000000e+00 -0.000000e+00 -1.000000e+00
    outer loop
      vertex   1.013290e+01 -7.018981e+00 1.000000e+01
      vertex   1.162727e+01 -7.123826e+00 1.000000e+01
      vertex   1.013290e+01 -7.168981e+00 1.000000e+01
    endloop
  endfacet
  facet normal 0.000000e+00 0.000000e+00 -1.000000e+00
    outer loop
      vertex   1.013290e+01 -7.018981e+00 1.000000e+01
      vertex   1.013290e+01 -7.168981e+00 1.000000e+01
      vertex   8.638535e+00 -7.123826e+00 1.000000e+01
    endloop
  endfacet
  facet normal -0.000000e+00 0.000000e+00 -1.000000e+00
    outer loop
      vertex   1.013290e+01 -7.018981e+00 1.000000e+01
      vertex   8.638535e+00 -7.123826e+00 1.000000e+01
      vertex   8.647592e+00 -6.974099e+00 1.000000e+01
    endloop
  endfacet
  facet normal 0.000000e+00 0.000000e+00 -1.000000e+00
    outer loop
      vertex   8.647592e+00 -6.974099e+00 1.000000e+01
      vertex   8.638535e+00 -7.123826e+00 1.000000e+01
      vertex   7.149620e+00 -6.988525e+00 1.000000e+01
    endloop
  endfacet
  facet normal -0.000000e+00 0.000000e+00 -1.000000e+00
    outer loop
      vertex   8.647592e+00 -6.974099e+00 1.000000e+01
      vertex   7.149620e+00 -6.988525e+00 1.000000e+01
      vertex   7.167701e+00 -6.839619e+00 1.000000e+01
    endloop
  endfacet
  facet normal -0.000000e+00 0.000000e+00 -1.000000e+00
    outer loop
      vertex   7.167701e+00 -6.839619e+00 1.000000e+01
      vertex   7.149620e+00 -6.988525e+00 1.000000e+01
      vertex   5.671591e+00 -6.763573e+00 1.000000e+01
    endloop
  endfacet
  facet normal 0.000000e+00 0.000000e+00 -1.000000e+00
    outer loop
      vertex   7.167701e+00 -6.839619e+00 1.000000e+01
      vertex   5.671591e+00 -6.763573e+00 1.000000e+01
      vertex   5.698629e+00 -6.616030e+00 1.000000e+01
    endloop
  endfacet
  facet normal -0.000000e+00 0.000000e+00 -1.000000e+00
    outer loop
      vertex   5.698629e+00 -6.616030e+00 1.000000e+01
      vertex   5.671591e+00 -6.763573e+00 1.000000e+01
      vertex   4.209840e+00 -6.449791e+00 1.000000e+01
    endloop
  endfacet
  facet normal 0.000000e+00 0.000000e+00 -1.000000e+00
    outer loop
      vertex   5.698629e+00 -6.616030e+00 1.000000e+01
      vertex   4.209840e+00 -6.449791e+00 1.000000e+01
      vertex   4.245737e+00 -6.304149e+00 1.000000e+01
    endloop
  endfacet
  facet normal -0.000000e+00 0.000000e+00 -1.000000e+00
    outer loop
      vertex   4.245737e+00 -6.304149e+00 1.000000e+01
      vertex   4.209840e+00 -6.449791e+00 1.000000e+01
      vertex   2.769702e+00 -6.048322e+00 1.000000e+01
    endloop
  endfacet
  facet normal 0.000000e+00 0.000000e+00 -1.000000e+00
    outer loop
      vertex   4.245737e+00 -6.304149e+00 1.000000e+01
      vertex   2.769702e+00 -6.048322e+00 1.000000e+01
      vertex   2.814328e+00 -5.905114e+00 1.000000e+01
    endloop
  endfacet
  facet normal -0.000000e+00 0.000000e+00 -1.000000e+00
    outer loop
      vertex   2.814328e+00 -5.905114e+00 1.000000e+01
      vertex   2.769702e+00 -6.048322e+00 1.000000e+01
      vertex   1.356432e+00 -5.560633e+00 1.000000e+01
    endloop
  endfacet
  facet normal 0.000000e+00 0.000000e+00 -1.000000e+00
    outer loop
      vertex   2.814328e+00 -5.905114e+00 1.000000e+01
      vertex   1.356432e+00 -5.560633e+00 1.000000e+01
      vertex   1.409623e+00 -5.420380e+00 1.000000e+01
    endloop
  endfacet
  facet normal -0.000000e+00 0.000000e+00 -1.000000e+00
    outer loop
      vertex   1.409623e+00 -5.420380e+00 1.000000e+01
      vertex   1.356432e+00 -5.560633e+00 1.000000e+01
      vertex   -2.481410e-02 -4.988502e+00 1.000000e+01
    endloop
  endfacet
  facet normal 0.000000e+00 0.000000e+00 -1.000000e+00
    outer loop
      vertex   1.409623e+00 -5.420380e+00 1.000000e+01
      vertex   -2.481410e-02 -4.988502e+00 1.000000e+01
      vertex   3.674782e-02 -4.851717e+00 1.000000e+01
    endloop
  endfacet
  facet normal -0.000000e+00 0.000000e+00 -1.000000e+00
    outer loop
      vertex   3.674782e-02 -4.851717e+00 1.000000e+01
      vertex   -2.481410e-02 -4.988502e+00 1.000000e+01
      vertex   -1.368996e+00 -4.334017e+00 1.000000e+01
    endloop
  endfacet
  facet normal 0.000000e+00 0.000000e+00 -1.000000e+00
    outer loop
      vertex   3.674782e-02 -4.851717e+00 1.000000e+01
      vertex   -1.368996e+00 -4.334017e+00 1.000000e+01
      vertex   -1.299287e+00 -4.201199e+00 1.000000e+01
    endloop
  endfacet
  facet normal -0.000000e+00 0.000000e+00 -1.000000e+00
    outer loop
      vertex   -1.299287e+00 -4.201199e+00 1.000000e+01
      vertex   -1.368996e+00 -4.334017e+00 1.000000e+01
      vertex   -2.671208e+00 -3.599567e+00 1.000000e+01
    endloop
  endfacet
  facet normal 0.000000e+00 0.000000e+00 -1.000000e+00
    outer loop
      vertex   -1.299287e+00 -4.201199e+00 1.000000e+01
      vertex   -2.671208e+00 -3.599567e+00 1.000000e+01
      vertex   -2.593607e+00 -3.471200e+00 1.000000e+01
    endloop
  endfacet
  facet normal -0.000000e+00 0.000000e+00 -1.000000e+00
    outer loop
      vertex   -2.593607e+00 -3.471200e+00 1.000000e+01
      vertex   -2.671208e+00 -3.599567e+00 1.000000e+01
      vertex   -3.926700e+00 -2.787831e+00 1.000000e+01
    endloop
  endfacet
  facet normal 0.000000e+00 0.000000e+00 -1.000000e+00
    outer loop
      vertex   -2.593607e+00 -3.471200e+00 1.000000e+01
      vertex   -3.926700e+00 -2.787831e+00 1.000000e+01
      vertex   -3.841490e+00 -2.664384e+00 1.000000e+01
    endloop
  endfacet
  facet normal -0.000000e+00 0.000000e+00 -1.000000e+00
    outer loop
      vertex   -3.841490e+00 -2.664384e+00 1.000000e+01
      vertex   -3.926700e+00 -2.787831e+00 1.000000e+01
      vertex   -5.130889e+00 -1.901772e+00 1.000000e+01
    endloop
  endfacet
  facet normal 0.000000e+00 0.000000e+00 -1.000000e+00
    outer loop
      vertex   -3.841490e+00 -2.664384e+00 1.000000e+01
      vertex   -5.130889e+00 -1.901772e+00 1.000000e+01
      vertex   -5.038381e+00 -1.783694e+00 1.000000e+01
    endloop
  endfacet
  facet normal -0.000000e+00 0.000000e+00 -1.000000e+00
    outer loop
      vertex   -5.038381e+00 -1.783694e+00 1.000000e+01
      vertex   -5.130889e+00 -1.901772e+00 1.000000e+01
      vertex   -6.279383e+00 -9.446216e-01 1.000000e+01
    endloop
  endfacet
  facet normal 0.000000e+00 0.000000e+00 -1.000000e+00
    outer loop
      vertex   -5.038381e+00 -1.783694e+00 1.000000e+01
      vertex   -6.279383e+00 -9.446216e-01 1.000000e+01
      vertex   -6.179915e+00 -8.323450e-01 1.000000e+01
    endloop
  endfacet
  facet normal -0.000000e+00 0.000000e+00 -1.000000e+00
    outer loop
      vertex   -6.179915e+00 -8.323450e-01 1.000000e+01
      vertex   -6.279383e+00 -9.446216e-01 1.000000e+01
      vertex   -7.367990e+00 8.012662e-02 1.000000e+01
    endloop
  endfacet
  facet normal 0.000000e+00 0.000000e+00 -1.000000e+00
    outer loop
      vertex   -6.179915e+00 -8.323450e-01 1.000000e+01
      vertex   -7.367990e+00 8.012662e-02 1.000000e+01
      vertex   -7.261924e+00 1.861926e-01 1.000000e+01
    endloop
  endfacet
  facet normal -0.000000e+00 0.000000e+00 -1.000000e+00
    outer loop
      vertex   -7.261924e+00 1.861926e-01 1.000000e+01
      vertex   -7.367990e+00 8.012662e-02 1.000000e+01
      vertex   -8.392738e+00 1.168734e+00 1.000000e+01
    endloop
  endfacet
  facet normal 0.000000e+00 0.000000e+00 -1.000000e+00
    outer loop
      vertex   -7.261924e+00 1.861926e-01 1.000000e+01
      vertex   -8.392738e+00 1.168734e+00 1.000000e+01
      vertex   -8.280462e+00 1.268202e+00 1.000000e+01
    endloop
  endfacet
  facet normal -0.000000e+00 0.000000e+00 -1.000000e+00
    outer loop
      vertex   -8.280462e+00 1.268202e+00 1.000000e+01
      vertex   -8.392738e+00 1.168734e+00 1.000000e+01
      vertex   -9.349888e+00 2.317227e+00 1.000000e+01
    endloop
  endfacet
  facet normal 0.000000e+00 0.000000e+00 -1.000000e+00
    outer loop
      vertex   -8.280462e+00 1.268202e+00 1.000000e+01
      vertex   -9.349888e+00 2.317227e+00 1.000000e+01
      vertex   -9.231811e+00 2.409735e+00 1.000000e+01
    endloop
  endfacet
  facet normal -0.000000e+00 0.000000e+00 -1.000000e+00
    outer loop
      vertex   -9.231811e+00 2.409735e+00 1.000000e+01
      vertex   -9.349888e+00 2.317227e+00 1.000000e+01
      vertex   -1.023595e+01 3.521417e+00 1.000000e+01
    endloop
  endfacet
  facet normal 0.000000e+00 0.000000e+00 -1.000000e+00
    outer loop
      vertex   -9.231811e+00 2.409735e+00 1.000000e+01
      vertex   -1.023595e+01 3.521417e+00 1.000000e+01
      vertex   -1.011250e+01 3.606627e+00 1.000000e+01
    endloop
  endfacet
  facet normal -0.000000e+00 0.000000e+00 -1.000000e+00
    outer loop
      vertex   -1.011250e+01 3.606627e+00 1.000000e+01
      vertex   -1.023595e+01 3.521417e+00 1.000000e+01
      vertex   -1.104768e+01 4.776909e+00 1.000000e+01
    endloop
  endfacet
  facet normal 0.000000e+00 0.000000e+00 -1.000000e+00
    outer loop
      vertex   -1.011250e+01 3.606627e+00 1.000000e+01
      vertex   -1.104768e+01 4.776909e+00 1.000000e+01
      vertex   -1.091932e+01 4.854509e+00 1.000000e+01
    endloop
  endfacet
  facet normal -0.000000e+00 0.000000e+00 -1.000000e+00
    outer loop
      vertex   -1.091932e+01 4.854509e+00 1.000000e+01
      vertex   -1.104768e+01 4.776909e+00 1.000000e+01
      vertex   -1.178213e+01 6.079121e+00 1.000000e+01
    endloop
  endfacet
  facet normal 0.000000e+00 0.000000e+00 -1.000000e+00
    outer loop
      vertex   -1.091932e+01 4.854509e+00 1.000000e+01
      vertex   -1.178213e+01 6.079121e+00 1.000000e+01
      vertex   -1.164932e+01 6.148829e+00 1.000000e+01
    endloop
  endfacet
  facet normal -0.000000e+00 0.000000e+00 -1.000000e+00
    outer loop
      vertex   -1.164932e+01 6.148829e+00 1.000000e+01
      vertex   -1.178213e+01 6.079121e+00 1.000000e+01
      vertex   -1.243662e+01 7.423303e+00 1.000000e+01
    endloop
  endfacet
  facet normal 0.000000e+00 0.000000e+00 -1.000000e+00
    outer loop
      vertex   -1.164932e+01 6.148829e+00 1.000000e+01
      vertex   -1.243662e+01 7.423303e+00 1.000000e+01
      vertex   -1.229983e+01 7.484864e+00 1.000000e+01
    endloop
  endfacet
  facet normal -0.000000e+00 0.000000e+00 -1.000000e+00
    outer loop
      vertex   -1.229983e+01 7.484864e+00 1.000000e+01
      vertex   -1.243662e+01 7.423303e+00 1.000000e+01
      vertex   -1.300875e+01 8.804548e+00 1.000000e+01
    endloop
  endfacet
  facet normal 0.000000e+00 0.000000e+00 -1.000000e+00
    outer loop
      vertex   -1.229983e+01 7.484864e+00 1.000000e+01
      vertex   -1.300875e+01 8.804548e+00 1.000000e+01
      vertex   -1.286850e+01 8.857739e+00 1.000000e+01
    endloop
  endfacet
  facet normal -0.000000e+00 0.000000e+00 -1.000000e+00
    outer loop
      vertex   -1.286850e+01 8.857739e+00 1.000000e+01
      vertex   -1.300875e+01 8.804548e+00 1.000000e+01
      vertex   -1.349644e+01 1.021782e+01 1.000000e+01
    endloop
  endfacet
  facet normal 0.000000e+00 0.000000e+00 -1.000000e+00
    outer loop
      vertex   -1.286850e+01 8.857739e+00 1.000000e+01
      vertex   -1.349644e+01 1.021782e+01 1.000000e+01
      vertex   -1.335323e+01 1.026244e+01 1.000000e+01
    endloop
  endfacet
  facet normal -0.000000e+00 0.000000e+00 -1.000000e+00
    outer loop
      vertex   -1.335323e+01 1.026244e+01 1.000000e+01
      vertex   -1.349644e+01 1.021782e+01 1.000000e+01
      vertex   -1.389791e+01 1.165796e+01 1.000000e+01
    endloop
  endfacet
  facet normal 0.000000e+00 0.000000e+00 -1.000000e+00
    outer loop
      vertex   -1.335323e+01 1.026244e+01 1.000000e+01
      vertex   -1.389791e+01 1.165796e+01 1.000000e+01
      vertex   -1.375227e+01 1.169385e+01 1.000000e+01
    endloop
  endfacet
  facet normal -0.000000e+00 0.000000e+00 -1.000000e+00
    outer loop
      vertex   -1.375227e+01 1.169385e+01 1.000000e+01
      vertex   -1.389791e+01 1.165796e+01 1.000000e+01
      vertex   -1.421169e+01 1.311971e+01 1.000000e+01
    endloop
  endfacet
  facet normal 0.000000e+00 0.000000e+00 -1.000000e+00
    outer loop
      vertex   -1.375227e+01 1.169385e+01 1.000000e+01
      vertex   -1.421169e+01 1.311971e+01 1.000000e+01
      vertex   -1.406415e+01 1.314675e+01 1.000000e+01
    endloop
  endfacet
  facet normal -0.000000e+00 0.000000e+00 -1.000000e+00
    outer loop
      vertex   -1.406415e+01 1.314675e+01 1.000000e+01
      vertex   -1.421169e+01 1.311971e+01 1.000000e+01
      vertex   -1.443664e+01 1.459774e+01 1.000000e+01
    endloop
  endfacet
  facet normal 0.000000e+00 0.000000e+00 -1.000000e+00
    outer loop
      vertex   -1.406415e+01 1.314675e+01 1.000000e+01
      vertex   -1.443664e+01 1.459774e+01 1.000000e+01
      vertex   -1.428774e+01 1.461582e+01 1.000000e+01
    endloop
  endfacet
  facet normal -0.000000e+00 0.000000e+00 -1.000000e+00
    outer loop
      vertex   -1.428774e+01 1.461582e+01 1.000000e+01
      vertex   -1.443664e+01 1.459774e+01 1.000000e+01
      vertex   -1.457194e+01 1.608665e+01 1.000000e+01
    endloop
  endfacet
  facet normal 0.000000e+00 0.000000e+00 -1.000000e+00
    outer loop
      vertex   -1.428774e+01 1.461582e+01 1.000000e+01
      vertex   -1.457194e+01 1.608665e+01 1.000000e+01
      vertex   -1.442222e+01 1.609571e+01 1.000000e+01
    endloop
  endfacet
  facet normal -0.000000e+00 0.000000e+00 -1.000000e+00
    outer loop
      vertex   -1.442222e+01 1.609571e+01 1.000000e+01
      vertex   -1.457194e+01 1.608665e+01 1.000000e+01
      vertex   -1.461710e+01 1.758102e+01 1.000000e+01
    endloop
  endfacet
  facet normal 0.000000e+00 0.000000e+00 -1.000000e+00
    outer loop
      vertex   -1.442222e+01 1.609571e+01 1.000000e+01
      vertex   -1.461710e+01 1.758102e+01 1.000000e+01
      vertex   -1.446710e+01 1.758102e+01 1.000000e+01
    endloop
  endfacet
  facet normal -0.000000e+00 0.000000e+00 -1.000000e+00
    outer loop
      vertex   -1.446710e+01 1.758102e+01 1.000000e+01
      vertex   -1.461710e+01 1.758102e+01 1.000000e+01
      vertex   -1.442222e+01 1.906633e+01 1.000000e+01
    endloop
  endfacet
  facet normal -0.000000e+00 0.000000e+00 -1.000000e+00
    outer loop
      vertex   -1.442222e+01 1.906633e+01 1.000000e+01
      vertex   -1.461710e+01 1.758102e+01 1.000000e+01
      vertex   -1.457194e+01 1.907539e+01 1.000000e+01
    endloop
  endfacet
  facet normal 0.000000e+00 0.000000e+00 -1.000000e+00
    outer loop
      vertex   -1.442222e+01 1.906633e+01 1.000000e+01
      vertex   -1.457194e+01 1.907539e+01 1.000000e+01
      vertex   -1.428774e+01 2.054622e+01 1.000000e+01
    endloop
  endfacet
  facet normal -0.000000e+00 0.000000e+00 -1.000000e+00
    outer loop
      vertex   -1.428774e+01 2.054622e+01 1.000000e+01
      vertex   -1.457194e+01 1.907539e+01 1.000000e+01
      vertex   -1.443664e+01 2.056430e+01 1.000000e+01
    endloop
  endfacet
  facet normal 0.000000e+00 0.000000e+00 -1.000000e+00
    outer loop
      vertex   -1.428774e+01 2.054622e+01 1.000000e+01
      vertex   -1.443664e+01 2.056430e+01 1.000000e+01
      vertex   -1.406415e+01 2.201529e+01 1.000000e+01
    endloop
  endfacet
  facet normal -0.000000e+00 0.000000e+00 -1.000000e+00
    outer loop
      vertex   -1.406415e+01 2.201529e+01 1.000000e+01
      vertex   -1.443664e+01 2.056430e+01 1.000000e+01
      vertex   -1.421169e+01 2.204233e+01 1.000000e+01
    endloop
  endfacet
  facet normal 0.000000e+00 0.000000e+00 -1.000000e+00
    outer loop
      vertex   -1.406415e+01 2.201529e+01 1.000000e+01
      vertex   -1.421169e+01 2.204233e+01 1.000000e+01
      vertex   -1.375227e+01 2.346818e+01 1.000000e+01
    endloop
  endfacet
  facet normal -0.000000e+00 0.000000e+00 -1.000000e+00
    outer loop
      vertex   -1.375227e+01 2.346818e+01 1.000000e+01
      vertex   -1.421169e+01 2.204233e+01 1.000000e+01
      vertex   -1.389791e+01 2.350408e+01 1.000000e+01
    endloop
  endfacet
  facet normal 0.000000e+00 0.000000e+00 -1.000000e+00
    outer loop
      vertex   -1.375227e+01 2.346818e+01 1.000000e+01
      vertex   -1.389791e+01 2.350408e+01 1.000000e+01
      vertex   -1.335323e+01 2.489959e+01 1.000000e+01
    endloop
  endfacet
  facet normal -0.000000e+00 0.000000e+00 -1.000000e+00
    outer loop
      vertex   -1.335323e+01 2.489959e+01 1.000000e+01
      vertex   -1.389791e+01 2.350408e+01 1.000000e+01
      vertex   -1.349644e+01 2.494422e+01 1.000000e+01
    endloop
  endfacet
  facet normal 0.000000e+00 0.000000e+00 -1.000000e+00
    outer loop
      vertex   -1.335323e+01 2.489959e+01 1.000000e+01
      vertex   -1.349644e+01 2.494422e+01 1.000000e+01
      vertex   -1.286850e+01 2.630430e+01 1.000000e+01
    endloop
  endfacet
  facet normal -0.000000e+00 0.000000e+00 -1.000000e+00
    outer loop
      vertex   -1.286850e+01 2.630430e+01 1.000000e+01
      vertex   -1.349644e+01 2.494422e+01 1.000000e+01
      vertex   -1.300875e+01 2.635749e+01 1.000000e+01
    endloop
  endfacet
  facet normal 0.000000e+00 0.000000e+00 -1.000000e+00
    outer loop
      vertex   -1.286850e+01 2.630430e+01 1.000000e+01
      vertex   -1.300875e+01 2.635749e+01 1.000000e+01
      vertex   -1.229983e+01 2.767717e+01 1.000000e+01
    endloop
  endfacet
  facet normal -0.000000e+00 0.000000e+00 -1.000000e+00
    outer loop
      vertex   -1.229983e+01 2.767717e+01 1.000000e+01
      vertex   -1.300875e+01 2.635749e+01 1.000000e+01
      vertex   -1.243662e+01 2.773874e+01 1.000000e+01
    endloop
  endfacet
  facet normal 0.000000e+00 0.000000e+00 -1.000000e+00
    outer loop
      vertex   -1.229983e+01 2.767717e+01 1.000000e+01
      vertex   -1.243662e+01 2.773874e+01 1.000000e+01
      vertex   -1.164932e+01 2.901321e+01 1.000000e+01
    endloop
  endfacet
  facet normal -0.000000e+00 0.000000e+00 -1.000000e+00
    outer loop
      vertex   -1.164932e+01 2.901321e+01 1.000000e+01
      vertex   -1.243662e+01 2.773874e+01 1.000000e+01
      vertex   -1.178213e+01 2.908292e+01 1.000000e+01
    endloop
  endfacet
  facet normal 0.000000e+00 0.000000e+00 -1.000000e+00
    outer loop
      vertex   -1.164932e+01 2.901321e+01 1.000000e+01
      vertex   -1.178213e+01 2.908292e+01 1.000000e+01
      vertex   -1.091932e+01 3.030753e+01 1.000000e+01
    endloop
  endfacet
  facet normal -0.000000e+00 0.000000e+00 -1.000000e+00
    outer loop
      vertex   -1.091932e+01 3.030753e+01 1.000000e+01
      vertex   -1.178213e+01 2.908292e+01 1.000000e+01
      vertex   -1.104768e+01 3.038513e+01 1.000000e+01
    endloop
  endfacet
  facet normal 0.000000e+00 0.000000e+00 -1.000000e+00
    outer loop
      vertex   -1.091932e+01 3.030753e+01 1.000000e+01
      vertex   -1.104768e+01 3.038513e+01 1.000000e+01
      vertex   -1.011250e+01 3.155541e+01 1.000000e+01
    endloop
  endfacet
  facet normal -0.000000e+00 0.000000e+00 -1.000000e+00
    outer loop
      vertex   -1.011250e+01 3.155541e+01 1.000000e+01
      vertex   -1.104768e+01 3.038513e+01 1.000000e+01
      vertex   -1.023595e+01 3.164062e+01 1.000000e+01
    endloop
  endfacet
  facet normal 0.000000e+00 0.000000e+00 -1.000000e+00
    outer loop
      vertex   -1.011250e+01 3.155541e+01 1.000000e+01
      vertex   -1.023595e+01 3.164062e+01 1.000000e+01
      vertex   -9.231811e+00 3.275230e+01 1.000000e+01
    endloop
  endfacet
  facet normal -0.000000e+00 0.000000e+00 -1.000000e+00
    outer loop
      vertex   -9.231811e+00 3.275230e+01 1.000000e+01
      vertex   -1.023595e+01 3.164062e+01 1.000000e+01
      vertex   -9.349888e+00 3.284481e+01 1.000000e+01
    endloop
  endfacet
  facet normal 0.000000e+00 0.000000e+00 -1.000000e+00
    outer loop
      vertex   -9.231811e+00 3.275230e+01 1.000000e+01
      vertex   -9.349888e+00 3.284481e+01 1.000000e+01
      vertex   -8.280462e+00 3.389384e+01 1.000000e+01
    endloop
  endfacet
  facet normal -0.000000e+00 0.000000e+00 -1.000000e+00
    outer loop
      vertex   -8.280462e+00 3.389384e+01 1.000000e+01
      vertex   -9.349888e+00 3.284481e+01 1.000000e+01
      vertex   -8.392738e+00 3.399331e+01 1.000000e+01
    endloop
  endfacet
  facet normal 0.000000e+00 0.000000e+00 -1.000000e+00
    outer loop
      vertex   -8.280462e+00 3.389384e+01 1.000000e+01
      vertex   -8.392738e+00 3.399331e+01 1.000000e+01
      vertex   -7.261924e+00 3.497585e+01 1.000000e+01
    endloop
  endfacet
  facet normal -0.000000e+00 0.000000e+00 -1.000000e+00
    outer loop
      vertex   -7.261924e+00 3.497585e+01 1.000000e+01
      vertex   -8.392738e+00 3.399331e+01 1.000000e+01
      vertex   -7.367990e+00 3.508191e+01 1.000000e+01
    endloop
  endfacet
  facet normal 0.000000e+00 0.000000e+00 -1.000000e+00
    outer loop
      vertex   -7.261924e+00 3.497585e+01 1.000000e+01
      vertex   -7.367990e+00 3.508191e+01 1.000000e+01
      vertex   -6.179915e+00 3.599438e+01 1.000000e+01
    endloop
  endfacet
  facet normal -0.000000e+00 0.000000e+00 -1.000000e+00
    outer loop
      vertex   -6.179915e+00 3.599438e+01 1.000000e+01
      vertex   -7.367990e+00 3.508191e+01 1.000000e+01
      vertex   -6.279383e+00 3.610666e+01 1.000000e+01
    endloop
  endfacet
  facet normal 0.000000e+00 0.000000e+00 -1.000000e+00
    outer loop
      vertex   -6.179915e+00 3.599438e+01 1.000000e+01
      vertex   -6.279383e+00 3.610666e+01 1.000000e+01
      vertex   -5.038381e+00 3.694573e+01 1.000000e+01
    endloop
  endfacet
  facet normal -0.000000e+00 0.000000e+00 -1.000000e+00
    outer loop
      vertex   -5.038381e+00 3.694573e+01 1.000000e+01
      vertex   -6.279383e+00 3.610666e+01 1.000000e+01
      vertex   -5.130889e+00 3.706381e+01 1.000000e+01
    endloop
  endfacet
  facet normal 0.000000e+00 0.000000e+00 -1.000000e+00
    outer loop
      vertex   -5.038381e+00 3.694573e+01 1.000000e+01
      vertex   -5.130889e+00 3.706381e+01 1.000000e+01
      vertex   -3.841490e+00 3.782642e+01 1.000000e+01
    endloop
  endfacet
  facet normal -0.000000e+00 0.000000e+00 -1.000000e+00
    outer loop
      vertex   -3.841490e+00 3.782642e+01 1.000000e+01
      vertex   -5.130889e+00 3.706381e+01 1.000000e+01
      vertex   -3.926700e+00 3.794987e+01 1.000000e+01
    endloop
  endfacet
  facet normal 0.000000e+00 0.000000e+00 -1.000000e+00
    outer loop
      vertex   -3.841490e+00 3.782642e+01 1.000000e+01
      vertex   -3.926700e+00 3.794987e+01 1.000000e+01
      vertex   -2.593607e+00 3.863324e+01 1.000000e+01
    endloop
  endfacet
  facet normal -0.000000e+00 0.000000e+00 -1.000000e+00
    outer loop
      vertex   -2.593607e+00 3.863324e+01 1.000000e+01
      vertex   -3.926700e+00 3.794987e+01 1.000000e+01
      vertex   -2.671208e+00 3.876161e+01 1.000000e+01
    endloop
  endfacet
  facet normal 0.000000e+00 0.000000e+00 -1.000000e+00
    outer loop
      vertex   -2.593607e+00 3.863324e+01 1.000000e+01
      vertex   -2.671208e+00 3.876161e+01 1.000000e+01
      vertex   -1.299287e+00 3.936324e+01 1.000000e+01
    endloop
  endfacet
  facet normal -0.000000e+00 0.000000e+00 -1.000000e+00
    outer loop
      vertex   -1.299287e+00 3.936324e+01 1.000000e+01
      vertex   -2.671208e+00 3.876161e+01 1.000000e+01
      vertex   -1.368996e+00 3.949606e+01 1.000000e+01
    endloop
  endfacet
  facet normal 0.000000e+00 0.000000e+00 -1.000000e+00
    outer loop
      vertex   -1.299287e+00 3.936324e+01 1.000000e+01
      vertex   -1.368996e+00 3.949606e+01 1.000000e+01
      vertex   3.674782e-02 4.001376e+01 1.000000e+01
    endloop
  endfacet
  facet normal -0.000000e+00 0.000000e+00 -1.000000e+00
    outer loop
      vertex   3.674782e-02 4.001376e+01 1.000000e+01
      vertex   -1.368996e+00 3.949606e+01 1.000000e+01
      vertex   -2.481410e-02 4.015054e+01 1.000000e+01
    endloop
  endfacet
  facet normal 0.000000e+00 0.000000e+00 -1.000000e+00
    outer loop
      vertex   3.674782e-02 4.001376e+01 1.000000e+01
      vertex   -2.481410e-02 4.015054e+01 1.000000e+01
      vertex   1.409623e+00 4.058242e+01 1.000000e+01
    endloop
  endfacet
  facet normal -0.000000e+00 0.000000e+00 -1.000000e+00
    outer loop
      vertex   1.409623e+00 4.058242e+01 1.000000e+01
      vertex   -2.481410e-02 4.015054e+01 1.000000e+01
      vertex   1.356432e+00 4.072267e+01 1.000000e+01
    endloop
  endfacet
  facet normal 0.000000e+00 0.000000e+00 -1.000000e+00
    outer loop
      vertex   1.409623e+00 4.058242e+01 1.000000e+01
      vertex   1.356432e+00 4.072267e+01 1.000000e+01
      vertex   2.814328e+00 4.106715e+01 1.000000e+01
    endloop
  endfacet
  facet normal -0.000000e+00 0.000000e+00 -1.000000e+00
    outer loop
      vertex   2.814328e+00 4.106715e+01 1.000000e+01
      vertex   1.356432e+00 4.072267e+01 1.000000e+01
      vertex   2.769702e+00 4.121036e+01 1.000000e+01
    endloop
  endfacet
  facet normal 0.000000e+00 0.000000e+00 -1.000000e+00
    outer loop
      vertex   2.814328e+00 4.106715e+01 1.000000e+01
      vertex   2.769702e+00 4.121036e+01 1.000000e+01
      vertex   4.245737e+00 4.146619e+01 1.000000e+01
    endloop
  endfacet
  facet normal -0.000000e+00 0.000000e+00 -1.000000e+00
    outer loop
      vertex   4.245737e+00 4.146619e+01 1.000000e+01
      vertex   2.769702e+00 4.121036e+01 1.000000e+01
      vertex   4.209840e+00 4.161183e+01 1.000000e+01
    endloop
  endfacet
  facet normal 0.000000e+00 0.000000e+00 -1.000000e+00
    outer loop
      vertex   4.245737e+00 4.146619e+01 1.000000e+01
      vertex   4.209840e+00 4.161183e+01 1.000000e+01
      vertex   5.698629e+00 4.177807e+01 1.000000e+01
    endloop
  endfacet
  facet normal -0.000000e+00 0.000000e+00 -1.000000e+00
    outer loop
      vertex   5.698629e+00 4.177807e+01 1.000000e+01
      vertex   4.209840e+00 4.161183e+01 1.000000e+01
      vertex   5.671591e+00 4.192561e+01 1.000000e+01
    endloop
  endfacet
  facet normal 0.000000e+00 0.000000e+00 -1.000000e+00
    outer loop
      vertex   5.698629e+00 4.177807e+01 1.000000e+01
      vertex   5.671591e+00 4.192561e+01 1.000000e+01
      vertex   7.167701e+00 4.200166e+01 1.000000e+01
    endloop
  endfacet
  facet normal -0.000000e+00 0.000000e+00 -1.000000e+00
    outer loop
      vertex   7.167701e+00 4.200166e+01 1.000000e+01
      vertex   5.671591e+00 4.192561e+01 1.000000e+01
      vertex   7.149620e+00 4.215056e+01 1.000000e+01
    endloop
  endfacet
  facet normal 0.000000e+00 0.000000e+00 -1.000000e+00
    outer loop
      vertex   7.167701e+00 4.200166e+01 1.000000e+01
      vertex   7.149620e+00 4.215056e+01 1.000000e+01
      vertex   8.647592e+00 4.213614e+01 1.000000e+01
    endloop
  endfacet
  facet normal 0.000000e+00 0.000000e+00 -1.000000e+00
    outer loop
      vertex   8.647592e+00 4.213614e+01 1.000000e+01
      vertex   7.149620e+00 4.215056e+01 1.000000e+01
      vertex   8.638535e+00 4.228586e+01 1.000000e+01
    endloop
  endfacet
  facet normal 0.000000e+00 0.000000e+00 -1.000000e+00
    outer loop
      vertex   8.647592e+00 4.213614e+01 1.000000e+01
      vertex   8.638535e+00 4.228586e+01 1.000000e+01
      vertex   1.013290e+01 4.218102e+01 1.000000e+01
    endloop
  endfacet
  facet normal 0.000000e+00 0.000000e+00 -1.000000e+00
    outer loop
      vertex   1.013290e+01 4.218102e+01 1.000000e+01
      vertex   8.638535e+00 4.228586e+01 1.000000e+01
      vertex   1.013290e+01 4.233102e+01 1.000000e+01
    endloop
  endfacet
  facet normal 0.000000e+00 0.000000e+00 -1.000000e+00
    outer loop
      vertex   1.013290e+01 4.218102e+01 1.000000e+01
      vertex   1.013290e+01 4.233102e+01 1.000000e+01
      vertex   1.162727e+01 4.228586e+01 1.000000e+01
    endloop
  endfacet
  facet normal 0.000000e+00 0.000000e+00 -1.000000e+00
    outer loop
      vertex   1.013290e+01 4.218102e+01 1.000000e+01
      vertex   1.162727e+01 4.228586e+01 1.000000e+01
      vertex   1.161821e+01 4.213614e+01 1.000000e+01
    endloop
  endfacet
  facet normal 0.000000e+00 0.000000e+00 -1.000000e+00
    outer loop
      vertex   1.161821e+01 4.213614e+01 1.000000e+01
      vertex   1.162727e+01 4.228586e+01 1.000000e+01
      vertex   1.311619e+01 4.215056e+01 1.000000e+01
    endloop
  endfacet
  facet normal 0.000000e+00 0.000000e+00 -1.000000e+00
    outer loop
      vertex   1.161821e+01 4.213614e+01 1.000000e+01
      vertex   1.311619e+01 4.215056e+01 1.000000e+01
      vertex   1.309811e+01 4.200166e+01 1.000000e+01
    endloop
  endfacet
  facet normal 0.000000e+00 0.000000e+00 -1.000000e+00
    outer loop
      vertex   1.309811e+01 4.200166e+01 1.000000e+01
      vertex   1.311619e+01 4.215056e+01 1.000000e+01
      vertex   1.459422e+01 4.192561e+01 1.000000e+01
    endloop
  endfacet
  facet normal 0.000000e+00 0.000000e+00 -1.000000e+00
    outer loop
      vertex   1.309811e+01 4.200166e+01 1.000000e+01
      vertex   1.459422e+01 4.192561e+01 1.000000e+01
      vertex   1.456718e+01 4.177807e+01 1.000000e+01
    endloop
  endfacet
  facet normal 0.000000e+00 0.000000e+00 -1.000000e+00
    outer loop
      vertex   1.456718e+01 4.177807e+01 1.000000e+01
      vertex   1.459422e+01 4.192561e+01 1.000000e+01
      vertex   1.605597e+01 4.161183e+01 1.000000e+01
    endloop
  endfacet
  facet normal 0.000000e+00 0.000000e+00 -1.000000e+00
    outer loop
      vertex   1.456718e+01 4.177807e+01 1.000000e+01
      vertex   1.605597e+01 4.161183e+01 1.000000e+01
      vertex   1.602007e+01 4.146619e+01 1.000000e+01
    endloop
  endfacet
  facet normal 0.000000e+00 0.000000e+00 -1.000000e+00
    outer loop
      vertex   1.602007e+01 4.146619e+01 1.000000e+01
      vertex   1.605597e+01 4.161183e+01 1.000000e+01
      vertex   1.749610e+01 4.121036e+01 1.000000e+01
    endloop
  endfacet
  facet normal 0.000000e+00 0.000000e+00 -1.000000e+00
    outer loop
      vertex   1.602007e+01 4.146619e+01 1.000000e+01
      vertex   1.749610e+01 4.121036e+01 1.000000e+01
      vertex   1.745148e+01 4.106715e+01 1.000000e+01
    endloop
  endfacet
  facet normal 0.000000e+00 0.000000e+00 -1.000000e+00
    outer loop
      vertex   1.745148e+01 4.106715e+01 1.000000e+01
      vertex   1.749610e+01 4.121036e+01 1.000000e+01
      vertex   1.890937e+01 4.072267e+01 1.000000e+01
    endloop
  endfacet
  facet normal 0.000000e+00 0.000000e+00 -1.000000e+00
    outer loop
      vertex   1.745148e+01 4.106715e+01 1.000000e+01
      vertex   1.890937e+01 4.072267e+01 1.000000e+01
      vertex   1.885618e+01 4.058242e+01 1.000000e+01
    endloop
  endfacet
  facet normal 0.000000e+00 0.000000e+00 -1.000000e+00
    outer loop
      vertex   1.885618e+01 4.058242e+01 1.000000e+01
      vertex   1.890937e+01 4.072267e+01 1.000000e+01
      vertex   2.029062e+01 4.015054e+01 1.000000e+01
    endloop
  endfacet
  facet normal 0.000000e+00 0.000000e+00 -1.000000e+00
    outer loop
      vertex   1.885618e+01 4.058242e+01 1.000000e+01
      vertex   2.029062e+01 4.015054e+01 1.000000e+01
      vertex   2.022906e+01 4.001376e+01 1.000000e+01
    endloop
  endfacet
  facet normal 0.000000e+00 0.000000e+00 -1.000000e+00
    outer loop
      vertex   2.022906e+01 4.001376e+01 1.000000e+01
      vertex   2.029062e+01 4.015054e+01 1.000000e+01
      vertex   2.163480e+01 3.949606e+01 1.000000e+01
    endloop
  endfacet
  facet normal 0.000000e+00 0.000000e+00 -1.000000e+00
    outer loop
      vertex   2.022906e+01 4.001376e+01 1.000000e+01
      vertex   2.163480e+01 3.949606e+01 1.000000e+01
      vertex   2.156509e+01 3.936324e+01 1.000000e+01
    endloop
  endfacet
  facet normal 0.000000e+00 0.000000e+00 -1.000000e+00
    outer loop
      vertex   2.156509e+01 3.936324e+01 1.000000e+01
      vertex   2.163480e+01 3.949606e+01 1.000000e+01
      vertex   2.293701e+01 3.876161e+01 1.000000e+01
    endloop
  endfacet
  facet normal 0.000000e+00 0.000000e+00 -1.000000e+00
    outer loop
      vertex   2.156509e+01 3.936324e+01 1.000000e+01
      vertex   2.293701e+01 3.876161e+01 1.000000e+01
      vertex   2.285941e+01 3.863324e+01 1.000000e+01
    endloop
  endfacet
  facet normal 0.000000e+00 0.000000e+00 -1.000000e+00
    outer loop
      vertex   2.285941e+01 3.863324e+01 1.000000e+01
      vertex   2.293701e+01 3.876161e+01 1.000000e+01
      vertex   2.419251e+01 3.794987e+01 1.000000e+01
    endloop
  endfacet
  facet normal 0.000000e+00 0.000000e+00 -1.000000e+00
    outer loop
      vertex   2.285941e+01 3.863324e+01 1.000000e+01
      vertex   2.419251e+01 3.794987e+01 1.000000e+01
      vertex   2.410730e+01 3.782642e+01 1.000000e+01
    endloop
  endfacet
  facet normal 0.000000e+00 0.000000e+00 -1.000000e+00
    outer loop
      vertex   2.410730e+01 3.782642e+01 1.000000e+01
      vertex   2.419251e+01 3.794987e+01 1.000000e+01
      vertex   2.539669e+01 3.706381e+01 1.000000e+01
    endloop
  endfacet
  facet normal 0.000000e+00 0.000000e+00 -1.000000e+00
    outer loop
      vertex   2.410730e+01 3.782642e+01 1.000000e+01
      vertex   2.539669e+01 3.706381e+01 1.000000e+01
      vertex   2.530419e+01 3.694573e+01 1.000000e+01
    endloop
  endfacet
  facet normal 0.000000e+00 0.000000e+00 -1.000000e+00
    outer loop
      vertex   2.530419e+01 3.694573e+01 1.000000e+01
      vertex   2.539669e+01 3.706381e+01 1.000000e+01
      vertex   2.654519e+01 3.610666e+01 1.000000e+01
    endloop
  endfacet
  facet normal 0.000000e+00 0.000000e+00 -1.000000e+00
    outer loop
      vertex   2.530419e+01 3.694573e+01 1.000000e+01
      vertex   2.654519e+01 3.610666e+01 1.000000e+01
      vertex   2.644572e+01 3.599438e+01 1.000000e+01
    endloop
  endfacet
  facet normal 0.000000e+00 0.000000e+00 -1.000000e+00
    outer loop
      vertex   2.644572e+01 3.599438e+01 1.000000e+01
      vertex   2.654519e+01 3.610666e+01 1.000000e+01
      vertex   2.763380e+01 3.508191e+01 1.000000e+01
    endloop
  endfacet
  facet normal 0.000000e+00 0.000000e+00 -1.000000e+00
    outer loop
      vertex   2.644572e+01 3.599438e+01 1.000000e+01
      vertex   2.763380e+01 3.508191e+01 1.000000e+01
      vertex   2.752773e+01 3.497585e+01 1.000000e+01
    endloop
  endfacet
  facet normal 0.000000e+00 0.000000e+00 -1.000000e+00
    outer loop
      vertex   2.752773e+01 3.497585e+01 1.000000e+01
      vertex   2.763380e+01 3.508191e+01 1.000000e+01
      vertex   2.865854e+01 3.399331e+01 1.000000e+01
    endloop
  endfacet
  facet normal 0.000000e+00 0.000000e+00 -1.000000e+00
    outer loop
      vertex   2.752773e+01 3.497585e+01 1.000000e+01
      vertex   2.865854e+01 3.399331e+01 1.000000e+01
      vertex   2.854627e+01 3.389384e+01 1.000000e+01
    endloop
  endfacet
  facet normal 0.000000e+00 0.000000e+00 -1.000000e+00
    outer loop
      vertex   2.854627e+01 3.389384e+01 1.000000e+01
      vertex   2.865854e+01 3.399331e+01 1.000000e+01
      vertex   2.961569e+01 3.284481e+01 1.000000e+01
    endloop
  endfacet
  facet normal 0.000000e+00 0.000000e+00 -1.000000e+00
    outer loop
      vertex   2.854627e+01 3.389384e+01 1.000000e+01
      vertex   2.961569e+01 3.284481e+01 1.000000e+01
      vertex   2.949762e+01 3.275230e+01 1.000000e+01
    endloop
  endfacet
  facet normal 0.000000e+00 0.000000e+00 -1.000000e+00
    outer loop
      vertex   2.949762e+01 3.275230e+01 1.000000e+01
      vertex   2.961569e+01 3.284481e+01 1.000000e+01
      vertex   3.050175e+01 3.164062e+01 1.000000e+01
    endloop
  endfacet
  facet normal 0.000000e+00 0.000000e+00 -1.000000e+00
    outer loop
      vertex   2.949762e+01 3.275230e+01 1.000000e+01
      vertex   3.050175e+01 3.164062e+01 1.000000e+01
      vertex   3.037831e+01 3.155541e+01 1.000000e+01
    endloop
  endfacet
  facet normal 0.000000e+00 0.000000e+00 -1.000000e+00
    outer loop
      vertex   3.037831e+01 3.155541e+01 1.000000e+01
      vertex   3.050175e+01 3.164062e+01 1.000000e+01
      vertex   3.131349e+01 3.038513e+01 1.000000e+01
    endloop
  endfacet
  facet normal 0.000000e+00 0.000000e+00 -1.000000e+00
    outer loop
      vertex   3.037831e+01 3.155541e+01 1.000000e+01
      vertex   3.131349e+01 3.038513e+01 1.000000e+01
      vertex   3.118512e+01 3.030753e+01 1.000000e+01
    endloop
  endfacet
  facet normal 0.000000e+00 0.000000e+00 -1.000000e+00
    outer loop
      vertex   3.118512e+01 3.030753e+01 1.000000e+01
      vertex   3.131349e+01 3.038513e+01 1.000000e+01
      vertex   3.204794e+01 2.908292e+01 1.000000e+01
    endloop
  endfacet
  facet normal 0.000000e+00 0.000000e+00 -1.000000e+00
    outer loop
      vertex   3.118512e+01 3.030753e+01 1.000000e+01
      vertex   3.204794e+01 2.908292e+01 1.000000e+01
      vertex   3.191512e+01 2.901321e+01 1.000000e+01
    endloop
  endfacet
  facet normal 0.000000e+00 0.000000e+00 -1.000000e+00
    outer loop
      vertex   3.191512e+01 2.901321e+01 1.000000e+01
      vertex   3.204794e+01 2.908292e+01 1.000000e+01
      vertex   3.270242e+01 2.773874e+01 1.000000e+01
    endloop
  endfacet
  facet normal 0.000000e+00 0.000000e+00 -1.000000e+00
    outer loop
      vertex   3.191512e+01 2.901321e+01 1.000000e+01
      vertex   3.270242e+01 2.773874e+01 1.000000e+01
      vertex   3.256564e+01 2.767717e+01 1.000000e+01
    endloop
  endfacet
  facet normal 0.000000e+00 0.000000e+00 -1.000000e+00
    outer loop
      vertex   3.256564e+01 2.767717e+01 1.000000e+01
      vertex   3.270242e+01 2.773874e+01 1.000000e+01
      vertex   3.327455e+01 2.635749e+01 1.000000e+01
    endloop
  endfacet
  facet normal 0.000000e+00 0.000000e+00 -1.000000e+00
    outer loop
      vertex   3.256564e+01 2.767717e+01 1.000000e+01
      vertex   3.327455e+01 2.635749e+01 1.000000e+01
      vertex   3.313430e+01 2.630430e+01 1.000000e+01
    endloop
  endfacet
  facet normal 0.000000e+00 0.000000e+00 -1.000000e+00
    outer loop
      vertex   3.313430e+01 2.630430e+01 1.000000e+01
      vertex   3.327455e+01 2.635749e+01 1.000000e+01
      vertex   3.376224e+01 2.494422e+01 1.000000e+01
    endloop
  endfacet
  facet normal 0.000000e+00 0.000000e+00 -1.000000e+00
    outer loop
      vertex   3.313430e+01 2.630430e+01 1.000000e+01
      vertex   3.376224e+01 2.494422e+01 1.000000e+01
      vertex   3.361904e+01 2.489959e+01 1.000000e+01
    endloop
  endfacet
  facet normal 0.000000e+00 0.000000e+00 -1.000000e+00
    outer loop
      vertex   3.361904e+01 2.489959e+01 1.000000e+01
      vertex   3.376224e+01 2.494422e+01 1.000000e+01
      vertex   3.416371e+01 2.350408e+01 1.000000e+01
    endloop
  endfacet
  facet normal 0.000000e+00 0.000000e+00 -1.000000e+00
    outer loop
      vertex   3.361904e+01 2.489959e+01 1.000000e+01
      vertex   3.416371e+01 2.350408e+01 1.000000e+01
      vertex   3.401807e+01 2.346818e+01 1.000000e+01
    endloop
  endfacet
  facet normal 0.000000e+00 0.000000e+00 -1.000000e+00
    outer loop
      vertex   3.401807e+01 2.346818e+01 1.000000e+01
      vertex   3.416371e+01 2.350408e+01 1.000000e+01
      vertex   3.447750e+01 2.204233e+01 1.000000e+01
    endloop
  endfacet
  facet normal 0.000000e+00 0.000000e+00 -1.000000e+00
    outer loop
      vertex   3.401807e+01 2.346818e+01 1.000000e+01
      vertex   3.447750e+01 2.204233e+01 1.000000e+01
      vertex   3.432995e+01 2.201529e+01 1.000000e+01
    endloop
  endfacet
  facet normal 0.000000e+00 0.000000e+00 -1.000000e+00
    outer loop
      vertex   3.432995e+01 2.201529e+01 1.000000e+01
      vertex   3.447750e+01 2.204233e+01 1.000000e+01
      vertex   3.470245e+01 2.056430e+01 1.000000e+01
    endloop
  endfacet
  facet normal 0.000000e+00 0.000000e+00 -1.000000e+00
    outer loop
      vertex   3.432995e+01 2.201529e+01 1.000000e+01
      vertex   3.470245e+01 2.056430e+01 1.000000e+01
      vertex   3.455354e+01 2.054622e+01 1.000000e+01
    endloop
  endfacet
  facet normal 0.000000e+00 0.000000e+00 -1.000000e+00
    outer loop
      vertex   3.455354e+01 2.054622e+01 1.000000e+01
      vertex   3.470245e+01 2.056430e+01 1.000000e+01
      vertex   3.483775e+01 1.907539e+01 1.000000e+01
    endloop
  endfacet
  facet normal 0.000000e+00 0.000000e+00 -1.000000e+00
    outer loop
      vertex   2.683822e+01 1.880369e+01 1.000000e+01
      vertex   3.072164e+01 1.826212e+01 1.000000e+01
      vertex   2.688290e+01 1.758102e+01 1.000000e+01
    endloop
  endfacet
  facet normal 0.000000e+00 0.000000e+00 -1.000000e+00
    outer loop
      vertex   2.688290e+01 1.758102e+01 1.000000e+01
      vertex   3.072164e+01 1.826212e+01 1.000000e+01
      vertex   3.072164e+01 1.689991e+01 1.000000e+01
    endloop
  endfacet
  facet normal 0.000000e+00 -0.000000e+00 -1.000000e+00
    outer loop
      vertex   2.688290e+01 1.758102e+01 1.000000e+01
      vertex   3.072164e+01 1.689991e+01 1.000000e+01
      vertex   2.683822e+01 1.635835e+01 1.000000e+01
    endloop
  endfacet
  facet normal 0.000000e+00 0.000000e+00 -1.000000e+00
    outer loop
      vertex   2.683822e+01 1.635835e+01 1.000000e+01
      vertex   3.072164e+01 1.689991e+01 1.000000e+01
      vertex   3.063161e+01 1.554068e+01 1.000000e+01
    endloop
  endfacet
  facet normal 0.000000e+00 -0.000000e+00 -1.000000e+00
    outer loop
      vertex   2.683822e+01 1.635835e+01 1.000000e+01
      vertex   3.063161e+01 1.554068e+01 1.000000e+01
      vertex   2.670440e+01 1.514220e+01 1.000000e+01
    endloop
  endfacet
  facet normal 0.000000e+00 0.000000e+00 -1.000000e+00
    outer loop
      vertex   2.670440e+01 1.514220e+01 1.000000e+01
      vertex   3.063161e+01 1.554068e+01 1.000000e+01
      vertex   3.045195e+01 1.419037e+01 1.000000e+01
    endloop
  endfacet
  facet normal 0.000000e+00 -0.000000e+00 -1.000000e+00
    outer loop
      vertex   2.670440e+01 1.514220e+01 1.000000e+01
      vertex   3.045195e+01 1.419037e+01 1.000000e+01
      vertex   2.648217e+01 1.393906e+01 1.000000e+01
    endloop
  endfacet
  facet normal 0.000000e+00 0.000000e+00 -1.000000e+00
    outer loop
      vertex   2.648217e+01 1.393906e+01 1.000000e+01
      vertex   3.045195e+01 1.419037e+01 1.000000e+01
      vertex   3.018343e+01 1.285489e+01 1.000000e+01
    endloop
  endfacet
  facet normal 0.000000e+00 -0.000000e+00 -1.000000e+00
    outer loop
      vertex   2.648217e+01 1.393906e+01 1.000000e+01
      vertex   3.018343e+01 1.285489e+01 1.000000e+01
      vertex   2.617271e+01 1.275536e+01 1.000000e+01
    endloop
  endfacet
  facet normal 0.000000e+00 0.000000e+00 -1.000000e+00
    outer loop
      vertex   2.617271e+01 1.275536e+01 1.000000e+01
      vertex   3.018343e+01 1.285489e+01 1.000000e+01
      vertex   2.982724e+01 1.154007e+01 1.000000e+01
    endloop
  endfacet
  facet normal 0.000000e+00 -0.000000e+00 -1.000000e+00
    outer loop
      vertex   2.617271e+01 1.275536e+01 1.000000e+01
      vertex   2.982724e+01 1.154007e+01 1.000000e+01
      vertex   2.577767e+01 1.159740e+01 1.000000e+01
    endloop
  endfacet
  facet normal 0.000000e+00 0.000000e+00 -1.000000e+00
    outer loop
      vertex   2.577767e+01 1.159740e+01 1.000000e+01
      vertex   2.982724e+01 1.154007e+01 1.000000e+01
      vertex   2.938493e+01 1.025167e+01 1.000000e+01
    endloop
  endfacet
  facet normal 0.000000e+00 0.000000e+00 -1.000000e+00
    outer loop
      vertex   2.577767e+01 1.159740e+01 1.000000e+01
      vertex   2.938493e+01 1.025167e+01 1.000000e+01
      vertex   2.885844e+01 8.995313e+00 1.000000e+01
    endloop
  endfacet
  facet normal 0.000000e+00 0.000000e+00 -1.000000e+00
    outer loop
      vertex   3.072164e+01 1.826212e+01 1.000000e+01
      vertex   2.683822e+01 1.880369e+01 1.000000e+01
      vertex   3.063161e+01 1.962136e+01 1.000000e+01
    endloop
  endfacet
  facet normal -0.000000e+00 0.000000e+00 -1.000000e+00
    outer loop
      vertex   3.063161e+01 1.962136e+01 1.000000e+01
      vertex   2.683822e+01 1.880369e+01 1.000000e+01
      vertex   2.670440e+01 2.001984e+01 1.000000e+01
    endloop
  endfacet
  facet normal 0.000000e+00 0.000000e+00 -1.000000e+00
    outer loop
      vertex   3.063161e+01 1.962136e+01 1.000000e+01
      vertex   2.670440e+01 2.001984e+01 1.000000e+01
      vertex   3.045195e+01 2.097167e+01 1.000000e+01
    endloop
  endfacet
  facet normal -0.000000e+00 0.000000e+00 -1.000000e+00
    outer loop
      vertex   3.045195e+01 2.097167e+01 1.000000e+01
      vertex   2.670440e+01 2.001984e+01 1.000000e+01
      vertex   2.648217e+01 2.122297e+01 1.000000e+01
    endloop
  endfacet
  facet normal 0.000000e+00 0.000000e+00 -1.000000e+00
    outer loop
      vertex   3.045195e+01 2.097167e+01 1.000000e+01
      vertex   2.648217e+01 2.122297e+01 1.000000e+01
      vertex   3.018343e+01 2.230715e+01 1.000000e+01
    endloop
  endfacet
  facet normal -0.000000e+00 0.000000e+00 -1.000000e+00
    outer loop
      vertex   3.018343e+01 2.230715e+01 1.000000e+01
      vertex   2.648217e+01 2.122297e+01 1.000000e+01
      vertex   2.617271e+01 2.240668e+01 1.000000e+01
    endloop
  endfacet
  facet normal 0.000000e+00 0.000000e+00 -1.000000e+00
    outer loop
      vertex   3.018343e+01 2.230715e+01 1.000000e+01
      vertex   2.617271e+01 2.240668e+01 1.000000e+01
      vertex   2.982724e+01 2.362197e+01 1.000000e+01
    endloop
  endfacet
  facet normal 0.000000e+00 0.000000e+00 -1.000000e+00
    outer loop
      vertex   2.982724e+01 2.362197e+01 1.000000e+01
      vertex   2.617271e+01 2.240668e+01 1.000000e+01
      vertex   2.577767e+01 2.356464e+01 1.000000e+01
    endloop
  endfacet
  facet normal -0.000000e+00 0.000000e+00 -1.000000e+00
    outer loop
      vertex   2.982724e+01 2.362197e+01 1.000000e+01
      vertex   2.577767e+01 2.356464e+01 1.000000e+01
      vertex   2.938493e+01 2.491037e+01 1.000000e+01
    endloop
  endfacet
  facet normal -0.000000e+00 0.000000e+00 -1.000000e+00
    outer loop
      vertex   2.938493e+01 2.491037e+01 1.000000e+01
      vertex   2.577767e+01 2.356464e+01 1.000000e+01
      vertex   2.885844e+01 2.616673e+01 1.000000e+01
    endloop
  endfacet
  facet normal 0.000000e+00 0.000000e+00 -1.000000e+00
    outer loop
      vertex   2.885844e+01 2.616673e+01 1.000000e+01
      vertex   2.577767e+01 2.356464e+01 1.000000e+01
      vertex   2.529916e+01 2.469067e+01 1.000000e+01
    endloop
  endfacet
  facet normal -0.000000e+00 0.000000e+00 -1.000000e+00
    outer loop
      vertex   2.885844e+01 2.616673e+01 1.000000e+01
      vertex   2.529916e+01 2.469067e+01 1.000000e+01
      vertex   2.825006e+01 2.738554e+01 1.000000e+01
    endloop
  endfacet
  facet normal 0.000000e+00 0.000000e+00 -1.000000e+00
    outer loop
      vertex   2.825006e+01 2.738554e+01 1.000000e+01
      vertex   2.529916e+01 2.469067e+01 1.000000e+01
      vertex   2.473973e+01 2.577877e+01 1.000000e+01
    endloop
  endfacet
  facet normal -0.000000e+00 0.000000e+00 -1.000000e+00
    outer loop
      vertex   2.825006e+01 2.738554e+01 1.000000e+01
      vertex   2.473973e+01 2.577877e+01 1.000000e+01
      vertex   2.756247e+01 2.856147e+01 1.000000e+01
    endloop
  endfacet
  facet normal 0.000000e+00 0.000000e+00 -1.000000e+00
    outer loop
      vertex   2.756247e+01 2.856147e+01 1.000000e+01
      vertex   2.473973e+01 2.577877e+01 1.000000e+01
      vertex   2.410237e+01 2.682313e+01 1.000000e+01
    endloop
  endfacet
  facet normal -0.000000e+00 0.000000e+00 -1.000000e+00
    outer loop
      vertex   2.756247e+01 2.856147e+01 1.000000e+01
      vertex   2.410237e+01 2.682313e+01 1.000000e+01
      vertex   2.679865e+01 2.968940e+01 1.000000e+01
    endloop
  endfacet
  facet normal 0.000000e+00 0.000000e+00 -1.000000e+00
    outer loop
      vertex   2.679865e+01 2.968940e+01 1.000000e+01
      vertex   2.410237e+01 2.682313e+01 1.000000e+01
      vertex   2.339047e+01 2.781818e+01 1.000000e+01
    endloop
  endfacet
  facet normal -0.000000e+00 0.000000e+00 -1.000000e+00
    outer loop
      vertex   2.679865e+01 2.968940e+01 1.000000e+01
      vertex   2.339047e+01 2.781818e+01 1.000000e+01
      vertex   2.596197e+01 3.076437e+01 1.000000e+01
    endloop
  endfacet
  facet normal 0.000000e+00 0.000000e+00 -1.000000e+00
    outer loop
      vertex   2.596197e+01 3.076437e+01 1.000000e+01
      vertex   2.339047e+01 2.781818e+01 1.000000e+01
      vertex   2.260784e+01 2.875861e+01 1.000000e+01
    endloop
  endfacet
  facet normal -0.000000e+00 0.000000e+00 -1.000000e+00
    outer loop
      vertex   2.596197e+01 3.076437e+01 1.000000e+01
      vertex   2.260784e+01 2.875861e+01 1.000000e+01
      vertex   2.505606e+01 3.178170e+01 1.000000e+01
    endloop
  endfacet
  facet normal 0.000000e+00 0.000000e+00 -1.000000e+00
    outer loop
      vertex   2.505606e+01 3.178170e+01 1.000000e+01
      vertex   2.260784e+01 2.875861e+01 1.000000e+01
      vertex   2.175865e+01 2.963940e+01 1.000000e+01
    endloop
  endfacet
  facet normal -0.000000e+00 0.000000e+00 -1.000000e+00
    outer loop
      vertex   2.505606e+01 3.178170e+01 1.000000e+01
      vertex   2.175865e+01 2.963940e+01 1.000000e+01
      vertex   2.408490e+01 3.273693e+01 1.000000e+01
    endloop
  endfacet
  facet normal 0.000000e+00 0.000000e+00 -1.000000e+00
    outer loop
      vertex   2.408490e+01 3.273693e+01 1.000000e+01
      vertex   2.175865e+01 2.963940e+01 1.000000e+01
      vertex   2.084743e+01 3.045586e+01 1.000000e+01
    endloop
  endfacet
  facet normal -0.000000e+00 0.000000e+00 -1.000000e+00
    outer loop
      vertex   2.408490e+01 3.273693e+01 1.000000e+01
      vertex   2.084743e+01 3.045586e+01 1.000000e+01
      vertex   2.305274e+01 3.362589e+01 1.000000e+01
    endloop
  endfacet
  facet normal 0.000000e+00 0.000000e+00 -1.000000e+00
    outer loop
      vertex   2.305274e+01 3.362589e+01 1.000000e+01
      vertex   2.084743e+01 3.045586e+01 1.000000e+01
      vertex   1.987904e+01 3.120362e+01 1.000000e+01
    endloop
  endfacet
  facet normal -0.000000e+00 0.000000e+00 -1.000000e+00
    outer loop
      vertex   2.305274e+01 3.362589e+01 1.000000e+01
      vertex   1.987904e+01 3.120362e+01 1.000000e+01
      vertex   2.196407e+01 3.444469e+01 1.000000e+01
    endloop
  endfacet
  facet normal 0.000000e+00 0.000000e+00 -1.000000e+00
    outer loop
      vertex   2.196407e+01 3.444469e+01 1.000000e+01
      vertex   1.987904e+01 3.120362e+01 1.000000e+01
      vertex   1.885865e+01 3.187870e+01 1.000000e+01
    endloop
  endfacet
  facet normal -0.000000e+00 0.000000e+00 -1.000000e+00
    outer loop
      vertex   2.196407e+01 3.444469e+01 1.000000e+01
      vertex   1.885865e+01 3.187870e+01 1.000000e+01
      vertex   2.082368e+01 3.518975e+01 1.000000e+01
    endloop
  endfacet
  facet normal -0.000000e+00 0.000000e+00 -1.000000e+00
    outer loop
      vertex   2.082368e+01 3.518975e+01 1.000000e+01
      vertex   1.885865e+01 3.187870e+01 1.000000e+01
      vertex   1.963653e+01 3.585781e+01 1.000000e+01
    endloop
  endfacet
  facet normal 0.000000e+00 0.000000e+00 -1.000000e+00
    outer loop
      vertex   1.963653e+01 3.585781e+01 1.000000e+01
      vertex   1.885865e+01 3.187870e+01 1.000000e+01
      vertex   1.779171e+01 3.247750e+01 1.000000e+01
    endloop
  endfacet
  facet normal -0.000000e+00 0.000000e+00 -1.000000e+00
    outer loop
      vertex   1.963653e+01 3.585781e+01 1.000000e+01
      vertex   1.779171e+01 3.247750e+01 1.000000e+01
      vertex   1.840783e+01 3.644595e+01 1.000000e+01
    endloop
  endfacet
  facet normal 0.000000e+00 0.000000e+00 -1.000000e+00
    outer loop
      vertex   1.840783e+01 3.644595e+01 1.000000e+01
      vertex   1.779171e+01 3.247750e+01 1.000000e+01
      vertex   1.668391e+01 3.299682e+01 1.000000e+01
    endloop
  endfacet
  facet normal -0.000000e+00 0.000000e+00 -1.000000e+00
    outer loop
      vertex   1.840783e+01 3.644595e+01 1.000000e+01
      vertex   1.668391e+01 3.299682e+01 1.000000e+01
      vertex   1.714294e+01 3.695160e+01 1.000000e+01
    endloop
  endfacet
  facet normal 0.000000e+00 0.000000e+00 -1.000000e+00
    outer loop
      vertex   1.714294e+01 3.695160e+01 1.000000e+01
      vertex   1.668391e+01 3.299682e+01 1.000000e+01
      vertex   1.554115e+01 3.343389e+01 1.000000e+01
    endloop
  endfacet
  facet normal -0.000000e+00 0.000000e+00 -1.000000e+00
    outer loop
      vertex   1.714294e+01 3.695160e+01 1.000000e+01
      vertex   1.554115e+01 3.343389e+01 1.000000e+01
      vertex   1.584740e+01 3.737255e+01 1.000000e+01
    endloop
  endfacet
  facet normal 0.000000e+00 0.000000e+00 -1.000000e+00
    outer loop
      vertex   1.584740e+01 3.737255e+01 1.000000e+01
      vertex   1.554115e+01 3.343389e+01 1.000000e+01
      vertex   1.436954e+01 3.378637e+01 1.000000e+01
    endloop
  endfacet
  facet normal -0.000000e+00 0.000000e+00 -1.000000e+00
    outer loop
      vertex   1.584740e+01 3.737255e+01 1.000000e+01
      vertex   1.436954e+01 3.378637e+01 1.000000e+01
      vertex   1.452688e+01 3.770695e+01 1.000000e+01
    endloop
  endfacet
  facet normal 0.000000e+00 0.000000e+00 -1.000000e+00
    outer loop
      vertex   1.452688e+01 3.770695e+01 1.000000e+01
      vertex   1.436954e+01 3.378637e+01 1.000000e+01
      vertex   1.317532e+01 3.405239e+01 1.000000e+01
    endloop
  endfacet
  facet normal -0.000000e+00 0.000000e+00 -1.000000e+00
    outer loop
      vertex   1.452688e+01 3.770695e+01 1.000000e+01
      vertex   1.317532e+01 3.405239e+01 1.000000e+01
      vertex   1.318713e+01 3.795335e+01 1.000000e+01
    endloop
  endfacet
  facet normal 0.000000e+00 0.000000e+00 -1.000000e+00
    outer loop
      vertex   1.318713e+01 3.795335e+01 1.000000e+01
      vertex   1.317532e+01 3.405239e+01 1.000000e+01
      vertex   1.196487e+01 3.423054e+01 1.000000e+01
    endloop
  endfacet
  facet normal -0.000000e+00 0.000000e+00 -1.000000e+00
    outer loop
      vertex   1.318713e+01 3.795335e+01 1.000000e+01
      vertex   1.196487e+01 3.423054e+01 1.000000e+01
      vertex   1.183404e+01 3.811066e+01 1.000000e+01
    endloop
  endfacet
  facet normal 0.000000e+00 -0.000000e+00 -1.000000e+00
    outer loop
      vertex   1.183404e+01 3.811066e+01 1.000000e+01
      vertex   1.196487e+01 3.423054e+01 1.000000e+01
      vertex   1.074465e+01 3.431984e+01 1.000000e+01
    endloop
  endfacet
  facet normal -0.000000e+00 0.000000e+00 -1.000000e+00
    outer loop
      vertex   1.183404e+01 3.811066e+01 1.000000e+01
      vertex   1.074465e+01 3.431984e+01 1.000000e+01
      vertex   1.047350e+01 3.817820e+01 1.000000e+01
    endloop
  endfacet
  facet normal 0.000000e+00 -0.000000e+00 -1.000000e+00
    outer loop
      vertex   1.047350e+01 3.817820e+01 1.000000e+01
      vertex   1.074465e+01 3.431984e+01 1.000000e+01
      vertex   9.521159e+00 3.431984e+01 1.000000e+01
    endloop
  endfacet
  facet normal 0.000000e+00 0.000000e+00 -1.000000e+00
    outer loop
      vertex   1.047350e+01 3.817820e+01 1.000000e+01
      vertex   9.521159e+00 3.431984e+01 1.000000e+01
      vertex   9.111477e+00 3.815568e+01 1.000000e+01
    endloop
  endfacet
  facet normal 0.000000e+00 -0.000000e+00 -1.000000e+00
    outer loop
      vertex   9.111477e+00 3.815568e+01 1.000000e+01
      vertex   9.521159e+00 3.431984e+01 1.000000e+01
      vertex   8.300935e+00 3.423054e+01 1.000000e+01
    endloop
  endfacet
  facet normal 0.000000e+00 0.000000e+00 -1.000000e+00
    outer loop
      vertex   9.111477e+00 3.815568e+01 1.000000e+01
      vertex   8.300935e+00 3.423054e+01 1.000000e+01
      vertex   7.753919e+00 3.804319e+01 1.000000e+01
    endloop
  endfacet
  facet normal 0.000000e+00 -0.000000e+00 -1.000000e+00
    outer loop
      vertex   7.753919e+00 3.804319e+01 1.000000e+01
      vertex   8.300935e+00 3.423054e+01 1.000000e+01
      vertex   7.090486e+00 3.405239e+01 1.000000e+01
    endloop
  endfacet
  facet normal 0.000000e+00 0.000000e+00 -1.000000e+00
    outer loop
      vertex   7.753919e+00 3.804319e+01 1.000000e+01
      vertex   7.090486e+00 3.405239e+01 1.000000e+01
      vertex   6.406764e+00 3.784122e+01 1.000000e+01
    endloop
  endfacet
  facet normal 0.000000e+00 -0.000000e+00 -1.000000e+00
    outer loop
      vertex   6.406764e+00 3.784122e+01 1.000000e+01
      vertex   7.090486e+00 3.405239e+01 1.000000e+01
      vertex   5.075902e+00 3.755066e+01 1.000000e+01
    endloop
  endfacet
  facet normal 0.000000e+00 0.000000e+00 -1.000000e+00
    outer loop
      vertex   5.075902e+00 3.755066e+01 1.000000e+01
      vertex   7.090486e+00 3.405239e+01 1.000000e+01
      vertex   5.896269e+00 3.378637e+01 1.000000e+01
    endloop
  endfacet
  facet normal 0.000000e+00 -0.000000e+00 -1.000000e+00
    outer loop
      vertex   5.075902e+00 3.755066e+01 1.000000e+01
      vertex   5.896269e+00 3.378637e+01 1.000000e+01
      vertex   3.767153e+00 3.717278e+01 1.000000e+01
    endloop
  endfacet
  facet normal 0.000000e+00 0.000000e+00 -1.000000e+00
    outer loop
      vertex   3.767153e+00 3.717278e+01 1.000000e+01
      vertex   5.896269e+00 3.378637e+01 1.000000e+01
      vertex   4.724656e+00 3.343389e+01 1.000000e+01
    endloop
  endfacet
  facet normal 0.000000e+00 -0.000000e+00 -1.000000e+00
    outer loop
      vertex   3.767153e+00 3.717278e+01 1.000000e+01
      vertex   4.724656e+00 3.343389e+01 1.000000e+01
      vertex   2.486240e+00 3.670923e+01 1.000000e+01
    endloop
  endfacet
  facet normal 0.000000e+00 0.000000e+00 -1.000000e+00
    outer loop
      vertex   2.486240e+00 3.670923e+01 1.000000e+01
      vertex   4.724656e+00 3.343389e+01 1.000000e+01
      vertex   3.581899e+00 3.299682e+01 1.000000e+01
    endloop
  endfacet
  facet normal 0.000000e+00 -0.000000e+00 -1.000000e+00
    outer loop
      vertex   2.486240e+00 3.670923e+01 1.000000e+01
      vertex   3.581899e+00 3.299682e+01 1.000000e+01
      vertex   1.238763e+00 3.616204e+01 1.000000e+01
    endloop
  endfacet
  facet normal 0.000000e+00 0.000000e+00 -1.000000e+00
    outer loop
      vertex   1.238763e+00 3.616204e+01 1.000000e+01
      vertex   3.581899e+00 3.299682e+01 1.000000e+01
      vertex   2.474094e+00 3.247750e+01 1.000000e+01
    endloop
  endfacet
  facet normal 0.000000e+00 -0.000000e+00 -1.000000e+00
    outer loop
      vertex   1.238763e+00 3.616204e+01 1.000000e+01
      vertex   2.474094e+00 3.247750e+01 1.000000e+01
      vertex   3.017866e-02 3.553359e+01 1.000000e+01
    endloop
  endfacet
  facet normal 0.000000e+00 0.000000e+00 -1.000000e+00
    outer loop
      vertex   3.017866e-02 3.553359e+01 1.000000e+01
      vertex   2.474094e+00 3.247750e+01 1.000000e+01
      vertex   1.407152e+00 3.187870e+01 1.000000e+01
    endloop
  endfacet
  facet normal 0.000000e+00 -0.000000e+00 -1.000000e+00
    outer loop
      vertex   3.017866e-02 3.553359e+01 1.000000e+01
      vertex   1.407152e+00 3.187870e+01 1.000000e+01
      vertex   -1.134229e+00 3.482665e+01 1.000000e+01
    endloop
  endfacet
  facet normal 0.000000e+00 0.000000e+00 -1.000000e+00
    outer loop
      vertex   -1.134229e+00 3.482665e+01 1.000000e+01
      vertex   1.407152e+00 3.187870e+01 1.000000e+01
      vertex   3.867660e-01 3.120362e+01 1.000000e+01
    endloop
  endfacet
  facet normal 0.000000e+00 -0.000000e+00 -1.000000e+00
    outer loop
      vertex   -1.134229e+00 3.482665e+01 1.000000e+01
      vertex   3.867660e-01 3.120362e+01 1.000000e+01
      vertex   -2.249369e+00 3.404429e+01 1.000000e+01
    endloop
  endfacet
  facet normal 0.000000e+00 0.000000e+00 -1.000000e+00
    outer loop
      vertex   -2.249369e+00 3.404429e+01 1.000000e+01
      vertex   3.867660e-01 3.120362e+01 1.000000e+01
      vertex   -5.816203e-01 3.045586e+01 1.000000e+01
    endloop
  endfacet
  facet normal 0.000000e+00 -0.000000e+00 -1.000000e+00
    outer loop
      vertex   -2.249369e+00 3.404429e+01 1.000000e+01
      vertex   -5.816203e-01 3.045586e+01 1.000000e+01
      vertex   -3.310364e+00 3.318995e+01 1.000000e+01
    endloop
  endfacet
  facet normal 0.000000e+00 0.000000e+00 -1.000000e+00
    outer loop
      vertex   -3.310364e+00 3.318995e+01 1.000000e+01
      vertex   -5.816203e-01 3.045586e+01 1.000000e+01
      vertex   -1.492840e+00 2.963940e+01 1.000000e+01
    endloop
  endfacet
  facet normal 0.000000e+00 -0.000000e+00 -1.000000e+00
    outer loop
      vertex   -3.310364e+00 3.318995e+01 1.000000e+01
      vertex   -1.492840e+00 2.963940e+01 1.000000e+01
      vertex   -4.312575e+00 3.226735e+01 1.000000e+01
    endloop
  endfacet
  facet normal 0.000000e+00 0.000000e+00 -1.000000e+00
    outer loop
      vertex   -4.312575e+00 3.226735e+01 1.000000e+01
      vertex   -1.492840e+00 2.963940e+01 1.000000e+01
      vertex   -2.342031e+00 2.875861e+01 1.000000e+01
    endloop
  endfacet
  facet normal 0.000000e+00 -0.000000e+00 -1.000000e+00
    outer loop
      vertex   -4.312575e+00 3.226735e+01 1.000000e+01
      vertex   -2.342031e+00 2.875861e+01 1.000000e+01
      vertex   -5.251620e+00 3.128053e+01 1.000000e+01
    endloop
  endfacet
  facet normal 0.000000e+00 -0.000000e+00 -1.000000e+00
    outer loop
      vertex   -5.251620e+00 3.128053e+01 1.000000e+01
      vertex   -2.342031e+00 2.875861e+01 1.000000e+01
      vertex   -6.123392e+00 3.023380e+01 1.000000e+01
    endloop
  endfacet
  facet normal 0.000000e+00 0.000000e+00 -1.000000e+00
    outer loop
      vertex   -6.123392e+00 3.023380e+01 1.000000e+01
      vertex   -2.342031e+00 2.875861e+01 1.000000e+01
      vertex   -3.124663e+00 2.781818e+01 1.000000e+01
    endloop
  endfacet
  facet normal 0.000000e+00 -0.000000e+00 -1.000000e+00
    outer loop
      vertex   -6.123392e+00 3.023380e+01 1.000000e+01
      vertex   -3.124663e+00 2.781818e+01 1.000000e+01
      vertex   -6.924079e+00 2.913175e+01 1.000000e+01
    endloop
  endfacet
  facet normal 0.000000e+00 0.000000e+00 -1.000000e+00
    outer loop
      vertex   -6.924079e+00 2.913175e+01 1.000000e+01
      vertex   -3.124663e+00 2.781818e+01 1.000000e+01
      vertex   -3.836561e+00 2.682313e+01 1.000000e+01
    endloop
  endfacet
  facet normal 0.000000e+00 -0.000000e+00 -1.000000e+00
    outer loop
      vertex   -6.924079e+00 2.913175e+01 1.000000e+01
      vertex   -3.836561e+00 2.682313e+01 1.000000e+01
      vertex   -7.650181e+00 2.797919e+01 1.000000e+01
    endloop
  endfacet
  facet normal 0.000000e+00 0.000000e+00 -1.000000e+00
    outer loop
      vertex   -7.650181e+00 2.797919e+01 1.000000e+01
      vertex   -3.836561e+00 2.682313e+01 1.000000e+01
      vertex   -4.473925e+00 2.577877e+01 1.000000e+01
    endloop
  endfacet
  facet normal 0.000000e+00 -0.000000e+00 -1.000000e+00
    outer loop
      vertex   -7.650181e+00 2.797919e+01 1.000000e+01
      vertex   -4.473925e+00 2.577877e+01 1.000000e+01
      vertex   -8.298521e+00 2.678116e+01 1.000000e+01
    endloop
  endfacet
  facet normal 0.000000e+00 0.000000e+00 -1.000000e+00
    outer loop
      vertex   -8.298521e+00 2.678116e+01 1.000000e+01
      vertex   -4.473925e+00 2.577877e+01 1.000000e+01
      vertex   -5.033355e+00 2.469067e+01 1.000000e+01
    endloop
  endfacet
  facet normal 0.000000e+00 -0.000000e+00 -1.000000e+00
    outer loop
      vertex   -8.298521e+00 2.678116e+01 1.000000e+01
      vertex   -5.033355e+00 2.469067e+01 1.000000e+01
      vertex   -8.866266e+00 2.554290e+01 1.000000e+01
    endloop
  endfacet
  facet normal 0.000000e+00 0.000000e+00 -1.000000e+00
    outer loop
      vertex   -8.866266e+00 2.554290e+01 1.000000e+01
      vertex   -5.033355e+00 2.469067e+01 1.000000e+01
      vertex   -5.511867e+00 2.356464e+01 1.000000e+01
    endloop
  endfacet
  facet normal 0.000000e+00 -0.000000e+00 -1.000000e+00
    outer loop
      vertex   -8.866266e+00 2.554290e+01 1.000000e+01
      vertex   -5.511867e+00 2.356464e+01 1.000000e+01
      vertex   -9.350932e+00 2.426983e+01 1.000000e+01
    endloop
  endfacet
  facet normal 0.000000e+00 0.000000e+00 -1.000000e+00
    outer loop
      vertex   -9.350932e+00 2.426983e+01 1.000000e+01
      vertex   -5.511867e+00 2.356464e+01 1.000000e+01
      vertex   -5.906907e+00 2.240668e+01 1.000000e+01
    endloop
  endfacet
  facet normal 0.000000e+00 -0.000000e+00 -1.000000e+00
    outer loop
      vertex   -9.350932e+00 2.426983e+01 1.000000e+01
      vertex   -5.906907e+00 2.240668e+01 1.000000e+01
      vertex   -9.750401e+00 2.296751e+01 1.000000e+01
    endloop
  endfacet
  facet normal 0.000000e+00 0.000000e+00 -1.000000e+00
    outer loop
      vertex   -9.750401e+00 2.296751e+01 1.000000e+01
      vertex   -5.906907e+00 2.240668e+01 1.000000e+01
      vertex   -6.216368e+00 2.122297e+01 1.000000e+01
    endloop
  endfacet
  facet normal 0.000000e+00 -0.000000e+00 -1.000000e+00
    outer loop
      vertex   -9.750401e+00 2.296751e+01 1.000000e+01
      vertex   -6.216368e+00 2.122297e+01 1.000000e+01
      vertex   -1.006292e+01 2.164163e+01 1.000000e+01
    endloop
  endfacet
  facet normal 0.000000e+00 0.000000e+00 -1.000000e+00
    outer loop
      vertex   -1.006292e+01 2.164163e+01 1.000000e+01
      vertex   -6.216368e+00 2.122297e+01 1.000000e+01
      vertex   -6.438599e+00 2.001984e+01 1.000000e+01
    endloop
  endfacet
  facet normal 0.000000e+00 -0.000000e+00 -1.000000e+00
    outer loop
      vertex   -1.006292e+01 2.164163e+01 1.000000e+01
      vertex   -6.438599e+00 2.001984e+01 1.000000e+01
      vertex   -1.028714e+01 2.029800e+01 1.000000e+01
    endloop
  endfacet
  facet normal 0.000000e+00 0.000000e+00 -1.000000e+00
    outer loop
      vertex   -1.028714e+01 2.029800e+01 1.000000e+01
      vertex   -6.438599e+00 2.001984e+01 1.000000e+01
      vertex   -6.572413e+00 1.880369e+01 1.000000e+01
    endloop
  endfacet
  facet normal 0.000000e+00 -0.000000e+00 -1.000000e+00
    outer loop
      vertex   -1.028714e+01 2.029800e+01 1.000000e+01
      vertex   -6.572413e+00 1.880369e+01 1.000000e+01
      vertex   -1.042206e+01 1.894249e+01 1.000000e+01
    endloop
  endfacet
  facet normal 0.000000e+00 0.000000e+00 -1.000000e+00
    outer loop
      vertex   -1.042206e+01 1.894249e+01 1.000000e+01
      vertex   -6.572413e+00 1.880369e+01 1.000000e+01
      vertex   -6.617097e+00 1.758102e+01 1.000000e+01
    endloop
  endfacet
  facet normal 0.000000e+00 -0.000000e+00 -1.000000e+00
    outer loop
      vertex   -1.042206e+01 1.894249e+01 1.000000e+01
      vertex   -6.617097e+00 1.758102e+01 1.000000e+01
      vertex   -1.046710e+01 1.758102e+01 1.000000e+01
    endloop
  endfacet
  facet normal 0.000000e+00 0.000000e+00 -1.000000e+00
    outer loop
      vertex   -1.046710e+01 1.758102e+01 1.000000e+01
      vertex   -6.617097e+00 1.758102e+01 1.000000e+01
      vertex   -1.042206e+01 1.621955e+01 1.000000e+01
    endloop
  endfacet
  facet normal 0.000000e+00 0.000000e+00 -1.000000e+00
    outer loop
      vertex   -1.042206e+01 1.621955e+01 1.000000e+01
      vertex   -6.617097e+00 1.758102e+01 1.000000e+01
      vertex   -6.572413e+00 1.635835e+01 1.000000e+01
    endloop
  endfacet
  facet normal 0.000000e+00 0.000000e+00 -1.000000e+00
    outer loop
      vertex   -1.042206e+01 1.621955e+01 1.000000e+01
      vertex   -6.572413e+00 1.635835e+01 1.000000e+01
      vertex   -1.028714e+01 1.486404e+01 1.000000e+01
    endloop
  endfacet
  facet normal 0.000000e+00 0.000000e+00 -1.000000e+00
    outer loop
      vertex   -1.028714e+01 1.486404e+01 1.000000e+01
      vertex   -6.572413e+00 1.635835e+01 1.000000e+01
      vertex   -6.438599e+00 1.514220e+01 1.000000e+01
    endloop
  endfacet
  facet normal 0.000000e+00 0.000000e+00 -1.000000e+00
    outer loop
      vertex   -1.028714e+01 1.486404e+01 1.000000e+01
      vertex   -6.438599e+00 1.514220e+01 1.000000e+01
      vertex   -1.006292e+01 1.352041e+01 1.000000e+01
    endloop
  endfacet
  facet normal 0.000000e+00 0.000000e+00 -1.000000e+00
    outer loop
      vertex   -1.006292e+01 1.352041e+01 1.000000e+01
      vertex   -6.438599e+00 1.514220e+01 1.000000e+01
      vertex   -6.216368e+00 1.393906e+01 1.000000e+01
    endloop
  endfacet
  facet normal 0.000000e+00 0.000000e+00 -1.000000e+00
    outer loop
      vertex   -1.006292e+01 1.352041e+01 1.000000e+01
      vertex   -6.216368e+00 1.393906e+01 1.000000e+01
      vertex   -9.750401e+00 1.219453e+01 1.000000e+01
    endloop
  endfacet
  facet normal 0.000000e+00 0.000000e+00 -1.000000e+00
    outer loop
      vertex   -9.750401e+00 1.219453e+01 1.000000e+01
      vertex   -6.216368e+00 1.393906e+01 1.000000e+01
      vertex   -5.906907e+00 1.275536e+01 1.000000e+01
    endloop
  endfacet
  facet normal 0.000000e+00 0.000000e+00 -1.000000e+00
    outer loop
      vertex   -9.750401e+00 1.219453e+01 1.000000e+01
      vertex   -5.906907e+00 1.275536e+01 1.000000e+01
      vertex   -9.350932e+00 1.089221e+01 1.000000e+01
    endloop
  endfacet
  facet normal 0.000000e+00 0.000000e+00 -1.000000e+00
    outer loop
      vertex   -9.350932e+00 1.089221e+01 1.000000e+01
      vertex   -5.906907e+00 1.275536e+01 1.000000e+01
      vertex   -5.511867e+00 1.159740e+01 1.000000e+01
    endloop
  endfacet
  facet normal 0.000000e+00 0.000000e+00 -1.000000e+00
    outer loop
      vertex   -9.350932e+00 1.089221e+01 1.000000e+01
      vertex   -5.511867e+00 1.159740e+01 1.000000e+01
      vertex   -8.866266e+00 9.619137e+00 1.000000e+01
    endloop
  endfacet
  facet normal 0.000000e+00 0.000000e+00 -1.000000e+00
    outer loop
      vertex   -8.866266e+00 9.619137e+00 1.000000e+01
      vertex   -5.511867e+00 1.159740e+01 1.000000e+01
      vertex   -5.033355e+00 1.047137e+01 1.000000e+01
    endloop
  endfacet
  facet normal 0.000000e+00 0.000000e+00 -1.000000e+00
    outer loop
      vertex   -8.866266e+00 9.619137e+00 1.000000e+01
      vertex   -5.033355e+00 1.047137e+01 1.000000e+01
      vertex   -8.298521e+00 8.380878e+00 1.000000e+01
    endloop
  endfacet
  facet normal 0.000000e+00 0.000000e+00 -1.000000e+00
    outer loop
      vertex   -8.298521e+00 8.380878e+00 1.000000e+01
      vertex   -5.033355e+00 1.047137e+01 1.000000e+01
      vertex   -4.473925e+00 9.383271e+00 1.000000e+01
    endloop
  endfacet
  facet normal 0.000000e+00 0.000000e+00 -1.000000e+00
    outer loop
      vertex   -8.298521e+00 8.380878e+00 1.000000e+01
      vertex   -4.473925e+00 9.383271e+00 1.000000e+01
      vertex   -7.650181e+00 7.182849e+00 1.000000e+01
    endloop
  endfacet
  facet normal 0.000000e+00 0.000000e+00 -1.000000e+00
    outer loop
      vertex   -7.650181e+00 7.182849e+00 1.000000e+01
      vertex   -4.473925e+00 9.383271e+00 1.000000e+01
      vertex   -3.836561e+00 8.338910e+00 1.000000e+01
    endloop
  endfacet
  facet normal 0.000000e+00 0.000000e+00 -1.000000e+00
    outer loop
      vertex   -7.650181e+00 7.182849e+00 1.000000e+01
      vertex   -3.836561e+00 8.338910e+00 1.000000e+01
      vertex   -6.924079e+00 6.030289e+00 1.000000e+01
    endloop
  endfacet
  facet normal 0.000000e+00 0.000000e+00 -1.000000e+00
    outer loop
      vertex   -6.924079e+00 6.030289e+00 1.000000e+01
      vertex   -3.836561e+00 8.338910e+00 1.000000e+01
      vertex   -3.124663e+00 7.343860e+00 1.000000e+01
    endloop
  endfacet
  facet normal 0.000000e+00 0.000000e+00 -1.000000e+00
    outer loop
      vertex   -6.924079e+00 6.030289e+00 1.000000e+01
      vertex   -3.124663e+00 7.343860e+00 1.000000e+01
      vertex   -6.123392e+00 4.928238e+00 1.000000e+01
    endloop
  endfacet
  facet normal 0.000000e+00 0.000000e+00 -1.000000e+00
    outer loop
      vertex   -6.123392e+00 4.928238e+00 1.000000e+01
      vertex   -3.124663e+00 7.343860e+00 1.000000e+01
      vertex   -2.342031e+00 6.403429e+00 1.000000e+01
    endloop
  endfacet
  facet normal 0.000000e+00 0.000000e+00 -1.000000e+00
    outer loop
      vertex   -6.123392e+00 4.928238e+00 1.000000e+01
      vertex   -2.342031e+00 6.403429e+00 1.000000e+01
      vertex   -5.251620e+00 3.881513e+00 1.000000e+01
    endloop
  endfacet
  facet normal 0.000000e+00 0.000000e+00 -1.000000e+00
    outer loop
      vertex   -5.251620e+00 3.881513e+00 1.000000e+01
      vertex   -2.342031e+00 6.403429e+00 1.000000e+01
      vertex   -4.312575e+00 2.894693e+00 1.000000e+01
    endloop
  endfacet
  facet normal 0.000000e+00 0.000000e+00 -1.000000e+00
    outer loop
      vertex   -4.312575e+00 2.894693e+00 1.000000e+01
      vertex   -2.342031e+00 6.403429e+00 1.000000e+01
      vertex   -1.492840e+00 5.522636e+00 1.000000e+01
    endloop
  endfacet
  facet normal 0.000000e+00 0.000000e+00 -1.000000e+00
    outer loop
      vertex   -4.312575e+00 2.894693e+00 1.000000e+01
      vertex   -1.492840e+00 5.522636e+00 1.000000e+01
      vertex   -3.310364e+00 1.972093e+00 1.000000e+01
    endloop
  endfacet
  facet normal 0.000000e+00 0.000000e+00 -1.000000e+00
    outer loop
      vertex   -3.310364e+00 1.972093e+00 1.000000e+01
      vertex   -1.492840e+00 5.522636e+00 1.000000e+01
      vertex   -5.816203e-01 4.706180e+00 1.000000e+01
    endloop
  endfacet
  facet normal 0.000000e+00 0.000000e+00 -1.000000e+00
    outer loop
      vertex   -3.310364e+00 1.972093e+00 1.000000e+01
      vertex   -5.816203e-01 4.706180e+00 1.000000e+01
      vertex   -2.249369e+00 1.117747e+00 1.000000e+01
    endloop
  endfacet
  facet normal 0.000000e+00 0.000000e+00 -1.000000e+00
    outer loop
      vertex   -2.249369e+00 1.117747e+00 1.000000e+01
      vertex   -5.816203e-01 4.706180e+00 1.000000e+01
      vertex   3.867660e-01 3.958416e+00 1.000000e+01
    endloop
  endfacet
  facet normal 0.000000e+00 0.000000e+00 -1.000000e+00
    outer loop
      vertex   -2.249369e+00 1.117747e+00 1.000000e+01
      vertex   3.867660e-01 3.958416e+00 1.000000e+01
      vertex   -1.134229e+00 3.353900e-01 1.000000e+01
    endloop
  endfacet
  facet normal 0.000000e+00 0.000000e+00 -1.000000e+00
    outer loop
      vertex   -1.134229e+00 3.353900e-01 1.000000e+01
      vertex   3.867660e-01 3.958416e+00 1.000000e+01
      vertex   1.407152e+00 3.283335e+00 1.000000e+01
    endloop
  endfacet
  facet normal 0.000000e+00 0.000000e+00 -1.000000e+00
    outer loop
      vertex   -1.134229e+00 3.353900e-01 1.000000e+01
      vertex   1.407152e+00 3.283335e+00 1.000000e+01
      vertex   3.017866e-02 -3.715560e-01 1.000000e+01
    endloop
  endfacet
  facet normal 0.000000e+00 0.000000e+00 -1.000000e+00
    outer loop
      vertex   3.017866e-02 -3.715560e-01 1.000000e+01
      vertex   1.407152e+00 3.283335e+00 1.000000e+01
      vertex   2.474094e+00 2.684538e+00 1.000000e+01
    endloop
  endfacet
  facet normal 0.000000e+00 0.000000e+00 -1.000000e+00
    outer loop
      vertex   3.017866e-02 -3.715560e-01 1.000000e+01
      vertex   2.474094e+00 2.684538e+00 1.000000e+01
      vertex   1.238763e+00 -9.999999e-01 1.000000e+01
    endloop
  endfacet
  facet normal 0.000000e+00 0.000000e+00 -1.000000e+00
    outer loop
      vertex   1.238763e+00 -9.999999e-01 1.000000e+01
      vertex   2.474094e+00 2.684538e+00 1.000000e+01
      vertex   3.581899e+00 2.165221e+00 1.000000e+01
    endloop
  endfacet
  facet normal 0.000000e+00 0.000000e+00 -1.000000e+00
    outer loop
      vertex   1.238763e+00 -9.999999e-01 1.000000e+01
      vertex   3.581899e+00 2.165221e+00 1.000000e+01
      vertex   2.486240e+00 -1.547194e+00 1.000000e+01
    endloop
  endfacet
  facet normal 0.000000e+00 0.000000e+00 -1.000000e+00
    outer loop
      vertex   2.486240e+00 -1.547194e+00 1.000000e+01
      vertex   3.581899e+00 2.165221e+00 1.000000e+01
      vertex   4.724656e+00 1.728153e+00 1.000000e+01
    endloop
  endfacet
  facet normal 0.000000e+00 0.000000e+00 -1.000000e+00
    outer loop
      vertex   2.486240e+00 -1.547194e+00 1.000000e+01
      vertex   4.724656e+00 1.728153e+00 1.000000e+01
      vertex   3.767153e+00 -2.010745e+00 1.000000e+01
    endloop
  endfacet
  facet normal 0.000000e+00 0.000000e+00 -1.000000e+00
    outer loop
      vertex   3.767153e+00 -2.010745e+00 1.000000e+01
      vertex   4.724656e+00 1.728153e+00 1.000000e+01
      vertex   5.896269e+00 1.375668e+00 1.000000e+01
    endloop
  endfacet
  facet normal 0.000000e+00 0.000000e+00 -1.000000e+00
    outer loop
      vertex   3.767153e+00 -2.010745e+00 1.000000e+01
      vertex   5.896269e+00 1.375668e+00 1.000000e+01
      vertex   5.075902e+00 -2.388626e+00 1.000000e+01
    endloop
  endfacet
  facet normal 0.000000e+00 0.000000e+00 -1.000000e+00
    outer loop
      vertex   5.075902e+00 -2.388626e+00 1.000000e+01
      vertex   5.896269e+00 1.375668e+00 1.000000e+01
      vertex   7.090486e+00 1.109644e+00 1.000000e+01
    endloop
  endfacet
  facet normal 0.000000e+00 0.000000e+00 -1.000000e+00
    outer loop
      vertex   5.075902e+00 -2.388626e+00 1.000000e+01
      vertex   7.090486e+00 1.109644e+00 1.000000e+01
      vertex   6.406764e+00 -2.679185e+00 1.000000e+01
    endloop
  endfacet
  facet normal 0.000000e+00 0.000000e+00 -1.000000e+00
    outer loop
      vertex   6.406764e+00 -2.679185e+00 1.000000e+01
      vertex   7.090486e+00 1.109644e+00 1.000000e+01
      vertex   7.753919e+00 -2.881151e+00 1.000000e+01
    endloop
  endfacet
  facet normal 0.000000e+00 0.000000e+00 -1.000000e+00
    outer loop
      vertex   7.753919e+00 -2.881151e+00 1.000000e+01
      vertex   7.090486e+00 1.109644e+00 1.000000e+01
      vertex   8.300935e+00 9.315031e-01 1.000000e+01
    endloop
  endfacet
  facet normal 0.000000e+00 0.000000e+00 -1.000000e+00
    outer loop
      vertex   7.753919e+00 -2.881151e+00 1.000000e+01
      vertex   8.300935e+00 9.315031e-01 1.000000e+01
      vertex   9.111477e+00 -2.993642e+00 1.000000e+01
    endloop
  endfacet
  facet normal 0.000000e+00 0.000000e+00 -1.000000e+00
    outer loop
      vertex   9.111477e+00 -2.993642e+00 1.000000e+01
      vertex   8.300935e+00 9.315031e-01 1.000000e+01
      vertex   9.521159e+00 8.421942e-01 1.000000e+01
    endloop
  endfacet
  facet normal 0.000000e+00 0.000000e+00 -1.000000e+00
    outer loop
      vertex   9.111477e+00 -2.993642e+00 1.000000e+01
      vertex   9.521159e+00 8.421942e-01 1.000000e+01
      vertex   1.047350e+01 -3.016165e+00 1.000000e+01
    endloop
  endfacet
  facet normal 0.000000e+00 0.000000e+00 -1.000000e+00
    outer loop
      vertex   1.047350e+01 -3.016165e+00 1.000000e+01
      vertex   9.521159e+00 8.421942e-01 1.000000e+01
      vertex   1.074465e+01 8.421942e-01 1.000000e+01
    endloop
  endfacet
  facet normal 0.000000e+00 0.000000e+00 -1.000000e+00
    outer loop
      vertex   1.047350e+01 -3.016165e+00 1.000000e+01
      vertex   1.074465e+01 8.421942e-01 1.000000e+01
      vertex   1.183404e+01 -2.948621e+00 1.000000e+01
    endloop
  endfacet
  facet normal 0.000000e+00 0.000000e+00 -1.000000e+00
    outer loop
      vertex   1.183404e+01 -2.948621e+00 1.000000e+01
      vertex   1.074465e+01 8.421942e-01 1.000000e+01
      vertex   1.196487e+01 9.315031e-01 1.000000e+01
    endloop
  endfacet
  facet normal 0.000000e+00 0.000000e+00 -1.000000e+00
    outer loop
      vertex   1.183404e+01 -2.948621e+00 1.000000e+01
      vertex   1.196487e+01 9.315031e-01 1.000000e+01
      vertex   1.318713e+01 -2.791307e+00 1.000000e+01
    endloop
  endfacet
  facet normal 0.000000e+00 0.000000e+00 -1.000000e+00
    outer loop
      vertex   1.318713e+01 -2.791307e+00 1.000000e+01
      vertex   1.196487e+01 9.315031e-01 1.000000e+01
      vertex   1.317532e+01 1.109644e+00 1.000000e+01
    endloop
  endfacet
  facet normal 0.000000e+00 0.000000e+00 -1.000000e+00
    outer loop
      vertex   1.318713e+01 -2.791307e+00 1.000000e+01
      vertex   1.317532e+01 1.109644e+00 1.000000e+01
      vertex   1.452688e+01 -2.544909e+00 1.000000e+01
    endloop
  endfacet
  facet normal 0.000000e+00 0.000000e+00 -1.000000e+00
    outer loop
      vertex   1.452688e+01 -2.544909e+00 1.000000e+01
      vertex   1.317532e+01 1.109644e+00 1.000000e+01
      vertex   1.436954e+01 1.375668e+00 1.000000e+01
    endloop
  endfacet
  facet normal 0.000000e+00 0.000000e+00 -1.000000e+00
    outer loop
      vertex   1.452688e+01 -2.544909e+00 1.000000e+01
      vertex   1.436954e+01 1.375668e+00 1.000000e+01
      vertex   1.584740e+01 -2.210506e+00 1.000000e+01
    endloop
  endfacet
  facet normal 0.000000e+00 0.000000e+00 -1.000000e+00
    outer loop
      vertex   1.584740e+01 -2.210506e+00 1.000000e+01
      vertex   1.436954e+01 1.375668e+00 1.000000e+01
      vertex   1.554115e+01 1.728153e+00 1.000000e+01
    endloop
  endfacet
  facet normal 0.000000e+00 0.000000e+00 -1.000000e+00
    outer loop
      vertex   1.584740e+01 -2.210506e+00 1.000000e+01
      vertex   1.554115e+01 1.728153e+00 1.000000e+01
      vertex   1.714294e+01 -1.789560e+00 1.000000e+01
    endloop
  endfacet
  facet normal 0.000000e+00 0.000000e+00 -1.000000e+00
    outer loop
      vertex   1.714294e+01 -1.789560e+00 1.000000e+01
      vertex   1.554115e+01 1.728153e+00 1.000000e+01
      vertex   1.668391e+01 2.165221e+00 1.000000e+01
    endloop
  endfacet
  facet normal 0.000000e+00 0.000000e+00 -1.000000e+00
    outer loop
      vertex   1.714294e+01 -1.789560e+00 1.000000e+01
      vertex   1.668391e+01 2.165221e+00 1.000000e+01
      vertex   1.840783e+01 -1.283911e+00 1.000000e+01
    endloop
  endfacet
  facet normal 0.000000e+00 0.000000e+00 -1.000000e+00
    outer loop
      vertex   1.840783e+01 -1.283911e+00 1.000000e+01
      vertex   1.668391e+01 2.165221e+00 1.000000e+01
      vertex   1.779171e+01 2.684538e+00 1.000000e+01
    endloop
  endfacet
  facet normal 0.000000e+00 0.000000e+00 -1.000000e+00
    outer loop
      vertex   1.840783e+01 -1.283911e+00 1.000000e+01
      vertex   1.779171e+01 2.684538e+00 1.000000e+01
      vertex   1.963653e+01 -6.957706e-01 1.000000e+01
    endloop
  endfacet
  facet normal 0.000000e+00 0.000000e+00 -1.000000e+00
    outer loop
      vertex   1.963653e+01 -6.957706e-01 1.000000e+01
      vertex   1.779171e+01 2.684538e+00 1.000000e+01
      vertex   1.885865e+01 3.283335e+00 1.000000e+01
    endloop
  endfacet
  facet normal 0.000000e+00 0.000000e+00 -1.000000e+00
    outer loop
      vertex   1.963653e+01 -6.957706e-01 1.000000e+01
      vertex   1.885865e+01 3.283335e+00 1.000000e+01
      vertex   2.082368e+01 -2.771043e-02 1.000000e+01
    endloop
  endfacet
  facet normal 0.000000e+00 0.000000e+00 -1.000000e+00
    outer loop
      vertex   2.082368e+01 -2.771043e-02 1.000000e+01
      vertex   1.885865e+01 3.283335e+00 1.000000e+01
      vertex   2.196407e+01 7.173483e-01 1.000000e+01
    endloop
  endfacet
  facet normal 0.000000e+00 0.000000e+00 -1.000000e+00
    outer loop
      vertex   2.196407e+01 7.173483e-01 1.000000e+01
      vertex   1.885865e+01 3.283335e+00 1.000000e+01
      vertex   1.987904e+01 3.958416e+00 1.000000e+01
    endloop
  endfacet
  facet normal 0.000000e+00 0.000000e+00 -1.000000e+00
    outer loop
      vertex   2.196407e+01 7.173483e-01 1.000000e+01
      vertex   1.987904e+01 3.958416e+00 1.000000e+01
      vertex   2.305274e+01 1.536148e+00 1.000000e+01
    endloop
  endfacet
  facet normal 0.000000e+00 0.000000e+00 -1.000000e+00
    outer loop
      vertex   2.305274e+01 1.536148e+00 1.000000e+01
      vertex   1.987904e+01 3.958416e+00 1.000000e+01
      vertex   2.084743e+01 4.706180e+00 1.000000e+01
    endloop
  endfacet
  facet normal 0.000000e+00 0.000000e+00 -1.000000e+00
    outer loop
      vertex   2.305274e+01 1.536148e+00 1.000000e+01
      vertex   2.084743e+01 4.706180e+00 1.000000e+01
      vertex   2.408490e+01 2.425107e+00 1.000000e+01
    endloop
  endfacet
  facet normal 0.000000e+00 0.000000e+00 -1.000000e+00
    outer loop
      vertex   2.408490e+01 2.425107e+00 1.000000e+01
      vertex   2.084743e+01 4.706180e+00 1.000000e+01
      vertex   2.175865e+01 5.522636e+00 1.000000e+01
    endloop
  endfacet
  facet normal 0.000000e+00 0.000000e+00 -1.000000e+00
    outer loop
      vertex   2.408490e+01 2.425107e+00 1.000000e+01
      vertex   2.175865e+01 5.522636e+00 1.000000e+01
      vertex   2.505606e+01 3.380339e+00 1.000000e+01
    endloop
  endfacet
  facet normal 0.000000e+00 0.000000e+00 -1.000000e+00
    outer loop
      vertex   2.505606e+01 3.380339e+00 1.000000e+01
      vertex   2.175865e+01 5.522636e+00 1.000000e+01
      vertex   2.260784e+01 6.403429e+00 1.000000e+01
    endloop
  endfacet
  facet normal 0.000000e+00 0.000000e+00 -1.000000e+00
    outer loop
      vertex   2.505606e+01 3.380339e+00 1.000000e+01
      vertex   2.260784e+01 6.403429e+00 1.000000e+01
      vertex   2.596197e+01 4.397668e+00 1.000000e+01
    endloop
  endfacet
  facet normal 0.000000e+00 0.000000e+00 -1.000000e+00
    outer loop
      vertex   2.596197e+01 4.397668e+00 1.000000e+01
      vertex   2.260784e+01 6.403429e+00 1.000000e+01
      vertex   2.339047e+01 7.343860e+00 1.000000e+01
    endloop
  endfacet
  facet normal 0.000000e+00 0.000000e+00 -1.000000e+00
    outer loop
      vertex   2.596197e+01 4.397668e+00 1.000000e+01
      vertex   2.339047e+01 7.343860e+00 1.000000e+01
      vertex   2.679865e+01 5.472643e+00 1.000000e+01
    endloop
  endfacet
  facet normal 0.000000e+00 0.000000e+00 -1.000000e+00
    outer loop
      vertex   2.679865e+01 5.472643e+00 1.000000e+01
      vertex   2.339047e+01 7.343860e+00 1.000000e+01
      vertex   2.410237e+01 8.338910e+00 1.000000e+01
    endloop
  endfacet
  facet normal 0.000000e+00 0.000000e+00 -1.000000e+00
    outer loop
      vertex   2.679865e+01 5.472643e+00 1.000000e+01
      vertex   2.410237e+01 8.338910e+00 1.000000e+01
      vertex   2.756247e+01 6.600566e+00 1.000000e+01
    endloop
  endfacet
  facet normal 0.000000e+00 0.000000e+00 -1.000000e+00
    outer loop
      vertex   2.756247e+01 6.600566e+00 1.000000e+01
      vertex   2.410237e+01 8.338910e+00 1.000000e+01
      vertex   2.473973e+01 9.383271e+00 1.000000e+01
    endloop
  endfacet
  facet normal 0.000000e+00 0.000000e+00 -1.000000e+00
    outer loop
      vertex   2.756247e+01 6.600566e+00 1.000000e+01
      vertex   2.473973e+01 9.383271e+00 1.000000e+01
      vertex   2.825006e+01 7.776503e+00 1.000000e+01
    endloop
  endfacet
  facet normal 0.000000e+00 0.000000e+00 -1.000000e+00
    outer loop
      vertex   2.825006e+01 7.776503e+00 1.000000e+01
      vertex   2.473973e+01 9.383271e+00 1.000000e+01
      vertex   2.529916e+01 1.047137e+01 1.000000e+01
    endloop
  endfacet
  facet normal 0.000000e+00 0.000000e+00 -1.000000e+00
    outer loop
      vertex   2.825006e+01 7.776503e+00 1.000000e+01
      vertex   2.529916e+01 1.047137e+01 1.000000e+01
      vertex   2.885844e+01 8.995313e+00 1.000000e+01
    endloop
  endfacet
  facet normal 0.000000e+00 0.000000e+00 -1.000000e+00
    outer loop
      vertex   2.885844e+01 8.995313e+00 1.000000e+01
      vertex   2.529916e+01 1.047137e+01 1.000000e+01
      vertex   2.577767e+01 1.159740e+01 1.000000e+01
    endloop
  endfacet
  facet normal 9.995438e-01 3.020303e-02 6.438163e-17
    outer loop
      vertex   3.483775e+01 1.907539e+01 1.000000e+01
      vertex   3.483775e+01 1.907539e+01 1.500000e+01
      vertex   3.488290e+01 1.758102e+01 1.000000e+01
    endloop
  endfacet
  facet normal 9.995438e-01 3.020303e-02 -0.000000e+00
    outer loop
      vertex   3.488290e+01 1.758102e+01 1.000000e+01
      vertex   3.483775e+01 1.907539e+01 1.500000e+01
      vertex   3.488290e+01 1.758102e+01 1.500000e+01
    endloop
  endfacet
  facet normal 9.995438e-01 -3.020303e-02 0.000000e+00
    outer loop
      vertex   3.488290e+01 1.758102e+01 1.000000e+01
      vertex   3.488290e+01 1.758102e+01 1.500000e+01
      vertex   3.483775e+01 1.608665e+01 1.000000e+01
    endloop
  endfacet
  facet normal 9.995438e-01 -3.020303e-02 -6.438163e-17
    outer loop
      vertex   3.483775e+01 1.608665e+01 1.000000e+01
      vertex   3.488290e+01 1.758102e+01 1.500000e+01
      vertex   3.483775e+01 1.608665e+01 1.500000e+01
    endloop
  endfacet
  facet normal 9.958966e-01 -9.049888e-02 -1.929100e-16
    outer loop
      vertex   3.483775e+01 1.608665e+01 1.000000e+01
      vertex   3.483775e+01 1.608665e+01 1.500000e+01
      vertex   3.470245e+01 1.459774e+01 1.000000e+01
    endloop
  endfacet
  facet normal 9.958966e-01 -9.049888e-02 -1.929100e-16
    outer loop
      vertex   3.470245e+01 1.459774e+01 1.000000e+01
      vertex   3.483775e+01 1.608665e+01 1.500000e+01
      vertex   3.470245e+01 1.459774e+01 1.500000e+01
    endloop
  endfacet
  facet normal 9.886154e-01 -1.504645e-01 -3.207344e-16
    outer loop
      vertex   3.470245e+01 1.459774e+01 1.000000e+01
      vertex   3.470245e+01 1.459774e+01 1.500000e+01
      vertex   3.447750e+01 1.311971e+01 1.000000e+01
    endloop
  endfacet
  facet normal 9.886154e-01 -1.504645e-01 0.000000e+00
    outer loop
      vertex   3.447750e+01 1.311971e+01 1.000000e+01
      vertex   3.470245e+01 1.459774e+01 1.500000e+01
      vertex   3.447750e+01 1.311971e+01 1.500000e+01
    endloop
  endfacet
  facet normal 9.777269e-01 -2.098811e-01 0.000000e+00
    outer loop
      vertex   3.447750e+01 1.311971e+01 1.000000e+01
      vertex   3.447750e+01 1.311971e+01 1.500000e+01
      vertex   3.416371e+01 1.165796e+01 1.000000e+01
    endloop
  endfacet
  facet normal 9.777269e-01 -2.098811e-01 4.200918e-16
    outer loop
      vertex   3.416371e+01 1.165796e+01 1.000000e+01
      vertex   3.447750e+01 1.311971e+01 1.500000e+01
      vertex   3.416371e+01 1.165796e+01 1.500000e+01
    endloop
  endfacet
  facet normal 9.632708e-01 -2.685319e-01 1.286683e-16
    outer loop
      vertex   3.416371e+01 1.165796e+01 1.000000e+01
      vertex   3.416371e+01 1.165796e+01 1.500000e+01
      vertex   3.376224e+01 1.021782e+01 1.000000e+01
    endloop
  endfacet
  facet normal 9.632708e-01 -2.685319e-01 8.918817e-16
    outer loop
      vertex   3.376224e+01 1.021782e+01 1.000000e+01
      vertex   3.416371e+01 1.165796e+01 1.500000e+01
      vertex   3.376224e+01 1.021782e+01 1.500000e+01
    endloop
  endfacet
  facet normal 9.452998e-01 -3.262028e-01 7.638993e-16
    outer loop
      vertex   3.376224e+01 1.021782e+01 1.000000e+01
      vertex   3.376224e+01 1.021782e+01 1.500000e+01
      vertex   3.327455e+01 8.804548e+00 1.000000e+01
    endloop
  endfacet
  facet normal 9.452998e-01 -3.262028e-01 0.000000e+00
    outer loop
      vertex   3.327455e+01 8.804548e+00 1.000000e+01
      vertex   3.376224e+01 1.021782e+01 1.500000e+01
      vertex   3.327455e+01 8.804548e+00 1.500000e+01
    endloop
  endfacet
  facet normal 9.238795e-01 -3.826834e-01 0.000000e+00
    outer loop
      vertex   3.327455e+01 8.804548e+00 1.000000e+01
      vertex   3.327455e+01 8.804548e+00 1.500000e+01
      vertex   3.270242e+01 7.423303e+00 1.000000e+01
    endloop
  endfacet
  facet normal 9.238795e-01 -3.826834e-01 0.000000e+00
    outer loop
      vertex   3.270242e+01 7.423303e+00 1.000000e+01
      vertex   3.327455e+01 8.804548e+00 1.500000e+01
      vertex   3.270242e+01 7.423303e+00 1.500000e+01
    endloop
  endfacet
  facet normal 8.990881e-01 -4.377677e-01 0.000000e+00
    outer loop
      vertex   3.270242e+01 7.423303e+00 1.000000e+01
      vertex   3.270242e+01 7.423303e+00 1.500000e+01
      vertex   3.204794e+01 6.079121e+00 1.000000e+01
    endloop
  endfacet
  facet normal 8.990881e-01 -4.377677e-01 5.000494e-16
    outer loop
      vertex   3.204794e+01 6.079121e+00 1.000000e+01
      vertex   3.270242e+01 7.423303e+00 1.500000e+01
      vertex   3.204794e+01 6.079121e+00 1.500000e+01
    endloop
  endfacet
  facet normal 8.710160e-01 -4.912546e-01 3.651447e-16
    outer loop
      vertex   3.204794e+01 6.079121e+00 1.000000e+01
      vertex   3.204794e+01 6.079121e+00 1.500000e+01
      vertex   3.131349e+01 4.776909e+00 1.000000e+01
    endloop
  endfacet
  facet normal 8.710160e-01 -4.912546e-01 0.000000e+00
    outer loop
      vertex   3.131349e+01 4.776909e+00 1.000000e+01
      vertex   3.204794e+01 6.079121e+00 1.500000e+01
      vertex   3.131349e+01 4.776909e+00 1.500000e+01
    endloop
  endfacet
  facet normal 8.397657e-01 -5.429490e-01 0.000000e+00
    outer loop
      vertex   3.131349e+01 4.776909e+00 1.000000e+01
      vertex   3.131349e+01 4.776909e+00 1.500000e+01
      vertex   3.050175e+01 3.521417e+00 1.000000e+01
    endloop
  endfacet
  facet normal 8.397657e-01 -5.429490e-01 0.000000e+00
    outer loop
      vertex   3.050175e+01 3.521417e+00 1.000000e+01
      vertex   3.131349e+01 4.776909e+00 1.500000e+01
      vertex   3.050175e+01 3.521417e+00 1.500000e+01
    endloop
  endfacet
  facet normal 8.054511e-01 -5.926622e-01 0.000000e+00
    outer loop
      vertex   3.050175e+01 3.521417e+00 1.000000e+01
      vertex   3.050175e+01 3.521417e+00 1.500000e+01
      vertex   2.961569e+01 2.317227e+00 1.000000e+01
    endloop
  endfacet
  facet normal 8.054511e-01 -5.926622e-01 3.550302e-16
    outer loop
      vertex   2.961569e+01 2.317227e+00 1.000000e+01
      vertex   3.050175e+01 3.521417e+00 1.500000e+01
      vertex   2.961569e+01 2.317227e+00 1.500000e+01
    endloop
  endfacet
  facet normal 7.681976e-01 -6.402128e-01 2.387396e-16
    outer loop
      vertex   2.961569e+01 2.317227e+00 1.000000e+01
      vertex   2.961569e+01 2.317227e+00 1.500000e+01
      vertex   2.865854e+01 1.168734e+00 1.000000e+01
    endloop
  endfacet
  facet normal 7.681976e-01 -6.402128e-01 -4.557204e-17
    outer loop
      vertex   2.865854e+01 1.168734e+00 1.000000e+01
      vertex   2.961569e+01 2.317227e+00 1.500000e+01
      vertex   2.865854e+01 1.168734e+00 1.500000e+01
    endloop
  endfacet
  facet normal 7.281410e-01 -6.854274e-01 -1.828132e-16
    outer loop
      vertex   2.865854e+01 1.168734e+00 1.000000e+01
      vertex   2.865854e+01 1.168734e+00 1.500000e+01
      vertex   2.763380e+01 8.012662e-02 1.000000e+01
    endloop
  endfacet
  facet normal 7.281410e-01 -6.854274e-01 0.000000e+00
    outer loop
      vertex   2.763380e+01 8.012662e-02 1.000000e+01
      vertex   2.865854e+01 1.168734e+00 1.500000e+01
      vertex   2.763380e+01 8.012662e-02 1.500000e+01
    endloop
  endfacet
  facet normal 6.854274e-01 -7.281410e-01 0.000000e+00
    outer loop
      vertex   2.763380e+01 8.012662e-02 1.000000e+01
      vertex   2.763380e+01 8.012662e-02 1.500000e+01
      vertex   2.654519e+01 -9.446216e-01 1.000000e+01
    endloop
  endfacet
  facet normal 6.854274e-01 -7.281410e-01 1.716106e-16
    outer loop
      vertex   2.654519e+01 -9.446216e-01 1.000000e+01
      vertex   2.763380e+01 8.012662e-02 1.500000e+01
      vertex   2.654519e+01 -9.446216e-01 1.500000e+01
    endloop
  endfacet
  facet normal 6.402128e-01 -7.681976e-01 -1.135449e-16
    outer loop
      vertex   2.654519e+01 -9.446216e-01 1.000000e+01
      vertex   2.654519e+01 -9.446216e-01 1.500000e+01
      vertex   2.539669e+01 -1.901772e+00 1.000000e+01
    endloop
  endfacet
  facet normal 6.402128e-01 -7.681976e-01 3.412510e-16
    outer loop
      vertex   2.539669e+01 -1.901772e+00 1.000000e+01
      vertex   2.654519e+01 -9.446216e-01 1.500000e+01
      vertex   2.539669e+01 -1.901772e+00 1.500000e+01
    endloop
  endfacet
  facet normal 5.926622e-01 -8.054511e-01 1.902590e-16
    outer loop
      vertex   2.539669e+01 -1.901772e+00 1.000000e+01
      vertex   2.539669e+01 -1.901772e+00 1.500000e+01
      vertex   2.419251e+01 -2.787831e+00 1.000000e+01
    endloop
  endfacet
  facet normal 5.926622e-01 -8.054511e-01 0.000000e+00
    outer loop
      vertex   2.419251e+01 -2.787831e+00 1.000000e+01
      vertex   2.539669e+01 -1.901772e+00 1.500000e+01
      vertex   2.419251e+01 -2.787831e+00 1.500000e+01
    endloop
  endfacet
  facet normal 5.429490e-01 -8.397657e-01 0.000000e+00
    outer loop
      vertex   2.419251e+01 -2.787831e+00 1.000000e+01
      vertex   2.419251e+01 -2.787831e+00 1.500000e+01
      vertex   2.293701e+01 -3.599567e+00 1.000000e+01
    endloop
  endfacet
  facet normal 5.429490e-01 -8.397657e-01 0.000000e+00
    outer loop
      vertex   2.293701e+01 -3.599567e+00 1.000000e+01
      vertex   2.419251e+01 -2.787831e+00 1.500000e+01
      vertex   2.293701e+01 -3.599567e+00 1.500000e+01
    endloop
  endfacet
  facet normal 4.912546e-01 -8.710160e-01 0.000000e+00
    outer loop
      vertex   2.293701e+01 -3.599567e+00 1.000000e+01
      vertex   2.293701e+01 -3.599567e+00 1.500000e+01
      vertex   2.163480e+01 -4.334017e+00 1.000000e+01
    endloop
  endfacet
  facet normal 4.912546e-01 -8.710160e-01 -5.000631e-16
    outer loop
      vertex   2.163480e+01 -4.334017e+00 1.000000e+01
      vertex   2.293701e+01 -3.599567e+00 1.500000e+01
      vertex   2.163480e+01 -4.334017e+00 1.500000e+01
    endloop
  endfacet
  facet normal 4.377677e-01 -8.990881e-01 -6.639433e-16
    outer loop
      vertex   2.163480e+01 -4.334017e+00 1.000000e+01
      vertex   2.163480e+01 -4.334017e+00 1.500000e+01
      vertex   2.029062e+01 -4.988502e+00 1.000000e+01
    endloop
  endfacet
  facet normal 4.377677e-01 -8.990881e-01 -7.985507e-16
    outer loop
      vertex   2.029062e+01 -4.988502e+00 1.000000e+01
      vertex   2.163480e+01 -4.334017e+00 1.500000e+01
      vertex   2.029062e+01 -4.988502e+00 1.500000e+01
    endloop
  endfacet
  facet normal 3.826834e-01 -9.238795e-01 -8.205699e-16
    outer loop
      vertex   2.029062e+01 -4.988502e+00 1.000000e+01
      vertex   2.029062e+01 -4.988502e+00 1.500000e+01
      vertex   1.890937e+01 -5.560633e+00 1.000000e+01
    endloop
  endfacet
  facet normal 3.826834e-01 -9.238795e-01 0.000000e+00
    outer loop
      vertex   1.890937e+01 -5.560633e+00 1.000000e+01
      vertex   2.029062e+01 -4.988502e+00 1.500000e+01
      vertex   1.890937e+01 -5.560633e+00 1.500000e+01
    endloop
  endfacet
  facet normal 3.262028e-01 -9.452998e-01 0.000000e+00
    outer loop
      vertex   1.890937e+01 -5.560633e+00 1.000000e+01
      vertex   1.890937e+01 -5.560633e+00 1.500000e+01
      vertex   1.749610e+01 -6.048322e+00 1.000000e+01
    endloop
  endfacet
  facet normal 3.262028e-01 -9.452998e-01 6.953431e-16
    outer loop
      vertex   1.749610e+01 -6.048322e+00 1.000000e+01
      vertex   1.890937e+01 -5.560633e+00 1.500000e+01
      vertex   1.749610e+01 -6.048322e+00 1.500000e+01
    endloop
  endfacet
  facet normal 2.685319e-01 -9.632708e-01 5.724101e-16
    outer loop
      vertex   1.749610e+01 -6.048322e+00 1.000000e+01
      vertex   1.749610e+01 -6.048322e+00 1.500000e+01
      vertex   1.605597e+01 -6.449791e+00 1.000000e+01
    endloop
  endfacet
  facet normal 2.685319e-01 -9.632708e-01 -4.739496e-16
    outer loop
      vertex   1.605597e+01 -6.449791e+00 1.000000e+01
      vertex   1.749610e+01 -6.048322e+00 1.500000e+01
      vertex   1.605597e+01 -6.449791e+00 1.500000e+01
    endloop
  endfacet
  facet normal 2.098811e-01 -9.777269e-01 -5.701370e-16
    outer loop
      vertex   1.605597e+01 -6.449791e+00 1.000000e+01
      vertex   1.605597e+01 -6.449791e+00 1.500000e+01
      vertex   1.459422e+01 -6.763573e+00 1.000000e+01
    endloop
  endfacet
  facet normal 2.098811e-01 -9.777269e-01 0.000000e+00
    outer loop
      vertex   1.459422e+01 -6.763573e+00 1.000000e+01
      vertex   1.605597e+01 -6.449791e+00 1.500000e+01
      vertex   1.459422e+01 -6.763573e+00 1.500000e+01
    endloop
  endfacet
  facet normal 1.504645e-01 -9.886154e-01 0.000000e+00
    outer loop
      vertex   1.459422e+01 -6.763573e+00 1.000000e+01
      vertex   1.459422e+01 -6.763573e+00 1.500000e+01
      vertex   1.311619e+01 -6.988525e+00 1.000000e+01
    endloop
  endfacet
  facet normal 1.504645e-01 -9.886154e-01 5.345573e-16
    outer loop
      vertex   1.311619e+01 -6.988525e+00 1.000000e+01
      vertex   1.459422e+01 -6.763573e+00 1.500000e+01
      vertex   1.311619e+01 -6.988525e+00 1.500000e+01
    endloop
  endfacet
  facet normal 9.049888e-02 -9.958966e-01 3.215166e-16
    outer loop
      vertex   1.311619e+01 -6.988525e+00 1.000000e+01
      vertex   1.311619e+01 -6.988525e+00 1.500000e+01
      vertex   1.162727e+01 -7.123826e+00 1.000000e+01
    endloop
  endfacet
  facet normal 9.049888e-02 -9.958966e-01 2.250616e-16
    outer loop
      vertex   1.162727e+01 -7.123826e+00 1.000000e+01
      vertex   1.311619e+01 -6.988525e+00 1.500000e+01
      vertex   1.162727e+01 -7.123826e+00 1.500000e+01
    endloop
  endfacet
  facet normal 3.020303e-02 -9.995438e-01 7.511190e-17
    outer loop
      vertex   1.162727e+01 -7.123826e+00 1.000000e+01
      vertex   1.162727e+01 -7.123826e+00 1.500000e+01
      vertex   1.013290e+01 -7.168981e+00 1.000000e+01
    endloop
  endfacet
  facet normal 3.020303e-02 -9.995438e-01 0.000000e+00
    outer loop
      vertex   1.013290e+01 -7.168981e+00 1.000000e+01
      vertex   1.162727e+01 -7.123826e+00 1.500000e+01
      vertex   1.013290e+01 -7.168981e+00 1.500000e+01
    endloop
  endfacet
  facet normal -3.020303e-02 -9.995438e-01 0.000000e+00
    outer loop
      vertex   1.013290e+01 -7.168981e+00 1.000000e+01
      vertex   1.013290e+01 -7.168981e+00 1.500000e+01
      vertex   8.638535e+00 -7.123826e+00 1.000000e+01
    endloop
  endfacet
  facet normal -3.020303e-02 -9.995438e-01 7.912008e-16
    outer loop
      vertex   8.638535e+00 -7.123826e+00 1.000000e+01
      vertex   1.013290e+01 -7.168981e+00 1.500000e+01
      vertex   8.638535e+00 -7.123826e+00 1.500000e+01
    endloop
  endfacet
  facet normal -9.049888e-02 -9.958966e-01 5.951689e-16
    outer loop
      vertex   8.638535e+00 -7.123826e+00 1.000000e+01
      vertex   8.638535e+00 -7.123826e+00 1.500000e+01
      vertex   7.149620e+00 -6.988525e+00 1.000000e+01
    endloop
  endfacet
  facet normal -9.049888e-02 -9.958966e-01 -2.089858e-16
    outer loop
      vertex   7.149620e+00 -6.988525e+00 1.000000e+01
      vertex   8.638535e+00 -7.123826e+00 1.500000e+01
      vertex   7.149620e+00 -6.988525e+00 1.500000e+01
    endloop
  endfacet
  facet normal -1.504645e-01 -9.886154e-01 -3.474622e-16
    outer loop
      vertex   7.149620e+00 -6.988525e+00 1.000000e+01
      vertex   7.149620e+00 -6.988525e+00 1.500000e+01
      vertex   5.671591e+00 -6.763573e+00 1.000000e+01
    endloop
  endfacet
  facet normal -1.504645e-01 -9.886154e-01 7.176997e-16
    outer loop
      vertex   5.671591e+00 -6.763573e+00 1.000000e+01
      vertex   7.149620e+00 -6.988525e+00 1.500000e+01
      vertex   5.671591e+00 -6.763573e+00 1.500000e+01
    endloop
  endfacet
  facet normal -2.098811e-01 -9.777269e-01 6.447017e-16
    outer loop
      vertex   5.671591e+00 -6.763573e+00 1.000000e+01
      vertex   5.671591e+00 -6.763573e+00 1.500000e+01
      vertex   4.209840e+00 -6.449791e+00 1.000000e+01
    endloop
  endfacet
  facet normal -2.098811e-01 -9.777269e-01 1.864119e-16
    outer loop
      vertex   4.209840e+00 -6.449791e+00 1.000000e+01
      vertex   5.671591e+00 -6.763573e+00 1.500000e+01
      vertex   4.209840e+00 -6.449791e+00 1.500000e+01
    endloop
  endfacet
  facet normal -2.685319e-01 -9.632708e-01 2.385042e-16
    outer loop
      vertex   4.209840e+00 -6.449791e+00 1.000000e+01
      vertex   4.209840e+00 -6.449791e+00 1.500000e+01
      vertex   2.769702e+00 -6.048322e+00 1.000000e+01
    endloop
  endfacet
  facet normal -2.685319e-01 -9.632708e-01 2.592958e-16
    outer loop
      vertex   2.769702e+00 -6.048322e+00 1.000000e+01
      vertex   4.209840e+00 -6.449791e+00 1.500000e+01
      vertex   2.769702e+00 -6.048322e+00 1.500000e+01
    endloop
  endfacet
  facet normal -3.262028e-01 -9.452998e-01 1.152792e-16
    outer loop
      vertex   2.769702e+00 -6.048322e+00 1.000000e+01
      vertex   2.769702e+00 -6.048322e+00 1.500000e+01
      vertex   1.356432e+00 -5.560633e+00 1.000000e+01
    endloop
  endfacet
  facet normal -3.262028e-01 -9.452998e-01 4.774370e-16
    outer loop
      vertex   1.356432e+00 -5.560633e+00 1.000000e+01
      vertex   2.769702e+00 -6.048322e+00 1.500000e+01
      vertex   1.356432e+00 -5.560633e+00 1.500000e+01
    endloop
  endfacet
  facet normal -3.826834e-01 -9.238795e-01 3.957059e-16
    outer loop
      vertex   1.356432e+00 -5.560633e+00 1.000000e+01
      vertex   1.356432e+00 -5.560633e+00 1.500000e+01
      vertex   -2.481410e-02 -4.988502e+00 1.000000e+01
    endloop
  endfacet
  facet normal -3.826834e-01 -9.238795e-01 0.000000e+00
    outer loop
      vertex   -2.481410e-02 -4.988502e+00 1.000000e+01
      vertex   1.356432e+00 -5.560633e+00 1.500000e+01
      vertex   -2.481410e-02 -4.988502e+00 1.500000e+01
    endloop
  endfacet
  facet normal -4.377677e-01 -8.990881e-01 0.000000e+00
    outer loop
      vertex   -2.481410e-02 -4.988502e+00 1.000000e+01
      vertex   -2.481410e-02 -4.988502e+00 1.500000e+01
      vertex   -1.368996e+00 -4.334017e+00 1.000000e+01
    endloop
  endfacet
  facet normal -4.377677e-01 -8.990881e-01 2.091900e-17
    outer loop
      vertex   -1.368996e+00 -4.334017e+00 1.000000e+01
      vertex   -2.481410e-02 -4.988502e+00 1.500000e+01
      vertex   -1.368996e+00 -4.334017e+00 1.500000e+01
    endloop
  endfacet
  facet normal -4.912546e-01 -8.710160e-01 -9.902586e-17
    outer loop
      vertex   -1.368996e+00 -4.334017e+00 1.000000e+01
      vertex   -1.368996e+00 -4.334017e+00 1.500000e+01
      vertex   -2.671208e+00 -3.599567e+00 1.000000e+01
    endloop
  endfacet
  facet normal -4.912546e-01 -8.710160e-01 4.564309e-16
    outer loop
      vertex   -2.671208e+00 -3.599567e+00 1.000000e+01
      vertex   -1.368996e+00 -4.334017e+00 1.500000e+01
      vertex   -2.671208e+00 -3.599567e+00 1.500000e+01
    endloop
  endfacet
  facet normal -5.429490e-01 -8.397657e-01 2.861346e-16
    outer loop
      vertex   -2.671208e+00 -3.599567e+00 1.000000e+01
      vertex   -2.671208e+00 -3.599567e+00 1.500000e+01
      vertex   -3.926700e+00 -2.787831e+00 1.000000e+01
    endloop
  endfacet
  facet normal -5.429490e-01 -8.397657e-01 0.000000e+00
    outer loop
      vertex   -3.926700e+00 -2.787831e+00 1.000000e+01
      vertex   -2.671208e+00 -3.599567e+00 1.500000e+01
      vertex   -3.926700e+00 -2.787831e+00 1.500000e+01
    endloop
  endfacet
  facet normal -5.926622e-01 -8.054511e-01 0.000000e+00
    outer loop
      vertex   -3.926700e+00 -2.787831e+00 1.000000e+01
      vertex   -3.926700e+00 -2.787831e+00 1.500000e+01
      vertex   -5.130889e+00 -1.901772e+00 1.000000e+01
    endloop
  endfacet
  facet normal -5.926622e-01 -8.054511e-01 -1.268393e-16
    outer loop
      vertex   -5.130889e+00 -1.901772e+00 1.000000e+01
      vertex   -3.926700e+00 -2.787831e+00 1.500000e+01
      vertex   -5.130889e+00 -1.901772e+00 1.500000e+01
    endloop
  endfacet
  facet normal -6.402128e-01 -7.681976e-01 -2.275007e-16
    outer loop
      vertex   -5.130889e+00 -1.901772e+00 1.000000e+01
      vertex   -5.130889e+00 -1.901772e+00 1.500000e+01
      vertex   -6.279383e+00 -9.446216e-01 1.000000e+01
    endloop
  endfacet
  facet normal -6.402128e-01 -7.681976e-01 5.685205e-16
    outer loop
      vertex   -6.279383e+00 -9.446216e-01 1.000000e+01
      vertex   -5.130889e+00 -1.901772e+00 1.500000e+01
      vertex   -6.279383e+00 -9.446216e-01 1.500000e+01
    endloop
  endfacet
  facet normal -6.854274e-01 -7.281410e-01 4.411436e-16
    outer loop
      vertex   -6.279383e+00 -9.446216e-01 1.000000e+01
      vertex   -6.279383e+00 -9.446216e-01 1.500000e+01
      vertex   -7.367990e+00 8.012662e-02 1.000000e+01
    endloop
  endfacet
  facet normal -6.854274e-01 -7.281410e-01 0.000000e+00
    outer loop
      vertex   -7.367990e+00 8.012662e-02 1.000000e+01
      vertex   -6.279383e+00 -9.446216e-01 1.500000e+01
      vertex   -7.367990e+00 8.012662e-02 1.500000e+01
    endloop
  endfacet
  facet normal -7.281410e-01 -6.854274e-01 0.000000e+00
    outer loop
      vertex   -7.367990e+00 8.012662e-02 1.000000e+01
      vertex   -7.367990e+00 8.012662e-02 1.500000e+01
      vertex   -8.392738e+00 1.168734e+00 1.000000e+01
    endloop
  endfacet
  facet normal -7.281410e-01 -6.854274e-01 3.957975e-16
    outer loop
      vertex   -8.392738e+00 1.168734e+00 1.000000e+01
      vertex   -7.367990e+00 8.012662e-02 1.500000e+01
      vertex   -8.392738e+00 1.168734e+00 1.500000e+01
    endloop
  endfacet
  facet normal -7.681976e-01 -6.402128e-01 3.070976e-16
    outer loop
      vertex   -8.392738e+00 1.168734e+00 1.000000e+01
      vertex   -8.392738e+00 1.168734e+00 1.500000e+01
      vertex   -9.349888e+00 2.317227e+00 1.000000e+01
    endloop
  endfacet
  facet normal -7.681976e-01 -6.402128e-01 -2.387396e-16
    outer loop
      vertex   -9.349888e+00 2.317227e+00 1.000000e+01
      vertex   -8.392738e+00 1.168734e+00 1.500000e+01
      vertex   -9.349888e+00 2.317227e+00 1.500000e+01
    endloop
  endfacet
  facet normal -8.054511e-01 -5.926622e-01 -3.550302e-16
    outer loop
      vertex   -9.349888e+00 2.317227e+00 1.000000e+01
      vertex   -9.349888e+00 2.317227e+00 1.500000e+01
      vertex   -1.023595e+01 3.521417e+00 1.000000e+01
    endloop
  endfacet
  facet normal -8.054511e-01 -5.926622e-01 0.000000e+00
    outer loop
      vertex   -1.023595e+01 3.521417e+00 1.000000e+01
      vertex   -9.349888e+00 2.317227e+00 1.500000e+01
      vertex   -1.023595e+01 3.521417e+00 1.500000e+01
    endloop
  endfacet
  facet normal -8.397657e-01 -5.429490e-01 0.000000e+00
    outer loop
      vertex   -1.023595e+01 3.521417e+00 1.000000e+01
      vertex   -1.023595e+01 3.521417e+00 1.500000e+01
      vertex   -1.104768e+01 4.776909e+00 1.000000e+01
    endloop
  endfacet
  facet normal -8.397657e-01 -5.429490e-01 -7.201466e-16
    outer loop
      vertex   -1.104768e+01 4.776909e+00 1.000000e+01
      vertex   -1.023595e+01 3.521417e+00 1.500000e+01
      vertex   -1.104768e+01 4.776909e+00 1.500000e+01
    endloop
  endfacet
  facet normal -8.710160e-01 -4.912546e-01 -8.491205e-16
    outer loop
      vertex   -1.104768e+01 4.776909e+00 1.000000e+01
      vertex   -1.104768e+01 4.776909e+00 1.500000e+01
      vertex   -1.178213e+01 6.079121e+00 1.000000e+01
    endloop
  endfacet
  facet normal -8.710160e-01 -4.912546e-01 0.000000e+00
    outer loop
      vertex   -1.178213e+01 6.079121e+00 1.000000e+01
      vertex   -1.104768e+01 4.776909e+00 1.500000e+01
      vertex   -1.178213e+01 6.079121e+00 1.500000e+01
    endloop
  endfacet
  facet normal -8.990881e-01 -4.377677e-01 0.000000e+00
    outer loop
      vertex   -1.178213e+01 6.079121e+00 1.000000e+01
      vertex   -1.178213e+01 6.079121e+00 1.500000e+01
      vertex   -1.243662e+01 7.423303e+00 1.000000e+01
    endloop
  endfacet
  facet normal -8.990881e-01 -4.377677e-01 2.943175e-16
    outer loop
      vertex   -1.243662e+01 7.423303e+00 1.000000e+01
      vertex   -1.178213e+01 6.079121e+00 1.500000e+01
      vertex   -1.243662e+01 7.423303e+00 1.500000e+01
    endloop
  endfacet
  facet normal -9.238795e-01 -3.826834e-01 1.592829e-16
    outer loop
      vertex   -1.243662e+01 7.423303e+00 1.000000e+01
      vertex   -1.243662e+01 7.423303e+00 1.500000e+01
      vertex   -1.300875e+01 8.804548e+00 1.000000e+01
    endloop
  endfacet
  facet normal -9.238795e-01 -3.826834e-01 2.332644e-17
    outer loop
      vertex   -1.300875e+01 8.804548e+00 1.000000e+01
      vertex   -1.243662e+01 7.423303e+00 1.500000e+01
      vertex   -1.300875e+01 8.804548e+00 1.500000e+01
    endloop
  endfacet
  facet normal -9.452998e-01 -3.262028e-01 -9.222336e-17
    outer loop
      vertex   -1.300875e+01 8.804548e+00 1.000000e+01
      vertex   -1.300875e+01 8.804548e+00 1.500000e+01
      vertex   -1.349644e+01 1.021782e+01 1.000000e+01
    endloop
  endfacet
  facet normal -9.452998e-01 -3.262028e-01 0.000000e+00
    outer loop
      vertex   -1.349644e+01 1.021782e+01 1.000000e+01
      vertex   -1.300875e+01 8.804548e+00 1.500000e+01
      vertex   -1.349644e+01 1.021782e+01 1.500000e+01
    endloop
  endfacet
  facet normal -9.632708e-01 -2.685319e-01 0.000000e+00
    outer loop
      vertex   -1.349644e+01 1.021782e+01 1.000000e+01
      vertex   -1.349644e+01 1.021782e+01 1.500000e+01
      vertex   -1.389791e+01 1.165796e+01 1.000000e+01
    endloop
  endfacet
  facet normal -9.632708e-01 -2.685319e-01 -2.074367e-16
    outer loop
      vertex   -1.389791e+01 1.165796e+01 1.000000e+01
      vertex   -1.349644e+01 1.021782e+01 1.500000e+01
      vertex   -1.389791e+01 1.165796e+01 1.500000e+01
    endloop
  endfacet
  facet normal -9.777269e-01 -2.098811e-01 -3.218930e-16
    outer loop
      vertex   -1.389791e+01 1.165796e+01 1.000000e+01
      vertex   -1.389791e+01 1.165796e+01 1.500000e+01
      vertex   -1.421169e+01 1.311971e+01 1.000000e+01
    endloop
  endfacet
  facet normal -9.777269e-01 -2.098811e-01 0.000000e+00
    outer loop
      vertex   -1.421169e+01 1.311971e+01 1.000000e+01
      vertex   -1.389791e+01 1.165796e+01 1.500000e+01
      vertex   -1.421169e+01 1.311971e+01 1.500000e+01
    endloop
  endfacet
  facet normal -9.886154e-01 -1.504645e-01 0.000000e+00
    outer loop
      vertex   -1.421169e+01 1.311971e+01 1.000000e+01
      vertex   -1.421169e+01 1.311971e+01 1.500000e+01
      vertex   -1.443664e+01 1.459774e+01 1.000000e+01
    endloop
  endfacet
  facet normal -9.886154e-01 -1.504645e-01 3.207344e-16
    outer loop
      vertex   -1.443664e+01 1.459774e+01 1.000000e+01
      vertex   -1.421169e+01 1.311971e+01 1.500000e+01
      vertex   -1.443664e+01 1.459774e+01 1.500000e+01
    endloop
  endfacet
  facet normal -9.958966e-01 -9.049888e-02 1.929100e-16
    outer loop
      vertex   -1.443664e+01 1.459774e+01 1.000000e+01
      vertex   -1.443664e+01 1.459774e+01 1.500000e+01
      vertex   -1.457194e+01 1.608665e+01 1.000000e+01
    endloop
  endfacet
  facet normal -9.958966e-01 -9.049888e-02 1.929100e-16
    outer loop
      vertex   -1.457194e+01 1.608665e+01 1.000000e+01
      vertex   -1.443664e+01 1.459774e+01 1.500000e+01
      vertex   -1.457194e+01 1.608665e+01 1.500000e+01
    endloop
  endfacet
  facet normal -9.995438e-01 -3.020303e-02 6.438163e-17
    outer loop
      vertex   -1.457194e+01 1.608665e+01 1.000000e+01
      vertex   -1.457194e+01 1.608665e+01 1.500000e+01
      vertex   -1.461710e+01 1.758102e+01 1.000000e+01
    endloop
  endfacet
  facet normal -9.995438e-01 -3.020303e-02 0.000000e+00
    outer loop
      vertex   -1.461710e+01 1.758102e+01 1.000000e+01
      vertex   -1.457194e+01 1.608665e+01 1.500000e+01
      vertex   -1.461710e+01 1.758102e+01 1.500000e+01
    endloop
  endfacet
  facet normal -9.995438e-01 3.020303e-02 0.000000e+00
    outer loop
      vertex   -1.461710e+01 1.758102e+01 1.000000e+01
      vertex   -1.461710e+01 1.758102e+01 1.500000e+01
      vertex   -1.457194e+01 1.907539e+01 1.000000e+01
    endloop
  endfacet
  facet normal -9.995438e-01 3.020303e-02 -6.438163e-17
    outer loop
      vertex   -1.457194e+01 1.907539e+01 1.000000e+01
      vertex   -1.461710e+01 1.758102e+01 1.500000e+01
      vertex   -1.457194e+01 1.907539e+01 1.500000e+01
    endloop
  endfacet
  facet normal -9.958966e-01 9.049888e-02 -1.929100e-16
    outer loop
      vertex   -1.457194e+01 1.907539e+01 1.000000e+01
      vertex   -1.457194e+01 1.907539e+01 1.500000e+01
      vertex   -1.443664e+01 2.056430e+01 1.000000e+01
    endloop
  endfacet
  facet normal -9.958966e-01 9.049888e-02 -1.929100e-16
    outer loop
      vertex   -1.443664e+01 2.056430e+01 1.000000e+01
      vertex   -1.457194e+01 1.907539e+01 1.500000e+01
      vertex   -1.443664e+01 2.056430e+01 1.500000e+01
    endloop
  endfacet
  facet normal -9.886154e-01 1.504645e-01 -3.207344e-16
    outer loop
      vertex   -1.443664e+01 2.056430e+01 1.000000e+01
      vertex   -1.443664e+01 2.056430e+01 1.500000e+01
      vertex   -1.421169e+01 2.204233e+01 1.000000e+01
    endloop
  endfacet
  facet normal -9.886154e-01 1.504645e-01 0.000000e+00
    outer loop
      vertex   -1.421169e+01 2.204233e+01 1.000000e+01
      vertex   -1.443664e+01 2.056430e+01 1.500000e+01
      vertex   -1.421169e+01 2.204233e+01 1.500000e+01
    endloop
  endfacet
  facet normal -9.777269e-01 2.098811e-01 0.000000e+00
    outer loop
      vertex   -1.421169e+01 2.204233e+01 1.000000e+01
      vertex   -1.421169e+01 2.204233e+01 1.500000e+01
      vertex   -1.389791e+01 2.350408e+01 1.000000e+01
    endloop
  endfacet
  facet normal -9.777269e-01 2.098811e-01 3.964578e-16
    outer loop
      vertex   -1.389791e+01 2.350408e+01 1.000000e+01
      vertex   -1.421169e+01 2.204233e+01 1.500000e+01
      vertex   -1.389791e+01 2.350408e+01 1.500000e+01
    endloop
  endfacet
  facet normal -9.632708e-01 2.685319e-01 3.028383e-16
    outer loop
      vertex   -1.389791e+01 2.350408e+01 1.000000e+01
      vertex   -1.389791e+01 2.350408e+01 1.500000e+01
      vertex   -1.349644e+01 2.494422e+01 1.000000e+01
    endloop
  endfacet
  facet normal -9.632708e-01 2.685319e-01 0.000000e+00
    outer loop
      vertex   -1.349644e+01 2.494422e+01 1.000000e+01
      vertex   -1.389791e+01 2.350408e+01 1.500000e+01
      vertex   -1.349644e+01 2.494422e+01 1.500000e+01
    endloop
  endfacet
  facet normal -9.452998e-01 3.262028e-01 0.000000e+00
    outer loop
      vertex   -1.349644e+01 2.494422e+01 1.000000e+01
      vertex   -1.349644e+01 2.494422e+01 1.500000e+01
      vertex   -1.300875e+01 2.635749e+01 1.000000e+01
    endloop
  endfacet
  facet normal -9.452998e-01 3.262028e-01 -2.366715e-17
    outer loop
      vertex   -1.300875e+01 2.635749e+01 1.000000e+01
      vertex   -1.349644e+01 2.494422e+01 1.500000e+01
      vertex   -1.300875e+01 2.635749e+01 1.500000e+01
    endloop
  endfacet
  facet normal -9.238795e-01 3.826834e-01 -1.592829e-16
    outer loop
      vertex   -1.300875e+01 2.635749e+01 1.000000e+01
      vertex   -1.300875e+01 2.635749e+01 1.500000e+01
      vertex   -1.243662e+01 2.773874e+01 1.000000e+01
    endloop
  endfacet
  facet normal -9.238795e-01 3.826834e-01 1.126300e-16
    outer loop
      vertex   -1.243662e+01 2.773874e+01 1.000000e+01
      vertex   -1.300875e+01 2.635749e+01 1.500000e+01
      vertex   -1.243662e+01 2.773874e+01 1.500000e+01
    endloop
  endfacet
  facet normal -8.990881e-01 4.377677e-01 1.673520e-17
    outer loop
      vertex   -1.243662e+01 2.773874e+01 1.000000e+01
      vertex   -1.243662e+01 2.773874e+01 1.500000e+01
      vertex   -1.178213e+01 2.908292e+01 1.000000e+01
    endloop
  endfacet
  facet normal -8.990881e-01 4.377677e-01 0.000000e+00
    outer loop
      vertex   -1.178213e+01 2.908292e+01 1.000000e+01
      vertex   -1.243662e+01 2.773874e+01 1.500000e+01
      vertex   -1.178213e+01 2.908292e+01 1.500000e+01
    endloop
  endfacet
  facet normal -8.710160e-01 4.912546e-01 0.000000e+00
    outer loop
      vertex   -1.178213e+01 2.908292e+01 1.000000e+01
      vertex   -1.178213e+01 2.908292e+01 1.500000e+01
      vertex   -1.104768e+01 3.038513e+01 1.000000e+01
    endloop
  endfacet
  facet normal -8.710160e-01 4.912546e-01 8.491205e-16
    outer loop
      vertex   -1.104768e+01 3.038513e+01 1.000000e+01
      vertex   -1.178213e+01 2.908292e+01 1.500000e+01
      vertex   -1.104768e+01 3.038513e+01 1.500000e+01
    endloop
  endfacet
  facet normal -8.397657e-01 5.429490e-01 7.201466e-16
    outer loop
      vertex   -1.104768e+01 3.038513e+01 1.000000e+01
      vertex   -1.104768e+01 3.038513e+01 1.500000e+01
      vertex   -1.023595e+01 3.164062e+01 1.000000e+01
    endloop
  endfacet
  facet normal -8.397657e-01 5.429490e-01 0.000000e+00
    outer loop
      vertex   -1.023595e+01 3.164062e+01 1.000000e+01
      vertex   -1.104768e+01 3.038513e+01 1.500000e+01
      vertex   -1.023595e+01 3.164062e+01 1.500000e+01
    endloop
  endfacet
  facet normal -8.054511e-01 5.926622e-01 0.000000e+00
    outer loop
      vertex   -1.023595e+01 3.164062e+01 1.000000e+01
      vertex   -1.023595e+01 3.164062e+01 1.500000e+01
      vertex   -9.349888e+00 3.284481e+01 1.000000e+01
    endloop
  endfacet
  facet normal -8.054511e-01 5.926622e-01 -5.398324e-16
    outer loop
      vertex   -9.349888e+00 3.284481e+01 1.000000e+01
      vertex   -1.023595e+01 3.164062e+01 1.500000e+01
      vertex   -9.349888e+00 3.284481e+01 1.500000e+01
    endloop
  endfacet
  facet normal -7.681976e-01 6.402128e-01 -7.279199e-16
    outer loop
      vertex   -9.349888e+00 3.284481e+01 1.000000e+01
      vertex   -9.349888e+00 3.284481e+01 1.500000e+01
      vertex   -8.392738e+00 3.399331e+01 1.000000e+01
    endloop
  endfacet
  facet normal -7.681976e-01 6.402128e-01 5.458372e-16
    outer loop
      vertex   -8.392738e+00 3.399331e+01 1.000000e+01
      vertex   -9.349888e+00 3.284481e+01 1.500000e+01
      vertex   -8.392738e+00 3.399331e+01 1.500000e+01
    endloop
  endfacet
  facet normal -7.281410e-01 6.854274e-01 5.173753e-16
    outer loop
      vertex   -8.392738e+00 3.399331e+01 1.000000e+01
      vertex   -8.392738e+00 3.399331e+01 1.500000e+01
      vertex   -7.367990e+00 3.508191e+01 1.000000e+01
    endloop
  endfacet
  facet normal -7.281410e-01 6.854274e-01 0.000000e+00
    outer loop
      vertex   -7.367990e+00 3.508191e+01 1.000000e+01
      vertex   -8.392738e+00 3.399331e+01 1.500000e+01
      vertex   -7.367990e+00 3.508191e+01 1.500000e+01
    endloop
  endfacet
  facet normal -6.854274e-01 7.281410e-01 0.000000e+00
    outer loop
      vertex   -7.367990e+00 3.508191e+01 1.000000e+01
      vertex   -7.367990e+00 3.508191e+01 1.500000e+01
      vertex   -6.279383e+00 3.610666e+01 1.000000e+01
    endloop
  endfacet
  facet normal -6.854274e-01 7.281410e-01 -1.824559e-16
    outer loop
      vertex   -6.279383e+00 3.610666e+01 1.000000e+01
      vertex   -7.367990e+00 3.508191e+01 1.500000e+01
      vertex   -6.279383e+00 3.610666e+01 1.500000e+01
    endloop
  endfacet
  facet normal -6.402128e-01 7.681976e-01 -2.956019e-16
    outer loop
      vertex   -6.279383e+00 3.610666e+01 1.000000e+01
      vertex   -6.279383e+00 3.610666e+01 1.500000e+01
      vertex   -5.130889e+00 3.706381e+01 1.000000e+01
    endloop
  endfacet
  facet normal -6.402128e-01 7.681976e-01 9.097972e-16
    outer loop
      vertex   -5.130889e+00 3.706381e+01 1.000000e+01
      vertex   -6.279383e+00 3.610666e+01 1.500000e+01
      vertex   -5.130889e+00 3.706381e+01 1.500000e+01
    endloop
  endfacet
  facet normal -5.926622e-01 8.054511e-01 8.422236e-16
    outer loop
      vertex   -5.130889e+00 3.706381e+01 1.000000e+01
      vertex   -5.130889e+00 3.706381e+01 1.500000e+01
      vertex   -3.926700e+00 3.794987e+01 1.000000e+01
    endloop
  endfacet
  facet normal -5.926622e-01 8.054511e-01 0.000000e+00
    outer loop
      vertex   -3.926700e+00 3.794987e+01 1.000000e+01
      vertex   -5.130889e+00 3.706381e+01 1.500000e+01
      vertex   -3.926700e+00 3.794987e+01 1.500000e+01
    endloop
  endfacet
  facet normal -5.429490e-01 8.397657e-01 0.000000e+00
    outer loop
      vertex   -3.926700e+00 3.794987e+01 1.000000e+01
      vertex   -3.926700e+00 3.794987e+01 1.500000e+01
      vertex   -2.671208e+00 3.876161e+01 1.000000e+01
    endloop
  endfacet
  facet normal -5.429490e-01 8.397657e-01 1.221011e-17
    outer loop
      vertex   -2.671208e+00 3.876161e+01 1.000000e+01
      vertex   -3.926700e+00 3.794987e+01 1.500000e+01
      vertex   -2.671208e+00 3.876161e+01 1.500000e+01
    endloop
  endfacet
  facet normal -4.912546e-01 8.710160e-01 -1.469839e-16
    outer loop
      vertex   -2.671208e+00 3.876161e+01 1.000000e+01
      vertex   -2.671208e+00 3.876161e+01 1.500000e+01
      vertex   -1.368996e+00 3.949606e+01 1.000000e+01
    endloop
  endfacet
  facet normal -4.912546e-01 8.710160e-01 -3.651447e-16
    outer loop
      vertex   -1.368996e+00 3.949606e+01 1.000000e+01
      vertex   -2.671208e+00 3.876161e+01 1.500000e+01
      vertex   -1.368996e+00 3.949606e+01 1.500000e+01
    endloop
  endfacet
  facet normal -4.377677e-01 8.990881e-01 -5.000494e-16
    outer loop
      vertex   -1.368996e+00 3.949606e+01 1.000000e+01
      vertex   -1.368996e+00 3.949606e+01 1.500000e+01
      vertex   -2.481410e-02 4.015054e+01 1.000000e+01
    endloop
  endfacet
  facet normal -4.377677e-01 8.990881e-01 0.000000e+00
    outer loop
      vertex   -2.481410e-02 4.015054e+01 1.000000e+01
      vertex   -1.368996e+00 3.949606e+01 1.500000e+01
      vertex   -2.481410e-02 4.015054e+01 1.500000e+01
    endloop
  endfacet
  facet normal -3.826834e-01 9.238795e-01 0.000000e+00
    outer loop
      vertex   -2.481410e-02 4.015054e+01 1.000000e+01
      vertex   -2.481410e-02 4.015054e+01 1.500000e+01
      vertex   1.356432e+00 4.072267e+01 1.000000e+01
    endloop
  endfacet
  facet normal -3.826834e-01 9.238795e-01 4.248640e-16
    outer loop
      vertex   1.356432e+00 4.072267e+01 1.000000e+01
      vertex   -2.481410e-02 4.015054e+01 1.500000e+01
      vertex   1.356432e+00 4.072267e+01 1.500000e+01
    endloop
  endfacet
  facet normal -3.262028e-01 9.452998e-01 3.621578e-16
    outer loop
      vertex   1.356432e+00 4.072267e+01 1.000000e+01
      vertex   1.356432e+00 4.072267e+01 1.500000e+01
      vertex   2.769702e+00 4.121036e+01 1.000000e+01
    endloop
  endfacet
  facet normal -3.262028e-01 9.452998e-01 -6.190361e-16
    outer loop
      vertex   2.769702e+00 4.121036e+01 1.000000e+01
      vertex   1.356432e+00 4.072267e+01 1.500000e+01
      vertex   2.769702e+00 4.121036e+01 1.500000e+01
    endloop
  endfacet
  facet normal -2.685319e-01 9.632708e-01 -7.726296e-16
    outer loop
      vertex   2.769702e+00 4.121036e+01 1.000000e+01
      vertex   2.769702e+00 4.121036e+01 1.500000e+01
      vertex   4.209840e+00 4.161183e+01 1.000000e+01
    endloop
  endfacet
  facet normal -2.685319e-01 9.632708e-01 -2.385042e-16
    outer loop
      vertex   4.209840e+00 4.161183e+01 1.000000e+01
      vertex   2.769702e+00 4.121036e+01 1.500000e+01
      vertex   4.209840e+00 4.161183e+01 1.500000e+01
    endloop
  endfacet
  facet normal -2.098811e-01 9.777269e-01 -1.864119e-16
    outer loop
      vertex   4.209840e+00 4.161183e+01 1.000000e+01
      vertex   4.209840e+00 4.161183e+01 1.500000e+01
      vertex   5.671591e+00 4.192561e+01 1.000000e+01
    endloop
  endfacet
  facet normal -2.098811e-01 9.777269e-01 2.236942e-16
    outer loop
      vertex   5.671591e+00 4.192561e+01 1.000000e+01
      vertex   4.209840e+00 4.161183e+01 1.500000e+01
      vertex   5.671591e+00 4.192561e+01 1.500000e+01
    endloop
  endfacet
  facet normal -1.504645e-01 9.886154e-01 1.603672e-16
    outer loop
      vertex   5.671591e+00 4.192561e+01 1.000000e+01
      vertex   5.671591e+00 4.192561e+01 1.500000e+01
      vertex   7.149620e+00 4.215056e+01 1.000000e+01
    endloop
  endfacet
  facet normal -1.504645e-01 9.886154e-01 3.474622e-16
    outer loop
      vertex   7.149620e+00 4.215056e+01 1.000000e+01
      vertex   5.671591e+00 4.192561e+01 1.500000e+01
      vertex   7.149620e+00 4.215056e+01 1.500000e+01
    endloop
  endfacet
  facet normal -9.049888e-02 9.958966e-01 2.089858e-16
    outer loop
      vertex   7.149620e+00 4.215056e+01 1.000000e+01
      vertex   7.149620e+00 4.215056e+01 1.500000e+01
      vertex   8.638535e+00 4.228586e+01 1.000000e+01
    endloop
  endfacet
  facet normal -9.049888e-02 9.958966e-01 -1.125889e-15
    outer loop
      vertex   8.638535e+00 4.228586e+01 1.000000e+01
      vertex   7.149620e+00 4.215056e+01 1.500000e+01
      vertex   8.638535e+00 4.228586e+01 1.500000e+01
    endloop
  endfacet
  facet normal -3.020303e-02 9.995438e-01 -1.323865e-15
    outer loop
      vertex   8.638535e+00 4.228586e+01 1.000000e+01
      vertex   8.638535e+00 4.228586e+01 1.500000e+01
      vertex   1.013290e+01 4.233102e+01 1.000000e+01
    endloop
  endfacet
  facet normal -3.020303e-02 9.995438e-01 0.000000e+00
    outer loop
      vertex   1.013290e+01 4.233102e+01 1.000000e+01
      vertex   8.638535e+00 4.228586e+01 1.500000e+01
      vertex   1.013290e+01 4.233102e+01 1.500000e+01
    endloop
  endfacet
  facet normal 3.020303e-02 9.995438e-01 -0.000000e+00
    outer loop
      vertex   1.013290e+01 4.233102e+01 1.000000e+01
      vertex   1.013290e+01 4.233102e+01 1.500000e+01
      vertex   1.162727e+01 4.228586e+01 1.000000e+01
    endloop
  endfacet
  facet normal 3.020303e-02 9.995438e-01 -7.511190e-17
    outer loop
      vertex   1.162727e+01 4.228586e+01 1.000000e+01
      vertex   1.013290e+01 4.233102e+01 1.500000e+01
      vertex   1.162727e+01 4.228586e+01 1.500000e+01
    endloop
  endfacet
  facet normal 9.049888e-02 9.958966e-01 -2.250616e-16
    outer loop
      vertex   1.162727e+01 4.228586e+01 1.000000e+01
      vertex   1.162727e+01 4.228586e+01 1.500000e+01
      vertex   1.311619e+01 4.215056e+01 1.000000e+01
    endloop
  endfacet
  facet normal 9.049888e-02 9.958966e-01 -3.215166e-16
    outer loop
      vertex   1.311619e+01 4.215056e+01 1.000000e+01
      vertex   1.162727e+01 4.228586e+01 1.500000e+01
      vertex   1.311619e+01 4.215056e+01 1.500000e+01
    endloop
  endfacet
  facet normal 1.504645e-01 9.886154e-01 -5.345573e-16
    outer loop
      vertex   1.311619e+01 4.215056e+01 1.000000e+01
      vertex   1.311619e+01 4.215056e+01 1.500000e+01
      vertex   1.459422e+01 4.192561e+01 1.000000e+01
    endloop
  endfacet
  facet normal 1.504645e-01 9.886154e-01 -0.000000e+00
    outer loop
      vertex   1.459422e+01 4.192561e+01 1.000000e+01
      vertex   1.311619e+01 4.215056e+01 1.500000e+01
      vertex   1.459422e+01 4.192561e+01 1.500000e+01
    endloop
  endfacet
  facet normal 2.098811e-01 9.777269e-01 -0.000000e+00
    outer loop
      vertex   1.459422e+01 4.192561e+01 1.000000e+01
      vertex   1.459422e+01 4.192561e+01 1.500000e+01
      vertex   1.605597e+01 4.161183e+01 1.000000e+01
    endloop
  endfacet
  facet normal 2.098811e-01 9.777269e-01 -2.982590e-16
    outer loop
      vertex   1.605597e+01 4.161183e+01 1.000000e+01
      vertex   1.459422e+01 4.192561e+01 1.500000e+01
      vertex   1.605597e+01 4.161183e+01 1.500000e+01
    endloop
  endfacet
  facet normal 2.685319e-01 9.632708e-01 -3.816067e-16
    outer loop
      vertex   1.605597e+01 4.161183e+01 1.000000e+01
      vertex   1.605597e+01 4.161183e+01 1.500000e+01
      vertex   1.749610e+01 4.121036e+01 1.000000e+01
    endloop
  endfacet
  facet normal 2.685319e-01 9.632708e-01 -5.724101e-16
    outer loop
      vertex   1.749610e+01 4.121036e+01 1.000000e+01
      vertex   1.605597e+01 4.161183e+01 1.500000e+01
      vertex   1.749610e+01 4.121036e+01 1.500000e+01
    endloop
  endfacet
  facet normal 3.262028e-01 9.452998e-01 -6.953431e-16
    outer loop
      vertex   1.749610e+01 4.121036e+01 1.000000e+01
      vertex   1.749610e+01 4.121036e+01 1.500000e+01
      vertex   1.890937e+01 4.072267e+01 1.000000e+01
    endloop
  endfacet
  facet normal 3.262028e-01 9.452998e-01 -0.000000e+00
    outer loop
      vertex   1.890937e+01 4.072267e+01 1.000000e+01
      vertex   1.749610e+01 4.121036e+01 1.500000e+01
      vertex   1.890937e+01 4.072267e+01 1.500000e+01
    endloop
  endfacet
  facet normal 3.826834e-01 9.238795e-01 -0.000000e+00
    outer loop
      vertex   1.890937e+01 4.072267e+01 1.000000e+01
      vertex   1.890937e+01 4.072267e+01 1.500000e+01
      vertex   2.029062e+01 4.015054e+01 1.000000e+01
    endloop
  endfacet
  facet normal 3.826834e-01 9.238795e-01 -0.000000e+00
    outer loop
      vertex   2.029062e+01 4.015054e+01 1.000000e+01
      vertex   1.890937e+01 4.072267e+01 1.500000e+01
      vertex   2.029062e+01 4.015054e+01 1.500000e+01
    endloop
  endfacet
  facet normal 4.377677e-01 8.990881e-01 -0.000000e+00
    outer loop
      vertex   2.029062e+01 4.015054e+01 1.000000e+01
      vertex   2.029062e+01 4.015054e+01 1.500000e+01
      vertex   2.163480e+01 3.949606e+01 1.000000e+01
    endloop
  endfacet
  facet normal 4.377677e-01 8.990881e-01 3.445231e-16
    outer loop
      vertex   2.163480e+01 3.949606e+01 1.000000e+01
      vertex   2.029062e+01 4.015054e+01 1.500000e+01
      vertex   2.163480e+01 3.949606e+01 1.500000e+01
    endloop
  endfacet
  facet normal 4.912546e-01 8.710160e-01 1.906160e-16
    outer loop
      vertex   2.163480e+01 3.949606e+01 1.000000e+01
      vertex   2.163480e+01 3.949606e+01 1.500000e+01
      vertex   2.293701e+01 3.876161e+01 1.000000e+01
    endloop
  endfacet
  facet normal 4.912546e-01 8.710160e-01 -0.000000e+00
    outer loop
      vertex   2.293701e+01 3.876161e+01 1.000000e+01
      vertex   2.163480e+01 3.949606e+01 1.500000e+01
      vertex   2.293701e+01 3.876161e+01 1.500000e+01
    endloop
  endfacet
  facet normal 5.429490e-01 8.397657e-01 -0.000000e+00
    outer loop
      vertex   2.293701e+01 3.876161e+01 1.000000e+01
      vertex   2.293701e+01 3.876161e+01 1.500000e+01
      vertex   2.419251e+01 3.794987e+01 1.000000e+01
    endloop
  endfacet
  facet normal 5.429490e-01 8.397657e-01 -0.000000e+00
    outer loop
      vertex   2.419251e+01 3.794987e+01 1.000000e+01
      vertex   2.293701e+01 3.876161e+01 1.500000e+01
      vertex   2.419251e+01 3.794987e+01 1.500000e+01
    endloop
  endfacet
  facet normal 5.926622e-01 8.054511e-01 -0.000000e+00
    outer loop
      vertex   2.419251e+01 3.794987e+01 1.000000e+01
      vertex   2.419251e+01 3.794987e+01 1.500000e+01
      vertex   2.539669e+01 3.706381e+01 1.000000e+01
    endloop
  endfacet
  facet normal 5.926622e-01 8.054511e-01 -1.263335e-15
    outer loop
      vertex   2.539669e+01 3.706381e+01 1.000000e+01
      vertex   2.419251e+01 3.794987e+01 1.500000e+01
      vertex   2.539669e+01 3.706381e+01 1.500000e+01
    endloop
  endfacet
  facet normal 6.402128e-01 7.681976e-01 -1.364696e-15
    outer loop
      vertex   2.539669e+01 3.706381e+01 1.000000e+01
      vertex   2.539669e+01 3.706381e+01 1.500000e+01
      vertex   2.654519e+01 3.610666e+01 1.000000e+01
    endloop
  endfacet
  facet normal 6.402128e-01 7.681976e-01 1.000530e-15
    outer loop
      vertex   2.654519e+01 3.610666e+01 1.000000e+01
      vertex   2.539669e+01 3.706381e+01 1.500000e+01
      vertex   2.654519e+01 3.610666e+01 1.500000e+01
    endloop
  endfacet
  facet normal 6.854274e-01 7.281410e-01 6.691242e-16
    outer loop
      vertex   2.654519e+01 3.610666e+01 1.000000e+01
      vertex   2.654519e+01 3.610666e+01 1.500000e+01
      vertex   2.763380e+01 3.508191e+01 1.000000e+01
    endloop
  endfacet
  facet normal 6.854274e-01 7.281410e-01 -0.000000e+00
    outer loop
      vertex   2.763380e+01 3.508191e+01 1.000000e+01
      vertex   2.654519e+01 3.610666e+01 1.500000e+01
      vertex   2.763380e+01 3.508191e+01 1.500000e+01
    endloop
  endfacet
  facet normal 7.281410e-01 6.854274e-01 -0.000000e+00
    outer loop
      vertex   2.763380e+01 3.508191e+01 1.000000e+01
      vertex   2.763380e+01 3.508191e+01 1.500000e+01
      vertex   2.865854e+01 3.399331e+01 1.000000e+01
    endloop
  endfacet
  facet normal 7.281410e-01 6.854274e-01 9.133514e-16
    outer loop
      vertex   2.865854e+01 3.399331e+01 1.000000e+01
      vertex   2.763380e+01 3.508191e+01 1.500000e+01
      vertex   2.865854e+01 3.399331e+01 1.500000e+01
    endloop
  endfacet
  facet normal 7.681976e-01 6.402128e-01 7.279199e-16
    outer loop
      vertex   2.865854e+01 3.399331e+01 1.000000e+01
      vertex   2.865854e+01 3.399331e+01 1.500000e+01
      vertex   2.961569e+01 3.284481e+01 1.000000e+01
    endloop
  endfacet
  facet normal 7.681976e-01 6.402128e-01 -1.818773e-16
    outer loop
      vertex   2.961569e+01 3.284481e+01 1.000000e+01
      vertex   2.865854e+01 3.399331e+01 1.500000e+01
      vertex   2.961569e+01 3.284481e+01 1.500000e+01
    endloop
  endfacet
  facet normal 8.054511e-01 5.926622e-01 -3.023913e-16
    outer loop
      vertex   2.961569e+01 3.284481e+01 1.000000e+01
      vertex   2.961569e+01 3.284481e+01 1.500000e+01
      vertex   3.050175e+01 3.164062e+01 1.000000e+01
    endloop
  endfacet
  facet normal 8.054511e-01 5.926622e-01 -0.000000e+00
    outer loop
      vertex   3.050175e+01 3.164062e+01 1.000000e+01
      vertex   2.961569e+01 3.284481e+01 1.500000e+01
      vertex   3.050175e+01 3.164062e+01 1.500000e+01
    endloop
  endfacet
  facet normal 8.397657e-01 5.429490e-01 -0.000000e+00
    outer loop
      vertex   3.050175e+01 3.164062e+01 1.000000e+01
      vertex   3.050175e+01 3.164062e+01 1.500000e+01
      vertex   3.131349e+01 3.038513e+01 1.000000e+01
    endloop
  endfacet
  facet normal 8.397657e-01 5.429490e-01 -0.000000e+00
    outer loop
      vertex   3.131349e+01 3.038513e+01 1.000000e+01
      vertex   3.050175e+01 3.164062e+01 1.500000e+01
      vertex   3.131349e+01 3.038513e+01 1.500000e+01
    endloop
  endfacet
  facet normal 8.710160e-01 4.912546e-01 -0.000000e+00
    outer loop
      vertex   3.131349e+01 3.038513e+01 1.000000e+01
      vertex   3.131349e+01 3.038513e+01 1.500000e+01
      vertex   3.204794e+01 2.908292e+01 1.000000e+01
    endloop
  endfacet
  facet normal 8.710160e-01 4.912546e-01 -5.396734e-16
    outer loop
      vertex   3.204794e+01 2.908292e+01 1.000000e+01
      vertex   3.131349e+01 3.038513e+01 1.500000e+01
      vertex   3.204794e+01 2.908292e+01 1.500000e+01
    endloop
  endfacet
  facet normal 8.990881e-01 4.377677e-01 -6.555757e-16
    outer loop
      vertex   3.204794e+01 2.908292e+01 1.000000e+01
      vertex   3.204794e+01 2.908292e+01 1.500000e+01
      vertex   3.270242e+01 2.773874e+01 1.000000e+01
    endloop
  endfacet
  facet normal 8.990881e-01 4.377677e-01 -0.000000e+00
    outer loop
      vertex   3.270242e+01 2.773874e+01 1.000000e+01
      vertex   3.204794e+01 2.908292e+01 1.500000e+01
      vertex   3.270242e+01 2.773874e+01 1.500000e+01
    endloop
  endfacet
  facet normal 9.238795e-01 3.826834e-01 -0.000000e+00
    outer loop
      vertex   3.270242e+01 2.773874e+01 1.000000e+01
      vertex   3.270242e+01 2.773874e+01 1.500000e+01
      vertex   3.327455e+01 2.635749e+01 1.000000e+01
    endloop
  endfacet
  facet normal 9.238795e-01 3.826834e-01 -0.000000e+00
    outer loop
      vertex   3.327455e+01 2.635749e+01 1.000000e+01
      vertex   3.270242e+01 2.773874e+01 1.500000e+01
      vertex   3.327455e+01 2.635749e+01 1.500000e+01
    endloop
  endfacet
  facet normal 9.452998e-01 3.262028e-01 -0.000000e+00
    outer loop
      vertex   3.327455e+01 2.635749e+01 1.000000e+01
      vertex   3.327455e+01 2.635749e+01 1.500000e+01
      vertex   3.376224e+01 2.494422e+01 1.000000e+01
    endloop
  endfacet
  facet normal 9.452998e-01 3.262028e-01 -8.797898e-16
    outer loop
      vertex   3.376224e+01 2.494422e+01 1.000000e+01
      vertex   3.327455e+01 2.635749e+01 1.500000e+01
      vertex   3.376224e+01 2.494422e+01 1.500000e+01
    endloop
  endfacet
  facet normal 9.632708e-01 2.685319e-01 -9.872834e-16
    outer loop
      vertex   3.376224e+01 2.494422e+01 1.000000e+01
      vertex   3.376224e+01 2.494422e+01 1.500000e+01
      vertex   3.416371e+01 2.350408e+01 1.000000e+01
    endloop
  endfacet
  facet normal 9.632708e-01 2.685319e-01 -2.240699e-16
    outer loop
      vertex   3.416371e+01 2.350408e+01 1.000000e+01
      vertex   3.376224e+01 2.494422e+01 1.500000e+01
      vertex   3.416371e+01 2.350408e+01 1.500000e+01
    endloop
  endfacet
  facet normal 9.777269e-01 2.098811e-01 -4.946566e-16
    outer loop
      vertex   3.416371e+01 2.350408e+01 1.000000e+01
      vertex   3.416371e+01 2.350408e+01 1.500000e+01
      vertex   3.447750e+01 2.204233e+01 1.000000e+01
    endloop
  endfacet
  facet normal 9.777269e-01 2.098811e-01 -0.000000e+00
    outer loop
      vertex   3.447750e+01 2.204233e+01 1.000000e+01
      vertex   3.416371e+01 2.350408e+01 1.500000e+01
      vertex   3.447750e+01 2.204233e+01 1.500000e+01
    endloop
  endfacet
  facet normal 9.886154e-01 1.504645e-01 -0.000000e+00
    outer loop
      vertex   3.447750e+01 2.204233e+01 1.000000e+01
      vertex   3.447750e+01 2.204233e+01 1.500000e+01
      vertex   3.470245e+01 2.056430e+01 1.000000e+01
    endloop
  endfacet
  facet normal 9.886154e-01 1.504645e-01 2.138229e-16
    outer loop
      vertex   3.470245e+01 2.056430e+01 1.000000e+01
      vertex   3.447750e+01 2.204233e+01 1.500000e+01
      vertex   3.470245e+01 2.056430e+01 1.500000e+01
    endloop
  endfacet
  facet normal 9.958966e-01 9.049888e-02 1.286066e-16
    outer loop
      vertex   3.470245e+01 2.056430e+01 1.000000e+01
      vertex   3.470245e+01 2.056430e+01 1.500000e+01
      vertex   3.483775e+01 1.907539e+01 1.000000e+01
    endloop
  endfacet
  facet normal 9.958966e-01 9.049888e-02 1.929100e-16
    outer loop
      vertex   3.483775e+01 1.907539e+01 1.000000e+01
      vertex   3.470245e+01 2.056430e+01 1.500000e+01
      vertex   3.483775e+01 1.907539e+01 1.500000e+01
    endloop
  endfacet
  facet normal 0.000000e+00 0.000000e+00 1.000000e+00
    outer loop
      vertex   -5.725582e-01 1.855857e+01 5.000000e+00
      vertex   -6.170972e-01 1.758102e+01 5.000000e+00
      vertex   2.782903e+00 1.758102e+01 5.000000e+00
    endloop
  endfacet
  facet normal 0.000000e+00 0.000000e+00 1.000000e+00
    outer loop
      vertex   2.782903e+00 1.758102e+01 5.000000e+00
      vertex   -6.170972e-01 1.758102e+01 5.000000e+00
      vertex   -5.725582e-01 1.660347e+01 5.000000e+00
    endloop
  endfacet
  facet normal 0.000000e+00 0.000000e+00 1.000000e+00
    outer loop
      vertex   2.782903e+00 1.758102e+01 5.000000e+00
      vertex   -5.725582e-01 1.660347e+01 5.000000e+00
      vertex   2.827512e+00 1.677246e+01 5.000000e+00
    endloop
  endfacet
  facet normal 0.000000e+00 0.000000e+00 1.000000e+00
    outer loop
      vertex   2.827512e+00 1.677246e+01 5.000000e+00
      vertex   -5.725582e-01 1.660347e+01 5.000000e+00
      vertex   -4.393105e-01 1.563402e+01 5.000000e+00
    endloop
  endfacet
  facet normal 0.000000e+00 0.000000e+00 1.000000e+00
    outer loop
      vertex   2.827512e+00 1.677246e+01 5.000000e+00
      vertex   -4.393105e-01 1.563402e+01 5.000000e+00
      vertex   2.960799e+00 1.597371e+01 5.000000e+00
    endloop
  endfacet
  facet normal 0.000000e+00 0.000000e+00 1.000000e+00
    outer loop
      vertex   2.960799e+00 1.597371e+01 5.000000e+00
      vertex   -4.393105e-01 1.563402e+01 5.000000e+00
      vertex   -2.184580e-01 1.468070e+01 5.000000e+00
    endloop
  endfacet
  facet normal 0.000000e+00 0.000000e+00 1.000000e+00
    outer loop
      vertex   2.960799e+00 1.597371e+01 5.000000e+00
      vertex   -2.184580e-01 1.468070e+01 5.000000e+00
      vertex   3.181146e+00 1.519448e+01 5.000000e+00
    endloop
  endfacet
  facet normal 0.000000e+00 0.000000e+00 1.000000e+00
    outer loop
      vertex   3.181146e+00 1.519448e+01 5.000000e+00
      vertex   -2.184580e-01 1.468070e+01 5.000000e+00
      vertex   8.816909e-02 1.375142e+01 5.000000e+00
    endloop
  endfacet
  facet normal 0.000000e+00 0.000000e+00 1.000000e+00
    outer loop
      vertex   3.181146e+00 1.519448e+01 5.000000e+00
      vertex   8.816909e-02 1.375142e+01 5.000000e+00
      vertex   3.485878e+00 1.444421e+01 5.000000e+00
    endloop
  endfacet
  facet normal 0.000000e+00 0.000000e+00 1.000000e+00
    outer loop
      vertex   3.485878e+00 1.444421e+01 5.000000e+00
      vertex   8.816909e-02 1.375142e+01 5.000000e+00
      vertex   4.780300e-01 1.285387e+01 5.000000e+00
    endloop
  endfacet
  facet normal 0.000000e+00 0.000000e+00 1.000000e+00
    outer loop
      vertex   3.485878e+00 1.444421e+01 5.000000e+00
      vertex   4.780300e-01 1.285387e+01 5.000000e+00
      vertex   3.871295e+00 1.373202e+01 5.000000e+00
    endloop
  endfacet
  facet normal 0.000000e+00 0.000000e+00 1.000000e+00
    outer loop
      vertex   3.871295e+00 1.373202e+01 5.000000e+00
      vertex   4.780300e-01 1.285387e+01 5.000000e+00
      vertex   9.478942e-01 1.199549e+01 5.000000e+00
    endloop
  endfacet
  facet normal 0.000000e+00 0.000000e+00 1.000000e+00
    outer loop
      vertex   3.871295e+00 1.373202e+01 5.000000e+00
      vertex   9.478942e-01 1.199549e+01 5.000000e+00
      vertex   1.493868e+00 1.118340e+01 5.000000e+00
    endloop
  endfacet
  facet normal 0.000000e+00 0.000000e+00 1.000000e+00
    outer loop
      vertex   3.871295e+00 1.373202e+01 5.000000e+00
      vertex   1.493868e+00 1.118340e+01 5.000000e+00
      vertex   4.332720e+00 1.306656e+01 5.000000e+00
    endloop
  endfacet
  facet normal 0.000000e+00 0.000000e+00 1.000000e+00
    outer loop
      vertex   4.332720e+00 1.306656e+01 5.000000e+00
      vertex   1.493868e+00 1.118340e+01 5.000000e+00
      vertex   2.111428e+00 1.042431e+01 5.000000e+00
    endloop
  endfacet
  facet normal 0.000000e+00 0.000000e+00 1.000000e+00
    outer loop
      vertex   4.332720e+00 1.306656e+01 5.000000e+00
      vertex   2.111428e+00 1.042431e+01 5.000000e+00
      vertex   4.864551e+00 1.245589e+01 5.000000e+00
    endloop
  endfacet
  facet normal 0.000000e+00 0.000000e+00 1.000000e+00
    outer loop
      vertex   4.864551e+00 1.245589e+01 5.000000e+00
      vertex   2.111428e+00 1.042431e+01 5.000000e+00
      vertex   2.795457e+00 9.724533e+00 5.000000e+00
    endloop
  endfacet
  facet normal 0.000000e+00 0.000000e+00 1.000000e+00
    outer loop
      vertex   4.864551e+00 1.245589e+01 5.000000e+00
      vertex   2.795457e+00 9.724533e+00 5.000000e+00
      vertex   5.460333e+00 1.190743e+01 5.000000e+00
    endloop
  endfacet
  facet normal 0.000000e+00 0.000000e+00 1.000000e+00
    outer loop
      vertex   5.460333e+00 1.190743e+01 5.000000e+00
      vertex   2.795457e+00 9.724533e+00 5.000000e+00
      vertex   3.540285e+00 9.089854e+00 5.000000e+00
    endloop
  endfacet
  facet normal 0.000000e+00 0.000000e+00 1.000000e+00
    outer loop
      vertex   5.460333e+00 1.190743e+01 5.000000e+00
      vertex   3.540285e+00 9.089854e+00 5.000000e+00
      vertex   6.112834e+00 1.142785e+01 5.000000e+00
    endloop
  endfacet
  facet normal 0.000000e+00 0.000000e+00 1.000000e+00
    outer loop
      vertex   6.112834e+00 1.142785e+01 5.000000e+00
      vertex   3.540285e+00 9.089854e+00 5.000000e+00
      vertex   4.339743e+00 8.525535e+00 5.000000e+00
    endloop
  endfacet
  facet normal 0.000000e+00 0.000000e+00 1.000000e+00
    outer loop
      vertex   6.112834e+00 1.142785e+01 5.000000e+00
      vertex   4.339743e+00 8.525535e+00 5.000000e+00
      vertex   5.187204e+00 8.036253e+00 5.000000e+00
    endloop
  endfacet
  facet normal 0.000000e+00 0.000000e+00 1.000000e+00
    outer loop
      vertex   6.112834e+00 1.142785e+01 5.000000e+00
      vertex   5.187204e+00 8.036253e+00 5.000000e+00
      vertex   6.814133e+00 1.102295e+01 5.000000e+00
    endloop
  endfacet
  facet normal 0.000000e+00 0.000000e+00 1.000000e+00
    outer loop
      vertex   6.814133e+00 1.102295e+01 5.000000e+00
      vertex   5.187204e+00 8.036253e+00 5.000000e+00
      vertex   6.075646e+00 7.626062e+00 5.000000e+00
    endloop
  endfacet
  facet normal 0.000000e+00 0.000000e+00 1.000000e+00
    outer loop
      vertex   6.814133e+00 1.102295e+01 5.000000e+00
      vertex   6.075646e+00 7.626062e+00 5.000000e+00
      vertex   7.555717e+00 1.069766e+01 5.000000e+00
    endloop
  endfacet
  facet normal 0.000000e+00 0.000000e+00 1.000000e+00
    outer loop
      vertex   7.555717e+00 1.069766e+01 5.000000e+00
      vertex   6.075646e+00 7.626062e+00 5.000000e+00
      vertex   6.997709e+00 7.298361e+00 5.000000e+00
    endloop
  endfacet
  facet normal 0.000000e+00 0.000000e+00 1.000000e+00
    outer loop
      vertex   7.555717e+00 1.069766e+01 5.000000e+00
      vertex   6.997709e+00 7.298361e+00 5.000000e+00
      vertex   8.328585e+00 1.045593e+01 5.000000e+00
    endloop
  endfacet
  facet normal 0.000000e+00 0.000000e+00 1.000000e+00
    outer loop
      vertex   8.328585e+00 1.045593e+01 5.000000e+00
      vertex   6.997709e+00 7.298361e+00 5.000000e+00
      vertex   7.945751e+00 7.055866e+00 5.000000e+00
    endloop
  endfacet
  facet normal 0.000000e+00 0.000000e+00 1.000000e+00
    outer loop
      vertex   8.328585e+00 1.045593e+01 5.000000e+00
      vertex   7.945751e+00 7.055866e+00 5.000000e+00
      vertex   9.123354e+00 1.030068e+01 5.000000e+00
    endloop
  endfacet
  facet normal 0.000000e+00 0.000000e+00 1.000000e+00
    outer loop
      vertex   9.123354e+00 1.030068e+01 5.000000e+00
      vertex   7.945751e+00 7.055866e+00 5.000000e+00
      vertex   8.911916e+00 6.900585e+00 5.000000e+00
    endloop
  endfacet
  facet normal 0.000000e+00 0.000000e+00 1.000000e+00
    outer loop
      vertex   9.123354e+00 1.030068e+01 5.000000e+00
      vertex   8.911916e+00 6.900585e+00 5.000000e+00
      vertex   9.930378e+00 1.023381e+01 5.000000e+00
    endloop
  endfacet
  facet normal 0.000000e+00 0.000000e+00 1.000000e+00
    outer loop
      vertex   9.930378e+00 1.023381e+01 5.000000e+00
      vertex   8.911916e+00 6.900585e+00 5.000000e+00
      vertex   9.888198e+00 6.833805e+00 5.000000e+00
    endloop
  endfacet
  facet normal 0.000000e+00 0.000000e+00 1.000000e+00
    outer loop
      vertex   9.930378e+00 1.023381e+01 5.000000e+00
      vertex   9.888198e+00 6.833805e+00 5.000000e+00
      vertex   1.086651e+01 6.856080e+00 5.000000e+00
    endloop
  endfacet
  facet normal -0.000000e+00 0.000000e+00 1.000000e+00
    outer loop
      vertex   9.930378e+00 1.023381e+01 5.000000e+00
      vertex   1.086651e+01 6.856080e+00 5.000000e+00
      vertex   1.073986e+01 1.025612e+01 5.000000e+00
    endloop
  endfacet
  facet normal 0.000000e+00 0.000000e+00 1.000000e+00
    outer loop
      vertex   1.073986e+01 1.025612e+01 5.000000e+00
      vertex   1.086651e+01 6.856080e+00 5.000000e+00
      vertex   1.183874e+01 6.967226e+00 5.000000e+00
    endloop
  endfacet
  facet normal -0.000000e+00 0.000000e+00 1.000000e+00
    outer loop
      vertex   1.073986e+01 1.025612e+01 5.000000e+00
      vertex   1.183874e+01 6.967226e+00 5.000000e+00
      vertex   1.154198e+01 1.036735e+01 5.000000e+00
    endloop
  endfacet
  facet normal 0.000000e+00 0.000000e+00 1.000000e+00
    outer loop
      vertex   1.154198e+01 1.036735e+01 5.000000e+00
      vertex   1.183874e+01 6.967226e+00 5.000000e+00
      vertex   1.279684e+01 7.166320e+00 5.000000e+00
    endloop
  endfacet
  facet normal -0.000000e+00 0.000000e+00 1.000000e+00
    outer loop
      vertex   1.154198e+01 1.036735e+01 5.000000e+00
      vertex   1.279684e+01 7.166320e+00 5.000000e+00
      vertex   1.232699e+01 1.056614e+01 5.000000e+00
    endloop
  endfacet
  facet normal 0.000000e+00 0.000000e+00 1.000000e+00
    outer loop
      vertex   1.232699e+01 1.056614e+01 5.000000e+00
      vertex   1.279684e+01 7.166320e+00 5.000000e+00
      vertex   1.373286e+01 7.451715e+00 5.000000e+00
    endloop
  endfacet
  facet normal -0.000000e+00 0.000000e+00 1.000000e+00
    outer loop
      vertex   1.232699e+01 1.056614e+01 5.000000e+00
      vertex   1.373286e+01 7.451715e+00 5.000000e+00
      vertex   1.308536e+01 1.085009e+01 5.000000e+00
    endloop
  endfacet
  facet normal 0.000000e+00 0.000000e+00 1.000000e+00
    outer loop
      vertex   1.308536e+01 1.085009e+01 5.000000e+00
      vertex   1.373286e+01 7.451715e+00 5.000000e+00
      vertex   1.463905e+01 7.821043e+00 5.000000e+00
    endloop
  endfacet
  facet normal -0.000000e+00 0.000000e+00 1.000000e+00
    outer loop
      vertex   1.308536e+01 1.085009e+01 5.000000e+00
      vertex   1.463905e+01 7.821043e+00 5.000000e+00
      vertex   1.380790e+01 1.121573e+01 5.000000e+00
    endloop
  endfacet
  facet normal 0.000000e+00 0.000000e+00 1.000000e+00
    outer loop
      vertex   1.380790e+01 1.121573e+01 5.000000e+00
      vertex   1.463905e+01 7.821043e+00 5.000000e+00
      vertex   1.550790e+01 8.271246e+00 5.000000e+00
    endloop
  endfacet
  facet normal 0.000000e+00 0.000000e+00 1.000000e+00
    outer loop
      vertex   1.380790e+01 1.121573e+01 5.000000e+00
      vertex   1.550790e+01 8.271246e+00 5.000000e+00
      vertex   1.633222e+01 8.798593e+00 5.000000e+00
    endloop
  endfacet
  facet normal -0.000000e+00 0.000000e+00 1.000000e+00
    outer loop
      vertex   1.380790e+01 1.121573e+01 5.000000e+00
      vertex   1.633222e+01 8.798593e+00 5.000000e+00
      vertex   1.448583e+01 1.165865e+01 5.000000e+00
    endloop
  endfacet
  facet normal 0.000000e+00 0.000000e+00 1.000000e+00
    outer loop
      vertex   1.448583e+01 1.165865e+01 5.000000e+00
      vertex   1.633222e+01 8.798593e+00 5.000000e+00
      vertex   1.710516e+01 9.398714e+00 5.000000e+00
    endloop
  endfacet
  facet normal -0.000000e+00 0.000000e+00 1.000000e+00
    outer loop
      vertex   1.448583e+01 1.165865e+01 5.000000e+00
      vertex   1.710516e+01 9.398714e+00 5.000000e+00
      vertex   1.511092e+01 1.217345e+01 5.000000e+00
    endloop
  endfacet
  facet normal 0.000000e+00 0.000000e+00 1.000000e+00
    outer loop
      vertex   1.511092e+01 1.217345e+01 5.000000e+00
      vertex   1.710516e+01 9.398714e+00 5.000000e+00
      vertex   1.782033e+01 1.006664e+01 5.000000e+00
    endloop
  endfacet
  facet normal -0.000000e+00 0.000000e+00 1.000000e+00
    outer loop
      vertex   1.511092e+01 1.217345e+01 5.000000e+00
      vertex   1.782033e+01 1.006664e+01 5.000000e+00
      vertex   1.567559e+01 1.275389e+01 5.000000e+00
    endloop
  endfacet
  facet normal 0.000000e+00 0.000000e+00 1.000000e+00
    outer loop
      vertex   1.567559e+01 1.275389e+01 5.000000e+00
      vertex   1.782033e+01 1.006664e+01 5.000000e+00
      vertex   1.847180e+01 1.079682e+01 5.000000e+00
    endloop
  endfacet
  facet normal -0.000000e+00 0.000000e+00 1.000000e+00
    outer loop
      vertex   1.567559e+01 1.275389e+01 5.000000e+00
      vertex   1.847180e+01 1.079682e+01 5.000000e+00
      vertex   1.617297e+01 1.339293e+01 5.000000e+00
    endloop
  endfacet
  facet normal 0.000000e+00 0.000000e+00 1.000000e+00
    outer loop
      vertex   1.617297e+01 1.339293e+01 5.000000e+00
      vertex   1.847180e+01 1.079682e+01 5.000000e+00
      vertex   1.905417e+01 1.158323e+01 5.000000e+00
    endloop
  endfacet
  facet normal -0.000000e+00 0.000000e+00 1.000000e+00
    outer loop
      vertex   1.617297e+01 1.339293e+01 5.000000e+00
      vertex   1.905417e+01 1.158323e+01 5.000000e+00
      vertex   1.659703e+01 1.408281e+01 5.000000e+00
    endloop
  endfacet
  facet normal 0.000000e+00 0.000000e+00 1.000000e+00
    outer loop
      vertex   1.659703e+01 1.408281e+01 5.000000e+00
      vertex   1.905417e+01 1.158323e+01 5.000000e+00
      vertex   1.956262e+01 1.241933e+01 5.000000e+00
    endloop
  endfacet
  facet normal 0.000000e+00 0.000000e+00 1.000000e+00
    outer loop
      vertex   1.659703e+01 1.408281e+01 5.000000e+00
      vertex   1.956262e+01 1.241933e+01 5.000000e+00
      vertex   1.999292e+01 1.329821e+01 5.000000e+00
    endloop
  endfacet
  facet normal -0.000000e+00 0.000000e+00 1.000000e+00
    outer loop
      vertex   1.659703e+01 1.408281e+01 5.000000e+00
      vertex   1.999292e+01 1.329821e+01 5.000000e+00
      vertex   1.694263e+01 1.481515e+01 5.000000e+00
    endloop
  endfacet
  facet normal 0.000000e+00 0.000000e+00 1.000000e+00
    outer loop
      vertex   1.694263e+01 1.481515e+01 5.000000e+00
      vertex   1.999292e+01 1.329821e+01 5.000000e+00
      vertex   2.034153e+01 1.421257e+01 5.000000e+00
    endloop
  endfacet
  facet normal -0.000000e+00 0.000000e+00 1.000000e+00
    outer loop
      vertex   1.694263e+01 1.481515e+01 5.000000e+00
      vertex   2.034153e+01 1.421257e+01 5.000000e+00
      vertex   1.720557e+01 1.558106e+01 5.000000e+00
    endloop
  endfacet
  facet normal 0.000000e+00 0.000000e+00 1.000000e+00
    outer loop
      vertex   1.720557e+01 1.558106e+01 5.000000e+00
      vertex   2.034153e+01 1.421257e+01 5.000000e+00
      vertex   2.060554e+01 1.515485e+01 5.000000e+00
    endloop
  endfacet
  facet normal -0.000000e+00 0.000000e+00 1.000000e+00
    outer loop
      vertex   1.720557e+01 1.558106e+01 5.000000e+00
      vertex   2.060554e+01 1.515485e+01 5.000000e+00
      vertex   1.738266e+01 1.637125e+01 5.000000e+00
    endloop
  endfacet
  facet normal 0.000000e+00 0.000000e+00 1.000000e+00
    outer loop
      vertex   1.738266e+01 1.637125e+01 5.000000e+00
      vertex   2.060554e+01 1.515485e+01 5.000000e+00
      vertex   2.078278e+01 1.611723e+01 5.000000e+00
    endloop
  endfacet
  facet normal -0.000000e+00 0.000000e+00 1.000000e+00
    outer loop
      vertex   1.738266e+01 1.637125e+01 5.000000e+00
      vertex   2.078278e+01 1.611723e+01 5.000000e+00
      vertex   1.747174e+01 1.717612e+01 5.000000e+00
    endloop
  endfacet
  facet normal 0.000000e+00 0.000000e+00 1.000000e+00
    outer loop
      vertex   1.747174e+01 1.717612e+01 5.000000e+00
      vertex   2.078278e+01 1.611723e+01 5.000000e+00
      vertex   2.087176e+01 1.709174e+01 5.000000e+00
    endloop
  endfacet
  facet normal -0.000000e+00 0.000000e+00 1.000000e+00
    outer loop
      vertex   1.747174e+01 1.717612e+01 5.000000e+00
      vertex   2.087176e+01 1.709174e+01 5.000000e+00
      vertex   1.747174e+01 1.798591e+01 5.000000e+00
    endloop
  endfacet
  facet normal -0.000000e+00 0.000000e+00 1.000000e+00
    outer loop
      vertex   1.747174e+01 1.798591e+01 5.000000e+00
      vertex   2.087176e+01 1.709174e+01 5.000000e+00
      vertex   2.087176e+01 1.807030e+01 5.000000e+00
    endloop
  endfacet
  facet normal 0.000000e+00 0.000000e+00 1.000000e+00
    outer loop
      vertex   1.747174e+01 1.798591e+01 5.000000e+00
      vertex   2.087176e+01 1.807030e+01 5.000000e+00
      vertex   2.078278e+01 1.904481e+01 5.000000e+00
    endloop
  endfacet
  facet normal 0.000000e+00 -0.000000e+00 1.000000e+00
    outer loop
      vertex   1.747174e+01 1.798591e+01 5.000000e+00
      vertex   2.078278e+01 1.904481e+01 5.000000e+00
      vertex   1.738266e+01 1.879079e+01 5.000000e+00
    endloop
  endfacet
  facet normal 0.000000e+00 0.000000e+00 1.000000e+00
    outer loop
      vertex   1.738266e+01 1.879079e+01 5.000000e+00
      vertex   2.078278e+01 1.904481e+01 5.000000e+00
      vertex   2.060554e+01 2.000719e+01 5.000000e+00
    endloop
  endfacet
  facet normal 0.000000e+00 -0.000000e+00 1.000000e+00
    outer loop
      vertex   1.738266e+01 1.879079e+01 5.000000e+00
      vertex   2.060554e+01 2.000719e+01 5.000000e+00
      vertex   1.720557e+01 1.958098e+01 5.000000e+00
    endloop
  endfacet
  facet normal 0.000000e+00 0.000000e+00 1.000000e+00
    outer loop
      vertex   1.720557e+01 1.958098e+01 5.000000e+00
      vertex   2.060554e+01 2.000719e+01 5.000000e+00
      vertex   2.034153e+01 2.094947e+01 5.000000e+00
    endloop
  endfacet
  facet normal 0.000000e+00 -0.000000e+00 1.000000e+00
    outer loop
      vertex   1.720557e+01 1.958098e+01 5.000000e+00
      vertex   2.034153e+01 2.094947e+01 5.000000e+00
      vertex   1.694263e+01 2.034689e+01 5.000000e+00
    endloop
  endfacet
  facet normal 0.000000e+00 0.000000e+00 1.000000e+00
    outer loop
      vertex   1.694263e+01 2.034689e+01 5.000000e+00
      vertex   2.034153e+01 2.094947e+01 5.000000e+00
      vertex   1.999292e+01 2.186383e+01 5.000000e+00
    endloop
  endfacet
  facet normal 0.000000e+00 -0.000000e+00 1.000000e+00
    outer loop
      vertex   1.694263e+01 2.034689e+01 5.000000e+00
      vertex   1.999292e+01 2.186383e+01 5.000000e+00
      vertex   1.659703e+01 2.107923e+01 5.000000e+00
    endloop
  endfacet
  facet normal 0.000000e+00 0.000000e+00 1.000000e+00
    outer loop
      vertex   1.659703e+01 2.107923e+01 5.000000e+00
      vertex   1.999292e+01 2.186383e+01 5.000000e+00
      vertex   1.956262e+01 2.274271e+01 5.000000e+00
    endloop
  endfacet
  facet normal 0.000000e+00 0.000000e+00 1.000000e+00
    outer loop
      vertex   1.659703e+01 2.107923e+01 5.000000e+00
      vertex   1.956262e+01 2.274271e+01 5.000000e+00
      vertex   1.905417e+01 2.357881e+01 5.000000e+00
    endloop
  endfacet
  facet normal 0.000000e+00 -0.000000e+00 1.000000e+00
    outer loop
      vertex   1.659703e+01 2.107923e+01 5.000000e+00
      vertex   1.905417e+01 2.357881e+01 5.000000e+00
      vertex   1.617297e+01 2.176911e+01 5.000000e+00
    endloop
  endfacet
  facet normal 0.000000e+00 0.000000e+00 1.000000e+00
    outer loop
      vertex   1.617297e+01 2.176911e+01 5.000000e+00
      vertex   1.905417e+01 2.357881e+01 5.000000e+00
      vertex   1.847180e+01 2.436521e+01 5.000000e+00
    endloop
  endfacet
  facet normal 0.000000e+00 -0.000000e+00 1.000000e+00
    outer loop
      vertex   1.617297e+01 2.176911e+01 5.000000e+00
      vertex   1.847180e+01 2.436521e+01 5.000000e+00
      vertex   1.567559e+01 2.240815e+01 5.000000e+00
    endloop
  endfacet
  facet normal 0.000000e+00 0.000000e+00 1.000000e+00
    outer loop
      vertex   1.567559e+01 2.240815e+01 5.000000e+00
      vertex   1.847180e+01 2.436521e+01 5.000000e+00
      vertex   1.782033e+01 2.509540e+01 5.000000e+00
    endloop
  endfacet
  facet normal 0.000000e+00 -0.000000e+00 1.000000e+00
    outer loop
      vertex   1.567559e+01 2.240815e+01 5.000000e+00
      vertex   1.782033e+01 2.509540e+01 5.000000e+00
      vertex   1.511092e+01 2.298859e+01 5.000000e+00
    endloop
  endfacet
  facet normal 0.000000e+00 0.000000e+00 1.000000e+00
    outer loop
      vertex   1.511092e+01 2.298859e+01 5.000000e+00
      vertex   1.782033e+01 2.509540e+01 5.000000e+00
      vertex   1.710516e+01 2.576333e+01 5.000000e+00
    endloop
  endfacet
  facet normal 0.000000e+00 -0.000000e+00 1.000000e+00
    outer loop
      vertex   1.511092e+01 2.298859e+01 5.000000e+00
      vertex   1.710516e+01 2.576333e+01 5.000000e+00
      vertex   1.448583e+01 2.350339e+01 5.000000e+00
    endloop
  endfacet
  facet normal 0.000000e+00 0.000000e+00 1.000000e+00
    outer loop
      vertex   1.448583e+01 2.350339e+01 5.000000e+00
      vertex   1.710516e+01 2.576333e+01 5.000000e+00
      vertex   1.633222e+01 2.636345e+01 5.000000e+00
    endloop
  endfacet
  facet normal 0.000000e+00 -0.000000e+00 1.000000e+00
    outer loop
      vertex   1.448583e+01 2.350339e+01 5.000000e+00
      vertex   1.633222e+01 2.636345e+01 5.000000e+00
      vertex   1.380790e+01 2.394631e+01 5.000000e+00
    endloop
  endfacet
  facet normal 0.000000e+00 0.000000e+00 1.000000e+00
    outer loop
      vertex   1.380790e+01 2.394631e+01 5.000000e+00
      vertex   1.633222e+01 2.636345e+01 5.000000e+00
      vertex   1.550790e+01 2.689079e+01 5.000000e+00
    endloop
  endfacet
  facet normal 0.000000e+00 0.000000e+00 1.000000e+00
    outer loop
      vertex   1.380790e+01 2.394631e+01 5.000000e+00
      vertex   1.550790e+01 2.689079e+01 5.000000e+00
      vertex   1.463905e+01 2.734100e+01 5.000000e+00
    endloop
  endfacet
  facet normal 0.000000e+00 -0.000000e+00 1.000000e+00
    outer loop
      vertex   1.380790e+01 2.394631e+01 5.000000e+00
      vertex   1.463905e+01 2.734100e+01 5.000000e+00
      vertex   1.308536e+01 2.431195e+01 5.000000e+00
    endloop
  endfacet
  facet normal 0.000000e+00 0.000000e+00 1.000000e+00
    outer loop
      vertex   1.308536e+01 2.431195e+01 5.000000e+00
      vertex   1.463905e+01 2.734100e+01 5.000000e+00
      vertex   1.373286e+01 2.771032e+01 5.000000e+00
    endloop
  endfacet
  facet normal 0.000000e+00 -0.000000e+00 1.000000e+00
    outer loop
      vertex   1.308536e+01 2.431195e+01 5.000000e+00
      vertex   1.373286e+01 2.771032e+01 5.000000e+00
      vertex   1.232699e+01 2.459590e+01 5.000000e+00
    endloop
  endfacet
  facet normal 0.000000e+00 0.000000e+00 1.000000e+00
    outer loop
      vertex   1.232699e+01 2.459590e+01 5.000000e+00
      vertex   1.373286e+01 2.771032e+01 5.000000e+00
      vertex   1.279684e+01 2.799572e+01 5.000000e+00
    endloop
  endfacet
  facet normal 0.000000e+00 -0.000000e+00 1.000000e+00
    outer loop
      vertex   1.232699e+01 2.459590e+01 5.000000e+00
      vertex   1.279684e+01 2.799572e+01 5.000000e+00
      vertex   1.154198e+01 2.479469e+01 5.000000e+00
    endloop
  endfacet
  facet normal 0.000000e+00 0.000000e+00 1.000000e+00
    outer loop
      vertex   1.154198e+01 2.479469e+01 5.000000e+00
      vertex   1.279684e+01 2.799572e+01 5.000000e+00
      vertex   1.183874e+01 2.819481e+01 5.000000e+00
    endloop
  endfacet
  facet normal 0.000000e+00 -0.000000e+00 1.000000e+00
    outer loop
      vertex   1.154198e+01 2.479469e+01 5.000000e+00
      vertex   1.183874e+01 2.819481e+01 5.000000e+00
      vertex   1.073986e+01 2.490592e+01 5.000000e+00
    endloop
  endfacet
  facet normal 0.000000e+00 0.000000e+00 1.000000e+00
    outer loop
      vertex   1.073986e+01 2.490592e+01 5.000000e+00
      vertex   1.183874e+01 2.819481e+01 5.000000e+00
      vertex   1.086651e+01 2.830596e+01 5.000000e+00
    endloop
  endfacet
  facet normal 0.000000e+00 -0.000000e+00 1.000000e+00
    outer loop
      vertex   1.073986e+01 2.490592e+01 5.000000e+00
      vertex   1.086651e+01 2.830596e+01 5.000000e+00
      vertex   9.930378e+00 2.492823e+01 5.000000e+00
    endloop
  endfacet
  facet normal 0.000000e+00 -0.000000e+00 1.000000e+00
    outer loop
      vertex   9.930378e+00 2.492823e+01 5.000000e+00
      vertex   1.086651e+01 2.830596e+01 5.000000e+00
      vertex   9.888198e+00 2.832823e+01 5.000000e+00
    endloop
  endfacet
  facet normal 0.000000e+00 0.000000e+00 1.000000e+00
    outer loop
      vertex   9.930378e+00 2.492823e+01 5.000000e+00
      vertex   9.888198e+00 2.832823e+01 5.000000e+00
      vertex   8.911916e+00 2.826145e+01 5.000000e+00
    endloop
  endfacet
  facet normal 0.000000e+00 0.000000e+00 1.000000e+00
    outer loop
      vertex   9.930378e+00 2.492823e+01 5.000000e+00
      vertex   8.911916e+00 2.826145e+01 5.000000e+00
      vertex   9.123354e+00 2.486136e+01 5.000000e+00
    endloop
  endfacet
  facet normal 0.000000e+00 0.000000e+00 1.000000e+00
    outer loop
      vertex   9.123354e+00 2.486136e+01 5.000000e+00
      vertex   8.911916e+00 2.826145e+01 5.000000e+00
      vertex   7.945751e+00 2.810617e+01 5.000000e+00
    endloop
  endfacet
  facet normal 0.000000e+00 0.000000e+00 1.000000e+00
    outer loop
      vertex   9.123354e+00 2.486136e+01 5.000000e+00
      vertex   7.945751e+00 2.810617e+01 5.000000e+00
      vertex   8.328585e+00 2.470611e+01 5.000000e+00
    endloop
  endfacet
  facet normal 0.000000e+00 0.000000e+00 1.000000e+00
    outer loop
      vertex   8.328585e+00 2.470611e+01 5.000000e+00
      vertex   7.945751e+00 2.810617e+01 5.000000e+00
      vertex   6.997709e+00 2.786368e+01 5.000000e+00
    endloop
  endfacet
  facet normal 0.000000e+00 0.000000e+00 1.000000e+00
    outer loop
      vertex   8.328585e+00 2.470611e+01 5.000000e+00
      vertex   6.997709e+00 2.786368e+01 5.000000e+00
      vertex   7.555717e+00 2.446438e+01 5.000000e+00
    endloop
  endfacet
  facet normal 0.000000e+00 0.000000e+00 1.000000e+00
    outer loop
      vertex   7.555717e+00 2.446438e+01 5.000000e+00
      vertex   6.997709e+00 2.786368e+01 5.000000e+00
      vertex   6.075646e+00 2.753598e+01 5.000000e+00
    endloop
  endfacet
  facet normal 0.000000e+00 0.000000e+00 1.000000e+00
    outer loop
      vertex   7.555717e+00 2.446438e+01 5.000000e+00
      vertex   6.075646e+00 2.753598e+01 5.000000e+00
      vertex   6.814133e+00 2.413909e+01 5.000000e+00
    endloop
  endfacet
  facet normal 0.000000e+00 0.000000e+00 1.000000e+00
    outer loop
      vertex   6.814133e+00 2.413909e+01 5.000000e+00
      vertex   6.075646e+00 2.753598e+01 5.000000e+00
      vertex   5.187204e+00 2.712579e+01 5.000000e+00
    endloop
  endfacet
  facet normal 0.000000e+00 0.000000e+00 1.000000e+00
    outer loop
      vertex   6.814133e+00 2.413909e+01 5.000000e+00
      vertex   5.187204e+00 2.712579e+01 5.000000e+00
      vertex   6.112834e+00 2.373419e+01 5.000000e+00
    endloop
  endfacet
  facet normal 0.000000e+00 0.000000e+00 1.000000e+00
    outer loop
      vertex   6.112834e+00 2.373419e+01 5.000000e+00
      vertex   5.187204e+00 2.712579e+01 5.000000e+00
      vertex   4.339743e+00 2.663650e+01 5.000000e+00
    endloop
  endfacet
  facet normal 0.000000e+00 0.000000e+00 1.000000e+00
    outer loop
      vertex   6.112834e+00 2.373419e+01 5.000000e+00
      vertex   4.339743e+00 2.663650e+01 5.000000e+00
      vertex   3.540285e+00 2.607219e+01 5.000000e+00
    endloop
  endfacet
  facet normal 0.000000e+00 0.000000e+00 1.000000e+00
    outer loop
      vertex   6.112834e+00 2.373419e+01 5.000000e+00
      vertex   3.540285e+00 2.607219e+01 5.000000e+00
      vertex   5.460333e+00 2.325461e+01 5.000000e+00
    endloop
  endfacet
  facet normal 0.000000e+00 0.000000e+00 1.000000e+00
    outer loop
      vertex   5.460333e+00 2.325461e+01 5.000000e+00
      vertex   3.540285e+00 2.607219e+01 5.000000e+00
      vertex   2.795457e+00 2.543751e+01 5.000000e+00
    endloop
  endfacet
  facet normal 0.000000e+00 0.000000e+00 1.000000e+00
    outer loop
      vertex   5.460333e+00 2.325461e+01 5.000000e+00
      vertex   2.795457e+00 2.543751e+01 5.000000e+00
      vertex   4.864551e+00 2.270615e+01 5.000000e+00
    endloop
  endfacet
  facet normal 0.000000e+00 0.000000e+00 1.000000e+00
    outer loop
      vertex   4.864551e+00 2.270615e+01 5.000000e+00
      vertex   2.795457e+00 2.543751e+01 5.000000e+00
      vertex   2.111428e+00 2.473773e+01 5.000000e+00
    endloop
  endfacet
  facet normal 0.000000e+00 0.000000e+00 1.000000e+00
    outer loop
      vertex   4.864551e+00 2.270615e+01 5.000000e+00
      vertex   2.111428e+00 2.473773e+01 5.000000e+00
      vertex   4.332720e+00 2.209548e+01 5.000000e+00
    endloop
  endfacet
  facet normal 0.000000e+00 0.000000e+00 1.000000e+00
    outer loop
      vertex   4.332720e+00 2.209548e+01 5.000000e+00
      vertex   2.111428e+00 2.473773e+01 5.000000e+00
      vertex   1.493868e+00 2.397864e+01 5.000000e+00
    endloop
  endfacet
  facet normal 0.000000e+00 0.000000e+00 1.000000e+00
    outer loop
      vertex   4.332720e+00 2.209548e+01 5.000000e+00
      vertex   1.493868e+00 2.397864e+01 5.000000e+00
      vertex   3.871295e+00 2.143002e+01 5.000000e+00
    endloop
  endfacet
  facet normal 0.000000e+00 0.000000e+00 1.000000e+00
    outer loop
      vertex   3.871295e+00 2.143002e+01 5.000000e+00
      vertex   1.493868e+00 2.397864e+01 5.000000e+00
      vertex   9.478942e-01 2.316655e+01 5.000000e+00
    endloop
  endfacet
  facet normal 0.000000e+00 0.000000e+00 1.000000e+00
    outer loop
      vertex   3.871295e+00 2.143002e+01 5.000000e+00
      vertex   9.478942e-01 2.316655e+01 5.000000e+00
      vertex   4.780300e-01 2.230817e+01 5.000000e+00
    endloop
  endfacet
  facet normal 0.000000e+00 0.000000e+00 1.000000e+00
    outer loop
      vertex   3.871295e+00 2.143002e+01 5.000000e+00
      vertex   4.780300e-01 2.230817e+01 5.000000e+00
      vertex   3.485878e+00 2.071783e+01 5.000000e+00
    endloop
  endfacet
  facet normal 0.000000e+00 0.000000e+00 1.000000e+00
    outer loop
      vertex   3.485878e+00 2.071783e+01 5.000000e+00
      vertex   4.780300e-01 2.230817e+01 5.000000e+00
      vertex   8.816909e-02 2.141062e+01 5.000000e+00
    endloop
  endfacet
  facet normal 0.000000e+00 0.000000e+00 1.000000e+00
    outer loop
      vertex   3.485878e+00 2.071783e+01 5.000000e+00
      vertex   8.816909e-02 2.141062e+01 5.000000e+00
      vertex   3.181146e+00 1.996756e+01 5.000000e+00
    endloop
  endfacet
  facet normal 0.000000e+00 0.000000e+00 1.000000e+00
    outer loop
      vertex   3.181146e+00 1.996756e+01 5.000000e+00
      vertex   8.816909e-02 2.141062e+01 5.000000e+00
      vertex   -2.184580e-01 2.048133e+01 5.000000e+00
    endloop
  endfacet
  facet normal 0.000000e+00 0.000000e+00 1.000000e+00
    outer loop
      vertex   3.181146e+00 1.996756e+01 5.000000e+00
      vertex   -2.184580e-01 2.048133e+01 5.000000e+00
      vertex   2.960799e+00 1.918833e+01 5.000000e+00
    endloop
  endfacet
  facet normal 0.000000e+00 0.000000e+00 1.000000e+00
    outer loop
      vertex   2.960799e+00 1.918833e+01 5.000000e+00
      vertex   -2.184580e-01 2.048133e+01 5.000000e+00
      vertex   -4.393105e-01 1.952802e+01 5.000000e+00
    endloop
  endfacet
  facet normal 0.000000e+00 0.000000e+00 1.000000e+00
    outer loop
      vertex   2.960799e+00 1.918833e+01 5.000000e+00
      vertex   -4.393105e-01 1.952802e+01 5.000000e+00
      vertex   2.827512e+00 1.838958e+01 5.000000e+00
    endloop
  endfacet
  facet normal 0.000000e+00 0.000000e+00 1.000000e+00
    outer loop
      vertex   2.827512e+00 1.838958e+01 5.000000e+00
      vertex   -4.393105e-01 1.952802e+01 5.000000e+00
      vertex   -5.725582e-01 1.855857e+01 5.000000e+00
    endloop
  endfacet
  facet normal 0.000000e+00 0.000000e+00 1.000000e+00
    outer loop
      vertex   2.827512e+00 1.838958e+01 5.000000e+00
      vertex   -5.725582e-01 1.855857e+01 5.000000e+00
      vertex   2.782903e+00 1.758102e+01 5.000000e+00
    endloop
  endfacet
  facet normal -9.984815e-01 -5.508776e-02 0.000000e+00
    outer loop
      vertex   2.827512e+00 1.677246e+01 5.000000e+00
      vertex   2.827512e+00 1.677246e+01 1.500000e+01
      vertex   2.782903e+00 1.758102e+01 5.000000e+00
    endloop
  endfacet
  facet normal -9.984815e-01 -5.508776e-02 0.000000e+00
    outer loop
      vertex   2.782903e+00 1.758102e+01 5.000000e+00
      vertex   2.827512e+00 1.677246e+01 1.500000e+01
      vertex   2.782903e+00 1.758102e+01 1.500000e+01
    endloop
  endfacet
  facet normal -9.984815e-01 5.508776e-02 0.000000e+00
    outer loop
      vertex   2.782903e+00 1.758102e+01 5.000000e+00
      vertex   2.782903e+00 1.758102e+01 1.500000e+01
      vertex   2.827512e+00 1.838958e+01 5.000000e+00
    endloop
  endfacet
  facet normal -9.984815e-01 5.508776e-02 0.000000e+00
    outer loop
      vertex   2.827512e+00 1.838958e+01 5.000000e+00
      vertex   2.782903e+00 1.758102e+01 1.500000e+01
      vertex   2.827512e+00 1.838958e+01 1.500000e+01
    endloop
  endfacet
  facet normal -9.863613e-01 1.645946e-01 0.000000e+00
    outer loop
      vertex   2.827512e+00 1.838958e+01 5.000000e+00
      vertex   2.827512e+00 1.838958e+01 1.500000e+01
      vertex   2.960799e+00 1.918833e+01 5.000000e+00
    endloop
  endfacet
  facet normal -9.863613e-01 1.645946e-01 0.000000e+00
    outer loop
      vertex   2.960799e+00 1.918833e+01 5.000000e+00
      vertex   2.827512e+00 1.838958e+01 1.500000e+01
      vertex   2.960799e+00 1.918833e+01 1.500000e+01
    endloop
  endfacet
  facet normal -9.622680e-01 2.721035e-01 0.000000e+00
    outer loop
      vertex   2.960799e+00 1.918833e+01 5.000000e+00
      vertex   2.960799e+00 1.918833e+01 1.500000e+01
      vertex   3.181146e+00 1.996756e+01 5.000000e+00
    endloop
  endfacet
  facet normal -9.622680e-01 2.721035e-01 0.000000e+00
    outer loop
      vertex   3.181146e+00 1.996756e+01 5.000000e+00
      vertex   2.960799e+00 1.918833e+01 1.500000e+01
      vertex   3.181146e+00 1.996756e+01 1.500000e+01
    endloop
  endfacet
  facet normal -9.264941e-01 3.763094e-01 0.000000e+00
    outer loop
      vertex   3.181146e+00 1.996756e+01 5.000000e+00
      vertex   3.181146e+00 1.996756e+01 1.500000e+01
      vertex   3.485878e+00 2.071783e+01 5.000000e+00
    endloop
  endfacet
  facet normal -9.264941e-01 3.763094e-01 0.000000e+00
    outer loop
      vertex   3.485878e+00 2.071783e+01 5.000000e+00
      vertex   3.181146e+00 1.996756e+01 1.500000e+01
      vertex   3.485878e+00 2.071783e+01 1.500000e+01
    endloop
  endfacet
  facet normal -8.794738e-01 4.759474e-01 0.000000e+00
    outer loop
      vertex   3.485878e+00 2.071783e+01 5.000000e+00
      vertex   3.485878e+00 2.071783e+01 1.500000e+01
      vertex   3.871295e+00 2.143002e+01 5.000000e+00
    endloop
  endfacet
  facet normal -8.794738e-01 4.759474e-01 0.000000e+00
    outer loop
      vertex   3.871295e+00 2.143002e+01 5.000000e+00
      vertex   3.485878e+00 2.071783e+01 1.500000e+01
      vertex   3.871295e+00 2.143002e+01 1.500000e+01
    endloop
  endfacet
  facet normal -8.217778e-01 5.698081e-01 0.000000e+00
    outer loop
      vertex   3.871295e+00 2.143002e+01 5.000000e+00
      vertex   3.871295e+00 2.143002e+01 1.500000e+01
      vertex   4.332720e+00 2.209548e+01 5.000000e+00
    endloop
  endfacet
  facet normal -8.217778e-01 5.698081e-01 0.000000e+00
    outer loop
      vertex   4.332720e+00 2.209548e+01 5.000000e+00
      vertex   3.871295e+00 2.143002e+01 1.500000e+01
      vertex   4.332720e+00 2.209548e+01 1.500000e+01
    endloop
  endfacet
  facet normal -7.541066e-01 6.567520e-01 0.000000e+00
    outer loop
      vertex   4.332720e+00 2.209548e+01 5.000000e+00
      vertex   4.332720e+00 2.209548e+01 1.500000e+01
      vertex   4.864551e+00 2.270615e+01 5.000000e+00
    endloop
  endfacet
  facet normal -7.541066e-01 6.567520e-01 0.000000e+00
    outer loop
      vertex   4.864551e+00 2.270615e+01 5.000000e+00
      vertex   4.332720e+00 2.209548e+01 1.500000e+01
      vertex   4.864551e+00 2.270615e+01 1.500000e+01
    endloop
  endfacet
  facet normal -6.772816e-01 7.357239e-01 0.000000e+00
    outer loop
      vertex   4.864551e+00 2.270615e+01 5.000000e+00
      vertex   4.864551e+00 2.270615e+01 1.500000e+01
      vertex   5.460333e+00 2.325461e+01 5.000000e+00
    endloop
  endfacet
  facet normal -6.772816e-01 7.357239e-01 0.000000e+00
    outer loop
      vertex   5.460333e+00 2.325461e+01 5.000000e+00
      vertex   4.864551e+00 2.270615e+01 1.500000e+01
      vertex   5.460333e+00 2.325461e+01 1.500000e+01
    endloop
  endfacet
  facet normal -5.922353e-01 8.057651e-01 0.000000e+00
    outer loop
      vertex   5.460333e+00 2.325461e+01 5.000000e+00
      vertex   5.460333e+00 2.325461e+01 1.500000e+01
      vertex   6.112834e+00 2.373419e+01 5.000000e+00
    endloop
  endfacet
  facet normal -5.922353e-01 8.057651e-01 0.000000e+00
    outer loop
      vertex   6.112834e+00 2.373419e+01 5.000000e+00
      vertex   5.460333e+00 2.325461e+01 1.500000e+01
      vertex   6.112834e+00 2.373419e+01 1.500000e+01
    endloop
  endfacet
  facet normal -5.000000e-01 8.660254e-01 0.000000e+00
    outer loop
      vertex   6.112834e+00 2.373419e+01 5.000000e+00
      vertex   6.112834e+00 2.373419e+01 1.500000e+01
      vertex   6.814133e+00 2.413909e+01 5.000000e+00
    endloop
  endfacet
  facet normal -5.000000e-01 8.660254e-01 0.000000e+00
    outer loop
      vertex   6.814133e+00 2.413909e+01 5.000000e+00
      vertex   6.112834e+00 2.373419e+01 1.500000e+01
      vertex   6.814133e+00 2.413909e+01 1.500000e+01
    endloop
  endfacet
  facet normal -4.016954e-01 9.157733e-01 0.000000e+00
    outer loop
      vertex   6.814133e+00 2.413909e+01 5.000000e+00
      vertex   6.814133e+00 2.413909e+01 1.500000e+01
      vertex   7.555717e+00 2.446438e+01 5.000000e+00
    endloop
  endfacet
  facet normal -4.016954e-01 9.157733e-01 0.000000e+00
    outer loop
      vertex   7.555717e+00 2.446438e+01 5.000000e+00
      vertex   6.814133e+00 2.413909e+01 1.500000e+01
      vertex   7.555717e+00 2.446438e+01 1.500000e+01
    endloop
  endfacet
  facet normal -2.985148e-01 9.544050e-01 0.000000e+00
    outer loop
      vertex   7.555717e+00 2.446438e+01 5.000000e+00
      vertex   7.555717e+00 2.446438e+01 1.500000e+01
      vertex   8.328585e+00 2.470611e+01 5.000000e+00
    endloop
  endfacet
  facet normal -2.985148e-01 9.544050e-01 0.000000e+00
    outer loop
      vertex   8.328585e+00 2.470611e+01 5.000000e+00
      vertex   7.555717e+00 2.446438e+01 1.500000e+01
      vertex   8.328585e+00 2.470611e+01 1.500000e+01
    endloop
  endfacet
  facet normal -1.917106e-01 9.814515e-01 0.000000e+00
    outer loop
      vertex   8.328585e+00 2.470611e+01 5.000000e+00
      vertex   8.328585e+00 2.470611e+01 1.500000e+01
      vertex   9.123354e+00 2.486136e+01 5.000000e+00
    endloop
  endfacet
  facet normal -1.917106e-01 9.814515e-01 0.000000e+00
    outer loop
      vertex   9.123354e+00 2.486136e+01 5.000000e+00
      vertex   8.328585e+00 2.470611e+01 1.500000e+01
      vertex   9.123354e+00 2.486136e+01 1.500000e+01
    endloop
  endfacet
  facet normal -8.257935e-02 9.965845e-01 0.000000e+00
    outer loop
      vertex   9.123354e+00 2.486136e+01 5.000000e+00
      vertex   9.123354e+00 2.486136e+01 1.500000e+01
      vertex   9.930378e+00 2.492823e+01 5.000000e+00
    endloop
  endfacet
  facet normal -8.257935e-02 9.965845e-01 0.000000e+00
    outer loop
      vertex   9.930378e+00 2.492823e+01 5.000000e+00
      vertex   9.123354e+00 2.486136e+01 1.500000e+01
      vertex   9.930378e+00 2.492823e+01 1.500000e+01
    endloop
  endfacet
  facet normal 2.755434e-02 9.996203e-01 -0.000000e+00
    outer loop
      vertex   9.930378e+00 2.492823e+01 5.000000e+00
      vertex   9.930378e+00 2.492823e+01 1.500000e+01
      vertex   1.073986e+01 2.490592e+01 5.000000e+00
    endloop
  endfacet
  facet normal 2.755434e-02 9.996203e-01 -0.000000e+00
    outer loop
      vertex   1.073986e+01 2.490592e+01 5.000000e+00
      vertex   9.930378e+00 2.492823e+01 1.500000e+01
      vertex   1.073986e+01 2.490592e+01 1.500000e+01
    endloop
  endfacet
  facet normal 1.373536e-01 9.905221e-01 -0.000000e+00
    outer loop
      vertex   1.073986e+01 2.490592e+01 5.000000e+00
      vertex   1.073986e+01 2.490592e+01 1.500000e+01
      vertex   1.154198e+01 2.479469e+01 5.000000e+00
    endloop
  endfacet
  facet normal 1.373536e-01 9.905221e-01 -0.000000e+00
    outer loop
      vertex   1.154198e+01 2.479469e+01 5.000000e+00
      vertex   1.073986e+01 2.490592e+01 1.500000e+01
      vertex   1.154198e+01 2.479469e+01 1.500000e+01
    endloop
  endfacet
  facet normal 2.454855e-01 9.694003e-01 -0.000000e+00
    outer loop
      vertex   1.154198e+01 2.479469e+01 5.000000e+00
      vertex   1.154198e+01 2.479469e+01 1.500000e+01
      vertex   1.232699e+01 2.459590e+01 5.000000e+00
    endloop
  endfacet
  facet normal 2.454855e-01 9.694003e-01 -0.000000e+00
    outer loop
      vertex   1.232699e+01 2.459590e+01 5.000000e+00
      vertex   1.154198e+01 2.479469e+01 1.500000e+01
      vertex   1.232699e+01 2.459590e+01 1.500000e+01
    endloop
  endfacet
  facet normal 3.506376e-01 9.365112e-01 -0.000000e+00
    outer loop
      vertex   1.232699e+01 2.459590e+01 5.000000e+00
      vertex   1.232699e+01 2.459590e+01 1.500000e+01
      vertex   1.308536e+01 2.431195e+01 5.000000e+00
    endloop
  endfacet
  facet normal 3.506376e-01 9.365112e-01 -0.000000e+00
    outer loop
      vertex   1.308536e+01 2.431195e+01 5.000000e+00
      vertex   1.232699e+01 2.459590e+01 1.500000e+01
      vertex   1.308536e+01 2.431195e+01 1.500000e+01
    endloop
  endfacet
  facet normal 4.515334e-01 8.922542e-01 -0.000000e+00
    outer loop
      vertex   1.308536e+01 2.431195e+01 5.000000e+00
      vertex   1.308536e+01 2.431195e+01 1.500000e+01
      vertex   1.380790e+01 2.394631e+01 5.000000e+00
    endloop
  endfacet
  facet normal 4.515334e-01 8.922542e-01 -0.000000e+00
    outer loop
      vertex   1.380790e+01 2.394631e+01 5.000000e+00
      vertex   1.308536e+01 2.431195e+01 1.500000e+01
      vertex   1.380790e+01 2.394631e+01 1.500000e+01
    endloop
  endfacet
  facet normal 5.469482e-01 8.371665e-01 -0.000000e+00
    outer loop
      vertex   1.380790e+01 2.394631e+01 5.000000e+00
      vertex   1.380790e+01 2.394631e+01 1.500000e+01
      vertex   1.448583e+01 2.350339e+01 5.000000e+00
    endloop
  endfacet
  facet normal 5.469482e-01 8.371665e-01 -0.000000e+00
    outer loop
      vertex   1.448583e+01 2.350339e+01 5.000000e+00
      vertex   1.380790e+01 2.394631e+01 1.500000e+01
      vertex   1.448583e+01 2.350339e+01 1.500000e+01
    endloop
  endfacet
  facet normal 6.357237e-01 7.719167e-01 -0.000000e+00
    outer loop
      vertex   1.448583e+01 2.350339e+01 5.000000e+00
      vertex   1.448583e+01 2.350339e+01 1.500000e+01
      vertex   1.511092e+01 2.298859e+01 5.000000e+00
    endloop
  endfacet
  facet normal 6.357237e-01 7.719167e-01 -0.000000e+00
    outer loop
      vertex   1.511092e+01 2.298859e+01 5.000000e+00
      vertex   1.448583e+01 2.350339e+01 1.500000e+01
      vertex   1.511092e+01 2.298859e+01 1.500000e+01
    endloop
  endfacet
  facet normal 7.167825e-01 6.972968e-01 -0.000000e+00
    outer loop
      vertex   1.511092e+01 2.298859e+01 5.000000e+00
      vertex   1.511092e+01 2.298859e+01 1.500000e+01
      vertex   1.567559e+01 2.240815e+01 5.000000e+00
    endloop
  endfacet
  facet normal 7.167825e-01 6.972968e-01 -0.000000e+00
    outer loop
      vertex   1.567559e+01 2.240815e+01 5.000000e+00
      vertex   1.511092e+01 2.298859e+01 1.500000e+01
      vertex   1.567559e+01 2.240815e+01 1.500000e+01
    endloop
  endfacet
  facet normal 7.891405e-01 6.142127e-01 -0.000000e+00
    outer loop
      vertex   1.567559e+01 2.240815e+01 5.000000e+00
      vertex   1.567559e+01 2.240815e+01 1.500000e+01
      vertex   1.617297e+01 2.176911e+01 5.000000e+00
    endloop
  endfacet
  facet normal 7.891405e-01 6.142127e-01 -0.000000e+00
    outer loop
      vertex   1.617297e+01 2.176911e+01 5.000000e+00
      vertex   1.567559e+01 2.240815e+01 1.500000e+01
      vertex   1.617297e+01 2.176911e+01 1.500000e+01
    endloop
  endfacet
  facet normal 8.519194e-01 5.236729e-01 -0.000000e+00
    outer loop
      vertex   1.617297e+01 2.176911e+01 5.000000e+00
      vertex   1.617297e+01 2.176911e+01 1.500000e+01
      vertex   1.659703e+01 2.107923e+01 5.000000e+00
    endloop
  endfacet
  facet normal 8.519194e-01 5.236729e-01 -0.000000e+00
    outer loop
      vertex   1.659703e+01 2.107923e+01 5.000000e+00
      vertex   1.617297e+01 2.176911e+01 1.500000e+01
      vertex   1.659703e+01 2.107923e+01 1.500000e+01
    endloop
  endfacet
  facet normal 9.043572e-01 4.267764e-01 -0.000000e+00
    outer loop
      vertex   1.659703e+01 2.107923e+01 5.000000e+00
      vertex   1.659703e+01 2.107923e+01 1.500000e+01
      vertex   1.694263e+01 2.034689e+01 5.000000e+00
    endloop
  endfacet
  facet normal 9.043572e-01 4.267764e-01 -0.000000e+00
    outer loop
      vertex   1.694263e+01 2.034689e+01 5.000000e+00
      vertex   1.659703e+01 2.107923e+01 1.500000e+01
      vertex   1.694263e+01 2.034689e+01 1.500000e+01
    endloop
  endfacet
  facet normal 9.458172e-01 3.246995e-01 -0.000000e+00
    outer loop
      vertex   1.694263e+01 2.034689e+01 5.000000e+00
      vertex   1.694263e+01 2.034689e+01 1.500000e+01
      vertex   1.720557e+01 1.958098e+01 5.000000e+00
    endloop
  endfacet
  facet normal 9.458172e-01 3.246995e-01 -0.000000e+00
    outer loop
      vertex   1.720557e+01 1.958098e+01 5.000000e+00
      vertex   1.694263e+01 2.034689e+01 1.500000e+01
      vertex   1.720557e+01 1.958098e+01 1.500000e+01
    endloop
  endfacet
  facet normal 9.757964e-01 2.186811e-01 -0.000000e+00
    outer loop
      vertex   1.720557e+01 1.958098e+01 5.000000e+00
      vertex   1.720557e+01 1.958098e+01 1.500000e+01
      vertex   1.738266e+01 1.879079e+01 5.000000e+00
    endloop
  endfacet
  facet normal 9.757964e-01 2.186811e-01 -0.000000e+00
    outer loop
      vertex   1.738266e+01 1.879079e+01 5.000000e+00
      vertex   1.720557e+01 1.958098e+01 1.500000e+01
      vertex   1.738266e+01 1.879079e+01 1.500000e+01
    endloop
  endfacet
  facet normal 9.939307e-01 1.100082e-01 -0.000000e+00
    outer loop
      vertex   1.738266e+01 1.879079e+01 5.000000e+00
      vertex   1.738266e+01 1.879079e+01 1.500000e+01
      vertex   1.747174e+01 1.798591e+01 5.000000e+00
    endloop
  endfacet
  facet normal 9.939307e-01 1.100082e-01 -0.000000e+00
    outer loop
      vertex   1.747174e+01 1.798591e+01 5.000000e+00
      vertex   1.738266e+01 1.879079e+01 1.500000e+01
      vertex   1.747174e+01 1.798591e+01 1.500000e+01
    endloop
  endfacet
  facet normal 1.000000e+00 0.000000e+00 -0.000000e+00
    outer loop
      vertex   1.747174e+01 1.798591e+01 5.000000e+00
      vertex   1.747174e+01 1.798591e+01 1.500000e+01
      vertex   1.747174e+01 1.717612e+01 5.000000e+00
    endloop
  endfacet
  facet normal 1.000000e+00 0.000000e+00 0.000000e+00
    outer loop
      vertex   1.747174e+01 1.717612e+01 5.000000e+00
      vertex   1.747174e+01 1.798591e+01 1.500000e+01
      vertex   1.747174e+01 1.717612e+01 1.500000e+01
    endloop
  endfacet
  facet normal 9.939307e-01 -1.100082e-01 0.000000e+00
    outer loop
      vertex   1.747174e+01 1.717612e+01 5.000000e+00
      vertex   1.747174e+01 1.717612e+01 1.500000e+01
      vertex   1.738266e+01 1.637125e+01 5.000000e+00
    endloop
  endfacet
  facet normal 9.939307e-01 -1.100082e-01 0.000000e+00
    outer loop
      vertex   1.738266e+01 1.637125e+01 5.000000e+00
      vertex   1.747174e+01 1.717612e+01 1.500000e+01
      vertex   1.738266e+01 1.637125e+01 1.500000e+01
    endloop
  endfacet
  facet normal 9.757964e-01 -2.186811e-01 0.000000e+00
    outer loop
      vertex   1.738266e+01 1.637125e+01 5.000000e+00
      vertex   1.738266e+01 1.637125e+01 1.500000e+01
      vertex   1.720557e+01 1.558106e+01 5.000000e+00
    endloop
  endfacet
  facet normal 9.757964e-01 -2.186811e-01 0.000000e+00
    outer loop
      vertex   1.720557e+01 1.558106e+01 5.000000e+00
      vertex   1.738266e+01 1.637125e+01 1.500000e+01
      vertex   1.720557e+01 1.558106e+01 1.500000e+01
    endloop
  endfacet
  facet normal 9.458172e-01 -3.246995e-01 0.000000e+00
    outer loop
      vertex   1.720557e+01 1.558106e+01 5.000000e+00
      vertex   1.720557e+01 1.558106e+01 1.500000e+01
      vertex   1.694263e+01 1.481515e+01 5.000000e+00
    endloop
  endfacet
  facet normal 9.458172e-01 -3.246995e-01 0.000000e+00
    outer loop
      vertex   1.694263e+01 1.481515e+01 5.000000e+00
      vertex   1.720557e+01 1.558106e+01 1.500000e+01
      vertex   1.694263e+01 1.481515e+01 1.500000e+01
    endloop
  endfacet
  facet normal 9.043572e-01 -4.267764e-01 0.000000e+00
    outer loop
      vertex   1.694263e+01 1.481515e+01 5.000000e+00
      vertex   1.694263e+01 1.481515e+01 1.500000e+01
      vertex   1.659703e+01 1.408281e+01 5.000000e+00
    endloop
  endfacet
  facet normal 9.043572e-01 -4.267764e-01 0.000000e+00
    outer loop
      vertex   1.659703e+01 1.408281e+01 5.000000e+00
      vertex   1.694263e+01 1.481515e+01 1.500000e+01
      vertex   1.659703e+01 1.408281e+01 1.500000e+01
    endloop
  endfacet
  facet normal 8.519194e-01 -5.236729e-01 0.000000e+00
    outer loop
      vertex   1.659703e+01 1.408281e+01 5.000000e+00
      vertex   1.659703e+01 1.408281e+01 1.500000e+01
      vertex   1.617297e+01 1.339293e+01 5.000000e+00
    endloop
  endfacet
  facet normal 8.519194e-01 -5.236729e-01 0.000000e+00
    outer loop
      vertex   1.617297e+01 1.339293e+01 5.000000e+00
      vertex   1.659703e+01 1.408281e+01 1.500000e+01
      vertex   1.617297e+01 1.339293e+01 1.500000e+01
    endloop
  endfacet
  facet normal 7.891405e-01 -6.142127e-01 0.000000e+00
    outer loop
      vertex   1.617297e+01 1.339293e+01 5.000000e+00
      vertex   1.617297e+01 1.339293e+01 1.500000e+01
      vertex   1.567559e+01 1.275389e+01 5.000000e+00
    endloop
  endfacet
  facet normal 7.891405e-01 -6.142127e-01 0.000000e+00
    outer loop
      vertex   1.567559e+01 1.275389e+01 5.000000e+00
      vertex   1.617297e+01 1.339293e+01 1.500000e+01
      vertex   1.567559e+01 1.275389e+01 1.500000e+01
    endloop
  endfacet
  facet normal 7.167825e-01 -6.972968e-01 0.000000e+00
    outer loop
      vertex   1.567559e+01 1.275389e+01 5.000000e+00
      vertex   1.567559e+01 1.275389e+01 1.500000e+01
      vertex   1.511092e+01 1.217345e+01 5.000000e+00
    endloop
  endfacet
  facet normal 7.167825e-01 -6.972968e-01 0.000000e+00
    outer loop
      vertex   1.511092e+01 1.217345e+01 5.000000e+00
      vertex   1.567559e+01 1.275389e+01 1.500000e+01
      vertex   1.511092e+01 1.217345e+01 1.500000e+01
    endloop
  endfacet
  facet normal 6.357237e-01 -7.719167e-01 0.000000e+00
    outer loop
      vertex   1.511092e+01 1.217345e+01 5.000000e+00
      vertex   1.511092e+01 1.217345e+01 1.500000e+01
      vertex   1.448583e+01 1.165865e+01 5.000000e+00
    endloop
  endfacet
  facet normal 6.357237e-01 -7.719167e-01 0.000000e+00
    outer loop
      vertex   1.448583e+01 1.165865e+01 5.000000e+00
      vertex   1.511092e+01 1.217345e+01 1.500000e+01
      vertex   1.448583e+01 1.165865e+01 1.500000e+01
    endloop
  endfacet
  facet normal 5.469482e-01 -8.371665e-01 0.000000e+00
    outer loop
      vertex   1.448583e+01 1.165865e+01 5.000000e+00
      vertex   1.448583e+01 1.165865e+01 1.500000e+01
      vertex   1.380790e+01 1.121573e+01 5.000000e+00
    endloop
  endfacet
  facet normal 5.469482e-01 -8.371665e-01 0.000000e+00
    outer loop
      vertex   1.380790e+01 1.121573e+01 5.000000e+00
      vertex   1.448583e+01 1.165865e+01 1.500000e+01
      vertex   1.380790e+01 1.121573e+01 1.500000e+01
    endloop
  endfacet
  facet normal 4.515334e-01 -8.922542e-01 0.000000e+00
    outer loop
      vertex   1.380790e+01 1.121573e+01 5.000000e+00
      vertex   1.380790e+01 1.121573e+01 1.500000e+01
      vertex   1.308536e+01 1.085009e+01 5.000000e+00
    endloop
  endfacet
  facet normal 4.515334e-01 -8.922542e-01 0.000000e+00
    outer loop
      vertex   1.308536e+01 1.085009e+01 5.000000e+00
      vertex   1.380790e+01 1.121573e+01 1.500000e+01
      vertex   1.308536e+01 1.085009e+01 1.500000e+01
    endloop
  endfacet
  facet normal 3.506376e-01 -9.365112e-01 0.000000e+00
    outer loop
      vertex   1.308536e+01 1.085009e+01 5.000000e+00
      vertex   1.308536e+01 1.085009e+01 1.500000e+01
      vertex   1.232699e+01 1.056614e+01 5.000000e+00
    endloop
  endfacet
  facet normal 3.506376e-01 -9.365112e-01 0.000000e+00
    outer loop
      vertex   1.232699e+01 1.056614e+01 5.000000e+00
      vertex   1.308536e+01 1.085009e+01 1.500000e+01
      vertex   1.232699e+01 1.056614e+01 1.500000e+01
    endloop
  endfacet
  facet normal 2.454855e-01 -9.694003e-01 0.000000e+00
    outer loop
      vertex   1.232699e+01 1.056614e+01 5.000000e+00
      vertex   1.232699e+01 1.056614e+01 1.500000e+01
      vertex   1.154198e+01 1.036735e+01 5.000000e+00
    endloop
  endfacet
  facet normal 2.454855e-01 -9.694003e-01 0.000000e+00
    outer loop
      vertex   1.154198e+01 1.036735e+01 5.000000e+00
      vertex   1.232699e+01 1.056614e+01 1.500000e+01
      vertex   1.154198e+01 1.036735e+01 1.500000e+01
    endloop
  endfacet
  facet normal 1.373536e-01 -9.905221e-01 0.000000e+00
    outer loop
      vertex   1.154198e+01 1.036735e+01 5.000000e+00
      vertex   1.154198e+01 1.036735e+01 1.500000e+01
      vertex   1.073986e+01 1.025612e+01 5.000000e+00
    endloop
  endfacet
  facet normal 1.373536e-01 -9.905221e-01 0.000000e+00
    outer loop
      vertex   1.073986e+01 1.025612e+01 5.000000e+00
      vertex   1.154198e+01 1.036735e+01 1.500000e+01
      vertex   1.073986e+01 1.025612e+01 1.500000e+01
    endloop
  endfacet
  facet normal 2.755434e-02 -9.996203e-01 0.000000e+00
    outer loop
      vertex   1.073986e+01 1.025612e+01 5.000000e+00
      vertex   1.073986e+01 1.025612e+01 1.500000e+01
      vertex   9.930378e+00 1.023381e+01 5.000000e+00
    endloop
  endfacet
  facet normal 2.755434e-02 -9.996203e-01 0.000000e+00
    outer loop
      vertex   9.930378e+00 1.023381e+01 5.000000e+00
      vertex   1.073986e+01 1.025612e+01 1.500000e+01
      vertex   9.930378e+00 1.023381e+01 1.500000e+01
    endloop
  endfacet
  facet normal -8.257935e-02 -9.965845e-01 0.000000e+00
    outer loop
      vertex   9.930378e+00 1.023381e+01 5.000000e+00
      vertex   9.930378e+00 1.023381e+01 1.500000e+01
      vertex   9.123354e+00 1.030068e+01 5.000000e+00
    endloop
  endfacet
  facet normal -8.257935e-02 -9.965845e-01 0.000000e+00
    outer loop
      vertex   9.123354e+00 1.030068e+01 5.000000e+00
      vertex   9.930378e+00 1.023381e+01 1.500000e+01
      vertex   9.123354e+00 1.030068e+01 1.500000e+01
    endloop
  endfacet
  facet normal -1.917106e-01 -9.814515e-01 0.000000e+00
    outer loop
      vertex   9.123354e+00 1.030068e+01 5.000000e+00
      vertex   9.123354e+00 1.030068e+01 1.500000e+01
      vertex   8.328585e+00 1.045593e+01 5.000000e+00
    endloop
  endfacet
  facet normal -1.917106e-01 -9.814515e-01 0.000000e+00
    outer loop
      vertex   8.328585e+00 1.045593e+01 5.000000e+00
      vertex   9.123354e+00 1.030068e+01 1.500000e+01
      vertex   8.328585e+00 1.045593e+01 1.500000e+01
    endloop
  endfacet
  facet normal -2.985148e-01 -9.544050e-01 0.000000e+00
    outer loop
      vertex   8.328585e+00 1.045593e+01 5.000000e+00
      vertex   8.328585e+00 1.045593e+01 1.500000e+01
      vertex   7.555717e+00 1.069766e+01 5.000000e+00
    endloop
  endfacet
  facet normal -2.985148e-01 -9.544050e-01 0.000000e+00
    outer loop
      vertex   7.555717e+00 1.069766e+01 5.000000e+00
      vertex   8.328585e+00 1.045593e+01 1.500000e+01
      vertex   7.555717e+00 1.069766e+01 1.500000e+01
    endloop
  endfacet
  facet normal -4.016954e-01 -9.157733e-01 0.000000e+00
    outer loop
      vertex   7.555717e+00 1.069766e+01 5.000000e+00
      vertex   7.555717e+00 1.069766e+01 1.500000e+01
      vertex   6.814133e+00 1.102295e+01 5.000000e+00
    endloop
  endfacet
  facet normal -4.016954e-01 -9.157733e-01 0.000000e+00
    outer loop
      vertex   6.814133e+00 1.102295e+01 5.000000e+00
      vertex   7.555717e+00 1.069766e+01 1.500000e+01
      vertex   6.814133e+00 1.102295e+01 1.500000e+01
    endloop
  endfacet
  facet normal -5.000000e-01 -8.660254e-01 0.000000e+00
    outer loop
      vertex   6.814133e+00 1.102295e+01 5.000000e+00
      vertex   6.814133e+00 1.102295e+01 1.500000e+01
      vertex   6.112834e+00 1.142785e+01 5.000000e+00
    endloop
  endfacet
  facet normal -5.000000e-01 -8.660254e-01 0.000000e+00
    outer loop
      vertex   6.112834e+00 1.142785e+01 5.000000e+00
      vertex   6.814133e+00 1.102295e+01 1.500000e+01
      vertex   6.112834e+00 1.142785e+01 1.500000e+01
    endloop
  endfacet
  facet normal -5.922353e-01 -8.057651e-01 0.000000e+00
    outer loop
      vertex   6.112834e+00 1.142785e+01 5.000000e+00
      vertex   6.112834e+00 1.142785e+01 1.500000e+01
      vertex   5.460333e+00 1.190743e+01 5.000000e+00
    endloop
  endfacet
  facet normal -5.922353e-01 -8.057651e-01 0.000000e+00
    outer loop
      vertex   5.460333e+00 1.190743e+01 5.000000e+00
      vertex   6.112834e+00 1.142785e+01 1.500000e+01
      vertex   5.460333e+00 1.190743e+01 1.500000e+01
    endloop
  endfacet
  facet normal -6.772816e-01 -7.357239e-01 0.000000e+00
    outer loop
      vertex   5.460333e+00 1.190743e+01 5.000000e+00
      vertex   5.460333e+00 1.190743e+01 1.500000e+01
      vertex   4.864551e+00 1.245589e+01 5.000000e+00
    endloop
  endfacet
  facet normal -6.772816e-01 -7.357239e-01 0.000000e+00
    outer loop
      vertex   4.864551e+00 1.245589e+01 5.000000e+00
      vertex   5.460333e+00 1.190743e+01 1.500000e+01
      vertex   4.864551e+00 1.245589e+01 1.500000e+01
    endloop
  endfacet
  facet normal -7.541066e-01 -6.567520e-01 0.000000e+00
    outer loop
      vertex   4.864551e+00 1.245589e+01 5.000000e+00
      vertex   4.864551e+00 1.245589e+01 1.500000e+01
      vertex   4.332720e+00 1.306656e+01 5.000000e+00
    endloop
  endfacet
  facet normal -7.541066e-01 -6.567520e-01 0.000000e+00
    outer loop
      vertex   4.332720e+00 1.306656e+01 5.000000e+00
      vertex   4.864551e+00 1.245589e+01 1.500000e+01
      vertex   4.332720e+00 1.306656e+01 1.500000e+01
    endloop
  endfacet
  facet normal -8.217778e-01 -5.698081e-01 0.000000e+00
    outer loop
      vertex   4.332720e+00 1.306656e+01 5.000000e+00
      vertex   4.332720e+00 1.306656e+01 1.500000e+01
      vertex   3.871295e+00 1.373202e+01 5.000000e+00
    endloop
  endfacet
  facet normal -8.217778e-01 -5.698081e-01 0.000000e+00
    outer loop
      vertex   3.871295e+00 1.373202e+01 5.000000e+00
      vertex   4.332720e+00 1.306656e+01 1.500000e+01
      vertex   3.871295e+00 1.373202e+01 1.500000e+01
    endloop
  endfacet
  facet normal -8.794738e-01 -4.759474e-01 0.000000e+00
    outer loop
      vertex   3.871295e+00 1.373202e+01 5.000000e+00
      vertex   3.871295e+00 1.373202e+01 1.500000e+01
      vertex   3.485878e+00 1.444421e+01 5.000000e+00
    endloop
  endfacet
  facet normal -8.794738e-01 -4.759474e-01 0.000000e+00
    outer loop
      vertex   3.485878e+00 1.444421e+01 5.000000e+00
      vertex   3.871295e+00 1.373202e+01 1.500000e+01
      vertex   3.485878e+00 1.444421e+01 1.500000e+01
    endloop
  endfacet
  facet normal -9.264941e-01 -3.763094e-01 0.000000e+00
    outer loop
      vertex   3.485878e+00 1.444421e+01 5.000000e+00
      vertex   3.485878e+00 1.444421e+01 1.500000e+01
      vertex   3.181146e+00 1.519448e+01 5.000000e+00
    endloop
  endfacet
  facet normal -9.264941e-01 -3.763094e-01 0.000000e+00
    outer loop
      vertex   3.181146e+00 1.519448e+01 5.000000e+00
      vertex   3.485878e+00 1.444421e+01 1.500000e+01
      vertex   3.181146e+00 1.519448e+01 1.500000e+01
    endloop
  endfacet
  facet normal -9.622680e-01 -2.721035e-01 0.000000e+00
    outer loop
      vertex   3.181146e+00 1.519448e+01 5.000000e+00
      vertex   3.181146e+00 1.519448e+01 1.500000e+01
      vertex   2.960799e+00 1.597371e+01 5.000000e+00
    endloop
  endfacet
  facet normal -9.622680e-01 -2.721035e-01 0.000000e+00
    outer loop
      vertex   2.960799e+00 1.597371e+01 5.000000e+00
      vertex   3.181146e+00 1.519448e+01 1.500000e+01
      vertex   2.960799e+00 1.597371e+01 1.500000e+01
    endloop
  endfacet
  facet normal -9.863613e-01 -1.645946e-01 0.000000e+00
    outer loop
      vertex   2.960799e+00 1.597371e+01 5.000000e+00
      vertex   2.960799e+00 1.597371e+01 1.500000e+01
      vertex   2.827512e+00 1.677246e+01 5.000000e+00
    endloop
  endfacet
  facet normal -9.863613e-01 -1.645946e-01 0.000000e+00
    outer loop
      vertex   2.827512e+00 1.677246e+01 5.000000e+00
      vertex   2.960799e+00 1.597371e+01 1.500000e+01
      vertex   2.827512e+00 1.677246e+01 1.500000e+01
    endloop
  endfacet
  facet normal 0.000000e+00 0.000000e+00 1.000000e+00
    outer loop
      vertex   2.827512e+00 1.838958e+01 1.500000e+01
      vertex   2.782903e+00 1.758102e+01 1.500000e+01
      vertex   1.738266e+01 1.637125e+01 1.500000e+01
    endloop
  endfacet
  facet normal 0.000000e+00 0.000000e+00 1.000000e+00
    outer loop
      vertex   1.738266e+01 1.637125e+01 1.500000e+01
      vertex   2.782903e+00 1.758102e+01 1.500000e+01
      vertex   2.827512e+00 1.677246e+01 1.500000e+01
    endloop
  endfacet
  facet normal 0.000000e+00 0.000000e+00 1.000000e+00
    outer loop
      vertex   1.738266e+01 1.637125e+01 1.500000e+01
      vertex   2.827512e+00 1.677246e+01 1.500000e+01
      vertex   2.960799e+00 1.597371e+01 1.500000e+01
    endloop
  endfacet
  facet normal 0.000000e+00 0.000000e+00 1.000000e+00
    outer loop
      vertex   1.738266e+01 1.637125e+01 1.500000e+01
      vertex   2.960799e+00 1.597371e+01 1.500000e+01
      vertex   1.720557e+01 1.558106e+01 1.500000e+01
    endloop
  endfacet
  facet normal 0.000000e+00 0.000000e+00 1.000000e+00
    outer loop
      vertex   1.720557e+01 1.558106e+01 1.500000e+01
      vertex   2.960799e+00 1.597371e+01 1.500000e+01
      vertex   3.181146e+00 1.519448e+01 1.500000e+01
    endloop
  endfacet
  facet normal 0.000000e+00 0.000000e+00 1.000000e+00
    outer loop
      vertex   1.720557e+01 1.558106e+01 1.500000e+01
      vertex   3.181146e+00 1.519448e+01 1.500000e+01
      vertex   1.694263e+01 1.481515e+01 1.500000e+01
    endloop
  endfacet
  facet normal 0.000000e+00 0.000000e+00 1.000000e+00
    outer loop
      vertex   1.694263e+01 1.481515e+01 1.500000e+01
      vertex   3.181146e+00 1.519448e+01 1.500000e+01
      vertex   3.485878e+00 1.444421e+01 1.500000e+01
    endloop
  endfacet
  facet normal 0.000000e+00 0.000000e+00 1.000000e+00
    outer loop
      vertex   1.694263e+01 1.481515e+01 1.500000e+01
      vertex   3.485878e+00 1.444421e+01 1.500000e+01
      vertex   1.659703e+01 1.408281e+01 1.500000e+01
    endloop
  endfacet
  facet normal 0.000000e+00 0.000000e+00 1.000000e+00
    outer loop
      vertex   1.659703e+01 1.408281e+01 1.500000e+01
      vertex   3.485878e+00 1.444421e+01 1.500000e+01
      vertex   3.871295e+00 1.373202e+01 1.500000e+01
    endloop
  endfacet
  facet normal 0.000000e+00 0.000000e+00 1.000000e+00
    outer loop
      vertex   1.659703e+01 1.408281e+01 1.500000e+01
      vertex   3.871295e+00 1.373202e+01 1.500000e+01
      vertex   1.617297e+01 1.339293e+01 1.500000e+01
    endloop
  endfacet
  facet normal 0.000000e+00 0.000000e+00 1.000000e+00
    outer loop
      vertex   1.617297e+01 1.339293e+01 1.500000e+01
      vertex   3.871295e+00 1.373202e+01 1.500000e+01
      vertex   4.332720e+00 1.306656e+01 1.500000e+01
    endloop
  endfacet
  facet normal 0.000000e+00 0.000000e+00 1.000000e+00
    outer loop
      vertex   1.617297e+01 1.339293e+01 1.500000e+01
      vertex   4.332720e+00 1.306656e+01 1.500000e+01
      vertex   1.567559e+01 1.275389e+01 1.500000e+01
    endloop
  endfacet
  facet normal 0.000000e+00 0.000000e+00 1.000000e+00
    outer loop
      vertex   1.567559e+01 1.275389e+01 1.500000e+01
      vertex   4.332720e+00 1.306656e+01 1.500000e+01
      vertex   4.864551e+00 1.245589e+01 1.500000e+01
    endloop
  endfacet
  facet normal 0.000000e+00 0.000000e+00 1.000000e+00
    outer loop
      vertex   1.567559e+01 1.275389e+01 1.500000e+01
      vertex   4.864551e+00 1.245589e+01 1.500000e+01
      vertex   1.511092e+01 1.217345e+01 1.500000e+01
    endloop
  endfacet
  facet normal 0.000000e+00 0.000000e+00 1.000000e+00
    outer loop
      vertex   1.511092e+01 1.217345e+01 1.500000e+01
      vertex   4.864551e+00 1.245589e+01 1.500000e+01
      vertex   5.460333e+00 1.190743e+01 1.500000e+01
    endloop
  endfacet
  facet normal 0.000000e+00 0.000000e+00 1.000000e+00
    outer loop
      vertex   1.511092e+01 1.217345e+01 1.500000e+01
      vertex   5.460333e+00 1.190743e+01 1.500000e+01
      vertex   1.448583e+01 1.165865e+01 1.500000e+01
    endloop
  endfacet
  facet normal 0.000000e+00 0.000000e+00 1.000000e+00
    outer loop
      vertex   1.448583e+01 1.165865e+01 1.500000e+01
      vertex   5.460333e+00 1.190743e+01 1.500000e+01
      vertex   6.112834e+00 1.142785e+01 1.500000e+01
    endloop
  endfacet
  facet normal 0.000000e+00 0.000000e+00 1.000000e+00
    outer loop
      vertex   1.448583e+01 1.165865e+01 1.500000e+01
      vertex   6.112834e+00 1.142785e+01 1.500000e+01
      vertex   1.380790e+01 1.121573e+01 1.500000e+01
    endloop
  endfacet
  facet normal 0.000000e+00 0.000000e+00 1.000000e+00
    outer loop
      vertex   1.380790e+01 1.121573e+01 1.500000e+01
      vertex   6.112834e+00 1.142785e+01 1.500000e+01
      vertex   6.814133e+00 1.102295e+01 1.500000e+01
    endloop
  endfacet
  facet normal 0.000000e+00 0.000000e+00 1.000000e+00
    outer loop
      vertex   1.380790e+01 1.121573e+01 1.500000e+01
      vertex   6.814133e+00 1.102295e+01 1.500000e+01
      vertex   1.308536e+01 1.085009e+01 1.500000e+01
    endloop
  endfacet
  facet normal 0.000000e+00 0.000000e+00 1.000000e+00
    outer loop
      vertex   1.308536e+01 1.085009e+01 1.500000e+01
      vertex   6.814133e+00 1.102295e+01 1.500000e+01
      vertex   7.555717e+00 1.069766e+01 1.500000e+01
    endloop
  endfacet
  facet normal 0.000000e+00 0.000000e+00 1.000000e+00
    outer loop
      vertex   1.308536e+01 1.085009e+01 1.500000e+01
      vertex   7.555717e+00 1.069766e+01 1.500000e+01
      vertex   1.232699e+01 1.056614e+01 1.500000e+01
    endloop
  endfacet
  facet normal 0.000000e+00 0.000000e+00 1.000000e+00
    outer loop
      vertex   1.232699e+01 1.056614e+01 1.500000e+01
      vertex   7.555717e+00 1.069766e+01 1.500000e+01
      vertex   8.328585e+00 1.045593e+01 1.500000e+01
    endloop
  endfacet
  facet normal 0.000000e+00 0.000000e+00 1.000000e+00
    outer loop
      vertex   1.232699e+01 1.056614e+01 1.500000e+01
      vertex   8.328585e+00 1.045593e+01 1.500000e+01
      vertex   1.154198e+01 1.036735e+01 1.500000e+01
    endloop
  endfacet
  facet normal 0.000000e+00 0.000000e+00 1.000000e+00
    outer loop
      vertex   1.154198e+01 1.036735e+01 1.500000e+01
      vertex   8.328585e+00 1.045593e+01 1.500000e+01
      vertex   9.123354e+00 1.030068e+01 1.500000e+01
    endloop
  endfacet
  facet normal 0.000000e+00 0.000000e+00 1.000000e+00
    outer loop
      vertex   1.154198e+01 1.036735e+01 1.500000e+01
      vertex   9.123354e+00 1.030068e+01 1.500000e+01
      vertex   1.073986e+01 1.025612e+01 1.500000e+01
    endloop
  endfacet
  facet normal 0.000000e+00 0.000000e+00 1.000000e+00
    outer loop
      vertex   1.073986e+01 1.025612e+01 1.500000e+01
      vertex   9.123354e+00 1.030068e+01 1.500000e+01
      vertex   9.930378e+00 1.023381e+01 1.500000e+01
    endloop
  endfacet
  facet normal 0.000000e+00 0.000000e+00 1.000000e+00
    outer loop
      vertex   1.747174e+01 1.717612e+01 1.500000e+01
      vertex   1.738266e+01 1.879079e+01 1.500000e+01
      vertex   1.738266e+01 1.637125e+01 1.500000e+01
    endloop
  endfacet
  facet normal 0.000000e+00 -0.000000e+00 1.000000e+00
    outer loop
      vertex   1.738266e+01 1.637125e+01 1.500000e+01
      vertex   1.738266e+01 1.879079e+01 1.500000e+01
      vertex   1.720557e+01 1.958098e+01 1.500000e+01
    endloop
  endfacet
  facet normal 0.000000e+00 0.000000e+00 1.000000e+00
    outer loop
      vertex   1.738266e+01 1.637125e+01 1.500000e+01
      vertex   1.720557e+01 1.958098e+01 1.500000e+01
      vertex   1.694263e+01 2.034689e+01 1.500000e+01
    endloop
  endfacet
  facet normal 0.000000e+00 -0.000000e+00 1.000000e+00
    outer loop
      vertex   1.747174e+01 1.717612e+01 1.500000e+01
      vertex   1.747174e+01 1.798591e+01 1.500000e+01
      vertex   1.738266e+01 1.879079e+01 1.500000e+01
    endloop
  endfacet
  facet normal 0.000000e+00 0.000000e+00 1.000000e+00
    outer loop
      vertex   1.694263e+01 2.034689e+01 1.500000e+01
      vertex   1.659703e+01 2.107923e+01 1.500000e+01
      vertex   1.738266e+01 1.637125e+01 1.500000e+01
    endloop
  endfacet
  facet normal 0.000000e+00 0.000000e+00 1.000000e+00
    outer loop
      vertex   1.738266e+01 1.637125e+01 1.500000e+01
      vertex   1.659703e+01 2.107923e+01 1.500000e+01
      vertex   1.617297e+01 2.176911e+01 1.500000e+01
    endloop
  endfacet
  facet normal 0.000000e+00 0.000000e+00 1.000000e+00
    outer loop
      vertex   1.738266e+01 1.637125e+01 1.500000e+01
      vertex   1.617297e+01 2.176911e+01 1.500000e+01
      vertex   1.567559e+01 2.240815e+01 1.500000e+01
    endloop
  endfacet
  facet normal 0.000000e+00 0.000000e+00 1.000000e+00
    outer loop
      vertex   1.567559e+01 2.240815e+01 1.500000e+01
      vertex   1.511092e+01 2.298859e+01 1.500000e+01
      vertex   1.738266e+01 1.637125e+01 1.500000e+01
    endloop
  endfacet
  facet normal 0.000000e+00 0.000000e+00 1.000000e+00
    outer loop
      vertex   1.738266e+01 1.637125e+01 1.500000e+01
      vertex   1.511092e+01 2.298859e+01 1.500000e+01
      vertex   1.448583e+01 2.350339e+01 1.500000e+01
    endloop
  endfacet
  facet normal 0.000000e+00 0.000000e+00 1.000000e+00
    outer loop
      vertex   1.738266e+01 1.637125e+01 1.500000e+01
      vertex   1.448583e+01 2.350339e+01 1.500000e+01
      vertex   1.380790e+01 2.394631e+01 1.500000e+01
    endloop
  endfacet
  facet normal 0.000000e+00 0.000000e+00 1.000000e+00
    outer loop
      vertex   1.380790e+01 2.394631e+01 1.500000e+01
      vertex   1.308536e+01 2.431195e+01 1.500000e+01
      vertex   1.738266e+01 1.637125e+01 1.500000e+01
    endloop
  endfacet
  facet normal 0.000000e+00 0.000000e+00 1.000000e+00
    outer loop
      vertex   1.738266e+01 1.637125e+01 1.500000e+01
      vertex   1.308536e+01 2.431195e+01 1.500000e+01
      vertex   1.232699e+01 2.459590e+01 1.500000e+01
    endloop
  endfacet
  facet normal 0.000000e+00 0.000000e+00 1.000000e+00
    outer loop
      vertex   1.738266e+01 1.637125e+01 1.500000e+01
      vertex   1.232699e+01 2.459590e+01 1.500000e+01
      vertex   1.154198e+01 2.479469e+01 1.500000e+01
    endloop
  endfacet
  facet normal 0.000000e+00 0.000000e+00 1.000000e+00
    outer loop
      vertex   1.154198e+01 2.479469e+01 1.500000e+01
      vertex   1.073986e+01 2.490592e+01 1.500000e+01
      vertex   1.738266e+01 1.637125e+01 1.500000e+01
    endloop
  endfacet
  facet normal 0.000000e+00 0.000000e+00 1.000000e+00
    outer loop
      vertex   1.738266e+01 1.637125e+01 1.500000e+01
      vertex   1.073986e+01 2.490592e+01 1.500000e+01
      vertex   9.930378e+00 2.492823e+01 1.500000e+01
    endloop
  endfacet
  facet normal 0.000000e+00 0.000000e+00 1.000000e+00
    outer loop
      vertex   1.738266e+01 1.637125e+01 1.500000e+01
      vertex   9.930378e+00 2.492823e+01 1.500000e+01
      vertex   9.123354e+00 2.486136e+01 1.500000e+01
    endloop
  endfacet
  facet normal 0.000000e+00 0.000000e+00 1.000000e+00
    outer loop
      vertex   9.123354e+00 2.486136e+01 1.500000e+01
      vertex   8.328585e+00 2.470611e+01 1.500000e+01
      vertex   1.738266e+01 1.637125e+01 1.500000e+01
    endloop
  endfacet
  facet normal 0.000000e+00 0.000000e+00 1.000000e+00
    outer loop
      vertex   1.738266e+01 1.637125e+01 1.500000e+01
      vertex   8.328585e+00 2.470611e+01 1.500000e+01
      vertex   7.555717e+00 2.446438e+01 1.500000e+01
    endloop
  endfacet
  facet normal 0.000000e+00 0.000000e+00 1.000000e+00
    outer loop
      vertex   1.738266e+01 1.637125e+01 1.500000e+01
      vertex   7.555717e+00 2.446438e+01 1.500000e+01
      vertex   6.814133e+00 2.413909e+01 1.500000e+01
    endloop
  endfacet
  facet normal 0.000000e+00 0.000000e+00 1.000000e+00
    outer loop
      vertex   6.814133e+00 2.413909e+01 1.500000e+01
      vertex   6.112834e+00 2.373419e+01 1.500000e+01
      vertex   1.738266e+01 1.637125e+01 1.500000e+01
    endloop
  endfacet
  facet normal 0.000000e+00 0.000000e+00 1.000000e+00
    outer loop
      vertex   1.738266e+01 1.637125e+01 1.500000e+01
      vertex   6.112834e+00 2.373419e+01 1.500000e+01
      vertex   5.460333e+00 2.325461e+01 1.500000e+01
    endloop
  endfacet
  facet normal 0.000000e+00 0.000000e+00 1.000000e+00
    outer loop
      vertex   1.738266e+01 1.637125e+01 1.500000e+01
      vertex   5.460333e+00 2.325461e+01 1.500000e+01
      vertex   4.864551e+00 2.270615e+01 1.500000e+01
    endloop
  endfacet
  facet normal 0.000000e+00 0.000000e+00 1.000000e+00
    outer loop
      vertex   4.864551e+00 2.270615e+01 1.500000e+01
      vertex   4.332720e+00 2.209548e+01 1.500000e+01
      vertex   1.738266e+01 1.637125e+01 1.500000e+01
    endloop
  endfacet
  facet normal 0.000000e+00 0.000000e+00 1.000000e+00
    outer loop
      vertex   1.738266e+01 1.637125e+01 1.500000e+01
      vertex   4.332720e+00 2.209548e+01 1.500000e+01
      vertex   3.871295e+00 2.143002e+01 1.500000e+01
    endloop
  endfacet
  facet normal 0.000000e+00 0.000000e+00 1.000000e+00
    outer loop
      vertex   1.738266e+01 1.637125e+01 1.500000e+01
      vertex   3.871295e+00 2.143002e+01 1.500000e+01
      vertex   3.485878e+00 2.071783e+01 1.500000e+01
    endloop
  endfacet
  facet normal 0.000000e+00 0.000000e+00 1.000000e+00
    outer loop
      vertex   3.485878e+00 2.071783e+01 1.500000e+01
      vertex   3.181146e+00 1.996756e+01 1.500000e+01
      vertex   1.738266e+01 1.637125e+01 1.500000e+01
    endloop
  endfacet
  facet normal 0.000000e+00 0.000000e+00 1.000000e+00
    outer loop
      vertex   1.738266e+01 1.637125e+01 1.500000e+01
      vertex   3.181146e+00 1.996756e+01 1.500000e+01
      vertex   2.960799e+00 1.918833e+01 1.500000e+01
    endloop
  endfacet
  facet normal 0.000000e+00 0.000000e+00 1.000000e+00
    outer loop
      vertex   1.738266e+01 1.637125e+01 1.500000e+01
      vertex   2.960799e+00 1.918833e+01 1.500000e+01
      vertex   2.827512e+00 1.838958e+01 1.500000e+01
    endloop
  endfacet
  facet normal 9.989637e-01 -4.551460e-02 0.000000e+00
    outer loop
      vertex   -5.725582e-01 1.855857e+01 5.000000e+00
      vertex   -5.725582e-01 1.855857e+01 1.500000e+01
      vertex   -6.170972e-01 1.758102e+01 5.000000e+00
    endloop
  endfacet
  facet normal 9.989637e-01 -4.551460e-02 -3.234007e-17
    outer loop
      vertex   -6.170972e-01 1.758102e+01 5.000000e+00
      vertex   -5.725582e-01 1.855857e+01 1.500000e+01
      vertex   -6.170972e-01 1.758102e+01 1.500000e+01
    endloop
  endfacet
  facet normal 9.989637e-01 4.551460e-02 3.234007e-17
    outer loop
      vertex   -6.170972e-01 1.758102e+01 5.000000e+00
      vertex   -6.170972e-01 1.758102e+01 1.500000e+01
      vertex   -5.725582e-01 1.660347e+01 5.000000e+00
    endloop
  endfacet
  facet normal 9.989637e-01 4.551460e-02 -0.000000e+00
    outer loop
      vertex   -5.725582e-01 1.660347e+01 5.000000e+00
      vertex   -6.170972e-01 1.758102e+01 1.500000e+01
      vertex   -5.725582e-01 1.660347e+01 1.500000e+01
    endloop
  endfacet
  facet normal 9.906859e-01 1.361666e-01 -0.000000e+00
    outer loop
      vertex   -5.725582e-01 1.660347e+01 5.000000e+00
      vertex   -5.725582e-01 1.660347e+01 1.500000e+01
      vertex   -4.393105e-01 1.563402e+01 5.000000e+00
    endloop
  endfacet
  facet normal 9.906859e-01 1.361666e-01 -0.000000e+00
    outer loop
      vertex   -4.393105e-01 1.563402e+01 5.000000e+00
      vertex   -5.725582e-01 1.660347e+01 1.500000e+01
      vertex   -4.393105e-01 1.563402e+01 1.500000e+01
    endloop
  endfacet
  facet normal 9.741991e-01 2.256904e-01 -0.000000e+00
    outer loop
      vertex   -4.393105e-01 1.563402e+01 5.000000e+00
      vertex   -4.393105e-01 1.563402e+01 1.500000e+01
      vertex   -2.184580e-01 1.468070e+01 5.000000e+00
    endloop
  endfacet
  facet normal 9.741991e-01 2.256904e-01 -0.000000e+00
    outer loop
      vertex   -2.184580e-01 1.468070e+01 5.000000e+00
      vertex   -4.393105e-01 1.563402e+01 1.500000e+01
      vertex   -2.184580e-01 1.468070e+01 1.500000e+01
    endloop
  endfacet
  facet normal 9.496397e-01 3.133440e-01 -0.000000e+00
    outer loop
      vertex   -2.184580e-01 1.468070e+01 5.000000e+00
      vertex   -2.184580e-01 1.468070e+01 1.500000e+01
      vertex   8.816909e-02 1.375142e+01 5.000000e+00
    endloop
  endfacet
  facet normal 9.496397e-01 3.133440e-01 -0.000000e+00
    outer loop
      vertex   8.816909e-02 1.375142e+01 5.000000e+00
      vertex   -2.184580e-01 1.468070e+01 1.500000e+01
      vertex   8.816909e-02 1.375142e+01 1.500000e+01
    endloop
  endfacet
  facet normal 9.172113e-01 3.984011e-01 -0.000000e+00
    outer loop
      vertex   8.816909e-02 1.375142e+01 5.000000e+00
      vertex   8.816909e-02 1.375142e+01 1.500000e+01
      vertex   4.780300e-01 1.285387e+01 5.000000e+00
    endloop
  endfacet
  facet normal 9.172113e-01 3.984011e-01 -0.000000e+00
    outer loop
      vertex   4.780300e-01 1.285387e+01 5.000000e+00
      vertex   8.816909e-02 1.375142e+01 1.500000e+01
      vertex   4.780300e-01 1.285387e+01 1.500000e+01
    endloop
  endfacet
  facet normal 8.771826e-01 4.801569e-01 -0.000000e+00
    outer loop
      vertex   4.780300e-01 1.285387e+01 5.000000e+00
      vertex   4.780300e-01 1.285387e+01 1.500000e+01
      vertex   9.478942e-01 1.199549e+01 5.000000e+00
    endloop
  endfacet
  facet normal 8.771826e-01 4.801569e-01 -0.000000e+00
    outer loop
      vertex   9.478942e-01 1.199549e+01 5.000000e+00
      vertex   4.780300e-01 1.285387e+01 1.500000e+01
      vertex   9.478942e-01 1.199549e+01 1.500000e+01
    endloop
  endfacet
  facet normal 8.298853e-01 5.579340e-01 -0.000000e+00
    outer loop
      vertex   9.478942e-01 1.199549e+01 5.000000e+00
      vertex   9.478942e-01 1.199549e+01 1.500000e+01
      vertex   1.493868e+00 1.118340e+01 5.000000e+00
    endloop
  endfacet
  facet normal 8.298853e-01 5.579340e-01 -0.000000e+00
    outer loop
      vertex   1.493868e+00 1.118340e+01 5.000000e+00
      vertex   9.478942e-01 1.199549e+01 1.500000e+01
      vertex   1.493868e+00 1.118340e+01 1.500000e+01
    endloop
  endfacet
  facet normal 7.757113e-01 6.310879e-01 -0.000000e+00
    outer loop
      vertex   1.493868e+00 1.118340e+01 5.000000e+00
      vertex   1.493868e+00 1.118340e+01 1.500000e+01
      vertex   2.111428e+00 1.042431e+01 5.000000e+00
    endloop
  endfacet
  facet normal 7.757113e-01 6.310879e-01 -0.000000e+00
    outer loop
      vertex   2.111428e+00 1.042431e+01 5.000000e+00
      vertex   1.493868e+00 1.118340e+01 1.500000e+01
      vertex   2.111428e+00 1.042431e+01 1.500000e+01
    endloop
  endfacet
  facet normal 7.151095e-01 6.990124e-01 -0.000000e+00
    outer loop
      vertex   2.111428e+00 1.042431e+01 5.000000e+00
      vertex   2.111428e+00 1.042431e+01 1.500000e+01
      vertex   2.795457e+00 9.724533e+00 5.000000e+00
    endloop
  endfacet
  facet normal 7.151095e-01 6.990124e-01 -0.000000e+00
    outer loop
      vertex   2.795457e+00 9.724533e+00 5.000000e+00
      vertex   2.111428e+00 1.042431e+01 1.500000e+01
      vertex   2.795457e+00 9.724533e+00 1.500000e+01
    endloop
  endfacet
  facet normal 6.485821e-01 7.611447e-01 -0.000000e+00
    outer loop
      vertex   2.795457e+00 9.724533e+00 5.000000e+00
      vertex   2.795457e+00 9.724533e+00 1.500000e+01
      vertex   3.540285e+00 9.089854e+00 5.000000e+00
    endloop
  endfacet
  facet normal 6.485821e-01 7.611447e-01 -0.000000e+00
    outer loop
      vertex   3.540285e+00 9.089854e+00 5.000000e+00
      vertex   2.795457e+00 9.724533e+00 1.500000e+01
      vertex   3.540285e+00 9.089854e+00 1.500000e+01
    endloop
  endfacet
  facet normal 5.766803e-01 8.169699e-01 -0.000000e+00
    outer loop
      vertex   3.540285e+00 9.089854e+00 5.000000e+00
      vertex   3.540285e+00 9.089854e+00 1.500000e+01
      vertex   4.339743e+00 8.525535e+00 5.000000e+00
    endloop
  endfacet
  facet normal 5.766803e-01 8.169699e-01 -0.000000e+00
    outer loop
      vertex   4.339743e+00 8.525535e+00 5.000000e+00
      vertex   3.540285e+00 9.089854e+00 1.500000e+01
      vertex   4.339743e+00 8.525535e+00 1.500000e+01
    endloop
  endfacet
  facet normal 5.000000e-01 8.660254e-01 -0.000000e+00
    outer loop
      vertex   4.339743e+00 8.525535e+00 5.000000e+00
      vertex   4.339743e+00 8.525535e+00 1.500000e+01
      vertex   5.187204e+00 8.036253e+00 5.000000e+00
    endloop
  endfacet
  facet normal 5.000000e-01 8.660254e-01 -0.000000e+00
    outer loop
      vertex   5.187204e+00 8.036253e+00 5.000000e+00
      vertex   4.339743e+00 8.525535e+00 1.500000e+01
      vertex   5.187204e+00 8.036253e+00 1.500000e+01
    endloop
  endfacet
  facet normal 4.191765e-01 9.079048e-01 -0.000000e+00
    outer loop
      vertex   5.187204e+00 8.036253e+00 5.000000e+00
      vertex   5.187204e+00 8.036253e+00 1.500000e+01
      vertex   6.075646e+00 7.626062e+00 5.000000e+00
    endloop
  endfacet
  facet normal 4.191765e-01 9.079048e-01 -0.000000e+00
    outer loop
      vertex   6.075646e+00 7.626062e+00 5.000000e+00
      vertex   5.187204e+00 8.036253e+00 1.500000e+01
      vertex   6.075646e+00 7.626062e+00 1.500000e+01
    endloop
  endfacet
  facet normal 3.348796e-01 9.422609e-01 -0.000000e+00
    outer loop
      vertex   6.075646e+00 7.626062e+00 5.000000e+00
      vertex   6.075646e+00 7.626062e+00 1.500000e+01
      vertex   6.997709e+00 7.298361e+00 5.000000e+00
    endloop
  endfacet
  facet normal 3.348796e-01 9.422609e-01 -0.000000e+00
    outer loop
      vertex   6.997709e+00 7.298361e+00 5.000000e+00
      vertex   6.075646e+00 7.626062e+00 1.500000e+01
      vertex   6.997709e+00 7.298361e+00 1.500000e+01
    endloop
  endfacet
  facet normal 2.478078e-01 9.688092e-01 -0.000000e+00
    outer loop
      vertex   6.997709e+00 7.298361e+00 5.000000e+00
      vertex   6.997709e+00 7.298361e+00 1.500000e+01
      vertex   7.945751e+00 7.055866e+00 5.000000e+00
    endloop
  endfacet
  facet normal 2.478078e-01 9.688092e-01 -0.000000e+00
    outer loop
      vertex   7.945751e+00 7.055866e+00 5.000000e+00
      vertex   6.997709e+00 7.298361e+00 1.500000e+01
      vertex   7.945751e+00 7.055866e+00 1.500000e+01
    endloop
  endfacet
  facet normal 1.586825e-01 9.873297e-01 -0.000000e+00
    outer loop
      vertex   7.945751e+00 7.055866e+00 5.000000e+00
      vertex   7.945751e+00 7.055866e+00 1.500000e+01
      vertex   8.911916e+00 6.900585e+00 5.000000e+00
    endloop
  endfacet
  facet normal 1.586825e-01 9.873297e-01 -0.000000e+00
    outer loop
      vertex   8.911916e+00 6.900585e+00 5.000000e+00
      vertex   7.945751e+00 7.055866e+00 1.500000e+01
      vertex   8.911916e+00 6.900585e+00 1.500000e+01
    endloop
  endfacet
  facet normal 6.824241e-02 9.976688e-01 -0.000000e+00
    outer loop
      vertex   8.911916e+00 6.900585e+00 5.000000e+00
      vertex   8.911916e+00 6.900585e+00 1.500000e+01
      vertex   9.888198e+00 6.833805e+00 5.000000e+00
    endloop
  endfacet
  facet normal 6.824241e-02 9.976688e-01 -0.000000e+00
    outer loop
      vertex   9.888198e+00 6.833805e+00 5.000000e+00
      vertex   8.911916e+00 6.900585e+00 1.500000e+01
      vertex   9.888198e+00 6.833805e+00 1.500000e+01
    endloop
  endfacet
  facet normal -2.276320e-02 9.997409e-01 0.000000e+00
    outer loop
      vertex   9.888198e+00 6.833805e+00 5.000000e+00
      vertex   9.888198e+00 6.833805e+00 1.500000e+01
      vertex   1.086651e+01 6.856080e+00 5.000000e+00
    endloop
  endfacet
  facet normal -2.276320e-02 9.997409e-01 0.000000e+00
    outer loop
      vertex   1.086651e+01 6.856080e+00 5.000000e+00
      vertex   9.888198e+00 6.833805e+00 1.500000e+01
      vertex   1.086651e+01 6.856080e+00 1.500000e+01
    endloop
  endfacet
  facet normal -1.135802e-01 9.935288e-01 0.000000e+00
    outer loop
      vertex   1.086651e+01 6.856080e+00 5.000000e+00
      vertex   1.086651e+01 6.856080e+00 1.500000e+01
      vertex   1.183874e+01 6.967226e+00 5.000000e+00
    endloop
  endfacet
  facet normal -1.135802e-01 9.935288e-01 0.000000e+00
    outer loop
      vertex   1.183874e+01 6.967226e+00 5.000000e+00
      vertex   1.086651e+01 6.856080e+00 1.500000e+01
      vertex   1.183874e+01 6.967226e+00 1.500000e+01
    endloop
  endfacet
  facet normal -2.034560e-01 9.790841e-01 0.000000e+00
    outer loop
      vertex   1.183874e+01 6.967226e+00 5.000000e+00
      vertex   1.183874e+01 6.967226e+00 1.500000e+01
      vertex   1.279684e+01 7.166320e+00 5.000000e+00
    endloop
  endfacet
  facet normal -2.034560e-01 9.790841e-01 0.000000e+00
    outer loop
      vertex   1.279684e+01 7.166320e+00 5.000000e+00
      vertex   1.183874e+01 6.967226e+00 1.500000e+01
      vertex   1.279684e+01 7.166320e+00 1.500000e+01
    endloop
  endfacet
  facet normal -2.916459e-01 9.565263e-01 0.000000e+00
    outer loop
      vertex   1.279684e+01 7.166320e+00 5.000000e+00
      vertex   1.279684e+01 7.166320e+00 1.500000e+01
      vertex   1.373286e+01 7.451715e+00 5.000000e+00
    endloop
  endfacet
  facet normal -2.916459e-01 9.565263e-01 0.000000e+00
    outer loop
      vertex   1.373286e+01 7.451715e+00 5.000000e+00
      vertex   1.279684e+01 7.166320e+00 1.500000e+01
      vertex   1.373286e+01 7.451715e+00 1.500000e+01
    endloop
  endfacet
  facet normal -3.774192e-01 9.260425e-01 0.000000e+00
    outer loop
      vertex   1.373286e+01 7.451715e+00 5.000000e+00
      vertex   1.373286e+01 7.451715e+00 1.500000e+01
      vertex   1.463905e+01 7.821043e+00 5.000000e+00
    endloop
  endfacet
  facet normal -3.774192e-01 9.260425e-01 0.000000e+00
    outer loop
      vertex   1.463905e+01 7.821043e+00 5.000000e+00
      vertex   1.373286e+01 7.451715e+00 1.500000e+01
      vertex   1.463905e+01 7.821043e+00 1.500000e+01
    endloop
  endfacet
  facet normal -4.600650e-01 8.878852e-01 0.000000e+00
    outer loop
      vertex   1.463905e+01 7.821043e+00 5.000000e+00
      vertex   1.463905e+01 7.821043e+00 1.500000e+01
      vertex   1.550790e+01 8.271246e+00 5.000000e+00
    endloop
  endfacet
  facet normal -4.600650e-01 8.878852e-01 0.000000e+00
    outer loop
      vertex   1.550790e+01 8.271246e+00 5.000000e+00
      vertex   1.463905e+01 7.821043e+00 1.500000e+01
      vertex   1.550790e+01 8.271246e+00 1.500000e+01
    endloop
  endfacet
  facet normal -5.388986e-01 8.423706e-01 0.000000e+00
    outer loop
      vertex   1.550790e+01 8.271246e+00 5.000000e+00
      vertex   1.550790e+01 8.271246e+00 1.500000e+01
      vertex   1.633222e+01 8.798593e+00 5.000000e+00
    endloop
  endfacet
  facet normal -5.388986e-01 8.423706e-01 0.000000e+00
    outer loop
      vertex   1.633222e+01 8.798593e+00 5.000000e+00
      vertex   1.550790e+01 8.271246e+00 1.500000e+01
      vertex   1.633222e+01 8.798593e+00 1.500000e+01
    endloop
  endfacet
  facet normal -6.132668e-01 7.898759e-01 0.000000e+00
    outer loop
      vertex   1.633222e+01 8.798593e+00 5.000000e+00
      vertex   1.633222e+01 8.798593e+00 1.500000e+01
      vertex   1.710516e+01 9.398714e+00 5.000000e+00
    endloop
  endfacet
  facet normal -6.132668e-01 7.898759e-01 0.000000e+00
    outer loop
      vertex   1.710516e+01 9.398714e+00 5.000000e+00
      vertex   1.633222e+01 8.798593e+00 1.500000e+01
      vertex   1.710516e+01 9.398714e+00 1.500000e+01
    endloop
  endfacet
  facet normal -6.825531e-01 7.308360e-01 0.000000e+00
    outer loop
      vertex   1.710516e+01 9.398714e+00 5.000000e+00
      vertex   1.710516e+01 9.398714e+00 1.500000e+01
      vertex   1.782033e+01 1.006664e+01 5.000000e+00
    endloop
  endfacet
  facet normal -6.825531e-01 7.308360e-01 0.000000e+00
    outer loop
      vertex   1.782033e+01 1.006664e+01 5.000000e+00
      vertex   1.710516e+01 9.398714e+00 1.500000e+01
      vertex   1.782033e+01 1.006664e+01 1.500000e+01
    endloop
  endfacet
  facet normal -7.461837e-01 6.657401e-01 0.000000e+00
    outer loop
      vertex   1.782033e+01 1.006664e+01 5.000000e+00
      vertex   1.782033e+01 1.006664e+01 1.500000e+01
      vertex   1.847180e+01 1.079682e+01 5.000000e+00
    endloop
  endfacet
  facet normal -7.461837e-01 6.657401e-01 0.000000e+00
    outer loop
      vertex   1.847180e+01 1.079682e+01 5.000000e+00
      vertex   1.782033e+01 1.006664e+01 1.500000e+01
      vertex   1.847180e+01 1.079682e+01 1.500000e+01
    endloop
  endfacet
  facet normal -8.036311e-01 5.951277e-01 0.000000e+00
    outer loop
      vertex   1.847180e+01 1.079682e+01 5.000000e+00
      vertex   1.847180e+01 1.079682e+01 1.500000e+01
      vertex   1.905417e+01 1.158323e+01 5.000000e+00
    endloop
  endfacet
  facet normal -8.036311e-01 5.951277e-01 0.000000e+00
    outer loop
      vertex   1.905417e+01 1.158323e+01 5.000000e+00
      vertex   1.847180e+01 1.079682e+01 1.500000e+01
      vertex   1.905417e+01 1.158323e+01 1.500000e+01
    endloop
  endfacet
  facet normal -8.544194e-01 5.195840e-01 0.000000e+00
    outer loop
      vertex   1.905417e+01 1.158323e+01 5.000000e+00
      vertex   1.905417e+01 1.158323e+01 1.500000e+01
      vertex   1.956262e+01 1.241933e+01 5.000000e+00
    endloop
  endfacet
  facet normal -8.544194e-01 5.195840e-01 0.000000e+00
    outer loop
      vertex   1.956262e+01 1.241933e+01 5.000000e+00
      vertex   1.905417e+01 1.158323e+01 1.500000e+01
      vertex   1.956262e+01 1.241933e+01 1.500000e+01
    endloop
  endfacet
  facet normal -8.981277e-01 4.397347e-01 0.000000e+00
    outer loop
      vertex   1.956262e+01 1.241933e+01 5.000000e+00
      vertex   1.956262e+01 1.241933e+01 1.500000e+01
      vertex   1.999292e+01 1.329821e+01 5.000000e+00
    endloop
  endfacet
  facet normal -8.981277e-01 4.397347e-01 0.000000e+00
    outer loop
      vertex   1.999292e+01 1.329821e+01 5.000000e+00
      vertex   1.956262e+01 1.241933e+01 1.500000e+01
      vertex   1.999292e+01 1.329821e+01 1.500000e+01
    endloop
  endfacet
  facet normal -9.343938e-01 3.562417e-01 0.000000e+00
    outer loop
      vertex   1.999292e+01 1.329821e+01 5.000000e+00
      vertex   1.999292e+01 1.329821e+01 1.500000e+01
      vertex   2.034153e+01 1.421257e+01 5.000000e+00
    endloop
  endfacet
  facet normal -9.343938e-01 3.562417e-01 0.000000e+00
    outer loop
      vertex   2.034153e+01 1.421257e+01 5.000000e+00
      vertex   1.999292e+01 1.329821e+01 1.500000e+01
      vertex   2.034153e+01 1.421257e+01 1.500000e+01
    endloop
  endfacet
  facet normal -9.629173e-01 2.697968e-01 0.000000e+00
    outer loop
      vertex   2.034153e+01 1.421257e+01 5.000000e+00
      vertex   2.034153e+01 1.421257e+01 1.500000e+01
      vertex   2.060554e+01 1.515485e+01 5.000000e+00
    endloop
  endfacet
  facet normal -9.629173e-01 2.697968e-01 0.000000e+00
    outer loop
      vertex   2.060554e+01 1.515485e+01 5.000000e+00
      vertex   2.034153e+01 1.421257e+01 1.500000e+01
      vertex   2.060554e+01 1.515485e+01 1.500000e+01
    endloop
  endfacet
  facet normal -9.834617e-01 1.811162e-01 0.000000e+00
    outer loop
      vertex   2.060554e+01 1.515485e+01 5.000000e+00
      vertex   2.060554e+01 1.515485e+01 1.500000e+01
      vertex   2.078278e+01 1.611723e+01 5.000000e+00
    endloop
  endfacet
  facet normal -9.834617e-01 1.811162e-01 0.000000e+00
    outer loop
      vertex   2.078278e+01 1.611723e+01 5.000000e+00
      vertex   2.060554e+01 1.515485e+01 1.500000e+01
      vertex   2.078278e+01 1.611723e+01 1.500000e+01
    endloop
  endfacet
  facet normal -9.958568e-01 9.093486e-02 0.000000e+00
    outer loop
      vertex   2.078278e+01 1.611723e+01 5.000000e+00
      vertex   2.078278e+01 1.611723e+01 1.500000e+01
      vertex   2.087176e+01 1.709174e+01 5.000000e+00
    endloop
  endfacet
  facet normal -9.958568e-01 9.093486e-02 0.000000e+00
    outer loop
      vertex   2.087176e+01 1.709174e+01 5.000000e+00
      vertex   2.078278e+01 1.611723e+01 1.500000e+01
      vertex   2.087176e+01 1.709174e+01 1.500000e+01
    endloop
  endfacet
  facet normal -1.000000e+00 0.000000e+00 0.000000e+00
    outer loop
      vertex   2.087176e+01 1.709174e+01 5.000000e+00
      vertex   2.087176e+01 1.709174e+01 1.500000e+01
      vertex   2.087176e+01 1.807030e+01 5.000000e+00
    endloop
  endfacet
  facet normal -1.000000e+00 0.000000e+00 0.000000e+00
    outer loop
      vertex   2.087176e+01 1.807030e+01 5.000000e+00
      vertex   2.087176e+01 1.709174e+01 1.500000e+01
      vertex   2.087176e+01 1.807030e+01 1.500000e+01
    endloop
  endfacet
  facet normal -9.958568e-01 -9.093486e-02 0.000000e+00
    outer loop
      vertex   2.087176e+01 1.807030e+01 5.000000e+00
      vertex   2.087176e+01 1.807030e+01 1.500000e+01
      vertex   2.078278e+01 1.904481e+01 5.000000e+00
    endloop
  endfacet
  facet normal -9.958568e-01 -9.093486e-02 0.000000e+00
    outer loop
      vertex   2.078278e+01 1.904481e+01 5.000000e+00
      vertex   2.087176e+01 1.807030e+01 1.500000e+01
      vertex   2.078278e+01 1.904481e+01 1.500000e+01
    endloop
  endfacet
  facet normal -9.834617e-01 -1.811162e-01 0.000000e+00
    outer loop
      vertex   2.078278e+01 1.904481e+01 5.000000e+00
      vertex   2.078278e+01 1.904481e+01 1.500000e+01
      vertex   2.060554e+01 2.000719e+01 5.000000e+00
    endloop
  endfacet
  facet normal -9.834617e-01 -1.811162e-01 0.000000e+00
    outer loop
      vertex   2.060554e+01 2.000719e+01 5.000000e+00
      vertex   2.078278e+01 1.904481e+01 1.500000e+01
      vertex   2.060554e+01 2.000719e+01 1.500000e+01
    endloop
  endfacet
  facet normal -9.629173e-01 -2.697968e-01 0.000000e+00
    outer loop
      vertex   2.060554e+01 2.000719e+01 5.000000e+00
      vertex   2.060554e+01 2.000719e+01 1.500000e+01
      vertex   2.034153e+01 2.094947e+01 5.000000e+00
    endloop
  endfacet
  facet normal -9.629173e-01 -2.697968e-01 0.000000e+00
    outer loop
      vertex   2.034153e+01 2.094947e+01 5.000000e+00
      vertex   2.060554e+01 2.000719e+01 1.500000e+01
      vertex   2.034153e+01 2.094947e+01 1.500000e+01
    endloop
  endfacet
  facet normal -9.343938e-01 -3.562417e-01 0.000000e+00
    outer loop
      vertex   2.034153e+01 2.094947e+01 5.000000e+00
      vertex   2.034153e+01 2.094947e+01 1.500000e+01
      vertex   1.999292e+01 2.186383e+01 5.000000e+00
    endloop
  endfacet
  facet normal -9.343938e-01 -3.562417e-01 0.000000e+00
    outer loop
      vertex   1.999292e+01 2.186383e+01 5.000000e+00
      vertex   2.034153e+01 2.094947e+01 1.500000e+01
      vertex   1.999292e+01 2.186383e+01 1.500000e+01
    endloop
  endfacet
  facet normal -8.981277e-01 -4.397347e-01 0.000000e+00
    outer loop
      vertex   1.999292e+01 2.186383e+01 5.000000e+00
      vertex   1.999292e+01 2.186383e+01 1.500000e+01
      vertex   1.956262e+01 2.274271e+01 5.000000e+00
    endloop
  endfacet
  facet normal -8.981277e-01 -4.397347e-01 0.000000e+00
    outer loop
      vertex   1.956262e+01 2.274271e+01 5.000000e+00
      vertex   1.999292e+01 2.186383e+01 1.500000e+01
      vertex   1.956262e+01 2.274271e+01 1.500000e+01
    endloop
  endfacet
  facet normal -8.544194e-01 -5.195840e-01 0.000000e+00
    outer loop
      vertex   1.956262e+01 2.274271e+01 5.000000e+00
      vertex   1.956262e+01 2.274271e+01 1.500000e+01
      vertex   1.905417e+01 2.357881e+01 5.000000e+00
    endloop
  endfacet
  facet normal -8.544194e-01 -5.195840e-01 0.000000e+00
    outer loop
      vertex   1.905417e+01 2.357881e+01 5.000000e+00
      vertex   1.956262e+01 2.274271e+01 1.500000e+01
      vertex   1.905417e+01 2.357881e+01 1.500000e+01
    endloop
  endfacet
  facet normal -8.036311e-01 -5.951277e-01 0.000000e+00
    outer loop
      vertex   1.905417e+01 2.357881e+01 5.000000e+00
      vertex   1.905417e+01 2.357881e+01 1.500000e+01
      vertex   1.847180e+01 2.436521e+01 5.000000e+00
    endloop
  endfacet
  facet normal -8.036311e-01 -5.951277e-01 0.000000e+00
    outer loop
      vertex   1.847180e+01 2.436521e+01 5.000000e+00
      vertex   1.905417e+01 2.357881e+01 1.500000e+01
      vertex   1.847180e+01 2.436521e+01 1.500000e+01
    endloop
  endfacet
  facet normal -7.461837e-01 -6.657401e-01 0.000000e+00
    outer loop
      vertex   1.847180e+01 2.436521e+01 5.000000e+00
      vertex   1.847180e+01 2.436521e+01 1.500000e+01
      vertex   1.782033e+01 2.509540e+01 5.000000e+00
    endloop
  endfacet
  facet normal -7.461837e-01 -6.657401e-01 0.000000e+00
    outer loop
      vertex   1.782033e+01 2.509540e+01 5.000000e+00
      vertex   1.847180e+01 2.436521e+01 1.500000e+01
      vertex   1.782033e+01 2.509540e+01 1.500000e+01
    endloop
  endfacet
  facet normal -6.825531e-01 -7.308360e-01 0.000000e+00
    outer loop
      vertex   1.782033e+01 2.509540e+01 5.000000e+00
      vertex   1.782033e+01 2.509540e+01 1.500000e+01
      vertex   1.710516e+01 2.576333e+01 5.000000e+00
    endloop
  endfacet
  facet normal -6.825531e-01 -7.308360e-01 0.000000e+00
    outer loop
      vertex   1.710516e+01 2.576333e+01 5.000000e+00
      vertex   1.782033e+01 2.509540e+01 1.500000e+01
      vertex   1.710516e+01 2.576333e+01 1.500000e+01
    endloop
  endfacet
  facet normal -6.132668e-01 -7.898759e-01 0.000000e+00
    outer loop
      vertex   1.710516e+01 2.576333e+01 5.000000e+00
      vertex   1.710516e+01 2.576333e+01 1.500000e+01
      vertex   1.633222e+01 2.636345e+01 5.000000e+00
    endloop
  endfacet
  facet normal -6.132668e-01 -7.898759e-01 0.000000e+00
    outer loop
      vertex   1.633222e+01 2.636345e+01 5.000000e+00
      vertex   1.710516e+01 2.576333e+01 1.500000e+01
      vertex   1.633222e+01 2.636345e+01 1.500000e+01
    endloop
  endfacet
  facet normal -5.388986e-01 -8.423706e-01 0.000000e+00
    outer loop
      vertex   1.633222e+01 2.636345e+01 5.000000e+00
      vertex   1.633222e+01 2.636345e+01 1.500000e+01
      vertex   1.550790e+01 2.689079e+01 5.000000e+00
    endloop
  endfacet
  facet normal -5.388986e-01 -8.423706e-01 0.000000e+00
    outer loop
      vertex   1.550790e+01 2.689079e+01 5.000000e+00
      vertex   1.633222e+01 2.636345e+01 1.500000e+01
      vertex   1.550790e+01 2.689079e+01 1.500000e+01
    endloop
  endfacet
  facet normal -4.600650e-01 -8.878852e-01 0.000000e+00
    outer loop
      vertex   1.550790e+01 2.689079e+01 5.000000e+00
      vertex   1.550790e+01 2.689079e+01 1.500000e+01
      vertex   1.463905e+01 2.734100e+01 5.000000e+00
    endloop
  endfacet
  facet normal -4.600650e-01 -8.878852e-01 0.000000e+00
    outer loop
      vertex   1.463905e+01 2.734100e+01 5.000000e+00
      vertex   1.550790e+01 2.689079e+01 1.500000e+01
      vertex   1.463905e+01 2.734100e+01 1.500000e+01
    endloop
  endfacet
  facet normal -3.774192e-01 -9.260425e-01 0.000000e+00
    outer loop
      vertex   1.463905e+01 2.734100e+01 5.000000e+00
      vertex   1.463905e+01 2.734100e+01 1.500000e+01
      vertex   1.373286e+01 2.771032e+01 5.000000e+00
    endloop
  endfacet
  facet normal -3.774192e-01 -9.260425e-01 0.000000e+00
    outer loop
      vertex   1.373286e+01 2.771032e+01 5.000000e+00
      vertex   1.463905e+01 2.734100e+01 1.500000e+01
      vertex   1.373286e+01 2.771032e+01 1.500000e+01
    endloop
  endfacet
  facet normal -2.916459e-01 -9.565263e-01 0.000000e+00
    outer loop
      vertex   1.373286e+01 2.771032e+01 5.000000e+00
      vertex   1.373286e+01 2.771032e+01 1.500000e+01
      vertex   1.279684e+01 2.799572e+01 5.000000e+00
    endloop
  endfacet
  facet normal -2.916459e-01 -9.565263e-01 0.000000e+00
    outer loop
      vertex   1.279684e+01 2.799572e+01 5.000000e+00
      vertex   1.373286e+01 2.771032e+01 1.500000e+01
      vertex   1.279684e+01 2.799572e+01 1.500000e+01
    endloop
  endfacet
  facet normal -2.034560e-01 -9.790841e-01 0.000000e+00
    outer loop
      vertex   1.279684e+01 2.799572e+01 5.000000e+00
      vertex   1.279684e+01 2.799572e+01 1.500000e+01
      vertex   1.183874e+01 2.819481e+01 5.000000e+00
    endloop
  endfacet
  facet normal -2.034560e-01 -9.790841e-01 0.000000e+00
    outer loop
      vertex   1.183874e+01 2.819481e+01 5.000000e+00
      vertex   1.279684e+01 2.799572e+01 1.500000e+01
      vertex   1.183874e+01 2.819481e+01 1.500000e+01
    endloop
  endfacet
  facet normal -1.135802e-01 -9.935288e-01 0.000000e+00
    outer loop
      vertex   1.183874e+01 2.819481e+01 5.000000e+00
      vertex   1.183874e+01 2.819481e+01 1.500000e+01
      vertex   1.086651e+01 2.830596e+01 5.000000e+00
    endloop
  endfacet
  facet normal -1.135802e-01 -9.935288e-01 0.000000e+00
    outer loop
      vertex   1.086651e+01 2.830596e+01 5.000000e+00
      vertex   1.183874e+01 2.819481e+01 1.500000e+01
      vertex   1.086651e+01 2.830596e+01 1.500000e+01
    endloop
  endfacet
  facet normal -2.276320e-02 -9.997409e-01 0.000000e+00
    outer loop
      vertex   1.086651e+01 2.830596e+01 5.000000e+00
      vertex   1.086651e+01 2.830596e+01 1.500000e+01
      vertex   9.888198e+00 2.832823e+01 5.000000e+00
    endloop
  endfacet
  facet normal -2.276320e-02 -9.997409e-01 0.000000e+00
    outer loop
      vertex   9.888198e+00 2.832823e+01 5.000000e+00
      vertex   1.086651e+01 2.830596e+01 1.500000e+01
      vertex   9.888198e+00 2.832823e+01 1.500000e+01
    endloop
  endfacet
  facet normal 6.824241e-02 -9.976688e-01 0.000000e+00
    outer loop
      vertex   9.888198e+00 2.832823e+01 5.000000e+00
      vertex   9.888198e+00 2.832823e+01 1.500000e+01
      vertex   8.911916e+00 2.826145e+01 5.000000e+00
    endloop
  endfacet
  facet normal 6.824241e-02 -9.976688e-01 0.000000e+00
    outer loop
      vertex   8.911916e+00 2.826145e+01 5.000000e+00
      vertex   9.888198e+00 2.832823e+01 1.500000e+01
      vertex   8.911916e+00 2.826145e+01 1.500000e+01
    endloop
  endfacet
  facet normal 1.586825e-01 -9.873297e-01 0.000000e+00
    outer loop
      vertex   8.911916e+00 2.826145e+01 5.000000e+00
      vertex   8.911916e+00 2.826145e+01 1.500000e+01
      vertex   7.945751e+00 2.810617e+01 5.000000e+00
    endloop
  endfacet
  facet normal 1.586825e-01 -9.873297e-01 0.000000e+00
    outer loop
      vertex   7.945751e+00 2.810617e+01 5.000000e+00
      vertex   8.911916e+00 2.826145e+01 1.500000e+01
      vertex   7.945751e+00 2.810617e+01 1.500000e+01
    endloop
  endfacet
  facet normal 2.478078e-01 -9.688092e-01 0.000000e+00
    outer loop
      vertex   7.945751e+00 2.810617e+01 5.000000e+00
      vertex   7.945751e+00 2.810617e+01 1.500000e+01
      vertex   6.997709e+00 2.786368e+01 5.000000e+00
    endloop
  endfacet
  facet normal 2.478078e-01 -9.688092e-01 0.000000e+00
    outer loop
      vertex   6.997709e+00 2.786368e+01 5.000000e+00
      vertex   7.945751e+00 2.810617e+01 1.500000e+01
      vertex   6.997709e+00 2.786368e+01 1.500000e+01
    endloop
  endfacet
  facet normal 3.348796e-01 -9.422609e-01 0.000000e+00
    outer loop
      vertex   6.997709e+00 2.786368e+01 5.000000e+00
      vertex   6.997709e+00 2.786368e+01 1.500000e+01
      vertex   6.075646e+00 2.753598e+01 5.000000e+00
    endloop
  endfacet
  facet normal 3.348796e-01 -9.422609e-01 0.000000e+00
    outer loop
      vertex   6.075646e+00 2.753598e+01 5.000000e+00
      vertex   6.997709e+00 2.786368e+01 1.500000e+01
      vertex   6.075646e+00 2.753598e+01 1.500000e+01
    endloop
  endfacet
  facet normal 4.191765e-01 -9.079048e-01 0.000000e+00
    outer loop
      vertex   6.075646e+00 2.753598e+01 5.000000e+00
      vertex   6.075646e+00 2.753598e+01 1.500000e+01
      vertex   5.187204e+00 2.712579e+01 5.000000e+00
    endloop
  endfacet
  facet normal 4.191765e-01 -9.079048e-01 0.000000e+00
    outer loop
      vertex   5.187204e+00 2.712579e+01 5.000000e+00
      vertex   6.075646e+00 2.753598e+01 1.500000e+01
      vertex   5.187204e+00 2.712579e+01 1.500000e+01
    endloop
  endfacet
  facet normal 5.000000e-01 -8.660254e-01 0.000000e+00
    outer loop
      vertex   5.187204e+00 2.712579e+01 5.000000e+00
      vertex   5.187204e+00 2.712579e+01 1.500000e+01
      vertex   4.339743e+00 2.663650e+01 5.000000e+00
    endloop
  endfacet
  facet normal 5.000000e-01 -8.660254e-01 0.000000e+00
    outer loop
      vertex   4.339743e+00 2.663650e+01 5.000000e+00
      vertex   5.187204e+00 2.712579e+01 1.500000e+01
      vertex   4.339743e+00 2.663650e+01 1.500000e+01
    endloop
  endfacet
  facet normal 5.766803e-01 -8.169699e-01 0.000000e+00
    outer loop
      vertex   4.339743e+00 2.663650e+01 5.000000e+00
      vertex   4.339743e+00 2.663650e+01 1.500000e+01
      vertex   3.540285e+00 2.607219e+01 5.000000e+00
    endloop
  endfacet
  facet normal 5.766803e-01 -8.169699e-01 0.000000e+00
    outer loop
      vertex   3.540285e+00 2.607219e+01 5.000000e+00
      vertex   4.339743e+00 2.663650e+01 1.500000e+01
      vertex   3.540285e+00 2.607219e+01 1.500000e+01
    endloop
  endfacet
  facet normal 6.485821e-01 -7.611447e-01 0.000000e+00
    outer loop
      vertex   3.540285e+00 2.607219e+01 5.000000e+00
      vertex   3.540285e+00 2.607219e+01 1.500000e+01
      vertex   2.795457e+00 2.543751e+01 5.000000e+00
    endloop
  endfacet
  facet normal 6.485821e-01 -7.611447e-01 0.000000e+00
    outer loop
      vertex   2.795457e+00 2.543751e+01 5.000000e+00
      vertex   3.540285e+00 2.607219e+01 1.500000e+01
      vertex   2.795457e+00 2.543751e+01 1.500000e+01
    endloop
  endfacet
  facet normal 7.151095e-01 -6.990124e-01 0.000000e+00
    outer loop
      vertex   2.795457e+00 2.543751e+01 5.000000e+00
      vertex   2.795457e+00 2.543751e+01 1.500000e+01
      vertex   2.111428e+00 2.473773e+01 5.000000e+00
    endloop
  endfacet
  facet normal 7.151095e-01 -6.990124e-01 0.000000e+00
    outer loop
      vertex   2.111428e+00 2.473773e+01 5.000000e+00
      vertex   2.795457e+00 2.543751e+01 1.500000e+01
      vertex   2.111428e+00 2.473773e+01 1.500000e+01
    endloop
  endfacet
  facet normal 7.757113e-01 -6.310879e-01 0.000000e+00
    outer loop
      vertex   2.111428e+00 2.473773e+01 5.000000e+00
      vertex   2.111428e+00 2.473773e+01 1.500000e+01
      vertex   1.493868e+00 2.397864e+01 5.000000e+00
    endloop
  endfacet
  facet normal 7.757113e-01 -6.310879e-01 0.000000e+00
    outer loop
      vertex   1.493868e+00 2.397864e+01 5.000000e+00
      vertex   2.111428e+00 2.473773e+01 1.500000e+01
      vertex   1.493868e+00 2.397864e+01 1.500000e+01
    endloop
  endfacet
  facet normal 8.298853e-01 -5.579340e-01 0.000000e+00
    outer loop
      vertex   1.493868e+00 2.397864e+01 5.000000e+00
      vertex   1.493868e+00 2.397864e+01 1.500000e+01
      vertex   9.478942e-01 2.316655e+01 5.000000e+00
    endloop
  endfacet
  facet normal 8.298853e-01 -5.579340e-01 0.000000e+00
    outer loop
      vertex   9.478942e-01 2.316655e+01 5.000000e+00
      vertex   1.493868e+00 2.397864e+01 1.500000e+01
      vertex   9.478942e-01 2.316655e+01 1.500000e+01
    endloop
  endfacet
  facet normal 8.771826e-01 -4.801569e-01 0.000000e+00
    outer loop
      vertex   9.478942e-01 2.316655e+01 5.000000e+00
      vertex   9.478942e-01 2.316655e+01 1.500000e+01
      vertex   4.780300e-01 2.230817e+01 5.000000e+00
    endloop
  endfacet
  facet normal 8.771826e-01 -4.801569e-01 0.000000e+00
    outer loop
      vertex   4.780300e-01 2.230817e+01 5.000000e+00
      vertex   9.478942e-01 2.316655e+01 1.500000e+01
      vertex   4.780300e-01 2.230817e+01 1.500000e+01
    endloop
  endfacet
  facet normal 9.172113e-01 -3.984011e-01 0.000000e+00
    outer loop
      vertex   4.780300e-01 2.230817e+01 5.000000e+00
      vertex   4.780300e-01 2.230817e+01 1.500000e+01
      vertex   8.816909e-02 2.141062e+01 5.000000e+00
    endloop
  endfacet
  facet normal 9.172113e-01 -3.984011e-01 0.000000e+00
    outer loop
      vertex   8.816909e-02 2.141062e+01 5.000000e+00
      vertex   4.780300e-01 2.230817e+01 1.500000e+01
      vertex   8.816909e-02 2.141062e+01 1.500000e+01
    endloop
  endfacet
  facet normal 9.496397e-01 -3.133440e-01 0.000000e+00
    outer loop
      vertex   8.816909e-02 2.141062e+01 5.000000e+00
      vertex   8.816909e-02 2.141062e+01 1.500000e+01
      vertex   -2.184580e-01 2.048133e+01 5.000000e+00
    endloop
  endfacet
  facet normal 9.496397e-01 -3.133440e-01 0.000000e+00
    outer loop
      vertex   -2.184580e-01 2.048133e+01 5.000000e+00
      vertex   8.816909e-02 2.141062e+01 1.500000e+01
      vertex   -2.184580e-01 2.048133e+01 1.500000e+01
    endloop
  endfacet
  facet normal 9.741991e-01 -2.256904e-01 0.000000e+00
    outer loop
      vertex   -2.184580e-01 2.048133e+01 5.000000e+00
      vertex   -2.184580e-01 2.048133e+01 1.500000e+01
      vertex   -4.393105e-01 1.952802e+01 5.000000e+00
    endloop
  endfacet
  facet normal 9.741991e-01 -2.256904e-01 0.000000e+00
    outer loop
      vertex   -4.393105e-01 1.952802e+01 5.000000e+00
      vertex   -2.184580e-01 2.048133e+01 1.500000e+01
      vertex   -4.393105e-01 1.952802e+01 1.500000e+01
    endloop
  endfacet
  facet normal 9.906859e-01 -1.361666e-01 0.000000e+00
    outer loop
      vertex   -4.393105e-01 1.952802e+01 5.000000e+00
      vertex   -4.393105e-01 1.952802e+01 1.500000e+01
      vertex   -5.725582e-01 1.855857e+01 5.000000e+00
    endloop
  endfacet
  facet normal 9.906859e-01 -1.361666e-01 0.000000e+00
    outer loop
      vertex   -5.725582e-01 1.855857e+01 5.000000e+00
      vertex   -4.393105e-01 1.952802e+01 1.500000e+01
      vertex   -5.725582e-01 1.855857e+01 1.500000e+01
    endloop
  endfacet
  facet normal 9.993328e-01 -3.652202e-02 0.000000e+00
    outer loop
      vertex   2.683822e+01 1.635835e+01 1.000000e+01
      vertex   2.683822e+01 1.635835e+01 0.000000e+00
      vertex   2.688290e+01 1.758102e+01 1.000000e+01
    endloop
  endfacet
  facet normal 9.993328e-01 -3.652202e-02 1.297523e-17
    outer loop
      vertex   2.688290e+01 1.758102e+01 1.000000e+01
      vertex   2.683822e+01 1.635835e+01 0.000000e+00
      vertex   2.688290e+01 1.758102e+01 0.000000e+00
    endloop
  endfacet
  facet normal 9.993328e-01 3.652202e-02 -1.297523e-17
    outer loop
      vertex   2.688290e+01 1.758102e+01 1.000000e+01
      vertex   2.688290e+01 1.758102e+01 0.000000e+00
      vertex   2.683822e+01 1.880369e+01 1.000000e+01
    endloop
  endfacet
  facet normal 9.993328e-01 3.652202e-02 3.892569e-17
    outer loop
      vertex   2.683822e+01 1.880369e+01 1.000000e+01
      vertex   2.688290e+01 1.758102e+01 0.000000e+00
      vertex   2.683822e+01 1.880369e+01 0.000000e+00
    endloop
  endfacet
  facet normal 9.940010e-01 1.093712e-01 1.165694e-16
    outer loop
      vertex   2.683822e+01 1.880369e+01 1.000000e+01
      vertex   2.683822e+01 1.880369e+01 0.000000e+00
      vertex   2.670440e+01 2.001984e+01 1.000000e+01
    endloop
  endfacet
  facet normal 9.940010e-01 1.093712e-01 0.000000e+00
    outer loop
      vertex   2.670440e+01 2.001984e+01 1.000000e+01
      vertex   2.683822e+01 1.880369e+01 0.000000e+00
      vertex   2.670440e+01 2.001984e+01 0.000000e+00
    endloop
  endfacet
  facet normal 9.833657e-01 1.816369e-01 0.000000e+00
    outer loop
      vertex   2.670440e+01 2.001984e+01 1.000000e+01
      vertex   2.670440e+01 2.001984e+01 0.000000e+00
      vertex   2.648217e+01 2.122297e+01 1.000000e+01
    endloop
  endfacet
  facet normal 9.833657e-01 1.816369e-01 -2.203009e-16
    outer loop
      vertex   2.648217e+01 2.122297e+01 1.000000e+01
      vertex   2.670440e+01 2.001984e+01 0.000000e+00
      vertex   2.648217e+01 2.122297e+01 0.000000e+00
    endloop
  endfacet
  facet normal 9.674837e-01 2.529334e-01 -1.639993e-16
    outer loop
      vertex   2.648217e+01 2.122297e+01 1.000000e+01
      vertex   2.648217e+01 2.122297e+01 0.000000e+00
      vertex   2.617271e+01 2.240668e+01 1.000000e+01
    endloop
  endfacet
  facet normal 9.674837e-01 2.529334e-01 0.000000e+00
    outer loop
      vertex   2.617271e+01 2.240668e+01 1.000000e+01
      vertex   2.648217e+01 2.122297e+01 0.000000e+00
      vertex   2.617271e+01 2.240668e+01 0.000000e+00
    endloop
  endfacet
  facet normal 9.464398e-01 3.228804e-01 0.000000e+00
    outer loop
      vertex   2.617271e+01 2.240668e+01 1.000000e+01
      vertex   2.617271e+01 2.240668e+01 0.000000e+00
      vertex   2.577767e+01 2.356464e+01 1.000000e+01
    endloop
  endfacet
  facet normal 9.464398e-01 3.228804e-01 -1.147102e-16
    outer loop
      vertex   2.577767e+01 2.356464e+01 1.000000e+01
      vertex   2.617271e+01 2.240668e+01 0.000000e+00
      vertex   2.577767e+01 2.356464e+01 0.000000e+00
    endloop
  endfacet
  facet normal 9.203462e-01 3.911047e-01 -1.389483e-16
    outer loop
      vertex   2.577767e+01 2.356464e+01 1.000000e+01
      vertex   2.577767e+01 2.356464e+01 0.000000e+00
      vertex   2.529916e+01 2.469067e+01 1.000000e+01
    endloop
  endfacet
  facet normal 9.203462e-01 3.911047e-01 -9.815206e-17
    outer loop
      vertex   2.529916e+01 2.469067e+01 1.000000e+01
      vertex   2.577767e+01 2.356464e+01 0.000000e+00
      vertex   2.529916e+01 2.469067e+01 0.000000e+00
    endloop
  endfacet
  facet normal 8.893421e-01 4.572423e-01 1.786482e-17
    outer loop
      vertex   2.529916e+01 2.469067e+01 1.000000e+01
      vertex   2.529916e+01 2.469067e+01 0.000000e+00
      vertex   2.473973e+01 2.577877e+01 1.000000e+01
    endloop
  endfacet
  facet normal 8.893421e-01 4.572423e-01 1.624451e-16
    outer loop
      vertex   2.473973e+01 2.577877e+01 1.000000e+01
      vertex   2.529916e+01 2.469067e+01 0.000000e+00
      vertex   2.473973e+01 2.577877e+01 0.000000e+00
    endloop
  endfacet
  facet normal 8.535931e-01 5.209403e-01 1.850752e-16
    outer loop
      vertex   2.473973e+01 2.577877e+01 1.000000e+01
      vertex   2.473973e+01 2.577877e+01 0.000000e+00
      vertex   2.410237e+01 2.682313e+01 1.000000e+01
    endloop
  endfacet
  facet normal 8.535931e-01 5.209403e-01 3.701504e-16
    outer loop
      vertex   2.410237e+01 2.682313e+01 1.000000e+01
      vertex   2.473973e+01 2.577877e+01 0.000000e+00
      vertex   2.410237e+01 2.682313e+01 0.000000e+00
    endloop
  endfacet
  facet normal 8.132897e-01 5.818589e-01 4.134356e-16
    outer loop
      vertex   2.410237e+01 2.682313e+01 1.000000e+01
      vertex   2.410237e+01 2.682313e+01 0.000000e+00
      vertex   2.339047e+01 2.781818e+01 1.000000e+01
    endloop
  endfacet
  facet normal 8.132897e-01 5.818589e-01 2.067178e-16
    outer loop
      vertex   2.339047e+01 2.781818e+01 1.000000e+01
      vertex   2.410237e+01 2.682313e+01 0.000000e+00
      vertex   2.339047e+01 2.781818e+01 0.000000e+00
    endloop
  endfacet
  facet normal 7.686471e-01 6.396730e-01 2.272575e-16
    outer loop
      vertex   2.339047e+01 2.781818e+01 1.000000e+01
      vertex   2.339047e+01 2.781818e+01 0.000000e+00
      vertex   2.260784e+01 2.875861e+01 1.000000e+01
    endloop
  endfacet
  facet normal 7.686471e-01 6.396730e-01 -2.730783e-16
    outer loop
      vertex   2.260784e+01 2.875861e+01 1.000000e+01
      vertex   2.339047e+01 2.781818e+01 0.000000e+00
      vertex   2.260784e+01 2.875861e+01 0.000000e+00
    endloop
  endfacet
  facet normal 7.199035e-01 6.940742e-01 -2.557611e-16
    outer loop
      vertex   2.260784e+01 2.875861e+01 1.000000e+01
      vertex   2.260784e+01 2.875861e+01 0.000000e+00
      vertex   2.175865e+01 2.963940e+01 1.000000e+01
    endloop
  endfacet
  facet normal 7.199035e-01 6.940742e-01 -1.835281e-17
    outer loop
      vertex   2.175865e+01 2.963940e+01 1.000000e+01
      vertex   2.260784e+01 2.875861e+01 0.000000e+00
      vertex   2.175865e+01 2.963940e+01 0.000000e+00
    endloop
  endfacet
  facet normal 6.673188e-01 7.447722e-01 5.503393e-17
    outer loop
      vertex   2.175865e+01 2.963940e+01 1.000000e+01
      vertex   2.175865e+01 2.963940e+01 0.000000e+00
      vertex   2.084743e+01 3.045586e+01 1.000000e+01
    endloop
  endfacet
  facet normal 6.673188e-01 7.447722e-01 -1.820453e-16
    outer loop
      vertex   2.084743e+01 3.045586e+01 1.000000e+01
      vertex   2.175865e+01 2.963940e+01 0.000000e+00
      vertex   2.084743e+01 3.045586e+01 0.000000e+00
    endloop
  endfacet
  facet normal 6.111737e-01 7.914965e-01 -8.900548e-17
    outer loop
      vertex   2.084743e+01 3.045586e+01 1.000000e+01
      vertex   2.084743e+01 3.045586e+01 0.000000e+00
      vertex   1.987904e+01 3.120362e+01 1.000000e+01
    endloop
  endfacet
  facet normal 6.111737e-01 7.914965e-01 -6.406352e-17
    outer loop
      vertex   1.987904e+01 3.120362e+01 1.000000e+01
      vertex   2.084743e+01 3.045586e+01 0.000000e+00
      vertex   1.987904e+01 3.120362e+01 0.000000e+00
    endloop
  endfacet
  facet normal 5.517677e-01 8.339978e-01 -1.002683e-16
    outer loop
      vertex   1.987904e+01 3.120362e+01 1.000000e+01
      vertex   1.987904e+01 3.120362e+01 0.000000e+00
      vertex   1.885865e+01 3.187870e+01 1.000000e+01
    endloop
  endfacet
  facet normal 5.517677e-01 8.339978e-01 4.509251e-18
    outer loop
      vertex   1.885865e+01 3.187870e+01 1.000000e+01
      vertex   1.987904e+01 3.120362e+01 0.000000e+00
      vertex   1.885865e+01 3.187870e+01 0.000000e+00
    endloop
  endfacet
  facet normal 4.894178e-01 8.720494e-01 9.799993e-17
    outer loop
      vertex   1.885865e+01 3.187870e+01 1.000000e+01
      vertex   1.885865e+01 3.187870e+01 0.000000e+00
      vertex   1.779171e+01 3.247750e+01 1.000000e+01
    endloop
  endfacet
  facet normal 4.894178e-01 8.720494e-01 1.738761e-16
    outer loop
      vertex   1.779171e+01 3.247750e+01 1.000000e+01
      vertex   1.885865e+01 3.187870e+01 0.000000e+00
      vertex   1.779171e+01 3.247750e+01 0.000000e+00
    endloop
  endfacet
  facet normal 4.244567e-01 9.054482e-01 1.507973e-16
    outer loop
      vertex   1.779171e+01 3.247750e+01 1.000000e+01
      vertex   1.779171e+01 3.247750e+01 0.000000e+00
      vertex   1.668391e+01 3.299682e+01 1.000000e+01
    endloop
  endfacet
  facet normal 4.244567e-01 9.054482e-01 4.017042e-17
    outer loop
      vertex   1.668391e+01 3.299682e+01 1.000000e+01
      vertex   1.779171e+01 3.247750e+01 0.000000e+00
      vertex   1.668391e+01 3.299682e+01 0.000000e+00
    endloop
  endfacet
  facet normal 3.572309e-01 9.340161e-01 1.560027e-16
    outer loop
      vertex   1.668391e+01 3.299682e+01 1.000000e+01
      vertex   1.668391e+01 3.299682e+01 0.000000e+00
      vertex   1.554115e+01 3.343389e+01 1.000000e+01
    endloop
  endfacet
  facet normal 3.572309e-01 9.340161e-01 -3.172848e-16
    outer loop
      vertex   1.554115e+01 3.343389e+01 1.000000e+01
      vertex   1.668391e+01 3.299682e+01 0.000000e+00
      vertex   1.554115e+01 3.343389e+01 0.000000e+00
    endloop
  endfacet
  facet normal 2.880991e-01 9.576006e-01 -2.558834e-16
    outer loop
      vertex   1.554115e+01 3.343389e+01 1.000000e+01
      vertex   1.554115e+01 3.343389e+01 0.000000e+00
      vertex   1.436954e+01 3.378637e+01 1.000000e+01
    endloop
  endfacet
  facet normal 2.880991e-01 9.576006e-01 5.117668e-17
    outer loop
      vertex   1.436954e+01 3.378637e+01 1.000000e+01
      vertex   1.554115e+01 3.343389e+01 0.000000e+00
      vertex   1.436954e+01 3.378637e+01 0.000000e+00
    endloop
  endfacet
  facet normal 2.174302e-01 9.760759e-01 3.862336e-17
    outer loop
      vertex   1.436954e+01 3.378637e+01 1.000000e+01
      vertex   1.436954e+01 3.378637e+01 0.000000e+00
      vertex   1.317532e+01 3.405239e+01 1.000000e+01
    endloop
  endfacet
  facet normal 2.174302e-01 9.760759e-01 -2.317401e-16
    outer loop
      vertex   1.317532e+01 3.405239e+01 1.000000e+01
      vertex   1.436954e+01 3.378637e+01 0.000000e+00
      vertex   1.317532e+01 3.405239e+01 0.000000e+00
    endloop
  endfacet
  facet normal 1.456012e-01 9.893434e-01 -1.551838e-16
    outer loop
      vertex   1.317532e+01 3.405239e+01 1.000000e+01
      vertex   1.317532e+01 3.405239e+01 0.000000e+00
      vertex   1.196487e+01 3.423054e+01 1.000000e+01
    endloop
  endfacet
  facet normal 1.456012e-01 9.893434e-01 5.172793e-17
    outer loop
      vertex   1.196487e+01 3.423054e+01 1.000000e+01
      vertex   1.317532e+01 3.405239e+01 0.000000e+00
      vertex   1.196487e+01 3.423054e+01 0.000000e+00
    endloop
  endfacet
  facet normal 7.299531e-02 9.973323e-01 2.593315e-17
    outer loop
      vertex   1.196487e+01 3.423054e+01 1.000000e+01
      vertex   1.196487e+01 3.423054e+01 0.000000e+00
      vertex   1.074465e+01 3.431984e+01 1.000000e+01
    endloop
  endfacet
  facet normal 7.299531e-02 9.973323e-01 -7.779944e-17
    outer loop
      vertex   1.074465e+01 3.431984e+01 1.000000e+01
      vertex   1.196487e+01 3.423054e+01 0.000000e+00
      vertex   1.074465e+01 3.431984e+01 0.000000e+00
    endloop
  endfacet
  facet normal 0.000000e+00 1.000000e+00 0.000000e+00
    outer loop
      vertex   1.074465e+01 3.431984e+01 1.000000e+01
      vertex   1.074465e+01 3.431984e+01 0.000000e+00
      vertex   9.521159e+00 3.431984e+01 1.000000e+01
    endloop
  endfacet
  facet normal 0.000000e+00 1.000000e+00 0.000000e+00
    outer loop
      vertex   9.521159e+00 3.431984e+01 1.000000e+01
      vertex   1.074465e+01 3.431984e+01 0.000000e+00
      vertex   9.521159e+00 3.431984e+01 0.000000e+00
    endloop
  endfacet
  facet normal -7.299531e-02 9.973323e-01 7.779944e-17
    outer loop
      vertex   9.521159e+00 3.431984e+01 1.000000e+01
      vertex   9.521159e+00 3.431984e+01 0.000000e+00
      vertex   8.300935e+00 3.423054e+01 1.000000e+01
    endloop
  endfacet
  facet normal -7.299531e-02 9.973323e-01 -2.593315e-17
    outer loop
      vertex   8.300935e+00 3.423054e+01 1.000000e+01
      vertex   9.521159e+00 3.431984e+01 0.000000e+00
      vertex   8.300935e+00 3.423054e+01 0.000000e+00
    endloop
  endfacet
  facet normal -1.456012e-01 9.893434e-01 -5.172793e-17
    outer loop
      vertex   8.300935e+00 3.423054e+01 1.000000e+01
      vertex   8.300935e+00 3.423054e+01 0.000000e+00
      vertex   7.090486e+00 3.405239e+01 1.000000e+01
    endloop
  endfacet
  facet normal -1.456012e-01 9.893434e-01 1.422518e-16
    outer loop
      vertex   7.090486e+00 3.405239e+01 1.000000e+01
      vertex   8.300935e+00 3.423054e+01 0.000000e+00
      vertex   7.090486e+00 3.405239e+01 0.000000e+00
    endloop
  endfacet
  facet normal -2.174302e-01 9.760759e-01 2.124285e-16
    outer loop
      vertex   7.090486e+00 3.405239e+01 1.000000e+01
      vertex   7.090486e+00 3.405239e+01 0.000000e+00
      vertex   5.896269e+00 3.378637e+01 1.000000e+01
    endloop
  endfacet
  facet normal -2.174302e-01 9.760759e-01 5.969852e-16
    outer loop
      vertex   5.896269e+00 3.378637e+01 1.000000e+01
      vertex   7.090486e+00 3.405239e+01 0.000000e+00
      vertex   5.896269e+00 3.378637e+01 0.000000e+00
    endloop
  endfacet
  facet normal -2.880991e-01 9.576006e-01 5.524744e-16
    outer loop
      vertex   5.896269e+00 3.378637e+01 1.000000e+01
      vertex   5.896269e+00 3.378637e+01 0.000000e+00
      vertex   4.724656e+00 3.343389e+01 1.000000e+01
    endloop
  endfacet
  facet normal -2.880991e-01 9.576006e-01 2.814717e-16
    outer loop
      vertex   4.724656e+00 3.343389e+01 1.000000e+01
      vertex   5.896269e+00 3.378637e+01 0.000000e+00
      vertex   4.724656e+00 3.343389e+01 0.000000e+00
    endloop
  endfacet
  facet normal -3.572309e-01 9.340161e-01 3.490132e-16
    outer loop
      vertex   4.724656e+00 3.343389e+01 1.000000e+01
      vertex   4.724656e+00 3.343389e+01 0.000000e+00
      vertex   3.581899e+00 3.299682e+01 1.000000e+01
    endloop
  endfacet
  facet normal -3.572309e-01 9.340161e-01 -9.783035e-16
    outer loop
      vertex   3.581899e+00 3.299682e+01 1.000000e+01
      vertex   4.724656e+00 3.343389e+01 0.000000e+00
      vertex   3.581899e+00 3.299682e+01 0.000000e+00
    endloop
  endfacet
  facet normal -4.244567e-01 9.054482e-01 -8.720267e-16
    outer loop
      vertex   3.581899e+00 3.299682e+01 1.000000e+01
      vertex   3.581899e+00 3.299682e+01 0.000000e+00
      vertex   2.474094e+00 3.247750e+01 1.000000e+01
    endloop
  endfacet
  facet normal -4.244567e-01 9.054482e-01 -1.507973e-16
    outer loop
      vertex   2.474094e+00 3.247750e+01 1.000000e+01
      vertex   3.581899e+00 3.299682e+01 0.000000e+00
      vertex   2.474094e+00 3.247750e+01 0.000000e+00
    endloop
  endfacet
  facet normal -4.894178e-01 8.720494e-01 -1.738761e-16
    outer loop
      vertex   2.474094e+00 3.247750e+01 1.000000e+01
      vertex   2.474094e+00 3.247750e+01 0.000000e+00
      vertex   1.407152e+00 3.187870e+01 1.000000e+01
    endloop
  endfacet
  facet normal -4.894178e-01 8.720494e-01 -1.849380e-16
    outer loop
      vertex   1.407152e+00 3.187870e+01 1.000000e+01
      vertex   2.474094e+00 3.247750e+01 0.000000e+00
      vertex   1.407152e+00 3.187870e+01 0.000000e+00
    endloop
  endfacet
  facet normal -5.517677e-01 8.339978e-01 -1.025229e-16
    outer loop
      vertex   1.407152e+00 3.187870e+01 1.000000e+01
      vertex   1.407152e+00 3.187870e+01 0.000000e+00
      vertex   3.867660e-01 3.120362e+01 1.000000e+01
    endloop
  endfacet
  facet normal -5.517677e-01 8.339978e-01 5.126145e-17
    outer loop
      vertex   3.867660e-01 3.120362e+01 1.000000e+01
      vertex   1.407152e+00 3.187870e+01 0.000000e+00
      vertex   3.867660e-01 3.120362e+01 0.000000e+00
    endloop
  endfacet
  facet normal -6.111737e-01 7.914965e-01 9.780388e-18
    outer loop
      vertex   3.867660e-01 3.120362e+01 1.000000e+01
      vertex   3.867660e-01 3.120362e+01 0.000000e+00
      vertex   -5.816203e-01 3.045586e+01 1.000000e+01
    endloop
  endfacet
  facet normal -6.111737e-01 7.914965e-01 -1.956078e-17
    outer loop
      vertex   -5.816203e-01 3.045586e+01 1.000000e+01
      vertex   3.867660e-01 3.120362e+01 0.000000e+00
      vertex   -5.816203e-01 3.045586e+01 0.000000e+00
    endloop
  endfacet
  facet normal -6.673188e-01 7.447722e-01 6.350570e-17
    outer loop
      vertex   -5.816203e-01 3.045586e+01 1.000000e+01
      vertex   -5.816203e-01 3.045586e+01 0.000000e+00
      vertex   -1.492840e+00 2.963940e+01 1.000000e+01
    endloop
  endfacet
  facet normal -6.673188e-01 7.447722e-01 6.350570e-17
    outer loop
      vertex   -1.492840e+00 2.963940e+01 1.000000e+01
      vertex   -5.816203e-01 3.045586e+01 0.000000e+00
      vertex   -1.492840e+00 2.963940e+01 0.000000e+00
    endloop
  endfacet
  facet normal -7.199035e-01 6.940742e-01 1.462334e-16
    outer loop
      vertex   -1.492840e+00 2.963940e+01 1.000000e+01
      vertex   -1.492840e+00 2.963940e+01 0.000000e+00
      vertex   -2.342031e+00 2.875861e+01 1.000000e+01
    endloop
  endfacet
  facet normal -7.199035e-01 6.940742e-01 -8.673401e-17
    outer loop
      vertex   -2.342031e+00 2.875861e+01 1.000000e+01
      vertex   -1.492840e+00 2.963940e+01 0.000000e+00
      vertex   -2.342031e+00 2.875861e+01 0.000000e+00
    endloop
  endfacet
  facet normal -7.686471e-01 6.396730e-01 -5.658356e-17
    outer loop
      vertex   -2.342031e+00 2.875861e+01 1.000000e+01
      vertex   -2.342031e+00 2.875861e+01 0.000000e+00
      vertex   -3.124663e+00 2.781818e+01 1.000000e+01
    endloop
  endfacet
  facet normal -7.686471e-01 6.396730e-01 -5.658356e-17
    outer loop
      vertex   -3.124663e+00 2.781818e+01 1.000000e+01
      vertex   -2.342031e+00 2.875861e+01 0.000000e+00
      vertex   -3.124663e+00 2.781818e+01 0.000000e+00
    endloop
  endfacet
  facet normal -8.132897e-01 5.818589e-01 -2.613121e-17
    outer loop
      vertex   -3.124663e+00 2.781818e+01 1.000000e+01
      vertex   -3.124663e+00 2.781818e+01 0.000000e+00
      vertex   -3.836561e+00 2.682313e+01 1.000000e+01
    endloop
  endfacet
  facet normal -8.132897e-01 5.818589e-01 -5.226243e-17
    outer loop
      vertex   -3.836561e+00 2.682313e+01 1.000000e+01
      vertex   -3.124663e+00 2.781818e+01 0.000000e+00
      vertex   -3.836561e+00 2.682313e+01 0.000000e+00
    endloop
  endfacet
  facet normal -8.535931e-01 5.209403e-01 8.921106e-18
    outer loop
      vertex   -3.836561e+00 2.682313e+01 1.000000e+01
      vertex   -3.836561e+00 2.682313e+01 0.000000e+00
      vertex   -4.473925e+00 2.577877e+01 1.000000e+01
    endloop
  endfacet
  facet normal -8.535931e-01 5.209403e-01 -3.344660e-17
    outer loop
      vertex   -4.473925e+00 2.577877e+01 1.000000e+01
      vertex   -3.836561e+00 2.682313e+01 0.000000e+00
      vertex   -4.473925e+00 2.577877e+01 0.000000e+00
    endloop
  endfacet
  facet normal -8.893421e-01 4.572423e-01 -4.466205e-18
    outer loop
      vertex   -4.473925e+00 2.577877e+01 1.000000e+01
      vertex   -4.473925e+00 2.577877e+01 0.000000e+00
      vertex   -5.033355e+00 2.469067e+01 1.000000e+01
    endloop
  endfacet
  facet normal -8.893421e-01 4.572423e-01 3.070254e-16
    outer loop
      vertex   -5.033355e+00 2.469067e+01 1.000000e+01
      vertex   -4.473925e+00 2.577877e+01 0.000000e+00
      vertex   -5.033355e+00 2.469067e+01 0.000000e+00
    endloop
  endfacet
  facet normal -9.203462e-01 3.911047e-01 3.760487e-16
    outer loop
      vertex   -5.033355e+00 2.469067e+01 1.000000e+01
      vertex   -5.033355e+00 2.469067e+01 0.000000e+00
      vertex   -5.511867e+00 2.356464e+01 1.000000e+01
    endloop
  endfacet
  facet normal -9.203462e-01 3.911047e-01 0.000000e+00
    outer loop
      vertex   -5.511867e+00 2.356464e+01 1.000000e+01
      vertex   -5.033355e+00 2.469067e+01 0.000000e+00
      vertex   -5.511867e+00 2.356464e+01 0.000000e+00
    endloop
  endfacet
  facet normal -9.464398e-01 3.228804e-01 0.000000e+00
    outer loop
      vertex   -5.511867e+00 2.356464e+01 1.000000e+01
      vertex   -5.511867e+00 2.356464e+01 0.000000e+00
      vertex   -5.906907e+00 2.240668e+01 1.000000e+01
    endloop
  endfacet
  facet normal -9.464398e-01 3.228804e-01 -1.147102e-16
    outer loop
      vertex   -5.906907e+00 2.240668e+01 1.000000e+01
      vertex   -5.511867e+00 2.356464e+01 0.000000e+00
      vertex   -5.906907e+00 2.240668e+01 0.000000e+00
    endloop
  endfacet
  facet normal -9.674837e-01 2.529334e-01 -8.985999e-17
    outer loop
      vertex   -5.906907e+00 2.240668e+01 1.000000e+01
      vertex   -5.906907e+00 2.240668e+01 0.000000e+00
      vertex   -6.216368e+00 2.122297e+01 1.000000e+01
    endloop
  endfacet
  facet normal -9.674837e-01 2.529334e-01 -1.179052e-17
    outer loop
      vertex   -6.216368e+00 2.122297e+01 1.000000e+01
      vertex   -5.906907e+00 2.240668e+01 0.000000e+00
      vertex   -6.216368e+00 2.122297e+01 0.000000e+00
    endloop
  endfacet
  facet normal -9.833657e-01 1.816369e-01 6.843013e-17
    outer loop
      vertex   -6.216368e+00 2.122297e+01 1.000000e+01
      vertex   -6.216368e+00 2.122297e+01 0.000000e+00
      vertex   -6.438599e+00 2.001984e+01 1.000000e+01
    endloop
  endfacet
  facet normal -9.833657e-01 1.816369e-01 -6.453037e-17
    outer loop
      vertex   -6.438599e+00 2.001984e+01 1.000000e+01
      vertex   -6.216368e+00 2.122297e+01 0.000000e+00
      vertex   -6.438599e+00 2.001984e+01 0.000000e+00
    endloop
  endfacet
  facet normal -9.940010e-01 1.093712e-01 -3.885646e-17
    outer loop
      vertex   -6.438599e+00 2.001984e+01 1.000000e+01
      vertex   -6.438599e+00 2.001984e+01 0.000000e+00
      vertex   -6.572413e+00 1.880369e+01 1.000000e+01
    endloop
  endfacet
  facet normal -9.940010e-01 1.093712e-01 6.000067e-17
    outer loop
      vertex   -6.572413e+00 1.880369e+01 1.000000e+01
      vertex   -6.438599e+00 2.001984e+01 0.000000e+00
      vertex   -6.572413e+00 1.880369e+01 0.000000e+00
    endloop
  endfacet
  facet normal -9.993328e-01 3.652202e-02 1.385915e-16
    outer loop
      vertex   -6.572413e+00 1.880369e+01 1.000000e+01
      vertex   -6.572413e+00 1.880369e+01 0.000000e+00
      vertex   -6.617097e+00 1.758102e+01 1.000000e+01
    endloop
  endfacet
  facet normal -9.993328e-01 3.652202e-02 0.000000e+00
    outer loop
      vertex   -6.617097e+00 1.758102e+01 1.000000e+01
      vertex   -6.572413e+00 1.880369e+01 0.000000e+00
      vertex   -6.617097e+00 1.758102e+01 0.000000e+00
    endloop
  endfacet
  facet normal -9.993328e-01 -3.652202e-02 -0.000000e+00
    outer loop
      vertex   -6.617097e+00 1.758102e+01 1.000000e+01
      vertex   -6.617097e+00 1.758102e+01 0.000000e+00
      vertex   -6.572413e+00 1.635835e+01 1.000000e+01
    endloop
  endfacet
  facet normal -9.993328e-01 -3.652202e-02 -0.000000e+00
    outer loop
      vertex   -6.572413e+00 1.635835e+01 1.000000e+01
      vertex   -6.617097e+00 1.758102e+01 0.000000e+00
      vertex   -6.572413e+00 1.635835e+01 0.000000e+00
    endloop
  endfacet
  facet normal -9.940010e-01 -1.093712e-01 -0.000000e+00
    outer loop
      vertex   -6.572413e+00 1.635835e+01 1.000000e+01
      vertex   -6.572413e+00 1.635835e+01 0.000000e+00
      vertex   -6.438599e+00 1.514220e+01 1.000000e+01
    endloop
  endfacet
  facet normal -9.940010e-01 -1.093712e-01 -0.000000e+00
    outer loop
      vertex   -6.438599e+00 1.514220e+01 1.000000e+01
      vertex   -6.572413e+00 1.635835e+01 0.000000e+00
      vertex   -6.438599e+00 1.514220e+01 0.000000e+00
    endloop
  endfacet
  facet normal -9.833657e-01 -1.816369e-01 -0.000000e+00
    outer loop
      vertex   -6.438599e+00 1.514220e+01 1.000000e+01
      vertex   -6.438599e+00 1.514220e+01 0.000000e+00
      vertex   -6.216368e+00 1.393906e+01 1.000000e+01
    endloop
  endfacet
  facet normal -9.833657e-01 -1.816369e-01 -1.006953e-16
    outer loop
      vertex   -6.216368e+00 1.393906e+01 1.000000e+01
      vertex   -6.438599e+00 1.514220e+01 0.000000e+00
      vertex   -6.216368e+00 1.393906e+01 0.000000e+00
    endloop
  endfacet
  facet normal -9.674837e-01 -2.529334e-01 -3.313947e-17
    outer loop
      vertex   -6.216368e+00 1.393906e+01 1.000000e+01
      vertex   -6.216368e+00 1.393906e+01 0.000000e+00
      vertex   -5.906907e+00 1.275536e+01 1.000000e+01
    endloop
  endfacet
  facet normal -9.674837e-01 -2.529334e-01 1.179052e-17
    outer loop
      vertex   -5.906907e+00 1.275536e+01 1.000000e+01
      vertex   -6.216368e+00 1.393906e+01 0.000000e+00
      vertex   -5.906907e+00 1.275536e+01 0.000000e+00
    endloop
  endfacet
  facet normal -9.464398e-01 -3.228804e-01 9.194827e-17
    outer loop
      vertex   -5.906907e+00 1.275536e+01 1.000000e+01
      vertex   -5.906907e+00 1.275536e+01 0.000000e+00
      vertex   -5.511867e+00 1.159740e+01 1.000000e+01
    endloop
  endfacet
  facet normal -9.464398e-01 -3.228804e-01 -0.000000e+00
    outer loop
      vertex   -5.511867e+00 1.159740e+01 1.000000e+01
      vertex   -5.906907e+00 1.275536e+01 0.000000e+00
      vertex   -5.511867e+00 1.159740e+01 0.000000e+00
    endloop
  endfacet
  facet normal -9.203462e-01 -3.911047e-01 -0.000000e+00
    outer loop
      vertex   -5.511867e+00 1.159740e+01 1.000000e+01
      vertex   -5.511867e+00 1.159740e+01 0.000000e+00
      vertex   -5.033355e+00 1.047137e+01 1.000000e+01
    endloop
  endfacet
  facet normal -9.203462e-01 -3.911047e-01 -0.000000e+00
    outer loop
      vertex   -5.033355e+00 1.047137e+01 1.000000e+01
      vertex   -5.511867e+00 1.159740e+01 0.000000e+00
      vertex   -5.033355e+00 1.047137e+01 0.000000e+00
    endloop
  endfacet
  facet normal -8.893421e-01 -4.572423e-01 -0.000000e+00
    outer loop
      vertex   -5.033355e+00 1.047137e+01 1.000000e+01
      vertex   -5.033355e+00 1.047137e+01 0.000000e+00
      vertex   -4.473925e+00 9.383271e+00 1.000000e+01
    endloop
  endfacet
  facet normal -8.893421e-01 -4.572423e-01 -0.000000e+00
    outer loop
      vertex   -4.473925e+00 9.383271e+00 1.000000e+01
      vertex   -5.033355e+00 1.047137e+01 0.000000e+00
      vertex   -4.473925e+00 9.383271e+00 0.000000e+00
    endloop
  endfacet
  facet normal -8.535931e-01 -5.209403e-01 -0.000000e+00
    outer loop
      vertex   -4.473925e+00 9.383271e+00 1.000000e+01
      vertex   -4.473925e+00 9.383271e+00 0.000000e+00
      vertex   -3.836561e+00 8.338910e+00 1.000000e+01
    endloop
  endfacet
  facet normal -8.535931e-01 -5.209403e-01 8.807704e-17
    outer loop
      vertex   -3.836561e+00 8.338910e+00 1.000000e+01
      vertex   -4.473925e+00 9.383271e+00 0.000000e+00
      vertex   -3.836561e+00 8.338910e+00 0.000000e+00
    endloop
  endfacet
  facet normal -8.132897e-01 -5.818589e-01 1.294901e-16
    outer loop
      vertex   -3.836561e+00 8.338910e+00 1.000000e+01
      vertex   -3.836561e+00 8.338910e+00 0.000000e+00
      vertex   -3.124663e+00 7.343860e+00 1.000000e+01
    endloop
  endfacet
  facet normal -8.132897e-01 -5.818589e-01 -0.000000e+00
    outer loop
      vertex   -3.124663e+00 7.343860e+00 1.000000e+01
      vertex   -3.836561e+00 8.338910e+00 0.000000e+00
      vertex   -3.124663e+00 7.343860e+00 0.000000e+00
    endloop
  endfacet
  facet normal -7.686471e-01 -6.396730e-01 -0.000000e+00
    outer loop
      vertex   -3.124663e+00 7.343860e+00 1.000000e+01
      vertex   -3.124663e+00 7.343860e+00 0.000000e+00
      vertex   -2.342031e+00 6.403429e+00 1.000000e+01
    endloop
  endfacet
  facet normal -7.686471e-01 -6.396730e-01 -0.000000e+00
    outer loop
      vertex   -2.342031e+00 6.403429e+00 1.000000e+01
      vertex   -3.124663e+00 7.343860e+00 0.000000e+00
      vertex   -2.342031e+00 6.403429e+00 0.000000e+00
    endloop
  endfacet
  facet normal -7.199035e-01 -6.940742e-01 -0.000000e+00
    outer loop
      vertex   -2.342031e+00 6.403429e+00 1.000000e+01
      vertex   -2.342031e+00 6.403429e+00 0.000000e+00
      vertex   -1.492840e+00 5.522636e+00 1.000000e+01
    endloop
  endfacet
  facet normal -7.199035e-01 -6.940742e-01 -7.311668e-17
    outer loop
      vertex   -1.492840e+00 5.522636e+00 1.000000e+01
      vertex   -2.342031e+00 6.403429e+00 0.000000e+00
      vertex   -1.492840e+00 5.522636e+00 0.000000e+00
    endloop
  endfacet
  facet normal -6.673188e-01 -7.447722e-01 -3.175285e-17
    outer loop
      vertex   -1.492840e+00 5.522636e+00 1.000000e+01
      vertex   -1.492840e+00 5.522636e+00 0.000000e+00
      vertex   -5.816203e-01 4.706180e+00 1.000000e+01
    endloop
  endfacet
  facet normal -6.673188e-01 -7.447722e-01 -0.000000e+00
    outer loop
      vertex   -5.816203e-01 4.706180e+00 1.000000e+01
      vertex   -1.492840e+00 5.522636e+00 0.000000e+00
      vertex   -5.816203e-01 4.706180e+00 0.000000e+00
    endloop
  endfacet
  facet normal -6.111737e-01 -7.914965e-01 -0.000000e+00
    outer loop
      vertex   -5.816203e-01 4.706180e+00 1.000000e+01
      vertex   -5.816203e-01 4.706180e+00 0.000000e+00
      vertex   3.867660e-01 3.958416e+00 1.000000e+01
    endloop
  endfacet
  facet normal -6.111737e-01 -7.914965e-01 1.222549e-17
    outer loop
      vertex   3.867660e-01 3.958416e+00 1.000000e+01
      vertex   -5.816203e-01 4.706180e+00 0.000000e+00
      vertex   3.867660e-01 3.958416e+00 0.000000e+00
    endloop
  endfacet
  facet normal -5.517677e-01 -8.339978e-01 6.407681e-17
    outer loop
      vertex   3.867660e-01 3.958416e+00 1.000000e+01
      vertex   3.867660e-01 3.958416e+00 0.000000e+00
      vertex   1.407152e+00 3.283335e+00 1.000000e+01
    endloop
  endfacet
  facet normal -5.517677e-01 -8.339978e-01 -0.000000e+00
    outer loop
      vertex   1.407152e+00 3.283335e+00 1.000000e+01
      vertex   3.867660e-01 3.958416e+00 0.000000e+00
      vertex   1.407152e+00 3.283335e+00 0.000000e+00
    endloop
  endfacet
  facet normal -4.894178e-01 -8.720494e-01 -0.000000e+00
    outer loop
      vertex   1.407152e+00 3.283335e+00 1.000000e+01
      vertex   1.407152e+00 3.283335e+00 0.000000e+00
      vertex   2.474094e+00 2.684538e+00 1.000000e+01
    endloop
  endfacet
  facet normal -4.894178e-01 -8.720494e-01 -0.000000e+00
    outer loop
      vertex   2.474094e+00 2.684538e+00 1.000000e+01
      vertex   1.407152e+00 3.283335e+00 0.000000e+00
      vertex   2.474094e+00 2.684538e+00 0.000000e+00
    endloop
  endfacet
  facet normal -4.244567e-01 -9.054482e-01 -0.000000e+00
    outer loop
      vertex   2.474094e+00 2.684538e+00 1.000000e+01
      vertex   2.474094e+00 2.684538e+00 0.000000e+00
      vertex   3.581899e+00 2.165221e+00 1.000000e+01
    endloop
  endfacet
  facet normal -4.244567e-01 -9.054482e-01 -0.000000e+00
    outer loop
      vertex   3.581899e+00 2.165221e+00 1.000000e+01
      vertex   2.474094e+00 2.684538e+00 0.000000e+00
      vertex   3.581899e+00 2.165221e+00 0.000000e+00
    endloop
  endfacet
  facet normal -3.572309e-01 -9.340161e-01 -0.000000e+00
    outer loop
      vertex   3.581899e+00 2.165221e+00 1.000000e+01
      vertex   3.581899e+00 2.165221e+00 0.000000e+00
      vertex   4.724656e+00 1.728153e+00 1.000000e+01
    endloop
  endfacet
  facet normal -3.572309e-01 -9.340161e-01 1.269139e-16
    outer loop
      vertex   4.724656e+00 1.728153e+00 1.000000e+01
      vertex   3.581899e+00 2.165221e+00 0.000000e+00
      vertex   4.724656e+00 1.728153e+00 0.000000e+00
    endloop
  endfacet
  facet normal -2.880991e-01 -9.576006e-01 1.023534e-16
    outer loop
      vertex   4.724656e+00 1.728153e+00 1.000000e+01
      vertex   4.724656e+00 1.728153e+00 0.000000e+00
      vertex   5.896269e+00 1.375668e+00 1.000000e+01
    endloop
  endfacet
  facet normal -2.880991e-01 -9.576006e-01 -0.000000e+00
    outer loop
      vertex   5.896269e+00 1.375668e+00 1.000000e+01
      vertex   4.724656e+00 1.728153e+00 0.000000e+00
      vertex   5.896269e+00 1.375668e+00 0.000000e+00
    endloop
  endfacet
  facet normal -2.174302e-01 -9.760759e-01 -0.000000e+00
    outer loop
      vertex   5.896269e+00 1.375668e+00 1.000000e+01
      vertex   5.896269e+00 1.375668e+00 0.000000e+00
      vertex   7.090486e+00 1.109644e+00 1.000000e+01
    endloop
  endfacet
  facet normal -2.174302e-01 -9.760759e-01 7.724672e-17
    outer loop
      vertex   7.090486e+00 1.109644e+00 1.000000e+01
      vertex   5.896269e+00 1.375668e+00 0.000000e+00
      vertex   7.090486e+00 1.109644e+00 0.000000e+00
    endloop
  endfacet
  facet normal -1.456012e-01 -9.893434e-01 5.172793e-17
    outer loop
      vertex   7.090486e+00 1.109644e+00 1.000000e+01
      vertex   7.090486e+00 1.109644e+00 0.000000e+00
      vertex   8.300935e+00 9.315031e-01 1.000000e+01
    endloop
  endfacet
  facet normal -1.456012e-01 -9.893434e-01 -0.000000e+00
    outer loop
      vertex   8.300935e+00 9.315031e-01 1.000000e+01
      vertex   7.090486e+00 1.109644e+00 0.000000e+00
      vertex   8.300935e+00 9.315031e-01 0.000000e+00
    endloop
  endfacet
  facet normal -7.299531e-02 -9.973323e-01 -0.000000e+00
    outer loop
      vertex   8.300935e+00 9.315031e-01 1.000000e+01
      vertex   8.300935e+00 9.315031e-01 0.000000e+00
      vertex   9.521159e+00 8.421942e-01 1.000000e+01
    endloop
  endfacet
  facet normal -7.299531e-02 -9.973323e-01 -0.000000e+00
    outer loop
      vertex   9.521159e+00 8.421942e-01 1.000000e+01
      vertex   8.300935e+00 9.315031e-01 0.000000e+00
      vertex   9.521159e+00 8.421942e-01 0.000000e+00
    endloop
  endfacet
  facet normal 0.000000e+00 -1.000000e+00 0.000000e+00
    outer loop
      vertex   9.521159e+00 8.421942e-01 1.000000e+01
      vertex   9.521159e+00 8.421942e-01 0.000000e+00
      vertex   1.074465e+01 8.421942e-01 1.000000e+01
    endloop
  endfacet
  facet normal 0.000000e+00 -1.000000e+00 -0.000000e+00
    outer loop
      vertex   1.074465e+01 8.421942e-01 1.000000e+01
      vertex   9.521159e+00 8.421942e-01 0.000000e+00
      vertex   1.074465e+01 8.421942e-01 0.000000e+00
    endloop
  endfacet
  facet normal 7.299531e-02 -9.973323e-01 0.000000e+00
    outer loop
      vertex   1.074465e+01 8.421942e-01 1.000000e+01
      vertex   1.074465e+01 8.421942e-01 0.000000e+00
      vertex   1.196487e+01 9.315031e-01 1.000000e+01
    endloop
  endfacet
  facet normal 7.299531e-02 -9.973323e-01 0.000000e+00
    outer loop
      vertex   1.196487e+01 9.315031e-01 1.000000e+01
      vertex   1.074465e+01 8.421942e-01 0.000000e+00
      vertex   1.196487e+01 9.315031e-01 0.000000e+00
    endloop
  endfacet
  facet normal 1.456012e-01 -9.893434e-01 0.000000e+00
    outer loop
      vertex   1.196487e+01 9.315031e-01 1.000000e+01
      vertex   1.196487e+01 9.315031e-01 0.000000e+00
      vertex   1.317532e+01 1.109644e+00 1.000000e+01
    endloop
  endfacet
  facet normal 1.456012e-01 -9.893434e-01 -7.759189e-17
    outer loop
      vertex   1.317532e+01 1.109644e+00 1.000000e+01
      vertex   1.196487e+01 9.315031e-01 0.000000e+00
      vertex   1.317532e+01 1.109644e+00 0.000000e+00
    endloop
  endfacet
  facet normal 2.174302e-01 -9.760759e-01 -1.158701e-16
    outer loop
      vertex   1.317532e+01 1.109644e+00 1.000000e+01
      vertex   1.317532e+01 1.109644e+00 0.000000e+00
      vertex   1.436954e+01 1.375668e+00 1.000000e+01
    endloop
  endfacet
  facet normal 2.174302e-01 -9.760759e-01 0.000000e+00
    outer loop
      vertex   1.436954e+01 1.375668e+00 1.000000e+01
      vertex   1.317532e+01 1.109644e+00 0.000000e+00
      vertex   1.436954e+01 1.375668e+00 0.000000e+00
    endloop
  endfacet
  facet normal 2.880991e-01 -9.576006e-01 0.000000e+00
    outer loop
      vertex   1.436954e+01 1.375668e+00 1.000000e+01
      vertex   1.436954e+01 1.375668e+00 0.000000e+00
      vertex   1.554115e+01 1.728153e+00 1.000000e+01
    endloop
  endfacet
  facet normal 2.880991e-01 -9.576006e-01 -1.535300e-16
    outer loop
      vertex   1.554115e+01 1.728153e+00 1.000000e+01
      vertex   1.436954e+01 1.375668e+00 0.000000e+00
      vertex   1.554115e+01 1.728153e+00 0.000000e+00
    endloop
  endfacet
  facet normal 3.572309e-01 -9.340161e-01 -1.903709e-16
    outer loop
      vertex   1.554115e+01 1.728153e+00 1.000000e+01
      vertex   1.554115e+01 1.728153e+00 0.000000e+00
      vertex   1.668391e+01 2.165221e+00 1.000000e+01
    endloop
  endfacet
  facet normal 3.572309e-01 -9.340161e-01 0.000000e+00
    outer loop
      vertex   1.668391e+01 2.165221e+00 1.000000e+01
      vertex   1.554115e+01 1.728153e+00 0.000000e+00
      vertex   1.668391e+01 2.165221e+00 0.000000e+00
    endloop
  endfacet
  facet normal 4.244567e-01 -9.054482e-01 0.000000e+00
    outer loop
      vertex   1.668391e+01 2.165221e+00 1.000000e+01
      vertex   1.668391e+01 2.165221e+00 0.000000e+00
      vertex   1.779171e+01 2.684538e+00 1.000000e+01
    endloop
  endfacet
  facet normal 4.244567e-01 -9.054482e-01 0.000000e+00
    outer loop
      vertex   1.779171e+01 2.684538e+00 1.000000e+01
      vertex   1.668391e+01 2.165221e+00 0.000000e+00
      vertex   1.779171e+01 2.684538e+00 0.000000e+00
    endloop
  endfacet
  facet normal 4.894178e-01 -8.720494e-01 0.000000e+00
    outer loop
      vertex   1.779171e+01 2.684538e+00 1.000000e+01
      vertex   1.779171e+01 2.684538e+00 0.000000e+00
      vertex   1.885865e+01 3.283335e+00 1.000000e+01
    endloop
  endfacet
  facet normal 4.894178e-01 -8.720494e-01 -1.541184e-16
    outer loop
      vertex   1.885865e+01 3.283335e+00 1.000000e+01
      vertex   1.779171e+01 2.684538e+00 0.000000e+00
      vertex   1.885865e+01 3.283335e+00 0.000000e+00
    endloop
  endfacet
  facet normal 5.517677e-01 -8.339978e-01 -2.068698e-16
    outer loop
      vertex   1.885865e+01 3.283335e+00 1.000000e+01
      vertex   1.885865e+01 3.283335e+00 0.000000e+00
      vertex   1.987904e+01 3.958416e+00 1.000000e+01
    endloop
  endfacet
  facet normal 5.517677e-01 -8.339978e-01 1.084256e-17
    outer loop
      vertex   1.987904e+01 3.958416e+00 1.000000e+01
      vertex   1.885865e+01 3.283335e+00 0.000000e+00
      vertex   1.987904e+01 3.958416e+00 0.000000e+00
    endloop
  endfacet
  facet normal 6.111737e-01 -7.914965e-01 4.138500e-17
    outer loop
      vertex   1.987904e+01 3.958416e+00 1.000000e+01
      vertex   1.987904e+01 3.958416e+00 0.000000e+00
      vertex   2.084743e+01 4.706180e+00 1.000000e+01
    endloop
  endfacet
  facet normal 6.111737e-01 -7.914965e-01 0.000000e+00
    outer loop
      vertex   2.084743e+01 4.706180e+00 1.000000e+01
      vertex   1.987904e+01 3.958416e+00 0.000000e+00
      vertex   2.084743e+01 4.706180e+00 0.000000e+00
    endloop
  endfacet
  facet normal 6.673188e-01 -7.447722e-01 0.000000e+00
    outer loop
      vertex   2.084743e+01 4.706180e+00 1.000000e+01
      vertex   2.084743e+01 4.706180e+00 0.000000e+00
      vertex   2.175865e+01 5.522636e+00 1.000000e+01
    endloop
  endfacet
  facet normal 6.673188e-01 -7.447722e-01 0.000000e+00
    outer loop
      vertex   2.175865e+01 5.522636e+00 1.000000e+01
      vertex   2.084743e+01 4.706180e+00 0.000000e+00
      vertex   2.175865e+01 5.522636e+00 0.000000e+00
    endloop
  endfacet
  facet normal 7.199035e-01 -6.940742e-01 0.000000e+00
    outer loop
      vertex   2.175865e+01 5.522636e+00 1.000000e+01
      vertex   2.175865e+01 5.522636e+00 0.000000e+00
      vertex   2.260784e+01 6.403429e+00 1.000000e+01
    endloop
  endfacet
  facet normal 7.199035e-01 -6.940742e-01 0.000000e+00
    outer loop
      vertex   2.260784e+01 6.403429e+00 1.000000e+01
      vertex   2.175865e+01 5.522636e+00 0.000000e+00
      vertex   2.260784e+01 6.403429e+00 0.000000e+00
    endloop
  endfacet
  facet normal 7.686471e-01 -6.396730e-01 0.000000e+00
    outer loop
      vertex   2.260784e+01 6.403429e+00 1.000000e+01
      vertex   2.260784e+01 6.403429e+00 0.000000e+00
      vertex   2.339047e+01 7.343860e+00 1.000000e+01
    endloop
  endfacet
  facet normal 7.686471e-01 -6.396730e-01 0.000000e+00
    outer loop
      vertex   2.339047e+01 7.343860e+00 1.000000e+01
      vertex   2.260784e+01 6.403429e+00 0.000000e+00
      vertex   2.339047e+01 7.343860e+00 0.000000e+00
    endloop
  endfacet
  facet normal 8.132897e-01 -5.818589e-01 0.000000e+00
    outer loop
      vertex   2.339047e+01 7.343860e+00 1.000000e+01
      vertex   2.339047e+01 7.343860e+00 0.000000e+00
      vertex   2.410237e+01 8.338910e+00 1.000000e+01
    endloop
  endfacet
  facet normal 8.132897e-01 -5.818589e-01 -1.033589e-16
    outer loop
      vertex   2.410237e+01 8.338910e+00 1.000000e+01
      vertex   2.339047e+01 7.343860e+00 0.000000e+00
      vertex   2.410237e+01 8.338910e+00 0.000000e+00
    endloop
  endfacet
  facet normal 8.535931e-01 -5.209403e-01 -9.253759e-17
    outer loop
      vertex   2.410237e+01 8.338910e+00 1.000000e+01
      vertex   2.410237e+01 8.338910e+00 0.000000e+00
      vertex   2.473973e+01 9.383271e+00 1.000000e+01
    endloop
  endfacet
  facet normal 8.535931e-01 -5.209403e-01 -9.253759e-17
    outer loop
      vertex   2.473973e+01 9.383271e+00 1.000000e+01
      vertex   2.410237e+01 8.338910e+00 0.000000e+00
      vertex   2.473973e+01 9.383271e+00 0.000000e+00
    endloop
  endfacet
  facet normal 8.893421e-01 -4.572423e-01 -8.122255e-17
    outer loop
      vertex   2.473973e+01 9.383271e+00 1.000000e+01
      vertex   2.473973e+01 9.383271e+00 0.000000e+00
      vertex   2.529916e+01 1.047137e+01 1.000000e+01
    endloop
  endfacet
  facet normal 8.893421e-01 -4.572423e-01 0.000000e+00
    outer loop
      vertex   2.529916e+01 1.047137e+01 1.000000e+01
      vertex   2.473973e+01 9.383271e+00 0.000000e+00
      vertex   2.529916e+01 1.047137e+01 0.000000e+00
    endloop
  endfacet
  facet normal 9.203462e-01 -3.911047e-01 0.000000e+00
    outer loop
      vertex   2.529916e+01 1.047137e+01 1.000000e+01
      vertex   2.529916e+01 1.047137e+01 0.000000e+00
      vertex   2.577767e+01 1.159740e+01 1.000000e+01
    endloop
  endfacet
  facet normal 9.203462e-01 -3.911047e-01 0.000000e+00
    outer loop
      vertex   2.577767e+01 1.159740e+01 1.000000e+01
      vertex   2.529916e+01 1.047137e+01 0.000000e+00
      vertex   2.577767e+01 1.159740e+01 0.000000e+00
    endloop
  endfacet
  facet normal 9.464398e-01 -3.228804e-01 0.000000e+00
    outer loop
      vertex   2.577767e+01 1.159740e+01 1.000000e+01
      vertex   2.577767e+01 1.159740e+01 0.000000e+00
      vertex   2.617271e+01 1.275536e+01 1.000000e+01
    endloop
  endfacet
  facet normal 9.464398e-01 -3.228804e-01 -1.720652e-16
    outer loop
      vertex   2.617271e+01 1.275536e+01 1.000000e+01
      vertex   2.577767e+01 1.159740e+01 0.000000e+00
      vertex   2.617271e+01 1.275536e+01 0.000000e+00
    endloop
  endfacet
  facet normal 9.674837e-01 -2.529334e-01 -1.347900e-16
    outer loop
      vertex   2.617271e+01 1.275536e+01 1.000000e+01
      vertex   2.617271e+01 1.275536e+01 0.000000e+00
      vertex   2.648217e+01 1.393906e+01 1.000000e+01
    endloop
  endfacet
  facet normal 9.674837e-01 -2.529334e-01 -4.492999e-17
    outer loop
      vertex   2.648217e+01 1.393906e+01 1.000000e+01
      vertex   2.617271e+01 1.275536e+01 0.000000e+00
      vertex   2.648217e+01 1.393906e+01 0.000000e+00
    endloop
  endfacet
  facet normal 9.833657e-01 -1.816369e-01 -3.226519e-17
    outer loop
      vertex   2.648217e+01 1.393906e+01 1.000000e+01
      vertex   2.648217e+01 1.393906e+01 0.000000e+00
      vertex   2.670440e+01 1.514220e+01 1.000000e+01
    endloop
  endfacet
  facet normal 9.833657e-01 -1.816369e-01 -3.226519e-17
    outer loop
      vertex   2.670440e+01 1.514220e+01 1.000000e+01
      vertex   2.648217e+01 1.393906e+01 0.000000e+00
      vertex   2.670440e+01 1.514220e+01 0.000000e+00
    endloop
  endfacet
  facet normal 9.940010e-01 -1.093712e-01 -1.942823e-17
    outer loop
      vertex   2.670440e+01 1.514220e+01 1.000000e+01
      vertex   2.670440e+01 1.514220e+01 0.000000e+00
      vertex   2.683822e+01 1.635835e+01 1.000000e+01
    endloop
  endfacet
  facet normal 9.940010e-01 -1.093712e-01 0.000000e+00
    outer loop
      vertex   2.683822e+01 1.635835e+01 1.000000e+01
      vertex   2.670440e+01 1.514220e+01 0.000000e+00
      vertex   2.683822e+01 1.635835e+01 0.000000e+00
    endloop
  endfacet
  facet normal 0.000000e+00 -0.000000e+00 -1.000000e+00
    outer loop
      vertex   -6.572413e+00 1.880369e+01 0.000000e+00
      vertex   2.683822e+01 1.880369e+01 0.000000e+00
      vertex   -6.617097e+00 1.758102e+01 0.000000e+00
    endloop
  endfacet
  facet normal 0.000000e+00 0.000000e+00 -1.000000e+00
    outer loop
      vertex   -6.617097e+00 1.758102e+01 0.000000e+00
      vertex   2.683822e+01 1.880369e+01 0.000000e+00
      vertex   2.688290e+01 1.758102e+01 0.000000e+00
    endloop
  endfacet
  facet normal 0.000000e+00 0.000000e+00 -1.000000e+00
    outer loop
      vertex   -6.617097e+00 1.758102e+01 0.000000e+00
      vertex   2.688290e+01 1.758102e+01 0.000000e+00
      vertex   -6.572413e+00 1.635835e+01 0.000000e+00
    endloop
  endfacet
  facet normal 0.000000e+00 0.000000e+00 -1.000000e+00
    outer loop
      vertex   -6.572413e+00 1.635835e+01 0.000000e+00
      vertex   2.688290e+01 1.758102e+01 0.000000e+00
      vertex   2.683822e+01 1.635835e+01 0.000000e+00
    endloop
  endfacet
  facet normal 0.000000e+00 0.000000e+00 -1.000000e+00
    outer loop
      vertex   -6.572413e+00 1.635835e+01 0.000000e+00
      vertex   2.683822e+01 1.635835e+01 0.000000e+00
      vertex   -6.438599e+00 1.514220e+01 0.000000e+00
    endloop
  endfacet
  facet normal 0.000000e+00 0.000000e+00 -1.000000e+00
    outer loop
      vertex   -6.438599e+00 1.514220e+01 0.000000e+00
      vertex   2.683822e+01 1.635835e+01 0.000000e+00
      vertex   2.670440e+01 1.514220e+01 0.000000e+00
    endloop
  endfacet
  facet normal 0.000000e+00 0.000000e+00 -1.000000e+00
    outer loop
      vertex   -6.438599e+00 1.514220e+01 0.000000e+00
      vertex   2.670440e+01 1.514220e+01 0.000000e+00
      vertex   -6.216368e+00 1.393906e+01 0.000000e+00
    endloop
  endfacet
  facet normal 0.000000e+00 0.000000e+00 -1.000000e+00
    outer loop
      vertex   -6.216368e+00 1.393906e+01 0.000000e+00
      vertex   2.670440e+01 1.514220e+01 0.000000e+00
      vertex   2.648217e+01 1.393906e+01 0.000000e+00
    endloop
  endfacet
  facet normal 0.000000e+00 0.000000e+00 -1.000000e+00
    outer loop
      vertex   -6.216368e+00 1.393906e+01 0.000000e+00
      vertex   2.648217e+01 1.393906e+01 0.000000e+00
      vertex   -5.906907e+00 1.275536e+01 0.000000e+00
    endloop
  endfacet
  facet normal 0.000000e+00 0.000000e+00 -1.000000e+00
    outer loop
      vertex   -5.906907e+00 1.275536e+01 0.000000e+00
      vertex   2.648217e+01 1.393906e+01 0.000000e+00
      vertex   2.617271e+01 1.275536e+01 0.000000e+00
    endloop
  endfacet
  facet normal 0.000000e+00 0.000000e+00 -1.000000e+00
    outer loop
      vertex   -5.906907e+00 1.275536e+01 0.000000e+00
      vertex   2.617271e+01 1.275536e+01 0.000000e+00
      vertex   -5.511867e+00 1.159740e+01 0.000000e+00
    endloop
  endfacet
  facet normal 0.000000e+00 0.000000e+00 -1.000000e+00
    outer loop
      vertex   -5.511867e+00 1.159740e+01 0.000000e+00
      vertex   2.617271e+01 1.275536e+01 0.000000e+00
      vertex   2.577767e+01 1.159740e+01 0.000000e+00
    endloop
  endfacet
  facet normal 0.000000e+00 0.000000e+00 -1.000000e+00
    outer loop
      vertex   -5.511867e+00 1.159740e+01 0.000000e+00
      vertex   2.577767e+01 1.159740e+01 0.000000e+00
      vertex   -5.033355e+00 1.047137e+01 0.000000e+00
    endloop
  endfacet
  facet normal 0.000000e+00 0.000000e+00 -1.000000e+00
    outer loop
      vertex   -5.033355e+00 1.047137e+01 0.000000e+00
      vertex   2.577767e+01 1.159740e+01 0.000000e+00
      vertex   2.529916e+01 1.047137e+01 0.000000e+00
    endloop
  endfacet
  facet normal 0.000000e+00 0.000000e+00 -1.000000e+00
    outer loop
      vertex   -5.033355e+00 1.047137e+01 0.000000e+00
      vertex   2.529916e+01 1.047137e+01 0.000000e+00
      vertex   -4.473925e+00 9.383271e+00 0.000000e+00
    endloop
  endfacet
  facet normal 0.000000e+00 0.000000e+00 -1.000000e+00
    outer loop
      vertex   -4.473925e+00 9.383271e+00 0.000000e+00
      vertex   2.529916e+01 1.047137e+01 0.000000e+00
      vertex   2.473973e+01 9.383271e+00 0.000000e+00
    endloop
  endfacet
  facet normal 0.000000e+00 0.000000e+00 -1.000000e+00
    outer loop
      vertex   -4.473925e+00 9.383271e+00 0.000000e+00
      vertex   2.473973e+01 9.383271e+00 0.000000e+00
      vertex   -3.836561e+00 8.338910e+00 0.000000e+00
    endloop
  endfacet
  facet normal 0.000000e+00 0.000000e+00 -1.000000e+00
    outer loop
      vertex   -3.836561e+00 8.338910e+00 0.000000e+00
      vertex   2.473973e+01 9.383271e+00 0.000000e+00
      vertex   2.410237e+01 8.338910e+00 0.000000e+00
    endloop
  endfacet
  facet normal 0.000000e+00 0.000000e+00 -1.000000e+00
    outer loop
      vertex   -3.836561e+00 8.338910e+00 0.000000e+00
      vertex   2.410237e+01 8.338910e+00 0.000000e+00
      vertex   -3.124663e+00 7.343860e+00 0.000000e+00
    endloop
  endfacet
  facet normal 0.000000e+00 0.000000e+00 -1.000000e+00
    outer loop
      vertex   -3.124663e+00 7.343860e+00 0.000000e+00
      vertex   2.410237e+01 8.338910e+00 0.000000e+00
      vertex   2.339047e+01 7.343860e+00 0.000000e+00
    endloop
  endfacet
  facet normal 0.000000e+00 0.000000e+00 -1.000000e+00
    outer loop
      vertex   -3.124663e+00 7.343860e+00 0.000000e+00
      vertex   2.339047e+01 7.343860e+00 0.000000e+00
      vertex   -2.342031e+00 6.403429e+00 0.000000e+00
    endloop
  endfacet
  facet normal 0.000000e+00 0.000000e+00 -1.000000e+00
    outer loop
      vertex   -2.342031e+00 6.403429e+00 0.000000e+00
      vertex   2.339047e+01 7.343860e+00 0.000000e+00
      vertex   2.260784e+01 6.403429e+00 0.000000e+00
    endloop
  endfacet
  facet normal 0.000000e+00 0.000000e+00 -1.000000e+00
    outer loop
      vertex   -2.342031e+00 6.403429e+00 0.000000e+00
      vertex   2.260784e+01 6.403429e+00 0.000000e+00
      vertex   -1.492840e+00 5.522636e+00 0.000000e+00
    endloop
  endfacet
  facet normal 0.000000e+00 0.000000e+00 -1.000000e+00
    outer loop
      vertex   -1.492840e+00 5.522636e+00 0.000000e+00
      vertex   2.260784e+01 6.403429e+00 0.000000e+00
      vertex   2.175865e+01 5.522636e+00 0.000000e+00
    endloop
  endfacet
  facet normal 0.000000e+00 0.000000e+00 -1.000000e+00
    outer loop
      vertex   -1.492840e+00 5.522636e+00 0.000000e+00
      vertex   2.175865e+01 5.522636e+00 0.000000e+00
      vertex   -5.816203e-01 4.706180e+00 0.000000e+00
    endloop
  endfacet
  facet normal 0.000000e+00 0.000000e+00 -1.000000e+00
    outer loop
      vertex   -5.816203e-01 4.706180e+00 0.000000e+00
      vertex   2.175865e+01 5.522636e+00 0.000000e+00
      vertex   2.084743e+01 4.706180e+00 0.000000e+00
    endloop
  endfacet
  facet normal 0.000000e+00 0.000000e+00 -1.000000e+00
    outer loop
      vertex   -5.816203e-01 4.706180e+00 0.000000e+00
      vertex   2.084743e+01 4.706180e+00 0.000000e+00
      vertex   3.867660e-01 3.958416e+00 0.000000e+00
    endloop
  endfacet
  facet normal 0.000000e+00 0.000000e+00 -1.000000e+00
    outer loop
      vertex   3.867660e-01 3.958416e+00 0.000000e+00
      vertex   2.084743e+01 4.706180e+00 0.000000e+00
      vertex   1.987904e+01 3.958416e+00 0.000000e+00
    endloop
  endfacet
  facet normal 0.000000e+00 0.000000e+00 -1.000000e+00
    outer loop
      vertex   3.867660e-01 3.958416e+00 0.000000e+00
      vertex   1.987904e+01 3.958416e+00 0.000000e+00
      vertex   1.407152e+00 3.283335e+00 0.000000e+00
    endloop
  endfacet
  facet normal 0.000000e+00 0.000000e+00 -1.000000e+00
    outer loop
      vertex   1.407152e+00 3.283335e+00 0.000000e+00
      vertex   1.987904e+01 3.958416e+00 0.000000e+00
      vertex   1.885865e+01 3.283335e+00 0.000000e+00
    endloop
  endfacet
  facet normal 0.000000e+00 0.000000e+00 -1.000000e+00
    outer loop
      vertex   1.407152e+00 3.283335e+00 0.000000e+00
      vertex   1.885865e+01 3.283335e+00 0.000000e+00
      vertex   2.474094e+00 2.684538e+00 0.000000e+00
    endloop
  endfacet
  facet normal 0.000000e+00 0.000000e+00 -1.000000e+00
    outer loop
      vertex   2.474094e+00 2.684538e+00 0.000000e+00
      vertex   1.885865e+01 3.283335e+00 0.000000e+00
      vertex   1.779171e+01 2.684538e+00 0.000000e+00
    endloop
  endfacet
  facet normal 0.000000e+00 0.000000e+00 -1.000000e+00
    outer loop
      vertex   2.474094e+00 2.684538e+00 0.000000e+00
      vertex   1.779171e+01 2.684538e+00 0.000000e+00
      vertex   3.581899e+00 2.165221e+00 0.000000e+00
    endloop
  endfacet
  facet normal 0.000000e+00 0.000000e+00 -1.000000e+00
    outer loop
      vertex   3.581899e+00 2.165221e+00 0.000000e+00
      vertex   1.779171e+01 2.684538e+00 0.000000e+00
      vertex   1.668391e+01 2.165221e+00 0.000000e+00
    endloop
  endfacet
  facet normal 0.000000e+00 0.000000e+00 -1.000000e+00
    outer loop
      vertex   3.581899e+00 2.165221e+00 0.000000e+00
      vertex   1.668391e+01 2.165221e+00 0.000000e+00
      vertex   4.724656e+00 1.728153e+00 0.000000e+00
    endloop
  endfacet
  facet normal 0.000000e+00 0.000000e+00 -1.000000e+00
    outer loop
      vertex   4.724656e+00 1.728153e+00 0.000000e+00
      vertex   1.668391e+01 2.165221e+00 0.000000e+00
      vertex   1.554115e+01 1.728153e+00 0.000000e+00
    endloop
  endfacet
  facet normal 0.000000e+00 0.000000e+00 -1.000000e+00
    outer loop
      vertex   4.724656e+00 1.728153e+00 0.000000e+00
      vertex   1.554115e+01 1.728153e+00 0.000000e+00
      vertex   5.896269e+00 1.375668e+00 0.000000e+00
    endloop
  endfacet
  facet normal 0.000000e+00 0.000000e+00 -1.000000e+00
    outer loop
      vertex   5.896269e+00 1.375668e+00 0.000000e+00
      vertex   1.554115e+01 1.728153e+00 0.000000e+00
      vertex   1.436954e+01 1.375668e+00 0.000000e+00
    endloop
  endfacet
  facet normal 0.000000e+00 0.000000e+00 -1.000000e+00
    outer loop
      vertex   5.896269e+00 1.375668e+00 0.000000e+00
      vertex   1.436954e+01 1.375668e+00 0.000000e+00
      vertex   7.090486e+00 1.109644e+00 0.000000e+00
    endloop
  endfacet
  facet normal 0.000000e+00 0.000000e+00 -1.000000e+00
    outer loop
      vertex   7.090486e+00 1.109644e+00 0.000000e+00
      vertex   1.436954e+01 1.375668e+00 0.000000e+00
      vertex   1.317532e+01 1.109644e+00 0.000000e+00
    endloop
  endfacet
  facet normal 0.000000e+00 0.000000e+00 -1.000000e+00
    outer loop
      vertex   7.090486e+00 1.109644e+00 0.000000e+00
      vertex   1.317532e+01 1.109644e+00 0.000000e+00
      vertex   8.300935e+00 9.315031e-01 0.000000e+00
    endloop
  endfacet
  facet normal 0.000000e+00 0.000000e+00 -1.000000e+00
    outer loop
      vertex   8.300935e+00 9.315031e-01 0.000000e+00
      vertex   1.317532e+01 1.109644e+00 0.000000e+00
      vertex   1.196487e+01 9.315031e-01 0.000000e+00
    endloop
  endfacet
  facet normal 0.000000e+00 0.000000e+00 -1.000000e+00
    outer loop
      vertex   8.300935e+00 9.315031e-01 0.000000e+00
      vertex   1.196487e+01 9.315031e-01 0.000000e+00
      vertex   9.521159e+00 8.421942e-01 0.000000e+00
    endloop
  endfacet
  facet normal 0.000000e+00 0.000000e+00 -1.000000e+00
    outer loop
      vertex   9.521159e+00 8.421942e-01 0.000000e+00
      vertex   1.196487e+01 9.315031e-01 0.000000e+00
      vertex   1.074465e+01 8.421942e-01 0.000000e+00
    endloop
  endfacet
  facet normal -0.000000e+00 0.000000e+00 -1.000000e+00
    outer loop
      vertex   2.683822e+01 1.880369e+01 0.000000e+00
      vertex   -6.572413e+00 1.880369e+01 0.000000e+00
      vertex   2.670440e+01 2.001984e+01 0.000000e+00
    endloop
  endfacet
  facet normal 0.000000e+00 0.000000e+00 -1.000000e+00
    outer loop
      vertex   2.670440e+01 2.001984e+01 0.000000e+00
      vertex   -6.572413e+00 1.880369e+01 0.000000e+00
      vertex   -6.438599e+00 2.001984e+01 0.000000e+00
    endloop
  endfacet
  facet normal -0.000000e+00 0.000000e+00 -1.000000e+00
    outer loop
      vertex   2.670440e+01 2.001984e+01 0.000000e+00
      vertex   -6.438599e+00 2.001984e+01 0.000000e+00
      vertex   2.648217e+01 2.122297e+01 0.000000e+00
    endloop
  endfacet
  facet normal 0.000000e+00 0.000000e+00 -1.000000e+00
    outer loop
      vertex   2.648217e+01 2.122297e+01 0.000000e+00
      vertex   -6.438599e+00 2.001984e+01 0.000000e+00
      vertex   -6.216368e+00 2.122297e+01 0.000000e+00
    endloop
  endfacet
  facet normal -0.000000e+00 0.000000e+00 -1.000000e+00
    outer loop
      vertex   2.648217e+01 2.122297e+01 0.000000e+00
      vertex   -6.216368e+00 2.122297e+01 0.000000e+00
      vertex   2.617271e+01 2.240668e+01 0.000000e+00
    endloop
  endfacet
  facet normal 0.000000e+00 0.000000e+00 -1.000000e+00
    outer loop
      vertex   2.617271e+01 2.240668e+01 0.000000e+00
      vertex   -6.216368e+00 2.122297e+01 0.000000e+00
      vertex   -5.906907e+00 2.240668e+01 0.000000e+00
    endloop
  endfacet
  facet normal -0.000000e+00 0.000000e+00 -1.000000e+00
    outer loop
      vertex   2.617271e+01 2.240668e+01 0.000000e+00
      vertex   -5.906907e+00 2.240668e+01 0.000000e+00
      vertex   2.577767e+01 2.356464e+01 0.000000e+00
    endloop
  endfacet
  facet normal -0.000000e+00 0.000000e+00 -1.000000e+00
    outer loop
      vertex   2.577767e+01 2.356464e+01 0.000000e+00
      vertex   -5.906907e+00 2.240668e+01 0.000000e+00
      vertex   -5.511867e+00 2.356464e+01 0.000000e+00
    endloop
  endfacet
  facet normal 0.000000e+00 0.000000e+00 -1.000000e+00
    outer loop
      vertex   2.577767e+01 2.356464e+01 0.000000e+00
      vertex   -5.511867e+00 2.356464e+01 0.000000e+00
      vertex   2.529916e+01 2.469067e+01 0.000000e+00
    endloop
  endfacet
  facet normal 0.000000e+00 0.000000e+00 -1.000000e+00
    outer loop
      vertex   2.529916e+01 2.469067e+01 0.000000e+00
      vertex   -5.511867e+00 2.356464e+01 0.000000e+00
      vertex   -5.033355e+00 2.469067e+01 0.000000e+00
    endloop
  endfacet
  facet normal -0.000000e+00 0.000000e+00 -1.000000e+00
    outer loop
      vertex   2.529916e+01 2.469067e+01 0.000000e+00
      vertex   -5.033355e+00 2.469067e+01 0.000000e+00
      vertex   2.473973e+01 2.577877e+01 0.000000e+00
    endloop
  endfacet
  facet normal 0.000000e+00 0.000000e+00 -1.000000e+00
    outer loop
      vertex   2.473973e+01 2.577877e+01 0.000000e+00
      vertex   -5.033355e+00 2.469067e+01 0.000000e+00
      vertex   -4.473925e+00 2.577877e+01 0.000000e+00
    endloop
  endfacet
  facet normal -0.000000e+00 0.000000e+00 -1.000000e+00
    outer loop
      vertex   2.473973e+01 2.577877e+01 0.000000e+00
      vertex   -4.473925e+00 2.577877e+01 0.000000e+00
      vertex   2.410237e+01 2.682313e+01 0.000000e+00
    endloop
  endfacet
  facet normal 0.000000e+00 0.000000e+00 -1.000000e+00
    outer loop
      vertex   2.410237e+01 2.682313e+01 0.000000e+00
      vertex   -4.473925e+00 2.577877e+01 0.000000e+00
      vertex   -3.836561e+00 2.682313e+01 0.000000e+00
    endloop
  endfacet
  facet normal -0.000000e+00 0.000000e+00 -1.000000e+00
    outer loop
      vertex   2.410237e+01 2.682313e+01 0.000000e+00
      vertex   -3.836561e+00 2.682313e+01 0.000000e+00
      vertex   2.339047e+01 2.781818e+01 0.000000e+00
    endloop
  endfacet
  facet normal 0.000000e+00 0.000000e+00 -1.000000e+00
    outer loop
      vertex   2.339047e+01 2.781818e+01 0.000000e+00
      vertex   -3.836561e+00 2.682313e+01 0.000000e+00
      vertex   -3.124663e+00 2.781818e+01 0.000000e+00
    endloop
  endfacet
  facet normal -0.000000e+00 0.000000e+00 -1.000000e+00
    outer loop
      vertex   2.339047e+01 2.781818e+01 0.000000e+00
      vertex   -3.124663e+00 2.781818e+01 0.000000e+00
      vertex   2.260784e+01 2.875861e+01 0.000000e+00
    endloop
  endfacet
  facet normal 0.000000e+00 0.000000e+00 -1.000000e+00
    outer loop
      vertex   2.260784e+01 2.875861e+01 0.000000e+00
      vertex   -3.124663e+00 2.781818e+01 0.000000e+00
      vertex   -2.342031e+00 2.875861e+01 0.000000e+00
    endloop
  endfacet
  facet normal -0.000000e+00 0.000000e+00 -1.000000e+00
    outer loop
      vertex   2.260784e+01 2.875861e+01 0.000000e+00
      vertex   -2.342031e+00 2.875861e+01 0.000000e+00
      vertex   2.175865e+01 2.963940e+01 0.000000e+00
    endloop
  endfacet
  facet normal 0.000000e+00 0.000000e+00 -1.000000e+00
    outer loop
      vertex   2.175865e+01 2.963940e+01 0.000000e+00
      vertex   -2.342031e+00 2.875861e+01 0.000000e+00
      vertex   -1.492840e+00 2.963940e+01 0.000000e+00
    endloop
  endfacet
  facet normal -0.000000e+00 0.000000e+00 -1.000000e+00
    outer loop
      vertex   2.175865e+01 2.963940e+01 0.000000e+00
      vertex   -1.492840e+00 2.963940e+01 0.000000e+00
      vertex   2.084743e+01 3.045586e+01 0.000000e+00
    endloop
  endfacet
  facet normal 0.000000e+00 0.000000e+00 -1.000000e+00
    outer loop
      vertex   2.084743e+01 3.045586e+01 0.000000e+00
      vertex   -1.492840e+00 2.963940e+01 0.000000e+00
      vertex   -5.816203e-01 3.045586e+01 0.000000e+00
    endloop
  endfacet
  facet normal -0.000000e+00 0.000000e+00 -1.000000e+00
    outer loop
      vertex   2.084743e+01 3.045586e+01 0.000000e+00
      vertex   -5.816203e-01 3.045586e+01 0.000000e+00
      vertex   1.987904e+01 3.120362e+01 0.000000e+00
    endloop
  endfacet
  facet normal -0.000000e+00 0.000000e+00 -1.000000e+00
    outer loop
      vertex   1.987904e+01 3.120362e+01 0.000000e+00
      vertex   -5.816203e-01 3.045586e+01 0.000000e+00
      vertex   3.867660e-01 3.120362e+01 0.000000e+00
    endloop
  endfacet
  facet normal 0.000000e+00 0.000000e+00 -1.000000e+00
    outer loop
      vertex   1.987904e+01 3.120362e+01 0.000000e+00
      vertex   3.867660e-01 3.120362e+01 0.000000e+00
      vertex   1.885865e+01 3.187870e+01 0.000000e+00
    endloop
  endfacet
  facet normal 0.000000e+00 0.000000e+00 -1.000000e+00
    outer loop
      vertex   1.885865e+01 3.187870e+01 0.000000e+00
      vertex   3.867660e-01 3.120362e+01 0.000000e+00
      vertex   1.407152e+00 3.187870e+01 0.000000e+00
    endloop
  endfacet
  facet normal -0.000000e+00 0.000000e+00 -1.000000e+00
    outer loop
      vertex   1.885865e+01 3.187870e+01 0.000000e+00
      vertex   1.407152e+00 3.187870e+01 0.000000e+00
      vertex   1.779171e+01 3.247750e+01 0.000000e+00
    endloop
  endfacet
  facet normal -0.000000e+00 0.000000e+00 -1.000000e+00
    outer loop
      vertex   1.779171e+01 3.247750e+01 0.000000e+00
      vertex   1.407152e+00 3.187870e+01 0.000000e+00
      vertex   2.474094e+00 3.247750e+01 0.000000e+00
    endloop
  endfacet
  facet normal 0.000000e+00 0.000000e+00 -1.000000e+00
    outer loop
      vertex   1.779171e+01 3.247750e+01 0.000000e+00
      vertex   2.474094e+00 3.247750e+01 0.000000e+00
      vertex   1.668391e+01 3.299682e+01 0.000000e+00
    endloop
  endfacet
  facet normal 0.000000e+00 0.000000e+00 -1.000000e+00
    outer loop
      vertex   1.668391e+01 3.299682e+01 0.000000e+00
      vertex   2.474094e+00 3.247750e+01 0.000000e+00
      vertex   3.581899e+00 3.299682e+01 0.000000e+00
    endloop
  endfacet
  facet normal -0.000000e+00 0.000000e+00 -1.000000e+00
    outer loop
      vertex   1.668391e+01 3.299682e+01 0.000000e+00
      vertex   3.581899e+00 3.299682e+01 0.000000e+00
      vertex   1.554115e+01 3.343389e+01 0.000000e+00
    endloop
  endfacet
  facet normal -0.000000e+00 0.000000e+00 -1.000000e+00
    outer loop
      vertex   1.554115e+01 3.343389e+01 0.000000e+00
      vertex   3.581899e+00 3.299682e+01 0.000000e+00
      vertex   4.724656e+00 3.343389e+01 0.000000e+00
    endloop
  endfacet
  facet normal 0.000000e+00 0.000000e+00 -1.000000e+00
    outer loop
      vertex   1.554115e+01 3.343389e+01 0.000000e+00
      vertex   4.724656e+00 3.343389e+01 0.000000e+00
      vertex   1.436954e+01 3.378637e+01 0.000000e+00
    endloop
  endfacet
  facet normal -0.000000e+00 0.000000e+00 -1.000000e+00
    outer loop
      vertex   1.436954e+01 3.378637e+01 0.000000e+00
      vertex   4.724656e+00 3.343389e+01 0.000000e+00
      vertex   5.896269e+00 3.378637e+01 0.000000e+00
    endloop
  endfacet
  facet normal 0.000000e+00 0.000000e+00 -1.000000e+00
    outer loop
      vertex   1.436954e+01 3.378637e+01 0.000000e+00
      vertex   5.896269e+00 3.378637e+01 0.000000e+00
      vertex   1.317532e+01 3.405239e+01 0.000000e+00
    endloop
  endfacet
  facet normal -0.000000e+00 0.000000e+00 -1.000000e+00
    outer loop
      vertex   1.317532e+01 3.405239e+01 0.000000e+00
      vertex   5.896269e+00 3.378637e+01 0.000000e+00
      vertex   7.090486e+00 3.405239e+01 0.000000e+00
    endloop
  endfacet
  facet normal 0.000000e+00 0.000000e+00 -1.000000e+00
    outer loop
      vertex   1.317532e+01 3.405239e+01 0.000000e+00
      vertex   7.090486e+00 3.405239e+01 0.000000e+00
      vertex   1.196487e+01 3.423054e+01 0.000000e+00
    endloop
  endfacet
  facet normal -0.000000e+00 0.000000e+00 -1.000000e+00
    outer loop
      vertex   1.196487e+01 3.423054e+01 0.000000e+00
      vertex   7.090486e+00 3.405239e+01 0.000000e+00
      vertex   8.300935e+00 3.423054e+01 0.000000e+00
    endloop
  endfacet
  facet normal 0.000000e+00 0.000000e+00 -1.000000e+00
    outer loop
      vertex   1.196487e+01 3.423054e+01 0.000000e+00
      vertex   8.300935e+00 3.423054e+01 0.000000e+00
      vertex   1.074465e+01 3.431984e+01 0.000000e+00
    endloop
  endfacet
  facet normal -0.000000e+00 0.000000e+00 -1.000000e+00
    outer loop
      vertex   1.074465e+01 3.431984e+01 0.000000e+00
      vertex   8.300935e+00 3.423054e+01 0.000000e+00
      vertex   9.521159e+00 3.431984e+01 0.000000e+00
    endloop
  endfacet
  facet normal 9.994533e-01 3.306337e-02 -4.621369e-16
    outer loop
      vertex   -1.042206e+01 1.621955e+01 1.000000e+01
      vertex   -1.042206e+01 1.621955e+01 0.000000e+00
      vertex   -1.046710e+01 1.758102e+01 1.000000e+01
    endloop
  endfacet
  facet normal 9.994533e-01 3.306337e-02 0.000000e+00
    outer loop
      vertex   -1.046710e+01 1.758102e+01 1.000000e+01
      vertex   -1.042206e+01 1.621955e+01 0.000000e+00
      vertex   -1.046710e+01 1.758102e+01 0.000000e+00
    endloop
  endfacet
  facet normal 9.994533e-01 -3.306337e-02 0.000000e+00
    outer loop
      vertex   -1.046710e+01 1.758102e+01 1.000000e+01
      vertex   -1.046710e+01 1.758102e+01 0.000000e+00
      vertex   -1.042206e+01 1.894249e+01 1.000000e+01
    endloop
  endfacet
  facet normal 9.994533e-01 -3.306337e-02 4.621369e-16
    outer loop
      vertex   -1.042206e+01 1.894249e+01 1.000000e+01
      vertex   -1.046710e+01 1.758102e+01 0.000000e+00
      vertex   -1.042206e+01 1.894249e+01 0.000000e+00
    endloop
  endfacet
  facet normal 9.950829e-01 -9.904553e-02 3.191584e-16
    outer loop
      vertex   -1.042206e+01 1.894249e+01 1.000000e+01
      vertex   -1.042206e+01 1.894249e+01 0.000000e+00
      vertex   -1.028714e+01 2.029800e+01 1.000000e+01
    endloop
  endfacet
  facet normal 9.950829e-01 -9.904553e-02 -7.037608e-17
    outer loop
      vertex   -1.028714e+01 2.029800e+01 1.000000e+01
      vertex   -1.042206e+01 1.894249e+01 0.000000e+00
      vertex   -1.028714e+01 2.029800e+01 0.000000e+00
    endloop
  endfacet
  facet normal 9.863613e-01 -1.645946e-01 -1.169515e-16
    outer loop
      vertex   -1.028714e+01 2.029800e+01 1.000000e+01
      vertex   -1.028714e+01 2.029800e+01 0.000000e+00
      vertex   -1.006292e+01 2.164163e+01 1.000000e+01
    endloop
  endfacet
  facet normal 9.863613e-01 -1.645946e-01 -1.169515e-16
    outer loop
      vertex   -1.006292e+01 2.164163e+01 1.000000e+01
      vertex   -1.028714e+01 2.029800e+01 0.000000e+00
      vertex   -1.006292e+01 2.164163e+01 0.000000e+00
    endloop
  endfacet
  facet normal 9.733266e-01 -2.294239e-01 -1.630155e-16
    outer loop
      vertex   -1.006292e+01 2.164163e+01 1.000000e+01
      vertex   -1.006292e+01 2.164163e+01 0.000000e+00
      vertex   -9.750401e+00 2.296751e+01 1.000000e+01
    endloop
  endfacet
  facet normal 9.733266e-01 -2.294239e-01 1.111539e-16
    outer loop
      vertex   -9.750401e+00 2.296751e+01 1.000000e+01
      vertex   -1.006292e+01 2.164163e+01 0.000000e+00
      vertex   -9.750401e+00 2.296751e+01 0.000000e+00
    endloop
  endfacet
  facet normal 9.560358e-01 -2.932500e-01 -1.143850e-17
    outer loop
      vertex   -9.750401e+00 2.296751e+01 1.000000e+01
      vertex   -9.750401e+00 2.296751e+01 0.000000e+00
      vertex   -9.350932e+00 2.426983e+01 1.000000e+01
    endloop
  endfacet
  facet normal 9.560358e-01 -2.932500e-01 9.274484e-17
    outer loop
      vertex   -9.350932e+00 2.426983e+01 1.000000e+01
      vertex   -9.750401e+00 2.296751e+01 0.000000e+00
      vertex   -9.350932e+00 2.426983e+01 0.000000e+00
    endloop
  endfacet
  facet normal 9.345645e-01 -3.557938e-01 -7.577473e-18
    outer loop
      vertex   -9.350932e+00 2.426983e+01 1.000000e+01
      vertex   -9.350932e+00 2.426983e+01 0.000000e+00
      vertex   -8.866266e+00 2.554290e+01 1.000000e+01
    endloop
  endfacet
  facet normal 9.345645e-01 -3.557938e-01 3.203116e-17
    outer loop
      vertex   -8.866266e+00 2.554290e+01 1.000000e+01
      vertex   -9.350932e+00 2.426983e+01 0.000000e+00
      vertex   -8.866266e+00 2.554290e+01 0.000000e+00
    endloop
  endfacet
  facet normal 9.090065e-01 -4.167819e-01 -9.446532e-17
    outer loop
      vertex   -8.866266e+00 2.554290e+01 1.000000e+01
      vertex   -8.866266e+00 2.554290e+01 0.000000e+00
      vertex   -8.298521e+00 2.678116e+01 1.000000e+01
    endloop
  endfacet
  facet normal 9.090065e-01 -4.167819e-01 -1.346693e-16
    outer loop
      vertex   -8.298521e+00 2.678116e+01 1.000000e+01
      vertex   -8.866266e+00 2.554290e+01 0.000000e+00
      vertex   -8.298521e+00 2.678116e+01 0.000000e+00
    endloop
  endfacet
  facet normal 8.794738e-01 -4.759474e-01 -1.819550e-16
    outer loop
      vertex   -8.298521e+00 2.678116e+01 1.000000e+01
      vertex   -8.298521e+00 2.678116e+01 0.000000e+00
      vertex   -7.650181e+00 2.797919e+01 1.000000e+01
    endloop
  endfacet
  facet normal 8.794738e-01 -4.759474e-01 1.433614e-16
    outer loop
      vertex   -7.650181e+00 2.797919e+01 1.000000e+01
      vertex   -8.298521e+00 2.678116e+01 0.000000e+00
      vertex   -7.650181e+00 2.797919e+01 0.000000e+00
    endloop
  endfacet
  facet normal 8.460953e-01 -5.330317e-01 1.112225e-16
    outer loop
      vertex   -7.650181e+00 2.797919e+01 1.000000e+01
      vertex   -7.650181e+00 2.797919e+01 0.000000e+00
      vertex   -6.924079e+00 2.913175e+01 1.000000e+01
    endloop
  endfacet
  facet normal 8.460953e-01 -5.330317e-01 3.697417e-16
    outer loop
      vertex   -6.924079e+00 2.913175e+01 1.000000e+01
      vertex   -7.650181e+00 2.797919e+01 0.000000e+00
      vertex   -6.924079e+00 2.913175e+01 0.000000e+00
    endloop
  endfacet
  facet normal 8.090170e-01 -5.877853e-01 2.425341e-16
    outer loop
      vertex   -6.924079e+00 2.913175e+01 1.000000e+01
      vertex   -6.924079e+00 2.913175e+01 0.000000e+00
      vertex   -6.123392e+00 3.023380e+01 1.000000e+01
    endloop
  endfacet
  facet normal 8.090170e-01 -5.877853e-01 4.446152e-16
    outer loop
      vertex   -6.123392e+00 3.023380e+01 1.000000e+01
      vertex   -6.924079e+00 2.913175e+01 0.000000e+00
      vertex   -6.123392e+00 3.023380e+01 0.000000e+00
    endloop
  endfacet
  facet normal 7.684011e-01 -6.399685e-01 3.642477e-16
    outer loop
      vertex   -6.123392e+00 3.023380e+01 1.000000e+01
      vertex   -6.123392e+00 3.023380e+01 0.000000e+00
      vertex   -5.251620e+00 3.128053e+01 1.000000e+01
    endloop
  endfacet
  facet normal 7.684011e-01 -6.399685e-01 3.416284e-16
    outer loop
      vertex   -5.251620e+00 3.128053e+01 1.000000e+01
      vertex   -6.123392e+00 3.023380e+01 0.000000e+00
      vertex   -5.251620e+00 3.128053e+01 0.000000e+00
    endloop
  endfacet
  facet normal 7.244252e-01 -6.893534e-01 2.304057e-16
    outer loop
      vertex   -5.251620e+00 3.128053e+01 1.000000e+01
      vertex   -5.251620e+00 3.128053e+01 0.000000e+00
      vertex   -4.312575e+00 3.226735e+01 1.000000e+01
    endloop
  endfacet
  facet normal 7.244252e-01 -6.893534e-01 2.492001e-17
    outer loop
      vertex   -4.312575e+00 3.226735e+01 1.000000e+01
      vertex   -5.251620e+00 3.128053e+01 0.000000e+00
      vertex   -4.312575e+00 3.226735e+01 0.000000e+00
    endloop
  endfacet
  facet normal 6.772816e-01 -7.357239e-01 -4.152578e-17
    outer loop
      vertex   -4.312575e+00 3.226735e+01 1.000000e+01
      vertex   -4.312575e+00 3.226735e+01 0.000000e+00
      vertex   -3.310364e+00 3.318995e+01 1.000000e+01
    endloop
  endfacet
  facet normal 6.772816e-01 -7.357239e-01 -7.160312e-17
    outer loop
      vertex   -3.310364e+00 3.318995e+01 1.000000e+01
      vertex   -4.312575e+00 3.226735e+01 0.000000e+00
      vertex   -3.310364e+00 3.318995e+01 0.000000e+00
    endloop
  endfacet
  facet normal 6.271764e-01 -7.788773e-01 -1.356422e-16
    outer loop
      vertex   -3.310364e+00 3.318995e+01 1.000000e+01
      vertex   -3.310364e+00 3.318995e+01 0.000000e+00
      vertex   -2.249369e+00 3.404429e+01 1.000000e+01
    endloop
  endfacet
  facet normal 6.271764e-01 -7.788773e-01 -8.247100e-16
    outer loop
      vertex   -2.249369e+00 3.404429e+01 1.000000e+01
      vertex   -3.310364e+00 3.318995e+01 0.000000e+00
      vertex   -2.249369e+00 3.404429e+01 0.000000e+00
    endloop
  endfacet
  facet normal 5.743287e-01 -8.186248e-01 -9.798443e-16
    outer loop
      vertex   -2.249369e+00 3.404429e+01 1.000000e+01
      vertex   -2.249369e+00 3.404429e+01 0.000000e+00
      vertex   -1.134229e+00 3.482665e+01 1.000000e+01
    endloop
  endfacet
  facet normal 5.743287e-01 -8.186248e-01 -2.706498e-16
    outer loop
      vertex   -1.134229e+00 3.482665e+01 1.000000e+01
      vertex   -2.249369e+00 3.404429e+01 0.000000e+00
      vertex   -1.134229e+00 3.482665e+01 0.000000e+00
    endloop
  endfacet
  facet normal 5.189696e-01 -8.547927e-01 -4.080927e-16
    outer loop
      vertex   -1.134229e+00 3.482665e+01 1.000000e+01
      vertex   -1.134229e+00 3.482665e+01 0.000000e+00
      vertex   3.017866e-02 3.553359e+01 1.000000e+01
    endloop
  endfacet
  facet normal 5.189696e-01 -8.547927e-01 -4.080927e-16
    outer loop
      vertex   3.017866e-02 3.553359e+01 1.000000e+01
      vertex   -1.134229e+00 3.482665e+01 0.000000e+00
      vertex   3.017866e-02 3.553359e+01 0.000000e+00
    endloop
  endfacet
  facet normal 4.613412e-01 -8.872228e-01 -5.437512e-16
    outer loop
      vertex   3.017866e-02 3.553359e+01 1.000000e+01
      vertex   3.017866e-02 3.553359e+01 0.000000e+00
      vertex   1.238763e+00 3.616204e+01 1.000000e+01
    endloop
  endfacet
  facet normal 4.613412e-01 -8.872228e-01 -2.206565e-16
    outer loop
      vertex   1.238763e+00 3.616204e+01 1.000000e+01
      vertex   3.017866e-02 3.553359e+01 0.000000e+00
      vertex   1.238763e+00 3.616204e+01 0.000000e+00
    endloop
  endfacet
  facet normal 4.016954e-01 -9.157733e-01 -2.939189e-16
    outer loop
      vertex   1.238763e+00 3.616204e+01 1.000000e+01
      vertex   1.238763e+00 3.616204e+01 0.000000e+00
      vertex   2.486240e+00 3.670923e+01 1.000000e+01
    endloop
  endfacet
  facet normal 4.016954e-01 -9.157733e-01 -4.187909e-16
    outer loop
      vertex   2.486240e+00 3.670923e+01 1.000000e+01
      vertex   1.238763e+00 3.616204e+01 0.000000e+00
      vertex   2.486240e+00 3.670923e+01 0.000000e+00
    endloop
  endfacet
  facet normal 3.402932e-01 -9.403194e-01 -4.716804e-16
    outer loop
      vertex   2.486240e+00 3.670923e+01 1.000000e+01
      vertex   2.486240e+00 3.670923e+01 0.000000e+00
      vertex   3.767153e+00 3.717278e+01 1.000000e+01
    endloop
  endfacet
  facet normal 3.402932e-01 -9.403194e-01 4.212936e-17
    outer loop
      vertex   3.767153e+00 3.717278e+01 1.000000e+01
      vertex   2.486240e+00 3.670923e+01 0.000000e+00
      vertex   3.767153e+00 3.717278e+01 0.000000e+00
    endloop
  endfacet
  facet normal 2.774029e-01 -9.607537e-01 -1.036558e-16
    outer loop
      vertex   3.767153e+00 3.717278e+01 1.000000e+01
      vertex   3.767153e+00 3.717278e+01 0.000000e+00
      vertex   5.075902e+00 3.755066e+01 1.000000e+01
    endloop
  endfacet
  facet normal 2.774029e-01 -9.607537e-01 -1.898900e-16
    outer loop
      vertex   5.075902e+00 3.755066e+01 1.000000e+01
      vertex   3.767153e+00 3.717278e+01 0.000000e+00
      vertex   5.075902e+00 3.755066e+01 0.000000e+00
    endloop
  endfacet
  facet normal 2.132996e-01 -9.769868e-01 -3.152946e-16
    outer loop
      vertex   5.075902e+00 3.755066e+01 1.000000e+01
      vertex   5.075902e+00 3.755066e+01 0.000000e+00
      vertex   6.406764e+00 3.784122e+01 1.000000e+01
    endloop
  endfacet
  facet normal 2.132996e-01 -9.769868e-01 -3.910739e-16
    outer loop
      vertex   6.406764e+00 3.784122e+01 1.000000e+01
      vertex   5.075902e+00 3.755066e+01 0.000000e+00
      vertex   6.406764e+00 3.784122e+01 0.000000e+00
    endloop
  endfacet
  facet normal 1.482636e-01 -9.889479e-01 -4.919944e-16
    outer loop
      vertex   6.406764e+00 3.784122e+01 1.000000e+01
      vertex   6.406764e+00 3.784122e+01 0.000000e+00
      vertex   7.753919e+00 3.804319e+01 1.000000e+01
    endloop
  endfacet
  facet normal 1.482636e-01 -9.889479e-01 1.316846e-16
    outer loop
      vertex   7.753919e+00 3.804319e+01 1.000000e+01
      vertex   6.406764e+00 3.784122e+01 0.000000e+00
      vertex   7.753919e+00 3.804319e+01 0.000000e+00
    endloop
  endfacet
  facet normal 8.257935e-02 -9.965845e-01 7.334519e-17
    outer loop
      vertex   7.753919e+00 3.804319e+01 1.000000e+01
      vertex   7.753919e+00 3.804319e+01 0.000000e+00
      vertex   9.111477e+00 3.815568e+01 1.000000e+01
    endloop
  endfacet
  facet normal 8.257935e-02 -9.965845e-01 2.933808e-17
    outer loop
      vertex   9.111477e+00 3.815568e+01 1.000000e+01
      vertex   7.753919e+00 3.804319e+01 0.000000e+00
      vertex   9.111477e+00 3.815568e+01 0.000000e+00
    endloop
  endfacet
  facet normal 1.653394e-02 -9.998633e-01 5.874037e-18
    outer loop
      vertex   9.111477e+00 3.815568e+01 1.000000e+01
      vertex   9.111477e+00 3.815568e+01 0.000000e+00
      vertex   1.047350e+01 3.817820e+01 1.000000e+01
    endloop
  endfacet
  facet normal 1.653394e-02 -9.998633e-01 2.937019e-17
    outer loop
      vertex   1.047350e+01 3.817820e+01 1.000000e+01
      vertex   9.111477e+00 3.815568e+01 0.000000e+00
      vertex   1.047350e+01 3.817820e+01 0.000000e+00
    endloop
  endfacet
  facet normal -4.958375e-02 -9.987700e-01 -8.807844e-17
    outer loop
      vertex   1.047350e+01 3.817820e+01 1.000000e+01
      vertex   1.047350e+01 3.817820e+01 0.000000e+00
      vertex   1.183404e+01 3.811066e+01 1.000000e+01
    endloop
  endfacet
  facet normal -4.958375e-02 -9.987700e-01 -8.807844e-17
    outer loop
      vertex   1.183404e+01 3.811066e+01 1.000000e+01
      vertex   1.047350e+01 3.817820e+01 0.000000e+00
      vertex   1.183404e+01 3.811066e+01 0.000000e+00
    endloop
  endfacet
  facet normal -1.154846e-01 -9.933093e-01 -2.051419e-16
    outer loop
      vertex   1.183404e+01 3.811066e+01 1.000000e+01
      vertex   1.183404e+01 3.811066e+01 0.000000e+00
      vertex   1.318713e+01 3.795335e+01 1.000000e+01
    endloop
  endfacet
  facet normal -1.154846e-01 -9.933093e-01 -1.641135e-16
    outer loop
      vertex   1.318713e+01 3.795335e+01 1.000000e+01
      vertex   1.183404e+01 3.811066e+01 0.000000e+00
      vertex   1.318713e+01 3.795335e+01 0.000000e+00
    endloop
  endfacet
  facet normal -1.808805e-01 -9.835051e-01 -2.570467e-16
    outer loop
      vertex   1.318713e+01 3.795335e+01 1.000000e+01
      vertex   1.318713e+01 3.795335e+01 0.000000e+00
      vertex   1.452688e+01 3.770695e+01 1.000000e+01
    endloop
  endfacet
  facet normal -1.808805e-01 -9.835051e-01 -1.606542e-16
    outer loop
      vertex   1.452688e+01 3.770695e+01 1.000000e+01
      vertex   1.318713e+01 3.795335e+01 0.000000e+00
      vertex   1.452688e+01 3.770695e+01 0.000000e+00
    endloop
  endfacet
  facet normal -2.454855e-01 -9.694003e-01 -2.180349e-16
    outer loop
      vertex   1.452688e+01 3.770695e+01 1.000000e+01
      vertex   1.452688e+01 3.770695e+01 0.000000e+00
      vertex   1.584740e+01 3.737255e+01 1.000000e+01
    endloop
  endfacet
  facet normal -2.454855e-01 -9.694003e-01 -8.721396e-17
    outer loop
      vertex   1.584740e+01 3.737255e+01 1.000000e+01
      vertex   1.452688e+01 3.770695e+01 0.000000e+00
      vertex   1.584740e+01 3.737255e+01 0.000000e+00
    endloop
  endfacet
  facet normal -3.090170e-01 -9.510565e-01 -1.097849e-16
    outer loop
      vertex   1.584740e+01 3.737255e+01 1.000000e+01
      vertex   1.584740e+01 3.737255e+01 0.000000e+00
      vertex   1.714294e+01 3.695160e+01 1.000000e+01
    endloop
  endfacet
  facet normal -3.090170e-01 -9.510565e-01 2.366267e-16
    outer loop
      vertex   1.714294e+01 3.695160e+01 1.000000e+01
      vertex   1.584740e+01 3.737255e+01 0.000000e+00
      vertex   1.714294e+01 3.695160e+01 0.000000e+00
    endloop
  endfacet
  facet normal -3.711972e-01 -9.285540e-01 1.322743e-16
    outer loop
      vertex   1.714294e+01 3.695160e+01 1.000000e+01
      vertex   1.714294e+01 3.695160e+01 0.000000e+00
      vertex   1.840783e+01 3.644595e+01 1.000000e+01
    endloop
  endfacet
  facet normal -3.711972e-01 -9.285540e-01 -1.314772e-16
    outer loop
      vertex   1.840783e+01 3.644595e+01 1.000000e+01
      vertex   1.714294e+01 3.695160e+01 0.000000e+00
      vertex   1.840783e+01 3.644595e+01 0.000000e+00
    endloop
  endfacet
  facet normal -4.317544e-01 -9.019912e-01 -2.794364e-16
    outer loop
      vertex   1.840783e+01 3.644595e+01 1.000000e+01
      vertex   1.840783e+01 3.644595e+01 0.000000e+00
      vertex   1.963653e+01 3.585781e+01 1.000000e+01
    endloop
  endfacet
  facet normal -4.317544e-01 -9.019912e-01 3.341234e-16
    outer loop
      vertex   1.963653e+01 3.585781e+01 1.000000e+01
      vertex   1.840783e+01 3.644595e+01 0.000000e+00
      vertex   1.963653e+01 3.585781e+01 0.000000e+00
    endloop
  endfacet
  facet normal -4.904235e-01 -8.714842e-01 2.707599e-16
    outer loop
      vertex   1.963653e+01 3.585781e+01 1.000000e+01
      vertex   1.963653e+01 3.585781e+01 0.000000e+00
      vertex   2.082368e+01 3.518975e+01 1.000000e+01
    endloop
  endfacet
  facet normal -4.904235e-01 -8.714842e-01 9.652651e-17
    outer loop
      vertex   2.082368e+01 3.518975e+01 1.000000e+01
      vertex   1.963653e+01 3.585781e+01 0.000000e+00
      vertex   2.082368e+01 3.518975e+01 0.000000e+00
    endloop
  endfacet
  facet normal -5.469482e-01 -8.371665e-01 1.189750e-17
    outer loop
      vertex   2.082368e+01 3.518975e+01 1.000000e+01
      vertex   2.082368e+01 3.518975e+01 0.000000e+00
      vertex   2.196407e+01 3.444469e+01 1.000000e+01
    endloop
  endfacet
  facet normal -5.469482e-01 -8.371665e-01 2.062125e-16
    outer loop
      vertex   2.196407e+01 3.444469e+01 1.000000e+01
      vertex   2.082368e+01 3.518975e+01 0.000000e+00
      vertex   2.196407e+01 3.444469e+01 0.000000e+00
    endloop
  endfacet
  facet normal -6.010811e-01 -7.991880e-01 1.407634e-16
    outer loop
      vertex   2.196407e+01 3.444469e+01 1.000000e+01
      vertex   2.196407e+01 3.444469e+01 0.000000e+00
      vertex   2.305274e+01 3.362589e+01 1.000000e+01
    endloop
  endfacet
  facet normal -6.010811e-01 -7.991880e-01 2.815268e-16
    outer loop
      vertex   2.305274e+01 3.362589e+01 1.000000e+01
      vertex   2.196407e+01 3.444469e+01 0.000000e+00
      vertex   2.305274e+01 3.362589e+01 0.000000e+00
    endloop
  endfacet
  facet normal -6.525858e-01 -7.577149e-01 1.493974e-16
    outer loop
      vertex   2.305274e+01 3.362589e+01 1.000000e+01
      vertex   2.305274e+01 3.362589e+01 0.000000e+00
      vertex   2.408490e+01 3.273693e+01 1.000000e+01
    endloop
  endfacet
  facet normal -6.525858e-01 -7.577149e-01 3.812425e-16
    outer loop
      vertex   2.408490e+01 3.273693e+01 1.000000e+01
      vertex   2.305274e+01 3.362589e+01 0.000000e+00
      vertex   2.408490e+01 3.273693e+01 0.000000e+00
    endloop
  endfacet
  facet normal -7.012368e-01 -7.129284e-01 2.657442e-16
    outer loop
      vertex   2.408490e+01 3.273693e+01 1.000000e+01
      vertex   2.408490e+01 3.273693e+01 0.000000e+00
      vertex   2.505606e+01 3.178170e+01 1.000000e+01
    endloop
  endfacet
  facet normal -7.012368e-01 -7.129284e-01 2.574368e-16
    outer loop
      vertex   2.505606e+01 3.178170e+01 1.000000e+01
      vertex   2.408490e+01 3.273693e+01 0.000000e+00
      vertex   2.505606e+01 3.178170e+01 0.000000e+00
    endloop
  endfacet
  facet normal -7.468215e-01 -6.650246e-01 2.072041e-16
    outer loop
      vertex   2.505606e+01 3.178170e+01 1.000000e+01
      vertex   2.505606e+01 3.178170e+01 0.000000e+00
      vertex   2.596197e+01 3.076437e+01 1.000000e+01
    endloop
  endfacet
  facet normal -7.468215e-01 -6.650246e-01 -2.906010e-17
    outer loop
      vertex   2.596197e+01 3.076437e+01 1.000000e+01
      vertex   2.505606e+01 3.178170e+01 0.000000e+00
      vertex   2.596197e+01 3.076437e+01 0.000000e+00
    endloop
  endfacet
  facet normal -7.891405e-01 -6.142127e-01 -6.214684e-17
    outer loop
      vertex   2.596197e+01 3.076437e+01 1.000000e+01
      vertex   2.596197e+01 3.076437e+01 0.000000e+00
      vertex   2.679865e+01 2.968940e+01 1.000000e+01
    endloop
  endfacet
  facet normal -7.891405e-01 -6.142127e-01 3.177168e-17
    outer loop
      vertex   2.679865e+01 2.968940e+01 1.000000e+01
      vertex   2.596197e+01 3.076437e+01 0.000000e+00
      vertex   2.679865e+01 2.968940e+01 0.000000e+00
    endloop
  endfacet
  facet normal -8.280088e-01 -5.607151e-01 -8.567947e-17
    outer loop
      vertex   2.679865e+01 2.968940e+01 1.000000e+01
      vertex   2.679865e+01 2.968940e+01 0.000000e+00
      vertex   2.756247e+01 2.856147e+01 1.000000e+01
    endloop
  endfacet
  facet normal -8.280088e-01 -5.607151e-01 3.034502e-16
    outer loop
      vertex   2.756247e+01 2.856147e+01 1.000000e+01
      vertex   2.679865e+01 2.968940e+01 0.000000e+00
      vertex   2.756247e+01 2.856147e+01 0.000000e+00
    endloop
  endfacet
  facet normal -8.632565e-01 -5.047655e-01 2.312959e-16
    outer loop
      vertex   2.756247e+01 2.856147e+01 1.000000e+01
      vertex   2.756247e+01 2.856147e+01 0.000000e+00
      vertex   2.825006e+01 2.738554e+01 1.000000e+01
    endloop
  endfacet
  facet normal -8.632565e-01 -5.047655e-01 -3.820847e-16
    outer loop
      vertex   2.825006e+01 2.738554e+01 1.000000e+01
      vertex   2.756247e+01 2.856147e+01 0.000000e+00
      vertex   2.825006e+01 2.738554e+01 0.000000e+00
    endloop
  endfacet
  facet normal -8.947293e-01 -4.466088e-01 -4.776132e-16
    outer loop
      vertex   2.825006e+01 2.738554e+01 1.000000e+01
      vertex   2.825006e+01 2.738554e+01 0.000000e+00
      vertex   2.885844e+01 2.616673e+01 1.000000e+01
    endloop
  endfacet
  facet normal -8.947293e-01 -4.466088e-01 4.760020e-16
    outer loop
      vertex   2.885844e+01 2.616673e+01 1.000000e+01
      vertex   2.825006e+01 2.738554e+01 0.000000e+00
      vertex   2.885844e+01 2.616673e+01 0.000000e+00
    endloop
  endfacet
  facet normal -9.222898e-01 -3.864992e-01 4.119363e-16
    outer loop
      vertex   2.885844e+01 2.616673e+01 1.000000e+01
      vertex   2.885844e+01 2.616673e+01 0.000000e+00
      vertex   2.938493e+01 2.491037e+01 1.000000e+01
    endloop
  endfacet
  facet normal -9.222898e-01 -3.864992e-01 -2.433900e-16
    outer loop
      vertex   2.938493e+01 2.491037e+01 1.000000e+01
      vertex   2.885844e+01 2.616673e+01 0.000000e+00
      vertex   2.938493e+01 2.491037e+01 0.000000e+00
    endloop
  endfacet
  facet normal -9.458172e-01 -3.246995e-01 -3.259743e-16
    outer loop
      vertex   2.938493e+01 2.491037e+01 1.000000e+01
      vertex   2.938493e+01 2.491037e+01 0.000000e+00
      vertex   2.982724e+01 2.362197e+01 1.000000e+01
    endloop
  endfacet
  facet normal -9.458172e-01 -3.246995e-01 5.767821e-16
    outer loop
      vertex   2.982724e+01 2.362197e+01 1.000000e+01
      vertex   2.938493e+01 2.491037e+01 0.000000e+00
      vertex   2.982724e+01 2.362197e+01 0.000000e+00
    endloop
  endfacet
  facet normal -9.652089e-01 -2.614799e-01 4.644817e-16
    outer loop
      vertex   2.982724e+01 2.362197e+01 1.000000e+01
      vertex   2.982724e+01 2.362197e+01 0.000000e+00
      vertex   3.018343e+01 2.230715e+01 1.000000e+01
    endloop
  endfacet
  facet normal -9.652089e-01 -2.614799e-01 2.786890e-16
    outer loop
      vertex   3.018343e+01 2.230715e+01 1.000000e+01
      vertex   2.982724e+01 2.362197e+01 0.000000e+00
      vertex   3.018343e+01 2.230715e+01 0.000000e+00
    endloop
  endfacet
  facet normal -9.803800e-01 -1.971170e-01 2.100901e-16
    outer loop
      vertex   3.018343e+01 2.230715e+01 1.000000e+01
      vertex   3.018343e+01 2.230715e+01 0.000000e+00
      vertex   3.045195e+01 2.097167e+01 1.000000e+01
    endloop
  endfacet
  facet normal -9.803800e-01 -1.971170e-01 1.849248e-18
    outer loop
      vertex   3.045195e+01 2.097167e+01 1.000000e+01
      vertex   3.018343e+01 2.230715e+01 0.000000e+00
      vertex   3.045195e+01 2.097167e+01 0.000000e+00
    endloop
  endfacet
  facet normal -9.912641e-01 -1.318922e-01 -1.178802e-16
    outer loop
      vertex   3.045195e+01 2.097167e+01 1.000000e+01
      vertex   3.045195e+01 2.097167e+01 0.000000e+00
      vertex   3.063161e+01 1.962136e+01 1.000000e+01
    endloop
  endfacet
  facet normal -9.912641e-01 -1.318922e-01 1.405725e-16
    outer loop
      vertex   3.063161e+01 1.962136e+01 1.000000e+01
      vertex   3.045195e+01 2.097167e+01 0.000000e+00
      vertex   3.063161e+01 1.962136e+01 0.000000e+00
    endloop
  endfacet
  facet normal -9.978136e-01 -6.609058e-02 7.044028e-17
    outer loop
      vertex   3.063161e+01 1.962136e+01 1.000000e+01
      vertex   3.063161e+01 1.962136e+01 0.000000e+00
      vertex   3.072164e+01 1.826212e+01 1.000000e+01
    endloop
  endfacet
  facet normal -9.978136e-01 -6.609058e-02 4.696018e-17
    outer loop
      vertex   3.072164e+01 1.826212e+01 1.000000e+01
      vertex   3.063161e+01 1.962136e+01 0.000000e+00
      vertex   3.072164e+01 1.826212e+01 0.000000e+00
    endloop
  endfacet
  facet normal -1.000000e+00 -0.000000e+00 0.000000e+00
    outer loop
      vertex   3.072164e+01 1.826212e+01 1.000000e+01
      vertex   3.072164e+01 1.826212e+01 0.000000e+00
      vertex   3.072164e+01 1.689991e+01 1.000000e+01
    endloop
  endfacet
  facet normal -1.000000e+00 0.000000e+00 -0.000000e+00
    outer loop
      vertex   3.072164e+01 1.689991e+01 1.000000e+01
      vertex   3.072164e+01 1.826212e+01 0.000000e+00
      vertex   3.072164e+01 1.689991e+01 0.000000e+00
    endloop
  endfacet
  facet normal -9.978136e-01 6.609058e-02 -4.696018e-17
    outer loop
      vertex   3.072164e+01 1.689991e+01 1.000000e+01
      vertex   3.072164e+01 1.689991e+01 0.000000e+00
      vertex   3.063161e+01 1.554068e+01 1.000000e+01
    endloop
  endfacet
  facet normal -9.978136e-01 6.609058e-02 -7.044028e-17
    outer loop
      vertex   3.063161e+01 1.554068e+01 1.000000e+01
      vertex   3.072164e+01 1.689991e+01 0.000000e+00
      vertex   3.063161e+01 1.554068e+01 0.000000e+00
    endloop
  endfacet
  facet normal -9.912641e-01 1.318922e-01 -1.405725e-16
    outer loop
      vertex   3.063161e+01 1.554068e+01 1.000000e+01
      vertex   3.063161e+01 1.554068e+01 0.000000e+00
      vertex   3.045195e+01 1.419037e+01 1.000000e+01
    endloop
  endfacet
  facet normal -9.912641e-01 1.318922e-01 1.178802e-16
    outer loop
      vertex   3.045195e+01 1.419037e+01 1.000000e+01
      vertex   3.063161e+01 1.554068e+01 0.000000e+00
      vertex   3.045195e+01 1.419037e+01 0.000000e+00
    endloop
  endfacet
  facet normal -9.803800e-01 1.971170e-01 -1.849248e-18
    outer loop
      vertex   3.045195e+01 1.419037e+01 1.000000e+01
      vertex   3.045195e+01 1.419037e+01 0.000000e+00
      vertex   3.018343e+01 1.285489e+01 1.000000e+01
    endloop
  endfacet
  facet normal -9.803800e-01 1.971170e-01 -1.400601e-16
    outer loop
      vertex   3.018343e+01 1.285489e+01 1.000000e+01
      vertex   3.045195e+01 1.419037e+01 0.000000e+00
      vertex   3.018343e+01 1.285489e+01 0.000000e+00
    endloop
  endfacet
  facet normal -9.652089e-01 2.614799e-01 -1.857927e-16
    outer loop
      vertex   3.018343e+01 1.285489e+01 1.000000e+01
      vertex   3.018343e+01 1.285489e+01 0.000000e+00
      vertex   2.982724e+01 1.154007e+01 1.000000e+01
    endloop
  endfacet
  facet normal -9.652089e-01 2.614799e-01 -4.644817e-16
    outer loop
      vertex   2.982724e+01 1.154007e+01 1.000000e+01
      vertex   3.018343e+01 1.285489e+01 0.000000e+00
      vertex   2.982724e+01 1.154007e+01 0.000000e+00
    endloop
  endfacet
  facet normal -9.458172e-01 3.246995e-01 -5.767821e-16
    outer loop
      vertex   2.982724e+01 1.154007e+01 1.000000e+01
      vertex   2.982724e+01 1.154007e+01 0.000000e+00
      vertex   2.938493e+01 1.025167e+01 1.000000e+01
    endloop
  endfacet
  facet normal -9.458172e-01 3.246995e-01 3.836525e-16
    outer loop
      vertex   2.938493e+01 1.025167e+01 1.000000e+01
      vertex   2.982724e+01 1.154007e+01 0.000000e+00
      vertex   2.938493e+01 1.025167e+01 0.000000e+00
    endloop
  endfacet
  facet normal -9.222898e-01 3.864992e-01 3.120461e-16
    outer loop
      vertex   2.938493e+01 1.025167e+01 1.000000e+01
      vertex   2.938493e+01 1.025167e+01 0.000000e+00
      vertex   2.885844e+01 8.995313e+00 1.000000e+01
    endloop
  endfacet
  facet normal -9.222898e-01 3.864992e-01 -3.432802e-16
    outer loop
      vertex   2.885844e+01 8.995313e+00 1.000000e+01
      vertex   2.938493e+01 1.025167e+01 0.000000e+00
      vertex   2.885844e+01 8.995313e+00 0.000000e+00
    endloop
  endfacet
  facet normal -8.947293e-01 4.466088e-01 -3.966683e-16
    outer loop
      vertex   2.885844e+01 8.995313e+00 1.000000e+01
      vertex   2.885844e+01 8.995313e+00 0.000000e+00
      vertex   2.825006e+01 7.776503e+00 1.000000e+01
    endloop
  endfacet
  facet normal -8.947293e-01 4.466088e-01 2.792790e-16
    outer loop
      vertex   2.825006e+01 7.776503e+00 1.000000e+01
      vertex   2.885844e+01 8.995313e+00 0.000000e+00
      vertex   2.825006e+01 7.776503e+00 0.000000e+00
    endloop
  endfacet
  facet normal -8.632565e-01 5.047655e-01 1.579238e-16
    outer loop
      vertex   2.825006e+01 7.776503e+00 1.000000e+01
      vertex   2.825006e+01 7.776503e+00 0.000000e+00
      vertex   2.756247e+01 6.600566e+00 1.000000e+01
    endloop
  endfacet
  facet normal -8.632565e-01 5.047655e-01 -1.416315e-16
    outer loop
      vertex   2.756247e+01 6.600566e+00 1.000000e+01
      vertex   2.825006e+01 7.776503e+00 0.000000e+00
      vertex   2.756247e+01 6.600566e+00 0.000000e+00
    endloop
  endfacet
  facet normal -8.280088e-01 5.607151e-01 -2.038472e-16
    outer loop
      vertex   2.756247e+01 6.600566e+00 1.000000e+01
      vertex   2.756247e+01 6.600566e+00 0.000000e+00
      vertex   2.679865e+01 5.472643e+00 1.000000e+01
    endloop
  endfacet
  facet normal -8.280088e-01 5.607151e-01 3.587797e-17
    outer loop
      vertex   2.679865e+01 5.472643e+00 1.000000e+01
      vertex   2.756247e+01 6.600566e+00 0.000000e+00
      vertex   2.679865e+01 5.472643e+00 0.000000e+00
    endloop
  endfacet
  facet normal -7.891405e-01 6.142127e-01 -8.632473e-17
    outer loop
      vertex   2.679865e+01 5.472643e+00 1.000000e+01
      vertex   2.679865e+01 5.472643e+00 0.000000e+00
      vertex   2.596197e+01 4.397668e+00 1.000000e+01
    endloop
  endfacet
  facet normal -7.891405e-01 6.142127e-01 -1.015123e-16
    outer loop
      vertex   2.596197e+01 4.397668e+00 1.000000e+01
      vertex   2.679865e+01 5.472643e+00 0.000000e+00
      vertex   2.596197e+01 4.397668e+00 0.000000e+00
    endloop
  endfacet
  facet normal -7.468215e-01 6.650246e-01 -1.481380e-16
    outer loop
      vertex   2.596197e+01 4.397668e+00 1.000000e+01
      vertex   2.596197e+01 4.397668e+00 0.000000e+00
      vertex   2.505606e+01 3.380339e+00 1.000000e+01
    endloop
  endfacet
  facet normal -7.468215e-01 6.650246e-01 -1.776711e-16
    outer loop
      vertex   2.505606e+01 3.380339e+00 1.000000e+01
      vertex   2.596197e+01 4.397668e+00 0.000000e+00
      vertex   2.505606e+01 3.380339e+00 0.000000e+00
    endloop
  endfacet
  facet normal -7.012368e-01 7.129284e-01 -2.257764e-16
    outer loop
      vertex   2.505606e+01 3.380339e+00 1.000000e+01
      vertex   2.505606e+01 3.380339e+00 0.000000e+00
      vertex   2.408490e+01 2.425107e+00 1.000000e+01
    endloop
  endfacet
  facet normal -7.012368e-01 7.129284e-01 -4.412152e-17
    outer loop
      vertex   2.408490e+01 2.425107e+00 1.000000e+01
      vertex   2.505606e+01 3.380339e+00 0.000000e+00
      vertex   2.408490e+01 2.425107e+00 0.000000e+00
    endloop
  endfacet
  facet normal -6.525858e-01 7.577149e-01 -1.456974e-16
    outer loop
      vertex   2.408490e+01 2.425107e+00 1.000000e+01
      vertex   2.408490e+01 2.425107e+00 0.000000e+00
      vertex   2.305274e+01 1.536148e+00 1.000000e+01
    endloop
  endfacet
  facet normal -6.525858e-01 7.577149e-01 8.614765e-17
    outer loop
      vertex   2.305274e+01 1.536148e+00 1.000000e+01
      vertex   2.408490e+01 2.425107e+00 0.000000e+00
      vertex   2.305274e+01 1.536148e+00 0.000000e+00
    endloop
  endfacet
  facet normal -6.010811e-01 7.991880e-01 -3.308923e-17
    outer loop
      vertex   2.305274e+01 1.536148e+00 1.000000e+01
      vertex   2.305274e+01 1.536148e+00 0.000000e+00
      vertex   2.196407e+01 7.173483e-01 1.000000e+01
    endloop
  endfacet
  facet normal -6.010811e-01 7.991880e-01 -1.052723e-16
    outer loop
      vertex   2.196407e+01 7.173483e-01 1.000000e+01
      vertex   2.305274e+01 1.536148e+00 0.000000e+00
      vertex   2.196407e+01 7.173483e-01 0.000000e+00
    endloop
  endfacet
  facet normal -5.469482e-01 8.371665e-01 -1.690349e-16
    outer loop
      vertex   2.196407e+01 7.173483e-01 1.000000e+01
      vertex   2.196407e+01 7.173483e-01 0.000000e+00
      vertex   2.082368e+01 -2.771043e-02 1.000000e+01
    endloop
  endfacet
  facet normal -5.469482e-01 8.371665e-01 2.111685e-16
    outer loop
      vertex   2.082368e+01 -2.771043e-02 1.000000e+01
      vertex   2.196407e+01 7.173483e-01 0.000000e+00
      vertex   2.082368e+01 -2.771043e-02 0.000000e+00
    endloop
  endfacet
  facet normal -4.904235e-01 8.714842e-01 1.356835e-16
    outer loop
      vertex   2.082368e+01 -2.771043e-02 1.000000e+01
      vertex   2.082368e+01 -2.771043e-02 0.000000e+00
      vertex   1.963653e+01 -6.957706e-01 1.000000e+01
    endloop
  endfacet
  facet normal -4.904235e-01 8.714842e-01 -3.854989e-17
    outer loop
      vertex   1.963653e+01 -6.957706e-01 1.000000e+01
      vertex   2.082368e+01 -2.771043e-02 0.000000e+00
      vertex   1.963653e+01 -6.957706e-01 0.000000e+00
    endloop
  endfacet
  facet normal -4.317544e-01 9.019912e-01 -9.378465e-17
    outer loop
      vertex   1.963653e+01 -6.957706e-01 1.000000e+01
      vertex   1.963653e+01 -6.957706e-01 0.000000e+00
      vertex   1.840783e+01 -1.283911e+00 1.000000e+01
    endloop
  endfacet
  facet normal -4.317544e-01 9.019912e-01 3.194929e-16
    outer loop
      vertex   1.840783e+01 -1.283911e+00 1.000000e+01
      vertex   1.963653e+01 -6.957706e-01 0.000000e+00
      vertex   1.840783e+01 -1.283911e+00 0.000000e+00
    endloop
  endfacet
  facet normal -3.711972e-01 9.285540e-01 1.727133e-16
    outer loop
      vertex   1.840783e+01 -1.283911e+00 1.000000e+01
      vertex   1.840783e+01 -1.283911e+00 0.000000e+00
      vertex   1.714294e+01 -1.789560e+00 1.000000e+01
    endloop
  endfacet
  facet normal -3.711972e-01 9.285540e-01 1.151422e-16
    outer loop
      vertex   1.714294e+01 -1.789560e+00 1.000000e+01
      vertex   1.840783e+01 -1.283911e+00 0.000000e+00
      vertex   1.714294e+01 -1.789560e+00 0.000000e+00
    endloop
  endfacet
  facet normal -3.090170e-01 9.510565e-01 1.678562e-17
    outer loop
      vertex   1.714294e+01 -1.789560e+00 1.000000e+01
      vertex   1.714294e+01 -1.789560e+00 0.000000e+00
      vertex   1.584740e+01 -2.210506e+00 1.000000e+01
    endloop
  endfacet
  facet normal -3.090170e-01 9.510565e-01 1.097849e-16
    outer loop
      vertex   1.584740e+01 -2.210506e+00 1.000000e+01
      vertex   1.714294e+01 -1.789560e+00 0.000000e+00
      vertex   1.584740e+01 -2.210506e+00 0.000000e+00
    endloop
  endfacet
  facet normal -2.454855e-01 9.694003e-01 8.721396e-17
    outer loop
      vertex   1.584740e+01 -2.210506e+00 1.000000e+01
      vertex   1.584740e+01 -2.210506e+00 0.000000e+00
      vertex   1.452688e+01 -2.544909e+00 1.000000e+01
    endloop
  endfacet
  facet normal -2.454855e-01 9.694003e-01 2.180349e-16
    outer loop
      vertex   1.452688e+01 -2.544909e+00 1.000000e+01
      vertex   1.584740e+01 -2.210506e+00 0.000000e+00
      vertex   1.452688e+01 -2.544909e+00 0.000000e+00
    endloop
  endfacet
  facet normal -1.808805e-01 9.835051e-01 1.606542e-16
    outer loop
      vertex   1.452688e+01 -2.544909e+00 1.000000e+01
      vertex   1.452688e+01 -2.544909e+00 0.000000e+00
      vertex   1.318713e+01 -2.791307e+00 1.000000e+01
    endloop
  endfacet
  facet normal -1.808805e-01 9.835051e-01 -1.797173e-16
    outer loop
      vertex   1.318713e+01 -2.791307e+00 1.000000e+01
      vertex   1.452688e+01 -2.544909e+00 0.000000e+00
      vertex   1.318713e+01 -2.791307e+00 0.000000e+00
    endloop
  endfacet
  facet normal -1.154846e-01 9.933093e-01 -2.770044e-16
    outer loop
      vertex   1.318713e+01 -2.791307e+00 1.000000e+01
      vertex   1.318713e+01 -2.791307e+00 0.000000e+00
      vertex   1.183404e+01 -2.948621e+00 1.000000e+01
    endloop
  endfacet
  facet normal -1.154846e-01 9.933093e-01 2.051419e-16
    outer loop
      vertex   1.183404e+01 -2.948621e+00 1.000000e+01
      vertex   1.318713e+01 -2.791307e+00 0.000000e+00
      vertex   1.183404e+01 -2.948621e+00 0.000000e+00
    endloop
  endfacet
  facet normal -4.958375e-02 9.987700e-01 8.807844e-17
    outer loop
      vertex   1.183404e+01 -2.948621e+00 1.000000e+01
      vertex   1.183404e+01 -2.948621e+00 0.000000e+00
      vertex   1.047350e+01 -3.016165e+00 1.000000e+01
    endloop
  endfacet
  facet normal -4.958375e-02 9.987700e-01 8.807844e-17
    outer loop
      vertex   1.047350e+01 -3.016165e+00 1.000000e+01
      vertex   1.183404e+01 -2.948621e+00 0.000000e+00
      vertex   1.047350e+01 -3.016165e+00 0.000000e+00
    endloop
  endfacet
  facet normal 1.653394e-02 9.998633e-01 -2.937019e-17
    outer loop
      vertex   1.047350e+01 -3.016165e+00 1.000000e+01
      vertex   1.047350e+01 -3.016165e+00 0.000000e+00
      vertex   9.111477e+00 -2.993642e+00 1.000000e+01
    endloop
  endfacet
  facet normal 1.653394e-02 9.998633e-01 -5.874037e-18
    outer loop
      vertex   9.111477e+00 -2.993642e+00 1.000000e+01
      vertex   1.047350e+01 -3.016165e+00 0.000000e+00
      vertex   9.111477e+00 -2.993642e+00 0.000000e+00
    endloop
  endfacet
  facet normal 8.257935e-02 9.965845e-01 -2.933808e-17
    outer loop
      vertex   9.111477e+00 -2.993642e+00 1.000000e+01
      vertex   9.111477e+00 -2.993642e+00 0.000000e+00
      vertex   7.753919e+00 -2.881151e+00 1.000000e+01
    endloop
  endfacet
  facet normal 8.257935e-02 9.965845e-01 -7.334519e-17
    outer loop
      vertex   7.753919e+00 -2.881151e+00 1.000000e+01
      vertex   9.111477e+00 -2.993642e+00 0.000000e+00
      vertex   7.753919e+00 -2.881151e+00 0.000000e+00
    endloop
  endfacet
  facet normal 1.482636e-01 9.889479e-01 -1.316846e-16
    outer loop
      vertex   7.753919e+00 -2.881151e+00 1.000000e+01
      vertex   7.753919e+00 -2.881151e+00 0.000000e+00
      vertex   6.406764e+00 -2.679185e+00 1.000000e+01
    endloop
  endfacet
  facet normal 1.482636e-01 9.889479e-01 2.284858e-16
    outer loop
      vertex   6.406764e+00 -2.679185e+00 1.000000e+01
      vertex   7.753919e+00 -2.881151e+00 0.000000e+00
      vertex   6.406764e+00 -2.679185e+00 0.000000e+00
    endloop
  endfacet
  facet normal 2.132996e-01 9.769868e-01 1.307523e-16
    outer loop
      vertex   6.406764e+00 -2.679185e+00 1.000000e+01
      vertex   6.406764e+00 -2.679185e+00 0.000000e+00
      vertex   5.075902e+00 -2.388626e+00 1.000000e+01
    endloop
  endfacet
  facet normal 2.132996e-01 9.769868e-01 5.497305e-17
    outer loop
      vertex   5.075902e+00 -2.388626e+00 1.000000e+01
      vertex   6.406764e+00 -2.679185e+00 0.000000e+00
      vertex   5.075902e+00 -2.388626e+00 0.000000e+00
    endloop
  endfacet
  facet normal 2.774029e-01 9.607537e-01 -6.610621e-17
    outer loop
      vertex   5.075902e+00 -2.388626e+00 1.000000e+01
      vertex   5.075902e+00 -2.388626e+00 0.000000e+00
      vertex   3.767153e+00 -2.010745e+00 1.000000e+01
    endloop
  endfacet
  facet normal 2.774029e-01 9.607537e-01 6.098981e-17
    outer loop
      vertex   3.767153e+00 -2.010745e+00 1.000000e+01
      vertex   5.075902e+00 -2.388626e+00 0.000000e+00
      vertex   3.767153e+00 -2.010745e+00 0.000000e+00
    endloop
  endfacet
  facet normal 3.402932e-01 9.403194e-01 -8.388793e-17
    outer loop
      vertex   3.767153e+00 -2.010745e+00 1.000000e+01
      vertex   3.767153e+00 -2.010745e+00 0.000000e+00
      vertex   2.486240e+00 -1.547194e+00 1.000000e+01
    endloop
  endfacet
  facet normal 3.402932e-01 9.403194e-01 1.233616e-17
    outer loop
      vertex   2.486240e+00 -1.547194e+00 1.000000e+01
      vertex   3.767153e+00 -2.010745e+00 0.000000e+00
      vertex   2.486240e+00 -1.547194e+00 0.000000e+00
    endloop
  endfacet
  facet normal 4.016954e-01 9.157733e-01 -2.856266e-17
    outer loop
      vertex   2.486240e+00 -1.547194e+00 1.000000e+01
      vertex   2.486240e+00 -1.547194e+00 0.000000e+00
      vertex   1.238763e+00 -9.999999e-01 1.000000e+01
    endloop
  endfacet
  facet normal 4.016954e-01 9.157733e-01 4.990785e-17
    outer loop
      vertex   1.238763e+00 -9.999999e-01 1.000000e+01
      vertex   2.486240e+00 -1.547194e+00 0.000000e+00
      vertex   1.238763e+00 -9.999999e-01 0.000000e+00
    endloop
  endfacet
  facet normal 4.613412e-01 8.872228e-01 -1.574718e-17
    outer loop
      vertex   1.238763e+00 -9.999999e-01 1.000000e+01
      vertex   1.238763e+00 -9.999999e-01 0.000000e+00
      vertex   3.017866e-02 -3.715560e-01 1.000000e+01
    endloop
  endfacet
  facet normal 4.613412e-01 8.872228e-01 7.094395e-17
    outer loop
      vertex   3.017866e-02 -3.715560e-01 1.000000e+01
      vertex   1.238763e+00 -9.999999e-01 0.000000e+00
      vertex   3.017866e-02 -3.715560e-01 0.000000e+00
    endloop
  endfacet
  facet normal 5.189696e-01 8.547927e-01 -4.743232e-17
    outer loop
      vertex   3.017866e-02 -3.715560e-01 1.000000e+01
      vertex   3.017866e-02 -3.715560e-01 0.000000e+00
      vertex   -1.134229e+00 3.353900e-01 1.000000e+01
    endloop
  endfacet
  facet normal 5.189696e-01 8.547927e-01 -4.743232e-17
    outer loop
      vertex   -1.134229e+00 3.353900e-01 1.000000e+01
      vertex   3.017866e-02 -3.715560e-01 0.000000e+00
      vertex   -1.134229e+00 3.353900e-01 0.000000e+00
    endloop
  endfacet
  facet normal 5.743287e-01 8.186248e-01 -1.656012e-16
    outer loop
      vertex   -1.134229e+00 3.353900e-01 1.000000e+01
      vertex   -1.134229e+00 3.353900e-01 0.000000e+00
      vertex   -2.249369e+00 1.117747e+00 1.000000e+01
    endloop
  endfacet
  facet normal 5.743287e-01 8.186248e-01 3.254679e-16
    outer loop
      vertex   -2.249369e+00 1.117747e+00 1.000000e+01
      vertex   -1.134229e+00 3.353900e-01 0.000000e+00
      vertex   -2.249369e+00 1.117747e+00 0.000000e+00
    endloop
  endfacet
  facet normal 6.271764e-01 7.788773e-01 2.021062e-16
    outer loop
      vertex   -2.249369e+00 1.117747e+00 1.000000e+01
      vertex   -2.249369e+00 1.117747e+00 0.000000e+00
      vertex   -3.310364e+00 1.972093e+00 1.000000e+01
    endloop
  endfacet
  facet normal 6.271764e-01 7.788773e-01 1.010531e-16
    outer loop
      vertex   -3.310364e+00 1.972093e+00 1.000000e+01
      vertex   -2.249369e+00 1.117747e+00 0.000000e+00
      vertex   -3.310364e+00 1.972093e+00 0.000000e+00
    endloop
  endfacet
  facet normal 6.772816e-01 7.357239e-01 3.893042e-17
    outer loop
      vertex   -3.310364e+00 1.972093e+00 1.000000e+01
      vertex   -3.310364e+00 1.972093e+00 0.000000e+00
      vertex   -4.312575e+00 2.894693e+00 1.000000e+01
    endloop
  endfacet
  facet normal 6.772816e-01 7.357239e-01 -1.545105e-16
    outer loop
      vertex   -4.312575e+00 2.894693e+00 1.000000e+01
      vertex   -3.310364e+00 1.972093e+00 0.000000e+00
      vertex   -4.312575e+00 2.894693e+00 0.000000e+00
    endloop
  endfacet
  facet normal 7.244252e-01 6.893534e-01 -2.086007e-16
    outer loop
      vertex   -4.312575e+00 2.894693e+00 1.000000e+01
      vertex   -4.312575e+00 2.894693e+00 0.000000e+00
      vertex   -5.251620e+00 3.881513e+00 1.000000e+01
    endloop
  endfacet
  facet normal 7.244252e-01 6.893534e-01 -4.672502e-17
    outer loop
      vertex   -5.251620e+00 3.881513e+00 1.000000e+01
      vertex   -4.312575e+00 2.894693e+00 0.000000e+00
      vertex   -5.251620e+00 3.881513e+00 0.000000e+00
    endloop
  endfacet
  facet normal 7.684011e-01 6.399685e-01 -1.711066e-16
    outer loop
      vertex   -5.251620e+00 3.881513e+00 1.000000e+01
      vertex   -5.251620e+00 3.881513e+00 0.000000e+00
      vertex   -6.123392e+00 4.928238e+00 1.000000e+01
    endloop
  endfacet
  facet normal 7.684011e-01 6.399685e-01 -2.320400e-17
    outer loop
      vertex   -6.123392e+00 4.928238e+00 1.000000e+01
      vertex   -5.251620e+00 3.881513e+00 0.000000e+00
      vertex   -6.123392e+00 4.928238e+00 0.000000e+00
    endloop
  endfacet
  facet normal 8.090170e-01 5.877853e-01 -1.313803e-16
    outer loop
      vertex   -6.123392e+00 4.928238e+00 1.000000e+01
      vertex   -6.123392e+00 4.928238e+00 0.000000e+00
      vertex   -6.924079e+00 6.030289e+00 1.000000e+01
    endloop
  endfacet
  facet normal 8.090170e-01 5.877853e-01 -2.947399e-16
    outer loop
      vertex   -6.924079e+00 6.030289e+00 1.000000e+01
      vertex   -6.123392e+00 4.928238e+00 0.000000e+00
      vertex   -6.924079e+00 6.030289e+00 0.000000e+00
    endloop
  endfacet
  facet normal 8.460953e-01 5.330317e-01 -4.170844e-16
    outer loop
      vertex   -6.924079e+00 6.030289e+00 1.000000e+01
      vertex   -6.924079e+00 6.030289e+00 0.000000e+00
      vertex   -7.650181e+00 7.182849e+00 1.000000e+01
    endloop
  endfacet
  facet normal 8.460953e-01 5.330317e-01 3.080568e-17
    outer loop
      vertex   -7.650181e+00 7.182849e+00 1.000000e+01
      vertex   -6.924079e+00 6.030289e+00 0.000000e+00
      vertex   -7.650181e+00 7.182849e+00 0.000000e+00
    endloop
  endfacet
  facet normal 8.794738e-01 4.759474e-01 -1.654350e-17
    outer loop
      vertex   -7.650181e+00 7.182849e+00 1.000000e+01
      vertex   -7.650181e+00 7.182849e+00 0.000000e+00
      vertex   -8.298521e+00 8.380878e+00 1.000000e+01
    endloop
  endfacet
  facet normal 8.794738e-01 4.759474e-01 2.665003e-16
    outer loop
      vertex   -8.298521e+00 8.380878e+00 1.000000e+01
      vertex   -7.650181e+00 7.182849e+00 0.000000e+00
      vertex   -8.298521e+00 8.380878e+00 0.000000e+00
    endloop
  endfacet
  facet normal 9.090065e-01 4.167819e-01 2.087047e-16
    outer loop
      vertex   -8.298521e+00 8.380878e+00 1.000000e+01
      vertex   -8.298521e+00 8.380878e+00 0.000000e+00
      vertex   -8.866266e+00 9.619137e+00 1.000000e+01
    endloop
  endfacet
  facet normal 9.090065e-01 4.167819e-01 9.446532e-17
    outer loop
      vertex   -8.866266e+00 9.619137e+00 1.000000e+01
      vertex   -8.298521e+00 8.380878e+00 0.000000e+00
      vertex   -8.866266e+00 9.619137e+00 0.000000e+00
    endloop
  endfacet
  facet normal 9.345645e-01 3.557938e-01 -3.203116e-17
    outer loop
      vertex   -8.866266e+00 9.619137e+00 1.000000e+01
      vertex   -8.866266e+00 9.619137e+00 0.000000e+00
      vertex   -9.350932e+00 1.089221e+01 1.000000e+01
    endloop
  endfacet
  facet normal 9.345645e-01 3.557938e-01 7.077916e-17
    outer loop
      vertex   -9.350932e+00 1.089221e+01 1.000000e+01
      vertex   -8.866266e+00 9.619137e+00 0.000000e+00
      vertex   -9.350932e+00 1.089221e+01 0.000000e+00
    endloop
  endfacet
  facet normal 9.560358e-01 2.932500e-01 -4.065317e-17
    outer loop
      vertex   -9.350932e+00 1.089221e+01 1.000000e+01
      vertex   -9.350932e+00 1.089221e+01 0.000000e+00
      vertex   -9.750401e+00 1.219453e+01 1.000000e+01
    endloop
  endfacet
  facet normal 9.560358e-01 2.932500e-01 6.353017e-17
    outer loop
      vertex   -9.750401e+00 1.219453e+01 1.000000e+01
      vertex   -9.350932e+00 1.089221e+01 0.000000e+00
      vertex   -9.750401e+00 1.219453e+01 0.000000e+00
    endloop
  endfacet
  facet normal 9.733266e-01 2.294239e-01 -7.039998e-17
    outer loop
      vertex   -9.750401e+00 1.219453e+01 1.000000e+01
      vertex   -9.750401e+00 1.219453e+01 0.000000e+00
      vertex   -1.006292e+01 1.352041e+01 1.000000e+01
    endloop
  endfacet
  facet normal 9.733266e-01 2.294239e-01 2.037694e-16
    outer loop
      vertex   -1.006292e+01 1.352041e+01 1.000000e+01
      vertex   -9.750401e+00 1.219453e+01 0.000000e+00
      vertex   -1.006292e+01 1.352041e+01 0.000000e+00
    endloop
  endfacet
  facet normal 9.863613e-01 1.645946e-01 1.461894e-16
    outer loop
      vertex   -1.006292e+01 1.352041e+01 1.000000e+01
      vertex   -1.006292e+01 1.352041e+01 0.000000e+00
      vertex   -1.028714e+01 1.486404e+01 1.000000e+01
    endloop
  endfacet
  facet normal 9.863613e-01 1.645946e-01 1.461894e-16
    outer loop
      vertex   -1.028714e+01 1.486404e+01 1.000000e+01
      vertex   -1.006292e+01 1.352041e+01 0.000000e+00
      vertex   -1.028714e+01 1.486404e+01 0.000000e+00
    endloop
  endfacet
  facet normal 9.950829e-01 9.904553e-02 8.797010e-17
    outer loop
      vertex   -1.028714e+01 1.486404e+01 1.000000e+01
      vertex   -1.028714e+01 1.486404e+01 0.000000e+00
      vertex   -1.042206e+01 1.621955e+01 1.000000e+01
    endloop
  endfacet
  facet normal 9.950829e-01 9.904553e-02 -3.191584e-16
    outer loop
      vertex   -1.042206e+01 1.621955e+01 1.000000e+01
      vertex   -1.028714e+01 1.486404e+01 0.000000e+00
      vertex   -1.042206e+01 1.621955e+01 0.000000e+00
    endloop
  endfacet
  facet normal -9.995438e-01 3.020303e-02 3.219081e-17
    outer loop
      vertex   -1.442222e+01 1.906633e+01 1.000000e+01
      vertex   -1.442222e+01 1.906633e+01 0.000000e+00
      vertex   -1.446710e+01 1.758102e+01 1.000000e+01
    endloop
  endfacet
  facet normal -9.995438e-01 3.020303e-02 -2.146054e-17
    outer loop
      vertex   -1.446710e+01 1.758102e+01 1.000000e+01
      vertex   -1.442222e+01 1.906633e+01 0.000000e+00
      vertex   -1.446710e+01 1.758102e+01 0.000000e+00
    endloop
  endfacet
  facet normal -9.995438e-01 -3.020303e-02 2.146054e-17
    outer loop
      vertex   -1.446710e+01 1.758102e+01 1.000000e+01
      vertex   -1.446710e+01 1.758102e+01 0.000000e+00
      vertex   -1.442222e+01 1.609571e+01 1.000000e+01
    endloop
  endfacet
  facet normal -9.995438e-01 -3.020303e-02 -3.219081e-17
    outer loop
      vertex   -1.442222e+01 1.609571e+01 1.000000e+01
      vertex   -1.446710e+01 1.758102e+01 0.000000e+00
      vertex   -1.442222e+01 1.609571e+01 0.000000e+00
    endloop
  endfacet
  facet normal -9.958966e-01 -9.049888e-02 -9.645498e-17
    outer loop
      vertex   -1.442222e+01 1.609571e+01 1.000000e+01
      vertex   -1.442222e+01 1.609571e+01 0.000000e+00
      vertex   -1.428774e+01 1.461582e+01 1.000000e+01
    endloop
  endfacet
  facet normal -9.958966e-01 -9.049888e-02 -9.645498e-17
    outer loop
      vertex   -1.428774e+01 1.461582e+01 1.000000e+01
      vertex   -1.442222e+01 1.609571e+01 0.000000e+00
      vertex   -1.428774e+01 1.461582e+01 0.000000e+00
    endloop
  endfacet
  facet normal -9.886154e-01 -1.504645e-01 -1.603672e-16
    outer loop
      vertex   -1.428774e+01 1.461582e+01 1.000000e+01
      vertex   -1.428774e+01 1.461582e+01 0.000000e+00
      vertex   -1.406415e+01 1.314675e+01 1.000000e+01
    endloop
  endfacet
  facet normal -9.886154e-01 -1.504645e-01 -0.000000e+00
    outer loop
      vertex   -1.406415e+01 1.314675e+01 1.000000e+01
      vertex   -1.428774e+01 1.461582e+01 0.000000e+00
      vertex   -1.406415e+01 1.314675e+01 0.000000e+00
    endloop
  endfacet
  facet normal -9.777269e-01 -2.098811e-01 -0.000000e+00
    outer loop
      vertex   -1.406415e+01 1.314675e+01 1.000000e+01
      vertex   -1.406415e+01 1.314675e+01 0.000000e+00
      vertex   -1.375227e+01 1.169385e+01 1.000000e+01
    endloop
  endfacet
  facet normal -9.777269e-01 -2.098811e-01 -1.373125e-16
    outer loop
      vertex   -1.375227e+01 1.169385e+01 1.000000e+01
      vertex   -1.406415e+01 1.314675e+01 0.000000e+00
      vertex   -1.375227e+01 1.169385e+01 0.000000e+00
    endloop
  endfacet
  facet normal -9.632708e-01 -2.685319e-01 -2.778884e-16
    outer loop
      vertex   -1.375227e+01 1.169385e+01 1.000000e+01
      vertex   -1.375227e+01 1.169385e+01 0.000000e+00
      vertex   -1.335323e+01 1.026244e+01 1.000000e+01
    endloop
  endfacet
  facet normal -9.632708e-01 -2.685319e-01 -2.862051e-16
    outer loop
      vertex   -1.335323e+01 1.026244e+01 1.000000e+01
      vertex   -1.375227e+01 1.169385e+01 0.000000e+00
      vertex   -1.335323e+01 1.026244e+01 0.000000e+00
    endloop
  endfacet
  facet normal -9.452998e-01 -3.262028e-01 -3.476715e-16
    outer loop
      vertex   -1.335323e+01 1.026244e+01 1.000000e+01
      vertex   -1.335323e+01 1.026244e+01 0.000000e+00
      vertex   -1.286850e+01 8.857739e+00 1.000000e+01
    endloop
  endfacet
  facet normal -9.452998e-01 -3.262028e-01 -0.000000e+00
    outer loop
      vertex   -1.286850e+01 8.857739e+00 1.000000e+01
      vertex   -1.335323e+01 1.026244e+01 0.000000e+00
      vertex   -1.286850e+01 8.857739e+00 0.000000e+00
    endloop
  endfacet
  facet normal -9.238795e-01 -3.826834e-01 -0.000000e+00
    outer loop
      vertex   -1.286850e+01 8.857739e+00 1.000000e+01
      vertex   -1.286850e+01 8.857739e+00 0.000000e+00
      vertex   -1.229983e+01 7.484864e+00 1.000000e+01
    endloop
  endfacet
  facet normal -9.238795e-01 -3.826834e-01 -0.000000e+00
    outer loop
      vertex   -1.229983e+01 7.484864e+00 1.000000e+01
      vertex   -1.286850e+01 8.857739e+00 0.000000e+00
      vertex   -1.229983e+01 7.484864e+00 0.000000e+00
    endloop
  endfacet
  facet normal -8.990881e-01 -4.377677e-01 -0.000000e+00
    outer loop
      vertex   -1.229983e+01 7.484864e+00 1.000000e+01
      vertex   -1.229983e+01 7.484864e+00 0.000000e+00
      vertex   -1.164932e+01 6.148829e+00 1.000000e+01
    endloop
  endfacet
  facet normal -8.990881e-01 -4.377677e-01 9.031457e-17
    outer loop
      vertex   -1.164932e+01 6.148829e+00 1.000000e+01
      vertex   -1.229983e+01 7.484864e+00 0.000000e+00
      vertex   -1.164932e+01 6.148829e+00 0.000000e+00
    endloop
  endfacet
  facet normal -8.710160e-01 -4.912546e-01 2.784884e-17
    outer loop
      vertex   -1.164932e+01 6.148829e+00 1.000000e+01
      vertex   -1.164932e+01 6.148829e+00 0.000000e+00
      vertex   -1.091932e+01 4.854509e+00 1.000000e+01
    endloop
  endfacet
  facet normal -8.710160e-01 -4.912546e-01 -0.000000e+00
    outer loop
      vertex   -1.091932e+01 4.854509e+00 1.000000e+01
      vertex   -1.164932e+01 6.148829e+00 0.000000e+00
      vertex   -1.091932e+01 4.854509e+00 0.000000e+00
    endloop
  endfacet
  facet normal -8.397657e-01 -5.429490e-01 -0.000000e+00
    outer loop
      vertex   -1.091932e+01 4.854509e+00 1.000000e+01
      vertex   -1.091932e+01 4.854509e+00 0.000000e+00
      vertex   -1.011250e+01 3.606627e+00 1.000000e+01
    endloop
  endfacet
  facet normal -8.397657e-01 -5.429490e-01 -0.000000e+00
    outer loop
      vertex   -1.011250e+01 3.606627e+00 1.000000e+01
      vertex   -1.091932e+01 4.854509e+00 0.000000e+00
      vertex   -1.011250e+01 3.606627e+00 0.000000e+00
    endloop
  endfacet
  facet normal -8.054511e-01 -5.926622e-01 -0.000000e+00
    outer loop
      vertex   -1.011250e+01 3.606627e+00 1.000000e+01
      vertex   -1.011250e+01 3.606627e+00 0.000000e+00
      vertex   -9.231811e+00 2.409735e+00 1.000000e+01
    endloop
  endfacet
  facet normal -8.054511e-01 -5.926622e-01 1.889945e-16
    outer loop
      vertex   -9.231811e+00 2.409735e+00 1.000000e+01
      vertex   -1.011250e+01 3.606627e+00 0.000000e+00
      vertex   -9.231811e+00 2.409735e+00 0.000000e+00
    endloop
  endfacet
  facet normal -7.681976e-01 -6.402128e-01 1.136733e-16
    outer loop
      vertex   -9.231811e+00 2.409735e+00 1.000000e+01
      vertex   -9.231811e+00 2.409735e+00 0.000000e+00
      vertex   -8.280462e+00 1.268202e+00 1.000000e+01
    endloop
  endfacet
  facet normal -7.681976e-01 -6.402128e-01 2.558291e-16
    outer loop
      vertex   -8.280462e+00 1.268202e+00 1.000000e+01
      vertex   -9.231811e+00 2.409735e+00 0.000000e+00
      vertex   -8.280462e+00 1.268202e+00 0.000000e+00
    endloop
  endfacet
  facet normal -7.281410e-01 -6.854274e-01 1.901327e-16
    outer loop
      vertex   -8.280462e+00 1.268202e+00 1.000000e+01
      vertex   -8.280462e+00 1.268202e+00 0.000000e+00
      vertex   -7.261924e+00 1.861926e-01 1.000000e+01
    endloop
  endfacet
  facet normal -7.281410e-01 -6.854274e-01 -0.000000e+00
    outer loop
      vertex   -7.261924e+00 1.861926e-01 1.000000e+01
      vertex   -8.280462e+00 1.268202e+00 0.000000e+00
      vertex   -7.261924e+00 1.861926e-01 0.000000e+00
    endloop
  endfacet
  facet normal -6.854274e-01 -7.281410e-01 -0.000000e+00
    outer loop
      vertex   -7.261924e+00 1.861926e-01 1.000000e+01
      vertex   -7.261924e+00 1.861926e-01 0.000000e+00
      vertex   -6.179915e+00 -8.323450e-01 1.000000e+01
    endloop
  endfacet
  facet normal -6.854274e-01 -7.281410e-01 -1.976308e-16
    outer loop
      vertex   -6.179915e+00 -8.323450e-01 1.000000e+01
      vertex   -7.261924e+00 1.861926e-01 0.000000e+00
      vertex   -6.179915e+00 -8.323450e-01 0.000000e+00
    endloop
  endfacet
  facet normal -6.402128e-01 -7.681976e-01 -3.410712e-16
    outer loop
      vertex   -6.179915e+00 -8.323450e-01 1.000000e+01
      vertex   -6.179915e+00 -8.323450e-01 0.000000e+00
      vertex   -5.038381e+00 -1.783694e+00 1.000000e+01
    endloop
  endfacet
  facet normal -6.402128e-01 -7.681976e-01 2.274750e-16
    outer loop
      vertex   -5.038381e+00 -1.783694e+00 1.000000e+01
      vertex   -6.179915e+00 -8.323450e-01 0.000000e+00
      vertex   -5.038381e+00 -1.783694e+00 0.000000e+00
    endloop
  endfacet
  facet normal -5.926622e-01 -8.054511e-01 1.686976e-16
    outer loop
      vertex   -5.038381e+00 -1.783694e+00 1.000000e+01
      vertex   -5.038381e+00 -1.783694e+00 0.000000e+00
      vertex   -3.841490e+00 -2.664384e+00 1.000000e+01
    endloop
  endfacet
  facet normal -5.926622e-01 -8.054511e-01 -0.000000e+00
    outer loop
      vertex   -3.841490e+00 -2.664384e+00 1.000000e+01
      vertex   -5.038381e+00 -1.783694e+00 0.000000e+00
      vertex   -3.841490e+00 -2.664384e+00 0.000000e+00
    endloop
  endfacet
  facet normal -5.429490e-01 -8.397657e-01 -0.000000e+00
    outer loop
      vertex   -3.841490e+00 -2.664384e+00 1.000000e+01
      vertex   -3.841490e+00 -2.664384e+00 0.000000e+00
      vertex   -2.593607e+00 -3.471200e+00 1.000000e+01
    endloop
  endfacet
  facet normal -5.429490e-01 -8.397657e-01 -0.000000e+00
    outer loop
      vertex   -2.593607e+00 -3.471200e+00 1.000000e+01
      vertex   -3.841490e+00 -2.664384e+00 0.000000e+00
      vertex   -2.593607e+00 -3.471200e+00 0.000000e+00
    endloop
  endfacet
  facet normal -4.912546e-01 -8.710160e-01 -0.000000e+00
    outer loop
      vertex   -2.593607e+00 -3.471200e+00 1.000000e+01
      vertex   -2.593607e+00 -3.471200e+00 0.000000e+00
      vertex   -1.299287e+00 -4.201199e+00 1.000000e+01
    endloop
  endfacet
  facet normal -4.912546e-01 -8.710160e-01 -2.282155e-16
    outer loop
      vertex   -1.299287e+00 -4.201199e+00 1.000000e+01
      vertex   -2.593607e+00 -3.471200e+00 0.000000e+00
      vertex   -1.299287e+00 -4.201199e+00 0.000000e+00
    endloop
  endfacet
  facet normal -4.377677e-01 -8.990881e-01 -3.125309e-16
    outer loop
      vertex   -1.299287e+00 -4.201199e+00 1.000000e+01
      vertex   -1.299287e+00 -4.201199e+00 0.000000e+00
      vertex   3.674782e-02 -4.851717e+00 1.000000e+01
    endloop
  endfacet
  facet normal -4.377677e-01 -8.990881e-01 -2.048674e-16
    outer loop
      vertex   3.674782e-02 -4.851717e+00 1.000000e+01
      vertex   -1.299287e+00 -4.201199e+00 0.000000e+00
      vertex   3.674782e-02 -4.851717e+00 0.000000e+00
    endloop
  endfacet
  facet normal -3.826834e-01 -9.238795e-01 -2.403393e-16
    outer loop
      vertex   3.674782e-02 -4.851717e+00 1.000000e+01
      vertex   3.674782e-02 -4.851717e+00 0.000000e+00
      vertex   1.409623e+00 -5.420380e+00 1.000000e+01
    endloop
  endfacet
  facet normal -3.826834e-01 -9.238795e-01 -0.000000e+00
    outer loop
      vertex   1.409623e+00 -5.420380e+00 1.000000e+01
      vertex   3.674782e-02 -4.851717e+00 0.000000e+00
      vertex   1.409623e+00 -5.420380e+00 0.000000e+00
    endloop
  endfacet
  facet normal -3.262028e-01 -9.452998e-01 -0.000000e+00
    outer loop
      vertex   1.409623e+00 -5.420380e+00 1.000000e+01
      vertex   1.409623e+00 -5.420380e+00 0.000000e+00
      vertex   2.814328e+00 -5.905114e+00 1.000000e+01
    endloop
  endfacet
  facet normal -3.262028e-01 -9.452998e-01 3.766442e-16
    outer loop
      vertex   2.814328e+00 -5.905114e+00 1.000000e+01
      vertex   1.409623e+00 -5.420380e+00 0.000000e+00
      vertex   2.814328e+00 -5.905114e+00 0.000000e+00
    endloop
  endfacet
  facet normal -2.685319e-01 -9.632708e-01 3.100555e-16
    outer loop
      vertex   2.814328e+00 -5.905114e+00 1.000000e+01
      vertex   2.814328e+00 -5.905114e+00 0.000000e+00
      vertex   4.245737e+00 -6.304149e+00 1.000000e+01
    endloop
  endfacet
  facet normal -2.685319e-01 -9.632708e-01 -2.846756e-16
    outer loop
      vertex   4.245737e+00 -6.304149e+00 1.000000e+01
      vertex   2.814328e+00 -5.905114e+00 0.000000e+00
      vertex   4.245737e+00 -6.304149e+00 0.000000e+00
    endloop
  endfacet
  facet normal -2.098811e-01 -9.777269e-01 -3.223509e-16
    outer loop
      vertex   4.245737e+00 -6.304149e+00 1.000000e+01
      vertex   4.245737e+00 -6.304149e+00 0.000000e+00
      vertex   5.698629e+00 -6.616030e+00 1.000000e+01
    endloop
  endfacet
  facet normal -2.098811e-01 -9.777269e-01 -0.000000e+00
    outer loop
      vertex   5.698629e+00 -6.616030e+00 1.000000e+01
      vertex   4.245737e+00 -6.304149e+00 0.000000e+00
      vertex   5.698629e+00 -6.616030e+00 0.000000e+00
    endloop
  endfacet
  facet normal -1.504645e-01 -9.886154e-01 -0.000000e+00
    outer loop
      vertex   5.698629e+00 -6.616030e+00 1.000000e+01
      vertex   5.698629e+00 -6.616030e+00 0.000000e+00
      vertex   7.167701e+00 -6.839619e+00 1.000000e+01
    endloop
  endfacet
  facet normal -1.504645e-01 -9.886154e-01 -1.984827e-16
    outer loop
      vertex   7.167701e+00 -6.839619e+00 1.000000e+01
      vertex   5.698629e+00 -6.616030e+00 0.000000e+00
      vertex   7.167701e+00 -6.839619e+00 0.000000e+00
    endloop
  endfacet
  facet normal -9.049888e-02 -9.958966e-01 -2.975844e-16
    outer loop
      vertex   7.167701e+00 -6.839619e+00 1.000000e+01
      vertex   7.167701e+00 -6.839619e+00 0.000000e+00
      vertex   8.647592e+00 -6.974099e+00 1.000000e+01
    endloop
  endfacet
  facet normal -9.049888e-02 -9.958966e-01 9.645498e-17
    outer loop
      vertex   8.647592e+00 -6.974099e+00 1.000000e+01
      vertex   7.167701e+00 -6.839619e+00 0.000000e+00
      vertex   8.647592e+00 -6.974099e+00 0.000000e+00
    endloop
  endfacet
  facet normal -3.020303e-02 -9.995438e-01 3.219081e-17
    outer loop
      vertex   8.647592e+00 -6.974099e+00 1.000000e+01
      vertex   8.647592e+00 -6.974099e+00 0.000000e+00
      vertex   1.013290e+01 -7.018981e+00 1.000000e+01
    endloop
  endfacet
  facet normal -3.020303e-02 -9.995438e-01 -0.000000e+00
    outer loop
      vertex   1.013290e+01 -7.018981e+00 1.000000e+01
      vertex   8.647592e+00 -6.974099e+00 0.000000e+00
      vertex   1.013290e+01 -7.018981e+00 0.000000e+00
    endloop
  endfacet
  facet normal 3.020303e-02 -9.995438e-01 0.000000e+00
    outer loop
      vertex   1.013290e+01 -7.018981e+00 1.000000e+01
      vertex   1.013290e+01 -7.018981e+00 0.000000e+00
      vertex   1.161821e+01 -6.974099e+00 1.000000e+01
    endloop
  endfacet
  facet normal 3.020303e-02 -9.995438e-01 -4.828622e-17
    outer loop
      vertex   1.161821e+01 -6.974099e+00 1.000000e+01
      vertex   1.013290e+01 -7.018981e+00 0.000000e+00
      vertex   1.161821e+01 -6.974099e+00 0.000000e+00
    endloop
  endfacet
  facet normal 9.049888e-02 -9.958966e-01 -1.446825e-16
    outer loop
      vertex   1.161821e+01 -6.974099e+00 1.000000e+01
      vertex   1.161821e+01 -6.974099e+00 0.000000e+00
      vertex   1.309811e+01 -6.839619e+00 1.000000e+01
    endloop
  endfacet
  facet normal 9.049888e-02 -9.958966e-01 -9.645498e-17
    outer loop
      vertex   1.309811e+01 -6.839619e+00 1.000000e+01
      vertex   1.161821e+01 -6.974099e+00 0.000000e+00
      vertex   1.309811e+01 -6.839619e+00 0.000000e+00
    endloop
  endfacet
  facet normal 1.504645e-01 -9.886154e-01 -1.603672e-16
    outer loop
      vertex   1.309811e+01 -6.839619e+00 1.000000e+01
      vertex   1.309811e+01 -6.839619e+00 0.000000e+00
      vertex   1.456718e+01 -6.616030e+00 1.000000e+01
    endloop
  endfacet
  facet normal 1.504645e-01 -9.886154e-01 -5.345573e-17
    outer loop
      vertex   1.456718e+01 -6.616030e+00 1.000000e+01
      vertex   1.309811e+01 -6.839619e+00 0.000000e+00
      vertex   1.456718e+01 -6.616030e+00 0.000000e+00
    endloop
  endfacet
  facet normal 2.098811e-01 -9.777269e-01 -7.456475e-17
    outer loop
      vertex   1.456718e+01 -6.616030e+00 1.000000e+01
      vertex   1.456718e+01 -6.616030e+00 0.000000e+00
      vertex   1.602007e+01 -6.304149e+00 1.000000e+01
    endloop
  endfacet
  facet normal 2.098811e-01 -9.777269e-01 1.491295e-16
    outer loop
      vertex   1.602007e+01 -6.304149e+00 1.000000e+01
      vertex   1.456718e+01 -6.616030e+00 0.000000e+00
      vertex   1.602007e+01 -6.304149e+00 0.000000e+00
    endloop
  endfacet
  facet normal 2.685319e-01 -9.632708e-01 1.908034e-16
    outer loop
      vertex   1.602007e+01 -6.304149e+00 1.000000e+01
      vertex   1.602007e+01 -6.304149e+00 0.000000e+00
      vertex   1.745148e+01 -5.905114e+00 1.000000e+01
    endloop
  endfacet
  facet normal 2.685319e-01 -9.632708e-01 -2.862051e-16
    outer loop
      vertex   1.745148e+01 -5.905114e+00 1.000000e+01
      vertex   1.602007e+01 -6.304149e+00 0.000000e+00
      vertex   1.745148e+01 -5.905114e+00 0.000000e+00
    endloop
  endfacet
  facet normal 3.262028e-01 -9.452998e-01 -3.476715e-16
    outer loop
      vertex   1.745148e+01 -5.905114e+00 1.000000e+01
      vertex   1.745148e+01 -5.905114e+00 0.000000e+00
      vertex   1.885618e+01 -5.420380e+00 1.000000e+01
    endloop
  endfacet
  facet normal 3.262028e-01 -9.452998e-01 -2.317810e-16
    outer loop
      vertex   1.885618e+01 -5.420380e+00 1.000000e+01
      vertex   1.745148e+01 -5.905114e+00 0.000000e+00
      vertex   1.885618e+01 -5.420380e+00 0.000000e+00
    endloop
  endfacet
  facet normal 3.826834e-01 -9.238795e-01 -2.719129e-16
    outer loop
      vertex   1.885618e+01 -5.420380e+00 1.000000e+01
      vertex   1.885618e+01 -5.420380e+00 0.000000e+00
      vertex   2.022906e+01 -4.851717e+00 1.000000e+01
    endloop
  endfacet
  facet normal 3.826834e-01 -9.238795e-01 0.000000e+00
    outer loop
      vertex   2.022906e+01 -4.851717e+00 1.000000e+01
      vertex   1.885618e+01 -5.420380e+00 0.000000e+00
      vertex   2.022906e+01 -4.851717e+00 0.000000e+00
    endloop
  endfacet
  facet normal 4.377677e-01 -8.990881e-01 0.000000e+00
    outer loop
      vertex   2.022906e+01 -4.851717e+00 1.000000e+01
      vertex   2.022906e+01 -4.851717e+00 0.000000e+00
      vertex   2.156509e+01 -4.201199e+00 1.000000e+01
    endloop
  endfacet
  facet normal 4.377677e-01 -8.990881e-01 8.822267e-17
    outer loop
      vertex   2.156509e+01 -4.201199e+00 1.000000e+01
      vertex   2.022906e+01 -4.851717e+00 0.000000e+00
      vertex   2.156509e+01 -4.201199e+00 0.000000e+00
    endloop
  endfacet
  facet normal 4.912546e-01 -8.710160e-01 3.775142e-17
    outer loop
      vertex   2.156509e+01 -4.201199e+00 1.000000e+01
      vertex   2.156509e+01 -4.201199e+00 0.000000e+00
      vertex   2.285941e+01 -3.471200e+00 1.000000e+01
    endloop
  endfacet
  facet normal 4.912546e-01 -8.710160e-01 4.245602e-16
    outer loop
      vertex   2.285941e+01 -3.471200e+00 1.000000e+01
      vertex   2.156509e+01 -4.201199e+00 0.000000e+00
      vertex   2.285941e+01 -3.471200e+00 0.000000e+00
    endloop
  endfacet
  facet normal 5.429490e-01 -8.397657e-01 3.600733e-16
    outer loop
      vertex   2.285941e+01 -3.471200e+00 1.000000e+01
      vertex   2.285941e+01 -3.471200e+00 0.000000e+00
      vertex   2.410730e+01 -2.664384e+00 1.000000e+01
    endloop
  endfacet
  facet normal 5.429490e-01 -8.397657e-01 0.000000e+00
    outer loop
      vertex   2.410730e+01 -2.664384e+00 1.000000e+01
      vertex   2.285941e+01 -3.471200e+00 0.000000e+00
      vertex   2.410730e+01 -2.664384e+00 0.000000e+00
    endloop
  endfacet
  facet normal 5.926622e-01 -8.054511e-01 0.000000e+00
    outer loop
      vertex   2.410730e+01 -2.664384e+00 1.000000e+01
      vertex   2.410730e+01 -2.664384e+00 0.000000e+00
      vertex   2.530419e+01 -1.783694e+00 1.000000e+01
    endloop
  endfacet
  facet normal 5.926622e-01 -8.054511e-01 1.154264e-16
    outer loop
      vertex   2.530419e+01 -1.783694e+00 1.000000e+01
      vertex   2.410730e+01 -2.664384e+00 0.000000e+00
      vertex   2.530419e+01 -1.783694e+00 0.000000e+00
    endloop
  endfacet
  facet normal 6.402128e-01 -7.681976e-01 5.682380e-17
    outer loop
      vertex   2.530419e+01 -1.783694e+00 1.000000e+01
      vertex   2.530419e+01 -1.783694e+00 0.000000e+00
      vertex   2.644572e+01 -8.323450e-01 1.000000e+01
    endloop
  endfacet
  facet normal 6.402128e-01 -7.681976e-01 2.273979e-16
    outer loop
      vertex   2.644572e+01 -8.323450e-01 1.000000e+01
      vertex   2.530419e+01 -1.783694e+00 0.000000e+00
      vertex   2.644572e+01 -8.323450e-01 0.000000e+00
    endloop
  endfacet
  facet normal 6.854274e-01 -7.281410e-01 1.596936e-16
    outer loop
      vertex   2.644572e+01 -8.323450e-01 1.000000e+01
      vertex   2.644572e+01 -8.323450e-01 0.000000e+00
      vertex   2.752773e+01 1.861926e-01 1.000000e+01
    endloop
  endfacet
  facet normal 6.854274e-01 -7.281410e-01 0.000000e+00
    outer loop
      vertex   2.752773e+01 1.861926e-01 1.000000e+01
      vertex   2.644572e+01 -8.323450e-01 0.000000e+00
      vertex   2.752773e+01 1.861926e-01 0.000000e+00
    endloop
  endfacet
  facet normal 7.281410e-01 -6.854274e-01 0.000000e+00
    outer loop
      vertex   2.752773e+01 1.861926e-01 1.000000e+01
      vertex   2.752773e+01 1.861926e-01 0.000000e+00
      vertex   2.854627e+01 1.268202e+00 1.000000e+01
    endloop
  endfacet
  facet normal 7.281410e-01 -6.854274e-01 1.978988e-16
    outer loop
      vertex   2.854627e+01 1.268202e+00 1.000000e+01
      vertex   2.752773e+01 1.861926e-01 0.000000e+00
      vertex   2.854627e+01 1.268202e+00 0.000000e+00
    endloop
  endfacet
  facet normal 7.681976e-01 -6.402128e-01 1.535488e-16
    outer loop
      vertex   2.854627e+01 1.268202e+00 1.000000e+01
      vertex   2.854627e+01 1.268202e+00 0.000000e+00
      vertex   2.949762e+01 2.409735e+00 1.000000e+01
    endloop
  endfacet
  facet normal 7.681976e-01 -6.402128e-01 2.957046e-16
    outer loop
      vertex   2.949762e+01 2.409735e+00 1.000000e+01
      vertex   2.854627e+01 1.268202e+00 0.000000e+00
      vertex   2.949762e+01 2.409735e+00 0.000000e+00
    endloop
  endfacet
  facet normal 8.054511e-01 -5.926622e-01 2.402360e-16
    outer loop
      vertex   2.949762e+01 2.409735e+00 1.000000e+01
      vertex   2.949762e+01 2.409735e+00 0.000000e+00
      vertex   3.037831e+01 3.606627e+00 1.000000e+01
    endloop
  endfacet
  facet normal 8.054511e-01 -5.926622e-01 0.000000e+00
    outer loop
      vertex   3.037831e+01 3.606627e+00 1.000000e+01
      vertex   2.949762e+01 2.409735e+00 0.000000e+00
      vertex   3.037831e+01 3.606627e+00 0.000000e+00
    endloop
  endfacet
  facet normal 8.397657e-01 -5.429490e-01 0.000000e+00
    outer loop
      vertex   3.037831e+01 3.606627e+00 1.000000e+01
      vertex   3.037831e+01 3.606627e+00 0.000000e+00
      vertex   3.118512e+01 4.854509e+00 1.000000e+01
    endloop
  endfacet
  facet normal 8.397657e-01 -5.429490e-01 -1.144538e-16
    outer loop
      vertex   3.118512e+01 4.854509e+00 1.000000e+01
      vertex   3.037831e+01 3.606627e+00 0.000000e+00
      vertex   3.118512e+01 4.854509e+00 0.000000e+00
    endloop
  endfacet
  facet normal 8.710160e-01 -4.912546e-01 -1.825724e-16
    outer loop
      vertex   3.118512e+01 4.854509e+00 1.000000e+01
      vertex   3.118512e+01 4.854509e+00 0.000000e+00
      vertex   3.191512e+01 6.148829e+00 1.000000e+01
    endloop
  endfacet
  facet normal 8.710160e-01 -4.912546e-01 0.000000e+00
    outer loop
      vertex   3.191512e+01 6.148829e+00 1.000000e+01
      vertex   3.118512e+01 4.854509e+00 0.000000e+00
      vertex   3.191512e+01 6.148829e+00 0.000000e+00
    endloop
  endfacet
  facet normal 8.990881e-01 -4.377677e-01 0.000000e+00
    outer loop
      vertex   3.191512e+01 6.148829e+00 1.000000e+01
      vertex   3.191512e+01 6.148829e+00 0.000000e+00
      vertex   3.256564e+01 7.484864e+00 1.000000e+01
    endloop
  endfacet
  facet normal 8.990881e-01 -4.377677e-01 -1.333800e-16
    outer loop
      vertex   3.256564e+01 7.484864e+00 1.000000e+01
      vertex   3.191512e+01 6.148829e+00 0.000000e+00
      vertex   3.256564e+01 7.484864e+00 0.000000e+00
    endloop
  endfacet
  facet normal 9.238795e-01 -3.826834e-01 -2.145974e-16
    outer loop
      vertex   3.256564e+01 7.484864e+00 1.000000e+01
      vertex   3.256564e+01 7.484864e+00 0.000000e+00
      vertex   3.313430e+01 8.857739e+00 1.000000e+01
    endloop
  endfacet
  facet normal 9.238795e-01 -3.826834e-01 -3.165647e-16
    outer loop
      vertex   3.313430e+01 8.857739e+00 1.000000e+01
      vertex   3.256564e+01 7.484864e+00 0.000000e+00
      vertex   3.313430e+01 8.857739e+00 0.000000e+00
    endloop
  endfacet
  facet normal 9.452998e-01 -3.262028e-01 -3.819496e-16
    outer loop
      vertex   3.313430e+01 8.857739e+00 1.000000e+01
      vertex   3.313430e+01 8.857739e+00 0.000000e+00
      vertex   3.361904e+01 1.026244e+01 1.000000e+01
    endloop
  endfacet
  facet normal 9.452998e-01 -3.262028e-01 0.000000e+00
    outer loop
      vertex   3.361904e+01 1.026244e+01 1.000000e+01
      vertex   3.313430e+01 8.857739e+00 0.000000e+00
      vertex   3.361904e+01 1.026244e+01 0.000000e+00
    endloop
  endfacet
  facet normal 9.632708e-01 -2.685319e-01 0.000000e+00
    outer loop
      vertex   3.361904e+01 1.026244e+01 1.000000e+01
      vertex   3.361904e+01 1.026244e+01 0.000000e+00
      vertex   3.401807e+01 1.169385e+01 1.000000e+01
    endloop
  endfacet
  facet normal 9.632708e-01 -2.685319e-01 -3.982400e-16
    outer loop
      vertex   3.401807e+01 1.169385e+01 1.000000e+01
      vertex   3.361904e+01 1.026244e+01 0.000000e+00
      vertex   3.401807e+01 1.169385e+01 0.000000e+00
    endloop
  endfacet
  facet normal 9.777269e-01 -2.098811e-01 -4.710225e-16
    outer loop
      vertex   3.401807e+01 1.169385e+01 1.000000e+01
      vertex   3.401807e+01 1.169385e+01 0.000000e+00
      vertex   3.432995e+01 1.314675e+01 1.000000e+01
    endloop
  endfacet
  facet normal 9.777269e-01 -2.098811e-01 0.000000e+00
    outer loop
      vertex   3.432995e+01 1.314675e+01 1.000000e+01
      vertex   3.401807e+01 1.169385e+01 0.000000e+00
      vertex   3.432995e+01 1.314675e+01 0.000000e+00
    endloop
  endfacet
  facet normal 9.886154e-01 -1.504645e-01 0.000000e+00
    outer loop
      vertex   3.432995e+01 1.314675e+01 1.000000e+01
      vertex   3.432995e+01 1.314675e+01 0.000000e+00
      vertex   3.455354e+01 1.461582e+01 1.000000e+01
    endloop
  endfacet
  facet normal 9.886154e-01 -1.504645e-01 1.603672e-16
    outer loop
      vertex   3.455354e+01 1.461582e+01 1.000000e+01
      vertex   3.432995e+01 1.314675e+01 0.000000e+00
      vertex   3.455354e+01 1.461582e+01 0.000000e+00
    endloop
  endfacet
  facet normal 9.958966e-01 -9.049888e-02 9.645498e-17
    outer loop
      vertex   3.455354e+01 1.461582e+01 1.000000e+01
      vertex   3.455354e+01 1.461582e+01 0.000000e+00
      vertex   3.468802e+01 1.609571e+01 1.000000e+01
    endloop
  endfacet
  facet normal 9.958966e-01 -9.049888e-02 1.286066e-16
    outer loop
      vertex   3.468802e+01 1.609571e+01 1.000000e+01
      vertex   3.455354e+01 1.461582e+01 0.000000e+00
      vertex   3.468802e+01 1.609571e+01 0.000000e+00
    endloop
  endfacet
  facet normal 9.995438e-01 -3.020303e-02 4.292108e-17
    outer loop
      vertex   3.468802e+01 1.609571e+01 1.000000e+01
      vertex   3.468802e+01 1.609571e+01 0.000000e+00
      vertex   3.473290e+01 1.758102e+01 1.000000e+01
    endloop
  endfacet
  facet normal 9.995438e-01 -3.020303e-02 0.000000e+00
    outer loop
      vertex   3.473290e+01 1.758102e+01 1.000000e+01
      vertex   3.468802e+01 1.609571e+01 0.000000e+00
      vertex   3.473290e+01 1.758102e+01 0.000000e+00
    endloop
  endfacet
  facet normal 9.995438e-01 3.020303e-02 0.000000e+00
    outer loop
      vertex   3.473290e+01 1.758102e+01 1.000000e+01
      vertex   3.473290e+01 1.758102e+01 0.000000e+00
      vertex   3.468802e+01 1.906633e+01 1.000000e+01
    endloop
  endfacet
  facet normal 9.995438e-01 3.020303e-02 -4.292108e-17
    outer loop
      vertex   3.468802e+01 1.906633e+01 1.000000e+01
      vertex   3.473290e+01 1.758102e+01 0.000000e+00
      vertex   3.468802e+01 1.906633e+01 0.000000e+00
    endloop
  endfacet
  facet normal 9.958966e-01 9.049888e-02 -1.286066e-16
    outer loop
      vertex   3.468802e+01 1.906633e+01 1.000000e+01
      vertex   3.468802e+01 1.906633e+01 0.000000e+00
      vertex   3.455354e+01 2.054622e+01 1.000000e+01
    endloop
  endfacet
  facet normal 9.958966e-01 9.049888e-02 -1.286066e-16
    outer loop
      vertex   3.455354e+01 2.054622e+01 1.000000e+01
      vertex   3.468802e+01 1.906633e+01 0.000000e+00
      vertex   3.455354e+01 2.054622e+01 0.000000e+00
    endloop
  endfacet
  facet normal 9.886154e-01 1.504645e-01 -2.138229e-16
    outer loop
      vertex   3.455354e+01 2.054622e+01 1.000000e+01
      vertex   3.455354e+01 2.054622e+01 0.000000e+00
      vertex   3.432995e+01 2.201529e+01 1.000000e+01
    endloop
  endfacet
  facet normal 9.886154e-01 1.504645e-01 0.000000e+00
    outer loop
      vertex   3.432995e+01 2.201529e+01 1.000000e+01
      vertex   3.455354e+01 2.054622e+01 0.000000e+00
      vertex   3.432995e+01 2.201529e+01 0.000000e+00
    endloop
  endfacet
  facet normal 9.777269e-01 2.098811e-01 0.000000e+00
    outer loop
      vertex   3.432995e+01 2.201529e+01 1.000000e+01
      vertex   3.432995e+01 2.201529e+01 0.000000e+00
      vertex   3.401807e+01 2.346818e+01 1.000000e+01
    endloop
  endfacet
  facet normal 9.777269e-01 2.098811e-01 4.710225e-16
    outer loop
      vertex   3.401807e+01 2.346818e+01 1.000000e+01
      vertex   3.432995e+01 2.201529e+01 0.000000e+00
      vertex   3.401807e+01 2.346818e+01 0.000000e+00
    endloop
  endfacet
  facet normal 9.632708e-01 2.685319e-01 3.982400e-16
    outer loop
      vertex   3.401807e+01 2.346818e+01 1.000000e+01
      vertex   3.401807e+01 2.346818e+01 0.000000e+00
      vertex   3.361904e+01 2.489959e+01 1.000000e+01
    endloop
  endfacet
  facet normal 9.632708e-01 2.685319e-01 0.000000e+00
    outer loop
      vertex   3.361904e+01 2.489959e+01 1.000000e+01
      vertex   3.401807e+01 2.346818e+01 0.000000e+00
      vertex   3.361904e+01 2.489959e+01 0.000000e+00
    endloop
  endfacet
  facet normal 9.452998e-01 3.262028e-01 0.000000e+00
    outer loop
      vertex   3.361904e+01 2.489959e+01 1.000000e+01
      vertex   3.361904e+01 2.489959e+01 0.000000e+00
      vertex   3.313430e+01 2.630430e+01 1.000000e+01
    endloop
  endfacet
  facet normal 9.452998e-01 3.262028e-01 4.398949e-16
    outer loop
      vertex   3.313430e+01 2.630430e+01 1.000000e+01
      vertex   3.361904e+01 2.489959e+01 0.000000e+00
      vertex   3.313430e+01 2.630430e+01 0.000000e+00
    endloop
  endfacet
  facet normal 9.238795e-01 3.826834e-01 3.845430e-16
    outer loop
      vertex   3.313430e+01 2.630430e+01 1.000000e+01
      vertex   3.313430e+01 2.630430e+01 0.000000e+00
      vertex   3.256564e+01 2.767717e+01 1.000000e+01
    endloop
  endfacet
  facet normal 9.238795e-01 3.826834e-01 1.126300e-16
    outer loop
      vertex   3.256564e+01 2.767717e+01 1.000000e+01
      vertex   3.313430e+01 2.630430e+01 0.000000e+00
      vertex   3.256564e+01 2.767717e+01 0.000000e+00
    endloop
  endfacet
  facet normal 8.990881e-01 4.377677e-01 1.673520e-17
    outer loop
      vertex   3.256564e+01 2.767717e+01 1.000000e+01
      vertex   3.256564e+01 2.767717e+01 0.000000e+00
      vertex   3.191512e+01 2.901321e+01 1.000000e+01
    endloop
  endfacet
  facet normal 8.990881e-01 4.377677e-01 0.000000e+00
    outer loop
      vertex   3.191512e+01 2.901321e+01 1.000000e+01
      vertex   3.256564e+01 2.767717e+01 0.000000e+00
      vertex   3.191512e+01 2.901321e+01 0.000000e+00
    endloop
  endfacet
  facet normal 8.710160e-01 4.912546e-01 0.000000e+00
    outer loop
      vertex   3.191512e+01 2.901321e+01 1.000000e+01
      vertex   3.191512e+01 2.901321e+01 0.000000e+00
      vertex   3.118512e+01 3.030753e+01 1.000000e+01
    endloop
  endfacet
  facet normal 8.710160e-01 4.912546e-01 2.698367e-16
    outer loop
      vertex   3.118512e+01 3.030753e+01 1.000000e+01
      vertex   3.191512e+01 2.901321e+01 0.000000e+00
      vertex   3.118512e+01 3.030753e+01 0.000000e+00
    endloop
  endfacet
  facet normal 8.397657e-01 5.429490e-01 2.109010e-16
    outer loop
      vertex   3.118512e+01 3.030753e+01 1.000000e+01
      vertex   3.118512e+01 3.030753e+01 0.000000e+00
      vertex   3.037831e+01 3.155541e+01 1.000000e+01
    endloop
  endfacet
  facet normal 8.397657e-01 5.429490e-01 0.000000e+00
    outer loop
      vertex   3.037831e+01 3.155541e+01 1.000000e+01
      vertex   3.118512e+01 3.030753e+01 0.000000e+00
      vertex   3.037831e+01 3.155541e+01 0.000000e+00
    endloop
  endfacet
  facet normal 8.054511e-01 5.926622e-01 0.000000e+00
    outer loop
      vertex   3.037831e+01 3.155541e+01 1.000000e+01
      vertex   3.037831e+01 3.155541e+01 0.000000e+00
      vertex   2.949762e+01 3.275230e+01 1.000000e+01
    endloop
  endfacet
  facet normal 8.054511e-01 5.926622e-01 -1.349581e-16
    outer loop
      vertex   2.949762e+01 3.275230e+01 1.000000e+01
      vertex   3.037831e+01 3.155541e+01 0.000000e+00
      vertex   2.949762e+01 3.275230e+01 0.000000e+00
    endloop
  endfacet
  facet normal 7.681976e-01 6.402128e-01 -1.819800e-16
    outer loop
      vertex   2.949762e+01 3.275230e+01 1.000000e+01
      vertex   2.949762e+01 3.275230e+01 0.000000e+00
      vertex   2.854627e+01 3.389384e+01 1.000000e+01
    endloop
  endfacet
  facet normal 7.681976e-01 6.402128e-01 -1.819800e-16
    outer loop
      vertex   2.854627e+01 3.389384e+01 1.000000e+01
      vertex   2.949762e+01 3.275230e+01 0.000000e+00
      vertex   2.854627e+01 3.389384e+01 0.000000e+00
    endloop
  endfacet
  facet normal 7.281410e-01 6.854274e-01 -2.283378e-16
    outer loop
      vertex   2.854627e+01 3.389384e+01 1.000000e+01
      vertex   2.854627e+01 3.389384e+01 0.000000e+00
      vertex   2.752773e+01 3.497585e+01 1.000000e+01
    endloop
  endfacet
  facet normal 7.281410e-01 6.854274e-01 0.000000e+00
    outer loop
      vertex   2.752773e+01 3.497585e+01 1.000000e+01
      vertex   2.854627e+01 3.389384e+01 0.000000e+00
      vertex   2.752773e+01 3.497585e+01 0.000000e+00
    endloop
  endfacet
  facet normal 6.854274e-01 7.281410e-01 0.000000e+00
    outer loop
      vertex   2.752773e+01 3.497585e+01 1.000000e+01
      vertex   2.752773e+01 3.497585e+01 0.000000e+00
      vertex   2.644572e+01 3.599438e+01 1.000000e+01
    endloop
  endfacet
  facet normal 6.854274e-01 7.281410e-01 -5.477251e-16
    outer loop
      vertex   2.644572e+01 3.599438e+01 1.000000e+01
      vertex   2.752773e+01 3.497585e+01 0.000000e+00
      vertex   2.644572e+01 3.599438e+01 0.000000e+00
    endloop
  endfacet
  facet normal 6.402128e-01 7.681976e-01 -6.367758e-16
    outer loop
      vertex   2.644572e+01 3.599438e+01 1.000000e+01
      vertex   2.644572e+01 3.599438e+01 0.000000e+00
      vertex   2.530419e+01 3.694573e+01 1.000000e+01
    endloop
  endfacet
  facet normal 6.402128e-01 7.681976e-01 -9.093863e-17
    outer loop
      vertex   2.530419e+01 3.694573e+01 1.000000e+01
      vertex   2.644572e+01 3.599438e+01 0.000000e+00
      vertex   2.530419e+01 3.694573e+01 0.000000e+00
    endloop
  endfacet
  facet normal 5.926622e-01 8.054511e-01 -1.511956e-16
    outer loop
      vertex   2.530419e+01 3.694573e+01 1.000000e+01
      vertex   2.530419e+01 3.694573e+01 0.000000e+00
      vertex   2.410730e+01 3.782642e+01 1.000000e+01
    endloop
  endfacet
  facet normal 5.926622e-01 8.054511e-01 0.000000e+00
    outer loop
      vertex   2.410730e+01 3.782642e+01 1.000000e+01
      vertex   2.530419e+01 3.694573e+01 0.000000e+00
      vertex   2.410730e+01 3.782642e+01 0.000000e+00
    endloop
  endfacet
  facet normal 5.429490e-01 8.397657e-01 0.000000e+00
    outer loop
      vertex   2.410730e+01 3.782642e+01 1.000000e+01
      vertex   2.410730e+01 3.782642e+01 0.000000e+00
      vertex   2.285941e+01 3.863324e+01 1.000000e+01
    endloop
  endfacet
  facet normal 5.429490e-01 8.397657e-01 -2.109010e-16
    outer loop
      vertex   2.285941e+01 3.863324e+01 1.000000e+01
      vertex   2.410730e+01 3.782642e+01 0.000000e+00
      vertex   2.285941e+01 3.863324e+01 0.000000e+00
    endloop
  endfacet
  facet normal 4.912546e-01 8.710160e-01 -2.698367e-16
    outer loop
      vertex   2.285941e+01 3.863324e+01 1.000000e+01
      vertex   2.285941e+01 3.863324e+01 0.000000e+00
      vertex   2.156509e+01 3.936324e+01 1.000000e+01
    endloop
  endfacet
  facet normal 4.912546e-01 8.710160e-01 3.490574e-16
    outer loop
      vertex   2.156509e+01 3.936324e+01 1.000000e+01
      vertex   2.285941e+01 3.863324e+01 0.000000e+00
      vertex   2.156509e+01 3.936324e+01 0.000000e+00
    endloop
  endfacet
  facet normal 4.377677e-01 8.990881e-01 3.110527e-16
    outer loop
      vertex   2.156509e+01 3.936324e+01 1.000000e+01
      vertex   2.156509e+01 3.936324e+01 0.000000e+00
      vertex   2.022906e+01 4.001376e+01 1.000000e+01
    endloop
  endfacet
  facet normal 4.377677e-01 8.990881e-01 0.000000e+00
    outer loop
      vertex   2.022906e+01 4.001376e+01 1.000000e+01
      vertex   2.156509e+01 3.936324e+01 0.000000e+00
      vertex   2.022906e+01 4.001376e+01 0.000000e+00
    endloop
  endfacet
  facet normal 3.826834e-01 9.238795e-01 0.000000e+00
    outer loop
      vertex   2.022906e+01 4.001376e+01 1.000000e+01
      vertex   2.022906e+01 4.001376e+01 0.000000e+00
      vertex   1.885618e+01 4.058242e+01 1.000000e+01
    endloop
  endfacet
  facet normal 3.826834e-01 9.238795e-01 2.719129e-16
    outer loop
      vertex   1.885618e+01 4.058242e+01 1.000000e+01
      vertex   2.022906e+01 4.001376e+01 0.000000e+00
      vertex   1.885618e+01 4.058242e+01 0.000000e+00
    endloop
  endfacet
  facet normal 3.262028e-01 9.452998e-01 2.317810e-16
    outer loop
      vertex   1.885618e+01 4.058242e+01 1.000000e+01
      vertex   1.885618e+01 4.058242e+01 0.000000e+00
      vertex   1.745148e+01 4.106715e+01 1.000000e+01
    endloop
  endfacet
  facet normal 3.262028e-01 9.452998e-01 3.476715e-16
    outer loop
      vertex   1.745148e+01 4.106715e+01 1.000000e+01
      vertex   1.885618e+01 4.058242e+01 0.000000e+00
      vertex   1.745148e+01 4.106715e+01 0.000000e+00
    endloop
  endfacet
  facet normal 2.685319e-01 9.632708e-01 2.862051e-16
    outer loop
      vertex   1.745148e+01 4.106715e+01 1.000000e+01
      vertex   1.745148e+01 4.106715e+01 0.000000e+00
      vertex   1.602007e+01 4.146619e+01 1.000000e+01
    endloop
  endfacet
  facet normal 2.685319e-01 9.632708e-01 -1.908034e-16
    outer loop
      vertex   1.602007e+01 4.146619e+01 1.000000e+01
      vertex   1.745148e+01 4.106715e+01 0.000000e+00
      vertex   1.602007e+01 4.146619e+01 0.000000e+00
    endloop
  endfacet
  facet normal 2.098811e-01 9.777269e-01 -1.491295e-16
    outer loop
      vertex   1.602007e+01 4.146619e+01 1.000000e+01
      vertex   1.602007e+01 4.146619e+01 0.000000e+00
      vertex   1.456718e+01 4.177807e+01 1.000000e+01
    endloop
  endfacet
  facet normal 2.098811e-01 9.777269e-01 7.456475e-17
    outer loop
      vertex   1.456718e+01 4.177807e+01 1.000000e+01
      vertex   1.602007e+01 4.146619e+01 0.000000e+00
      vertex   1.456718e+01 4.177807e+01 0.000000e+00
    endloop
  endfacet
  facet normal 1.504645e-01 9.886154e-01 5.345573e-17
    outer loop
      vertex   1.456718e+01 4.177807e+01 1.000000e+01
      vertex   1.456718e+01 4.177807e+01 0.000000e+00
      vertex   1.309811e+01 4.200166e+01 1.000000e+01
    endloop
  endfacet
  facet normal 1.504645e-01 9.886154e-01 1.603672e-16
    outer loop
      vertex   1.309811e+01 4.200166e+01 1.000000e+01
      vertex   1.456718e+01 4.177807e+01 0.000000e+00
      vertex   1.309811e+01 4.200166e+01 0.000000e+00
    endloop
  endfacet
  facet normal 9.049888e-02 9.958966e-01 9.645498e-17
    outer loop
      vertex   1.309811e+01 4.200166e+01 1.000000e+01
      vertex   1.309811e+01 4.200166e+01 0.000000e+00
      vertex   1.161821e+01 4.213614e+01 1.000000e+01
    endloop
  endfacet
  facet normal 9.049888e-02 9.958966e-01 1.446825e-16
    outer loop
      vertex   1.161821e+01 4.213614e+01 1.000000e+01
      vertex   1.309811e+01 4.200166e+01 0.000000e+00
      vertex   1.161821e+01 4.213614e+01 0.000000e+00
    endloop
  endfacet
  facet normal 3.020303e-02 9.995438e-01 4.828622e-17
    outer loop
      vertex   1.161821e+01 4.213614e+01 1.000000e+01
      vertex   1.161821e+01 4.213614e+01 0.000000e+00
      vertex   1.013290e+01 4.218102e+01 1.000000e+01
    endloop
  endfacet
  facet normal 3.020303e-02 9.995438e-01 0.000000e+00
    outer loop
      vertex   1.013290e+01 4.218102e+01 1.000000e+01
      vertex   1.161821e+01 4.213614e+01 0.000000e+00
      vertex   1.013290e+01 4.218102e+01 0.000000e+00
    endloop
  endfacet
  facet normal -3.020303e-02 9.995438e-01 0.000000e+00
    outer loop
      vertex   1.013290e+01 4.218102e+01 1.000000e+01
      vertex   1.013290e+01 4.218102e+01 0.000000e+00
      vertex   8.647592e+00 4.213614e+01 1.000000e+01
    endloop
  endfacet
  facet normal -3.020303e-02 9.995438e-01 -3.219081e-17
    outer loop
      vertex   8.647592e+00 4.213614e+01 1.000000e+01
      vertex   1.013290e+01 4.218102e+01 0.000000e+00
      vertex   8.647592e+00 4.213614e+01 0.000000e+00
    endloop
  endfacet
  facet normal -9.049888e-02 9.958966e-01 -9.645498e-17
    outer loop
      vertex   8.647592e+00 4.213614e+01 1.000000e+01
      vertex   8.647592e+00 4.213614e+01 0.000000e+00
      vertex   7.167701e+00 4.200166e+01 1.000000e+01
    endloop
  endfacet
  facet normal -9.049888e-02 9.958966e-01 5.629446e-16
    outer loop
      vertex   7.167701e+00 4.200166e+01 1.000000e+01
      vertex   8.647592e+00 4.213614e+01 0.000000e+00
      vertex   7.167701e+00 4.200166e+01 0.000000e+00
    endloop
  endfacet
  facet normal -1.504645e-01 9.886154e-01 4.619027e-16
    outer loop
      vertex   7.167701e+00 4.200166e+01 1.000000e+01
      vertex   7.167701e+00 4.200166e+01 0.000000e+00
      vertex   5.698629e+00 4.177807e+01 1.000000e+01
    endloop
  endfacet
  facet normal -1.504645e-01 9.886154e-01 0.000000e+00
    outer loop
      vertex   5.698629e+00 4.177807e+01 1.000000e+01
      vertex   7.167701e+00 4.200166e+01 0.000000e+00
      vertex   5.698629e+00 4.177807e+01 0.000000e+00
    endloop
  endfacet
  facet normal -2.098811e-01 9.777269e-01 0.000000e+00
    outer loop
      vertex   5.698629e+00 4.177807e+01 1.000000e+01
      vertex   5.698629e+00 4.177807e+01 0.000000e+00
      vertex   4.245737e+00 4.146619e+01 1.000000e+01
    endloop
  endfacet
  facet normal -2.098811e-01 9.777269e-01 -1.118471e-16
    outer loop
      vertex   4.245737e+00 4.146619e+01 1.000000e+01
      vertex   5.698629e+00 4.177807e+01 0.000000e+00
      vertex   4.245737e+00 4.146619e+01 0.000000e+00
    endloop
  endfacet
  facet normal -2.685319e-01 9.632708e-01 -1.431025e-16
    outer loop
      vertex   4.245737e+00 4.146619e+01 1.000000e+01
      vertex   4.245737e+00 4.146619e+01 0.000000e+00
      vertex   2.814328e+00 4.106715e+01 1.000000e+01
    endloop
  endfacet
  facet normal -2.685319e-01 9.632708e-01 -3.100555e-16
    outer loop
      vertex   2.814328e+00 4.106715e+01 1.000000e+01
      vertex   4.245737e+00 4.146619e+01 0.000000e+00
      vertex   2.814328e+00 4.106715e+01 0.000000e+00
    endloop
  endfacet
  facet normal -3.262028e-01 9.452998e-01 -3.766442e-16
    outer loop
      vertex   2.814328e+00 4.106715e+01 1.000000e+01
      vertex   2.814328e+00 4.106715e+01 0.000000e+00
      vertex   1.409623e+00 4.058242e+01 1.000000e+01
    endloop
  endfacet
  facet normal -3.262028e-01 9.452998e-01 0.000000e+00
    outer loop
      vertex   1.409623e+00 4.058242e+01 1.000000e+01
      vertex   2.814328e+00 4.106715e+01 0.000000e+00
      vertex   1.409623e+00 4.058242e+01 0.000000e+00
    endloop
  endfacet
  facet normal -3.826834e-01 9.238795e-01 0.000000e+00
    outer loop
      vertex   1.409623e+00 4.058242e+01 1.000000e+01
      vertex   1.409623e+00 4.058242e+01 0.000000e+00
      vertex   3.674782e-02 4.001376e+01 1.000000e+01
    endloop
  endfacet
  facet normal -3.826834e-01 9.238795e-01 -1.699456e-16
    outer loop
      vertex   3.674782e-02 4.001376e+01 1.000000e+01
      vertex   1.409623e+00 4.058242e+01 0.000000e+00
      vertex   3.674782e-02 4.001376e+01 0.000000e+00
    endloop
  endfacet
  facet normal -4.377677e-01 8.990881e-01 -1.944079e-16
    outer loop
      vertex   3.674782e-02 4.001376e+01 1.000000e+01
      vertex   3.674782e-02 4.001376e+01 0.000000e+00
      vertex   -1.299287e+00 3.936324e+01 1.000000e+01
    endloop
  endfacet
  facet normal -4.377677e-01 8.990881e-01 1.528207e-16
    outer loop
      vertex   -1.299287e+00 3.936324e+01 1.000000e+01
      vertex   3.674782e-02 4.001376e+01 0.000000e+00
      vertex   -1.299287e+00 3.936324e+01 0.000000e+00
    endloop
  endfacet
  facet normal -4.912546e-01 8.710160e-01 7.349193e-17
    outer loop
      vertex   -1.299287e+00 3.936324e+01 1.000000e+01
      vertex   -1.299287e+00 3.936324e+01 0.000000e+00
      vertex   -2.593607e+00 3.863324e+01 1.000000e+01
    endloop
  endfacet
  facet normal -4.912546e-01 8.710160e-01 0.000000e+00
    outer loop
      vertex   -2.593607e+00 3.863324e+01 1.000000e+01
      vertex   -1.299287e+00 3.936324e+01 0.000000e+00
      vertex   -2.593607e+00 3.863324e+01 0.000000e+00
    endloop
  endfacet
  facet normal -5.429490e-01 8.397657e-01 0.000000e+00
    outer loop
      vertex   -2.593607e+00 3.863324e+01 1.000000e+01
      vertex   -2.593607e+00 3.863324e+01 0.000000e+00
      vertex   -3.841490e+00 3.782642e+01 1.000000e+01
    endloop
  endfacet
  facet normal -5.429490e-01 8.397657e-01 0.000000e+00
    outer loop
      vertex   -3.841490e+00 3.782642e+01 1.000000e+01
      vertex   -2.593607e+00 3.863324e+01 0.000000e+00
      vertex   -3.841490e+00 3.782642e+01 0.000000e+00
    endloop
  endfacet
  facet normal -5.926622e-01 8.054511e-01 0.000000e+00
    outer loop
      vertex   -3.841490e+00 3.782642e+01 1.000000e+01
      vertex   -3.841490e+00 3.782642e+01 0.000000e+00
      vertex   -5.038381e+00 3.694573e+01 1.000000e+01
    endloop
  endfacet
  facet normal -5.926622e-01 8.054511e-01 4.591768e-17
    outer loop
      vertex   -5.038381e+00 3.694573e+01 1.000000e+01
      vertex   -3.841490e+00 3.782642e+01 0.000000e+00
      vertex   -5.038381e+00 3.694573e+01 0.000000e+00
    endloop
  endfacet
  facet normal -6.402128e-01 7.681976e-01 -2.278602e-17
    outer loop
      vertex   -5.038381e+00 3.694573e+01 1.000000e+01
      vertex   -5.038381e+00 3.694573e+01 0.000000e+00
      vertex   -6.179915e+00 3.599438e+01 1.000000e+01
    endloop
  endfacet
  facet normal -6.402128e-01 7.681976e-01 6.815261e-17
    outer loop
      vertex   -6.179915e+00 3.599438e+01 1.000000e+01
      vertex   -5.038381e+00 3.694573e+01 0.000000e+00
      vertex   -6.179915e+00 3.599438e+01 0.000000e+00
    endloop
  endfacet
  facet normal -6.854274e-01 7.281410e-01 -6.105679e-17
    outer loop
      vertex   -6.179915e+00 3.599438e+01 1.000000e+01
      vertex   -6.179915e+00 3.599438e+01 0.000000e+00
      vertex   -7.261924e+00 3.497585e+01 1.000000e+01
    endloop
  endfacet
  facet normal -6.854274e-01 7.281410e-01 0.000000e+00
    outer loop
      vertex   -7.261924e+00 3.497585e+01 1.000000e+01
      vertex   -6.179915e+00 3.599438e+01 0.000000e+00
      vertex   -7.261924e+00 3.497585e+01 0.000000e+00
    endloop
  endfacet
  facet normal -7.281410e-01 6.854274e-01 0.000000e+00
    outer loop
      vertex   -7.261924e+00 3.497585e+01 1.000000e+01
      vertex   -7.261924e+00 3.497585e+01 0.000000e+00
      vertex   -8.280462e+00 3.389384e+01 1.000000e+01
    endloop
  endfacet
  facet normal -7.281410e-01 6.854274e-01 -1.596936e-16
    outer loop
      vertex   -8.280462e+00 3.389384e+01 1.000000e+01
      vertex   -7.261924e+00 3.497585e+01 0.000000e+00
      vertex   -8.280462e+00 3.389384e+01 0.000000e+00
    endloop
  endfacet
  facet normal -7.681976e-01 6.402128e-01 -2.273979e-16
    outer loop
      vertex   -8.280462e+00 3.389384e+01 1.000000e+01
      vertex   -8.280462e+00 3.389384e+01 0.000000e+00
      vertex   -9.231811e+00 3.275230e+01 1.000000e+01
    endloop
  endfacet
  facet normal -7.681976e-01 6.402128e-01 -2.273979e-16
    outer loop
      vertex   -9.231811e+00 3.275230e+01 1.000000e+01
      vertex   -8.280462e+00 3.389384e+01 0.000000e+00
      vertex   -9.231811e+00 3.275230e+01 0.000000e+00
    endloop
  endfacet
  facet normal -8.054511e-01 5.926622e-01 -2.942725e-16
    outer loop
      vertex   -9.231811e+00 3.275230e+01 1.000000e+01
      vertex   -9.231811e+00 3.275230e+01 0.000000e+00
      vertex   -1.011250e+01 3.155541e+01 1.000000e+01
    endloop
  endfacet
  facet normal -8.054511e-01 5.926622e-01 0.000000e+00
    outer loop
      vertex   -1.011250e+01 3.155541e+01 1.000000e+01
      vertex   -9.231811e+00 3.275230e+01 0.000000e+00
      vertex   -1.011250e+01 3.155541e+01 0.000000e+00
    endloop
  endfacet
  facet normal -8.397657e-01 5.429490e-01 0.000000e+00
    outer loop
      vertex   -1.011250e+01 3.155541e+01 1.000000e+01
      vertex   -1.011250e+01 3.155541e+01 0.000000e+00
      vertex   -1.091932e+01 3.030753e+01 1.000000e+01
    endloop
  endfacet
  facet normal -8.397657e-01 5.429490e-01 0.000000e+00
    outer loop
      vertex   -1.091932e+01 3.030753e+01 1.000000e+01
      vertex   -1.011250e+01 3.155541e+01 0.000000e+00
      vertex   -1.091932e+01 3.030753e+01 0.000000e+00
    endloop
  endfacet
  facet normal -8.710160e-01 4.912546e-01 0.000000e+00
    outer loop
      vertex   -1.091932e+01 3.030753e+01 1.000000e+01
      vertex   -1.091932e+01 3.030753e+01 0.000000e+00
      vertex   -1.164932e+01 2.901321e+01 1.000000e+01
    endloop
  endfacet
  facet normal -8.710160e-01 4.912546e-01 -1.151132e-16
    outer loop
      vertex   -1.164932e+01 2.901321e+01 1.000000e+01
      vertex   -1.091932e+01 3.030753e+01 0.000000e+00
      vertex   -1.164932e+01 2.901321e+01 0.000000e+00
    endloop
  endfacet
  facet normal -8.990881e-01 4.377677e-01 -1.680777e-16
    outer loop
      vertex   -1.164932e+01 2.901321e+01 1.000000e+01
      vertex   -1.164932e+01 2.901321e+01 0.000000e+00
      vertex   -1.229983e+01 2.767717e+01 1.000000e+01
    endloop
  endfacet
  facet normal -8.990881e-01 4.377677e-01 0.000000e+00
    outer loop
      vertex   -1.229983e+01 2.767717e+01 1.000000e+01
      vertex   -1.164932e+01 2.901321e+01 0.000000e+00
      vertex   -1.229983e+01 2.767717e+01 0.000000e+00
    endloop
  endfacet
  facet normal -9.238795e-01 3.826834e-01 0.000000e+00
    outer loop
      vertex   -1.229983e+01 2.767717e+01 1.000000e+01
      vertex   -1.229983e+01 2.767717e+01 0.000000e+00
      vertex   -1.286850e+01 2.630430e+01 1.000000e+01
    endloop
  endfacet
  facet normal -9.238795e-01 3.826834e-01 0.000000e+00
    outer loop
      vertex   -1.286850e+01 2.630430e+01 1.000000e+01
      vertex   -1.229983e+01 2.767717e+01 0.000000e+00
      vertex   -1.286850e+01 2.630430e+01 0.000000e+00
    endloop
  endfacet
  facet normal -9.452998e-01 3.262028e-01 0.000000e+00
    outer loop
      vertex   -1.286850e+01 2.630430e+01 1.000000e+01
      vertex   -1.286850e+01 2.630430e+01 0.000000e+00
      vertex   -1.335323e+01 2.489959e+01 1.000000e+01
    endloop
  endfacet
  facet normal -9.452998e-01 3.262028e-01 3.476715e-16
    outer loop
      vertex   -1.335323e+01 2.489959e+01 1.000000e+01
      vertex   -1.286850e+01 2.630430e+01 0.000000e+00
      vertex   -1.335323e+01 2.489959e+01 0.000000e+00
    endloop
  endfacet
  facet normal -9.632708e-01 2.685319e-01 2.862051e-16
    outer loop
      vertex   -1.335323e+01 2.489959e+01 1.000000e+01
      vertex   -1.335323e+01 2.489959e+01 0.000000e+00
      vertex   -1.375227e+01 2.346818e+01 1.000000e+01
    endloop
  endfacet
  facet normal -9.632708e-01 2.685319e-01 3.255893e-16
    outer loop
      vertex   -1.375227e+01 2.346818e+01 1.000000e+01
      vertex   -1.335323e+01 2.489959e+01 0.000000e+00
      vertex   -1.375227e+01 2.346818e+01 0.000000e+00
    endloop
  endfacet
  facet normal -9.777269e-01 2.098811e-01 1.745948e-16
    outer loop
      vertex   -1.375227e+01 2.346818e+01 1.000000e+01
      vertex   -1.375227e+01 2.346818e+01 0.000000e+00
      vertex   -1.406415e+01 2.201529e+01 1.000000e+01
    endloop
  endfacet
  facet normal -9.777269e-01 2.098811e-01 0.000000e+00
    outer loop
      vertex   -1.406415e+01 2.201529e+01 1.000000e+01
      vertex   -1.375227e+01 2.346818e+01 0.000000e+00
      vertex   -1.406415e+01 2.201529e+01 0.000000e+00
    endloop
  endfacet
  facet normal -9.886154e-01 1.504645e-01 0.000000e+00
    outer loop
      vertex   -1.406415e+01 2.201529e+01 1.000000e+01
      vertex   -1.406415e+01 2.201529e+01 0.000000e+00
      vertex   -1.428774e+01 2.054622e+01 1.000000e+01
    endloop
  endfacet
  facet normal -9.886154e-01 1.504645e-01 1.603672e-16
    outer loop
      vertex   -1.428774e+01 2.054622e+01 1.000000e+01
      vertex   -1.406415e+01 2.201529e+01 0.000000e+00
      vertex   -1.428774e+01 2.054622e+01 0.000000e+00
    endloop
  endfacet
  facet normal -9.958966e-01 9.049888e-02 9.645498e-17
    outer loop
      vertex   -1.428774e+01 2.054622e+01 1.000000e+01
      vertex   -1.428774e+01 2.054622e+01 0.000000e+00
      vertex   -1.442222e+01 1.906633e+01 1.000000e+01
    endloop
  endfacet
  facet normal -9.958966e-01 9.049888e-02 9.645498e-17
    outer loop
      vertex   -1.442222e+01 1.906633e+01 1.000000e+01
      vertex   -1.428774e+01 2.054622e+01 0.000000e+00
      vertex   -1.442222e+01 1.906633e+01 0.000000e+00
    endloop
  endfacet
  facet normal 0.000000e+00 0.000000e+00 1.000000e+00
    outer loop
      vertex   -5.725582e-01 1.855857e+01 1.500000e+01
      vertex   -1.457194e+01 1.907539e+01 1.500000e+01
      vertex   -6.170972e-01 1.758102e+01 1.500000e+01
    endloop
  endfacet
  facet normal 0.000000e+00 0.000000e+00 1.000000e+00
    outer loop
      vertex   -6.170972e-01 1.758102e+01 1.500000e+01
      vertex   -1.457194e+01 1.907539e+01 1.500000e+01
      vertex   -1.461710e+01 1.758102e+01 1.500000e+01
    endloop
  endfacet
  facet normal 0.000000e+00 0.000000e+00 1.000000e+00
    outer loop
      vertex   -6.170972e-01 1.758102e+01 1.500000e+01
      vertex   -1.461710e+01 1.758102e+01 1.500000e+01
      vertex   -1.457194e+01 1.608665e+01 1.500000e+01
    endloop
  endfacet
  facet normal -0.000000e+00 0.000000e+00 1.000000e+00
    outer loop
      vertex   -1.457194e+01 1.907539e+01 1.500000e+01
      vertex   -5.725582e-01 1.855857e+01 1.500000e+01
      vertex   -1.443664e+01 2.056430e+01 1.500000e+01
    endloop
  endfacet
  facet normal 0.000000e+00 0.000000e+00 1.000000e+00
    outer loop
      vertex   -1.443664e+01 2.056430e+01 1.500000e+01
      vertex   -5.725582e-01 1.855857e+01 1.500000e+01
      vertex   -4.393105e-01 1.952802e+01 1.500000e+01
    endloop
  endfacet
  facet normal -0.000000e+00 0.000000e+00 1.000000e+00
    outer loop
      vertex   -1.443664e+01 2.056430e+01 1.500000e+01
      vertex   -4.393105e-01 1.952802e+01 1.500000e+01
      vertex   -1.421169e+01 2.204233e+01 1.500000e+01
    endloop
  endfacet
  facet normal -0.000000e+00 0.000000e+00 1.000000e+00
    outer loop
      vertex   -1.421169e+01 2.204233e+01 1.500000e+01
      vertex   -4.393105e-01 1.952802e+01 1.500000e+01
      vertex   -1.389791e+01 2.350408e+01 1.500000e+01
    endloop
  endfacet
  facet normal 0.000000e+00 0.000000e+00 1.000000e+00
    outer loop
      vertex   -1.389791e+01 2.350408e+01 1.500000e+01
      vertex   -4.393105e-01 1.952802e+01 1.500000e+01
      vertex   -2.184580e-01 2.048133e+01 1.500000e+01
    endloop
  endfacet
  facet normal -0.000000e+00 0.000000e+00 1.000000e+00
    outer loop
      vertex   -1.389791e+01 2.350408e+01 1.500000e+01
      vertex   -2.184580e-01 2.048133e+01 1.500000e+01
      vertex   -1.349644e+01 2.494422e+01 1.500000e+01
    endloop
  endfacet
  facet normal 0.000000e+00 0.000000e+00 1.000000e+00
    outer loop
      vertex   -1.349644e+01 2.494422e+01 1.500000e+01
      vertex   -2.184580e-01 2.048133e+01 1.500000e+01
      vertex   8.816909e-02 2.141062e+01 1.500000e+01
    endloop
  endfacet
  facet normal -0.000000e+00 0.000000e+00 1.000000e+00
    outer loop
      vertex   -1.349644e+01 2.494422e+01 1.500000e+01
      vertex   8.816909e-02 2.141062e+01 1.500000e+01
      vertex   -1.300875e+01 2.635749e+01 1.500000e+01
    endloop
  endfacet
  facet normal -0.000000e+00 0.000000e+00 1.000000e+00
    outer loop
      vertex   -1.300875e+01 2.635749e+01 1.500000e+01
      vertex   8.816909e-02 2.141062e+01 1.500000e+01
      vertex   -1.243662e+01 2.773874e+01 1.500000e+01
    endloop
  endfacet
  facet normal 0.000000e+00 0.000000e+00 1.000000e+00
    outer loop
      vertex   -1.243662e+01 2.773874e+01 1.500000e+01
      vertex   8.816909e-02 2.141062e+01 1.500000e+01
      vertex   4.780300e-01 2.230817e+01 1.500000e+01
    endloop
  endfacet
  facet normal -0.000000e+00 0.000000e+00 1.000000e+00
    outer loop
      vertex   -1.243662e+01 2.773874e+01 1.500000e+01
      vertex   4.780300e-01 2.230817e+01 1.500000e+01
      vertex   -1.178213e+01 2.908292e+01 1.500000e+01
    endloop
  endfacet
  facet normal 0.000000e+00 0.000000e+00 1.000000e+00
    outer loop
      vertex   -1.178213e+01 2.908292e+01 1.500000e+01
      vertex   4.780300e-01 2.230817e+01 1.500000e+01
      vertex   9.478942e-01 2.316655e+01 1.500000e+01
    endloop
  endfacet
  facet normal -0.000000e+00 0.000000e+00 1.000000e+00
    outer loop
      vertex   -1.178213e+01 2.908292e+01 1.500000e+01
      vertex   9.478942e-01 2.316655e+01 1.500000e+01
      vertex   -1.104768e+01 3.038513e+01 1.500000e+01
    endloop
  endfacet
  facet normal -0.000000e+00 0.000000e+00 1.000000e+00
    outer loop
      vertex   -1.104768e+01 3.038513e+01 1.500000e+01
      vertex   9.478942e-01 2.316655e+01 1.500000e+01
      vertex   -1.023595e+01 3.164062e+01 1.500000e+01
    endloop
  endfacet
  facet normal 0.000000e+00 0.000000e+00 1.000000e+00
    outer loop
      vertex   -1.023595e+01 3.164062e+01 1.500000e+01
      vertex   9.478942e-01 2.316655e+01 1.500000e+01
      vertex   1.493868e+00 2.397864e+01 1.500000e+01
    endloop
  endfacet
  facet normal -0.000000e+00 0.000000e+00 1.000000e+00
    outer loop
      vertex   -1.023595e+01 3.164062e+01 1.500000e+01
      vertex   1.493868e+00 2.397864e+01 1.500000e+01
      vertex   -9.349888e+00 3.284481e+01 1.500000e+01
    endloop
  endfacet
  facet normal 0.000000e+00 0.000000e+00 1.000000e+00
    outer loop
      vertex   -9.349888e+00 3.284481e+01 1.500000e+01
      vertex   1.493868e+00 2.397864e+01 1.500000e+01
      vertex   2.111428e+00 2.473773e+01 1.500000e+01
    endloop
  endfacet
  facet normal -0.000000e+00 0.000000e+00 1.000000e+00
    outer loop
      vertex   -9.349888e+00 3.284481e+01 1.500000e+01
      vertex   2.111428e+00 2.473773e+01 1.500000e+01
      vertex   -8.392738e+00 3.399331e+01 1.500000e+01
    endloop
  endfacet
  facet normal -0.000000e+00 0.000000e+00 1.000000e+00
    outer loop
      vertex   -8.392738e+00 3.399331e+01 1.500000e+01
      vertex   2.111428e+00 2.473773e+01 1.500000e+01
      vertex   -7.367990e+00 3.508191e+01 1.500000e+01
    endloop
  endfacet
  facet normal 0.000000e+00 0.000000e+00 1.000000e+00
    outer loop
      vertex   -7.367990e+00 3.508191e+01 1.500000e+01
      vertex   2.111428e+00 2.473773e+01 1.500000e+01
      vertex   2.795457e+00 2.543751e+01 1.500000e+01
    endloop
  endfacet
  facet normal -0.000000e+00 0.000000e+00 1.000000e+00
    outer loop
      vertex   -7.367990e+00 3.508191e+01 1.500000e+01
      vertex   2.795457e+00 2.543751e+01 1.500000e+01
      vertex   -6.279383e+00 3.610666e+01 1.500000e+01
    endloop
  endfacet
  facet normal 0.000000e+00 0.000000e+00 1.000000e+00
    outer loop
      vertex   -6.279383e+00 3.610666e+01 1.500000e+01
      vertex   2.795457e+00 2.543751e+01 1.500000e+01
      vertex   3.540285e+00 2.607219e+01 1.500000e+01
    endloop
  endfacet
  facet normal -0.000000e+00 0.000000e+00 1.000000e+00
    outer loop
      vertex   -6.279383e+00 3.610666e+01 1.500000e+01
      vertex   3.540285e+00 2.607219e+01 1.500000e+01
      vertex   -5.130889e+00 3.706381e+01 1.500000e+01
    endloop
  endfacet
  facet normal -0.000000e+00 0.000000e+00 1.000000e+00
    outer loop
      vertex   -5.130889e+00 3.706381e+01 1.500000e+01
      vertex   3.540285e+00 2.607219e+01 1.500000e+01
      vertex   -3.926700e+00 3.794987e+01 1.500000e+01
    endloop
  endfacet
  facet normal 0.000000e+00 0.000000e+00 1.000000e+00
    outer loop
      vertex   -3.926700e+00 3.794987e+01 1.500000e+01
      vertex   3.540285e+00 2.607219e+01 1.500000e+01
      vertex   4.339743e+00 2.663650e+01 1.500000e+01
    endloop
  endfacet
  facet normal -0.000000e+00 0.000000e+00 1.000000e+00
    outer loop
      vertex   -3.926700e+00 3.794987e+01 1.500000e+01
      vertex   4.339743e+00 2.663650e+01 1.500000e+01
      vertex   -2.671208e+00 3.876161e+01 1.500000e+01
    endloop
  endfacet
  facet normal 0.000000e+00 0.000000e+00 1.000000e+00
    outer loop
      vertex   -2.671208e+00 3.876161e+01 1.500000e+01
      vertex   4.339743e+00 2.663650e+01 1.500000e+01
      vertex   5.187204e+00 2.712579e+01 1.500000e+01
    endloop
  endfacet
  facet normal -0.000000e+00 0.000000e+00 1.000000e+00
    outer loop
      vertex   -2.671208e+00 3.876161e+01 1.500000e+01
      vertex   5.187204e+00 2.712579e+01 1.500000e+01
      vertex   -1.368996e+00 3.949606e+01 1.500000e+01
    endloop
  endfacet
  facet normal -0.000000e+00 0.000000e+00 1.000000e+00
    outer loop
      vertex   -1.368996e+00 3.949606e+01 1.500000e+01
      vertex   5.187204e+00 2.712579e+01 1.500000e+01
      vertex   -2.481410e-02 4.015054e+01 1.500000e+01
    endloop
  endfacet
  facet normal 0.000000e+00 0.000000e+00 1.000000e+00
    outer loop
      vertex   -2.481410e-02 4.015054e+01 1.500000e+01
      vertex   5.187204e+00 2.712579e+01 1.500000e+01
      vertex   6.075646e+00 2.753598e+01 1.500000e+01
    endloop
  endfacet
  facet normal -0.000000e+00 0.000000e+00 1.000000e+00
    outer loop
      vertex   -2.481410e-02 4.015054e+01 1.500000e+01
      vertex   6.075646e+00 2.753598e+01 1.500000e+01
      vertex   1.356432e+00 4.072267e+01 1.500000e+01
    endloop
  endfacet
  facet normal 0.000000e+00 0.000000e+00 1.000000e+00
    outer loop
      vertex   1.356432e+00 4.072267e+01 1.500000e+01
      vertex   6.075646e+00 2.753598e+01 1.500000e+01
      vertex   6.997709e+00 2.786368e+01 1.500000e+01
    endloop
  endfacet
  facet normal -0.000000e+00 0.000000e+00 1.000000e+00
    outer loop
      vertex   1.356432e+00 4.072267e+01 1.500000e+01
      vertex   6.997709e+00 2.786368e+01 1.500000e+01
      vertex   2.769702e+00 4.121036e+01 1.500000e+01
    endloop
  endfacet
  facet normal -0.000000e+00 0.000000e+00 1.000000e+00
    outer loop
      vertex   2.769702e+00 4.121036e+01 1.500000e+01
      vertex   6.997709e+00 2.786368e+01 1.500000e+01
      vertex   4.209840e+00 4.161183e+01 1.500000e+01
    endloop
  endfacet
  facet normal 0.000000e+00 0.000000e+00 1.000000e+00
    outer loop
      vertex   4.209840e+00 4.161183e+01 1.500000e+01
      vertex   6.997709e+00 2.786368e+01 1.500000e+01
      vertex   7.945751e+00 2.810617e+01 1.500000e+01
    endloop
  endfacet
  facet normal -0.000000e+00 0.000000e+00 1.000000e+00
    outer loop
      vertex   4.209840e+00 4.161183e+01 1.500000e+01
      vertex   7.945751e+00 2.810617e+01 1.500000e+01
      vertex   5.671591e+00 4.192561e+01 1.500000e+01
    endloop
  endfacet
  facet normal 0.000000e+00 0.000000e+00 1.000000e+00
    outer loop
      vertex   5.671591e+00 4.192561e+01 1.500000e+01
      vertex   7.945751e+00 2.810617e+01 1.500000e+01
      vertex   8.911916e+00 2.826145e+01 1.500000e+01
    endloop
  endfacet
  facet normal -0.000000e+00 0.000000e+00 1.000000e+00
    outer loop
      vertex   5.671591e+00 4.192561e+01 1.500000e+01
      vertex   8.911916e+00 2.826145e+01 1.500000e+01
      vertex   7.149620e+00 4.215056e+01 1.500000e+01
    endloop
  endfacet
  facet normal -0.000000e+00 0.000000e+00 1.000000e+00
    outer loop
      vertex   7.149620e+00 4.215056e+01 1.500000e+01
      vertex   8.911916e+00 2.826145e+01 1.500000e+01
      vertex   8.638535e+00 4.228586e+01 1.500000e+01
    endloop
  endfacet
  facet normal 0.000000e+00 0.000000e+00 1.000000e+00
    outer loop
      vertex   8.638535e+00 4.228586e+01 1.500000e+01
      vertex   8.911916e+00 2.826145e+01 1.500000e+01
      vertex   9.888198e+00 2.832823e+01 1.500000e+01
    endloop
  endfacet
  facet normal -0.000000e+00 0.000000e+00 1.000000e+00
    outer loop
      vertex   8.638535e+00 4.228586e+01 1.500000e+01
      vertex   9.888198e+00 2.832823e+01 1.500000e+01
      vertex   1.013290e+01 4.233102e+01 1.500000e+01
    endloop
  endfacet
  facet normal 0.000000e+00 0.000000e+00 1.000000e+00
    outer loop
      vertex   1.013290e+01 4.233102e+01 1.500000e+01
      vertex   9.888198e+00 2.832823e+01 1.500000e+01
      vertex   1.086651e+01 2.830596e+01 1.500000e+01
    endloop
  endfacet
  facet normal 0.000000e+00 0.000000e+00 1.000000e+00
    outer loop
      vertex   1.013290e+01 4.233102e+01 1.500000e+01
      vertex   1.086651e+01 2.830596e+01 1.500000e+01
      vertex   1.162727e+01 4.228586e+01 1.500000e+01
    endloop
  endfacet
  facet normal 0.000000e+00 0.000000e+00 1.000000e+00
    outer loop
      vertex   1.162727e+01 4.228586e+01 1.500000e+01
      vertex   1.086651e+01 2.830596e+01 1.500000e+01
      vertex   1.311619e+01 4.215056e+01 1.500000e+01
    endloop
  endfacet
  facet normal 0.000000e+00 0.000000e+00 1.000000e+00
    outer loop
      vertex   1.311619e+01 4.215056e+01 1.500000e+01
      vertex   1.086651e+01 2.830596e+01 1.500000e+01
      vertex   1.183874e+01 2.819481e+01 1.500000e+01
    endloop
  endfacet
  facet normal 0.000000e+00 0.000000e+00 1.000000e+00
    outer loop
      vertex   1.311619e+01 4.215056e+01 1.500000e+01
      vertex   1.183874e+01 2.819481e+01 1.500000e+01
      vertex   1.459422e+01 4.192561e+01 1.500000e+01
    endloop
  endfacet
  facet normal 0.000000e+00 0.000000e+00 1.000000e+00
    outer loop
      vertex   1.459422e+01 4.192561e+01 1.500000e+01
      vertex   1.183874e+01 2.819481e+01 1.500000e+01
      vertex   1.279684e+01 2.799572e+01 1.500000e+01
    endloop
  endfacet
  facet normal 0.000000e+00 0.000000e+00 1.000000e+00
    outer loop
      vertex   1.459422e+01 4.192561e+01 1.500000e+01
      vertex   1.279684e+01 2.799572e+01 1.500000e+01
      vertex   1.605597e+01 4.161183e+01 1.500000e+01
    endloop
  endfacet
  facet normal 0.000000e+00 0.000000e+00 1.000000e+00
    outer loop
      vertex   1.605597e+01 4.161183e+01 1.500000e+01
      vertex   1.279684e+01 2.799572e+01 1.500000e+01
      vertex   1.749610e+01 4.121036e+01 1.500000e+01
    endloop
  endfacet
  facet normal 0.000000e+00 0.000000e+00 1.000000e+00
    outer loop
      vertex   1.749610e+01 4.121036e+01 1.500000e+01
      vertex   1.279684e+01 2.799572e+01 1.500000e+01
      vertex   1.373286e+01 2.771032e+01 1.500000e+01
    endloop
  endfacet
  facet normal 0.000000e+00 0.000000e+00 1.000000e+00
    outer loop
      vertex   1.749610e+01 4.121036e+01 1.500000e+01
      vertex   1.373286e+01 2.771032e+01 1.500000e+01
      vertex   1.890937e+01 4.072267e+01 1.500000e+01
    endloop
  endfacet
  facet normal 0.000000e+00 0.000000e+00 1.000000e+00
    outer loop
      vertex   1.890937e+01 4.072267e+01 1.500000e+01
      vertex   1.373286e+01 2.771032e+01 1.500000e+01
      vertex   1.463905e+01 2.734100e+01 1.500000e+01
    endloop
  endfacet
  facet normal 0.000000e+00 0.000000e+00 1.000000e+00
    outer loop
      vertex   1.890937e+01 4.072267e+01 1.500000e+01
      vertex   1.463905e+01 2.734100e+01 1.500000e+01
      vertex   2.029062e+01 4.015054e+01 1.500000e+01
    endloop
  endfacet
  facet normal 0.000000e+00 0.000000e+00 1.000000e+00
    outer loop
      vertex   2.029062e+01 4.015054e+01 1.500000e+01
      vertex   1.463905e+01 2.734100e+01 1.500000e+01
      vertex   2.163480e+01 3.949606e+01 1.500000e+01
    endloop
  endfacet
  facet normal 0.000000e+00 0.000000e+00 1.000000e+00
    outer loop
      vertex   2.163480e+01 3.949606e+01 1.500000e+01
      vertex   1.463905e+01 2.734100e+01 1.500000e+01
      vertex   1.550790e+01 2.689079e+01 1.500000e+01
    endloop
  endfacet
  facet normal 0.000000e+00 0.000000e+00 1.000000e+00
    outer loop
      vertex   2.163480e+01 3.949606e+01 1.500000e+01
      vertex   1.550790e+01 2.689079e+01 1.500000e+01
      vertex   2.293701e+01 3.876161e+01 1.500000e+01
    endloop
  endfacet
  facet normal 0.000000e+00 0.000000e+00 1.000000e+00
    outer loop
      vertex   2.293701e+01 3.876161e+01 1.500000e+01
      vertex   1.550790e+01 2.689079e+01 1.500000e+01
      vertex   1.633222e+01 2.636345e+01 1.500000e+01
    endloop
  endfacet
  facet normal 0.000000e+00 0.000000e+00 1.000000e+00
    outer loop
      vertex   2.293701e+01 3.876161e+01 1.500000e+01
      vertex   1.633222e+01 2.636345e+01 1.500000e+01
      vertex   2.419251e+01 3.794987e+01 1.500000e+01
    endloop
  endfacet
  facet normal 0.000000e+00 0.000000e+00 1.000000e+00
    outer loop
      vertex   2.419251e+01 3.794987e+01 1.500000e+01
      vertex   1.633222e+01 2.636345e+01 1.500000e+01
      vertex   2.539669e+01 3.706381e+01 1.500000e+01
    endloop
  endfacet
  facet normal 0.000000e+00 0.000000e+00 1.000000e+00
    outer loop
      vertex   2.539669e+01 3.706381e+01 1.500000e+01
      vertex   1.633222e+01 2.636345e+01 1.500000e+01
      vertex   1.710516e+01 2.576333e+01 1.500000e+01
    endloop
  endfacet
  facet normal 0.000000e+00 0.000000e+00 1.000000e+00
    outer loop
      vertex   2.539669e+01 3.706381e+01 1.500000e+01
      vertex   1.710516e+01 2.576333e+01 1.500000e+01
      vertex   2.654519e+01 3.610666e+01 1.500000e+01
    endloop
  endfacet
  facet normal 0.000000e+00 0.000000e+00 1.000000e+00
    outer loop
      vertex   2.654519e+01 3.610666e+01 1.500000e+01
      vertex   1.710516e+01 2.576333e+01 1.500000e+01
      vertex   1.782033e+01 2.509540e+01 1.500000e+01
    endloop
  endfacet
  facet normal 0.000000e+00 0.000000e+00 1.000000e+00
    outer loop
      vertex   2.654519e+01 3.610666e+01 1.500000e+01
      vertex   1.782033e+01 2.509540e+01 1.500000e+01
      vertex   2.763380e+01 3.508191e+01 1.500000e+01
    endloop
  endfacet
  facet normal 0.000000e+00 0.000000e+00 1.000000e+00
    outer loop
      vertex   2.763380e+01 3.508191e+01 1.500000e+01
      vertex   1.782033e+01 2.509540e+01 1.500000e+01
      vertex   2.865854e+01 3.399331e+01 1.500000e+01
    endloop
  endfacet
  facet normal 0.000000e+00 0.000000e+00 1.000000e+00
    outer loop
      vertex   2.865854e+01 3.399331e+01 1.500000e+01
      vertex   1.782033e+01 2.509540e+01 1.500000e+01
      vertex   1.847180e+01 2.436521e+01 1.500000e+01
    endloop
  endfacet
  facet normal 0.000000e+00 0.000000e+00 1.000000e+00
    outer loop
      vertex   2.865854e+01 3.399331e+01 1.500000e+01
      vertex   1.847180e+01 2.436521e+01 1.500000e+01
      vertex   2.961569e+01 3.284481e+01 1.500000e+01
    endloop
  endfacet
  facet normal 0.000000e+00 0.000000e+00 1.000000e+00
    outer loop
      vertex   2.961569e+01 3.284481e+01 1.500000e+01
      vertex   1.847180e+01 2.436521e+01 1.500000e+01
      vertex   1.905417e+01 2.357881e+01 1.500000e+01
    endloop
  endfacet
  facet normal 0.000000e+00 0.000000e+00 1.000000e+00
    outer loop
      vertex   2.961569e+01 3.284481e+01 1.500000e+01
      vertex   1.905417e+01 2.357881e+01 1.500000e+01
      vertex   3.050175e+01 3.164062e+01 1.500000e+01
    endloop
  endfacet
  facet normal 0.000000e+00 0.000000e+00 1.000000e+00
    outer loop
      vertex   3.050175e+01 3.164062e+01 1.500000e+01
      vertex   1.905417e+01 2.357881e+01 1.500000e+01
      vertex   3.131349e+01 3.038513e+01 1.500000e+01
    endloop
  endfacet
  facet normal 0.000000e+00 0.000000e+00 1.000000e+00
    outer loop
      vertex   3.131349e+01 3.038513e+01 1.500000e+01
      vertex   1.905417e+01 2.357881e+01 1.500000e+01
      vertex   1.956262e+01 2.274271e+01 1.500000e+01
    endloop
  endfacet
  facet normal 0.000000e+00 0.000000e+00 1.000000e+00
    outer loop
      vertex   3.131349e+01 3.038513e+01 1.500000e+01
      vertex   1.956262e+01 2.274271e+01 1.500000e+01
      vertex   3.204794e+01 2.908292e+01 1.500000e+01
    endloop
  endfacet
  facet normal 0.000000e+00 0.000000e+00 1.000000e+00
    outer loop
      vertex   3.204794e+01 2.908292e+01 1.500000e+01
      vertex   1.956262e+01 2.274271e+01 1.500000e+01
      vertex   1.999292e+01 2.186383e+01 1.500000e+01
    endloop
  endfacet
  facet normal 0.000000e+00 0.000000e+00 1.000000e+00
    outer loop
      vertex   3.204794e+01 2.908292e+01 1.500000e+01
      vertex   1.999292e+01 2.186383e+01 1.500000e+01
      vertex   3.270242e+01 2.773874e+01 1.500000e+01
    endloop
  endfacet
  facet normal 0.000000e+00 0.000000e+00 1.000000e+00
    outer loop
      vertex   3.270242e+01 2.773874e+01 1.500000e+01
      vertex   1.999292e+01 2.186383e+01 1.500000e+01
      vertex   3.327455e+01 2.635749e+01 1.500000e+01
    endloop
  endfacet
  facet normal 0.000000e+00 0.000000e+00 1.000000e+00
    outer loop
      vertex   3.327455e+01 2.635749e+01 1.500000e+01
      vertex   1.999292e+01 2.186383e+01 1.500000e+01
      vertex   2.034153e+01 2.094947e+01 1.500000e+01
    endloop
  endfacet
  facet normal 0.000000e+00 0.000000e+00 1.000000e+00
    outer loop
      vertex   3.327455e+01 2.635749e+01 1.500000e+01
      vertex   2.034153e+01 2.094947e+01 1.500000e+01
      vertex   3.376224e+01 2.494422e+01 1.500000e+01
    endloop
  endfacet
  facet normal 0.000000e+00 0.000000e+00 1.000000e+00
    outer loop
      vertex   3.376224e+01 2.494422e+01 1.500000e+01
      vertex   2.034153e+01 2.094947e+01 1.500000e+01
      vertex   2.060554e+01 2.000719e+01 1.500000e+01
    endloop
  endfacet
  facet normal 0.000000e+00 0.000000e+00 1.000000e+00
    outer loop
      vertex   3.376224e+01 2.494422e+01 1.500000e+01
      vertex   2.060554e+01 2.000719e+01 1.500000e+01
      vertex   3.416371e+01 2.350408e+01 1.500000e+01
    endloop
  endfacet
  facet normal 0.000000e+00 0.000000e+00 1.000000e+00
    outer loop
      vertex   3.416371e+01 2.350408e+01 1.500000e+01
      vertex   2.060554e+01 2.000719e+01 1.500000e+01
      vertex   3.447750e+01 2.204233e+01 1.500000e+01
    endloop
  endfacet
  facet normal 0.000000e+00 0.000000e+00 1.000000e+00
    outer loop
      vertex   3.447750e+01 2.204233e+01 1.500000e+01
      vertex   2.060554e+01 2.000719e+01 1.500000e+01
      vertex   2.078278e+01 1.904481e+01 1.500000e+01
    endloop
  endfacet
  facet normal 0.000000e+00 0.000000e+00 1.000000e+00
    outer loop
      vertex   3.447750e+01 2.204233e+01 1.500000e+01
      vertex   2.078278e+01 1.904481e+01 1.500000e+01
      vertex   3.470245e+01 2.056430e+01 1.500000e+01
    endloop
  endfacet
  facet normal 0.000000e+00 0.000000e+00 1.000000e+00
    outer loop
      vertex   3.470245e+01 2.056430e+01 1.500000e+01
      vertex   2.078278e+01 1.904481e+01 1.500000e+01
      vertex   2.087176e+01 1.807030e+01 1.500000e+01
    endloop
  endfacet
  facet normal 0.000000e+00 0.000000e+00 1.000000e+00
    outer loop
      vertex   3.470245e+01 2.056430e+01 1.500000e+01
      vertex   2.087176e+01 1.807030e+01 1.500000e+01
      vertex   3.483775e+01 1.907539e+01 1.500000e+01
    endloop
  endfacet
  facet normal 0.000000e+00 0.000000e+00 1.000000e+00
    outer loop
      vertex   3.483775e+01 1.907539e+01 1.500000e+01
      vertex   2.087176e+01 1.807030e+01 1.500000e+01
      vertex   3.488290e+01 1.758102e+01 1.500000e+01
    endloop
  endfacet
  facet normal 0.000000e+00 0.000000e+00 1.000000e+00
    outer loop
      vertex   3.488290e+01 1.758102e+01 1.500000e+01
      vertex   2.087176e+01 1.807030e+01 1.500000e+01
      vertex   2.087176e+01 1.709174e+01 1.500000e+01
    endloop
  endfacet
  facet normal 0.000000e+00 0.000000e+00 1.000000e+00
    outer loop
      vertex   3.488290e+01 1.758102e+01 1.500000e+01
      vertex   2.087176e+01 1.709174e+01 1.500000e+01
      vertex   3.483775e+01 1.608665e+01 1.500000e+01
    endloop
  endfacet
  facet normal 0.000000e+00 0.000000e+00 1.000000e+00
    outer loop
      vertex   3.483775e+01 1.608665e+01 1.500000e+01
      vertex   2.087176e+01 1.709174e+01 1.500000e+01
      vertex   3.470245e+01 1.459774e+01 1.500000e+01
    endloop
  endfacet
  facet normal 0.000000e+00 0.000000e+00 1.000000e+00
    outer loop
      vertex   3.470245e+01 1.459774e+01 1.500000e+01
      vertex   2.087176e+01 1.709174e+01 1.500000e+01
      vertex   2.078278e+01 1.611723e+01 1.500000e+01
    endloop
  endfacet
  facet normal 0.000000e+00 0.000000e+00 1.000000e+00
    outer loop
      vertex   3.470245e+01 1.459774e+01 1.500000e+01
      vertex   2.078278e+01 1.611723e+01 1.500000e+01
      vertex   3.447750e+01 1.311971e+01 1.500000e+01
    endloop
  endfacet
  facet normal 0.000000e+00 0.000000e+00 1.000000e+00
    outer loop
      vertex   3.447750e+01 1.311971e+01 1.500000e+01
      vertex   2.078278e+01 1.611723e+01 1.500000e+01
      vertex   2.060554e+01 1.515485e+01 1.500000e+01
    endloop
  endfacet
  facet normal 0.000000e+00 0.000000e+00 1.000000e+00
    outer loop
      vertex   3.447750e+01 1.311971e+01 1.500000e+01
      vertex   2.060554e+01 1.515485e+01 1.500000e+01
      vertex   3.416371e+01 1.165796e+01 1.500000e+01
    endloop
  endfacet
  facet normal 0.000000e+00 0.000000e+00 1.000000e+00
    outer loop
      vertex   3.416371e+01 1.165796e+01 1.500000e+01
      vertex   2.060554e+01 1.515485e+01 1.500000e+01
      vertex   3.376224e+01 1.021782e+01 1.500000e+01
    endloop
  endfacet
  facet normal 0.000000e+00 0.000000e+00 1.000000e+00
    outer loop
      vertex   3.376224e+01 1.021782e+01 1.500000e+01
      vertex   2.060554e+01 1.515485e+01 1.500000e+01
      vertex   2.034153e+01 1.421257e+01 1.500000e+01
    endloop
  endfacet
  facet normal 0.000000e+00 0.000000e+00 1.000000e+00
    outer loop
      vertex   3.376224e+01 1.021782e+01 1.500000e+01
      vertex   2.034153e+01 1.421257e+01 1.500000e+01
      vertex   3.327455e+01 8.804548e+00 1.500000e+01
    endloop
  endfacet
  facet normal 0.000000e+00 0.000000e+00 1.000000e+00
    outer loop
      vertex   3.327455e+01 8.804548e+00 1.500000e+01
      vertex   2.034153e+01 1.421257e+01 1.500000e+01
      vertex   1.999292e+01 1.329821e+01 1.500000e+01
    endloop
  endfacet
  facet normal 0.000000e+00 0.000000e+00 1.000000e+00
    outer loop
      vertex   3.327455e+01 8.804548e+00 1.500000e+01
      vertex   1.999292e+01 1.329821e+01 1.500000e+01
      vertex   3.270242e+01 7.423303e+00 1.500000e+01
    endloop
  endfacet
  facet normal 0.000000e+00 0.000000e+00 1.000000e+00
    outer loop
      vertex   3.270242e+01 7.423303e+00 1.500000e+01
      vertex   1.999292e+01 1.329821e+01 1.500000e+01
      vertex   3.204794e+01 6.079121e+00 1.500000e+01
    endloop
  endfacet
  facet normal 0.000000e+00 0.000000e+00 1.000000e+00
    outer loop
      vertex   3.204794e+01 6.079121e+00 1.500000e+01
      vertex   1.999292e+01 1.329821e+01 1.500000e+01
      vertex   1.956262e+01 1.241933e+01 1.500000e+01
    endloop
  endfacet
  facet normal 0.000000e+00 0.000000e+00 1.000000e+00
    outer loop
      vertex   3.204794e+01 6.079121e+00 1.500000e+01
      vertex   1.956262e+01 1.241933e+01 1.500000e+01
      vertex   3.131349e+01 4.776909e+00 1.500000e+01
    endloop
  endfacet
  facet normal 0.000000e+00 0.000000e+00 1.000000e+00
    outer loop
      vertex   3.131349e+01 4.776909e+00 1.500000e+01
      vertex   1.956262e+01 1.241933e+01 1.500000e+01
      vertex   1.905417e+01 1.158323e+01 1.500000e+01
    endloop
  endfacet
  facet normal 0.000000e+00 0.000000e+00 1.000000e+00
    outer loop
      vertex   3.131349e+01 4.776909e+00 1.500000e+01
      vertex   1.905417e+01 1.158323e+01 1.500000e+01
      vertex   3.050175e+01 3.521417e+00 1.500000e+01
    endloop
  endfacet
  facet normal 0.000000e+00 0.000000e+00 1.000000e+00
    outer loop
      vertex   3.050175e+01 3.521417e+00 1.500000e+01
      vertex   1.905417e+01 1.158323e+01 1.500000e+01
      vertex   2.961569e+01 2.317227e+00 1.500000e+01
    endloop
  endfacet
  facet normal 0.000000e+00 0.000000e+00 1.000000e+00
    outer loop
      vertex   2.961569e+01 2.317227e+00 1.500000e+01
      vertex   1.905417e+01 1.158323e+01 1.500000e+01
      vertex   1.847180e+01 1.079682e+01 1.500000e+01
    endloop
  endfacet
  facet normal 0.000000e+00 0.000000e+00 1.000000e+00
    outer loop
      vertex   2.961569e+01 2.317227e+00 1.500000e+01
      vertex   1.847180e+01 1.079682e+01 1.500000e+01
      vertex   2.865854e+01 1.168734e+00 1.500000e+01
    endloop
  endfacet
  facet normal 0.000000e+00 0.000000e+00 1.000000e+00
    outer loop
      vertex   2.865854e+01 1.168734e+00 1.500000e+01
      vertex   1.847180e+01 1.079682e+01 1.500000e+01
      vertex   1.782033e+01 1.006664e+01 1.500000e+01
    endloop
  endfacet
  facet normal 0.000000e+00 0.000000e+00 1.000000e+00
    outer loop
      vertex   2.865854e+01 1.168734e+00 1.500000e+01
      vertex   1.782033e+01 1.006664e+01 1.500000e+01
      vertex   2.763380e+01 8.012662e-02 1.500000e+01
    endloop
  endfacet
  facet normal 0.000000e+00 0.000000e+00 1.000000e+00
    outer loop
      vertex   2.763380e+01 8.012662e-02 1.500000e+01
      vertex   1.782033e+01 1.006664e+01 1.500000e+01
      vertex   2.654519e+01 -9.446216e-01 1.500000e+01
    endloop
  endfacet
  facet normal 0.000000e+00 0.000000e+00 1.000000e+00
    outer loop
      vertex   2.654519e+01 -9.446216e-01 1.500000e+01
      vertex   1.782033e+01 1.006664e+01 1.500000e+01
      vertex   1.710516e+01 9.398714e+00 1.500000e+01
    endloop
  endfacet
  facet normal 0.000000e+00 0.000000e+00 1.000000e+00
    outer loop
      vertex   2.654519e+01 -9.446216e-01 1.500000e+01
      vertex   1.710516e+01 9.398714e+00 1.500000e+01
      vertex   2.539669e+01 -1.901772e+00 1.500000e+01
    endloop
  endfacet
  facet normal 0.000000e+00 0.000000e+00 1.000000e+00
    outer loop
      vertex   2.539669e+01 -1.901772e+00 1.500000e+01
      vertex   1.710516e+01 9.398714e+00 1.500000e+01
      vertex   1.633222e+01 8.798593e+00 1.500000e+01
    endloop
  endfacet
  facet normal 0.000000e+00 0.000000e+00 1.000000e+00
    outer loop
      vertex   2.539669e+01 -1.901772e+00 1.500000e+01
      vertex   1.633222e+01 8.798593e+00 1.500000e+01
      vertex   2.419251e+01 -2.787831e+00 1.500000e+01
    endloop
  endfacet
  facet normal 0.000000e+00 0.000000e+00 1.000000e+00
    outer loop
      vertex   2.419251e+01 -2.787831e+00 1.500000e+01
      vertex   1.633222e+01 8.798593e+00 1.500000e+01
      vertex   2.293701e+01 -3.599567e+00 1.500000e+01
    endloop
  endfacet
  facet normal 0.000000e+00 0.000000e+00 1.000000e+00
    outer loop
      vertex   2.293701e+01 -3.599567e+00 1.500000e+01
      vertex   1.633222e+01 8.798593e+00 1.500000e+01
      vertex   1.550790e+01 8.271246e+00 1.500000e+01
    endloop
  endfacet
  facet normal 0.000000e+00 0.000000e+00 1.000000e+00
    outer loop
      vertex   2.293701e+01 -3.599567e+00 1.500000e+01
      vertex   1.550790e+01 8.271246e+00 1.500000e+01
      vertex   2.163480e+01 -4.334017e+00 1.500000e+01
    endloop
  endfacet
  facet normal 0.000000e+00 0.000000e+00 1.000000e+00
    outer loop
      vertex   2.163480e+01 -4.334017e+00 1.500000e+01
      vertex   1.550790e+01 8.271246e+00 1.500000e+01
      vertex   1.463905e+01 7.821043e+00 1.500000e+01
    endloop
  endfacet
  facet normal 0.000000e+00 0.000000e+00 1.000000e+00
    outer loop
      vertex   2.163480e+01 -4.334017e+00 1.500000e+01
      vertex   1.463905e+01 7.821043e+00 1.500000e+01
      vertex   2.029062e+01 -4.988502e+00 1.500000e+01
    endloop
  endfacet
  facet normal 0.000000e+00 0.000000e+00 1.000000e+00
    outer loop
      vertex   2.029062e+01 -4.988502e+00 1.500000e+01
      vertex   1.463905e+01 7.821043e+00 1.500000e+01
      vertex   1.890937e+01 -5.560633e+00 1.500000e+01
    endloop
  endfacet
  facet normal 0.000000e+00 0.000000e+00 1.000000e+00
    outer loop
      vertex   1.890937e+01 -5.560633e+00 1.500000e+01
      vertex   1.463905e+01 7.821043e+00 1.500000e+01
      vertex   1.373286e+01 7.451715e+00 1.500000e+01
    endloop
  endfacet
  facet normal 0.000000e+00 0.000000e+00 1.000000e+00
    outer loop
      vertex   1.890937e+01 -5.560633e+00 1.500000e+01
      vertex   1.373286e+01 7.451715e+00 1.500000e+01
      vertex   1.749610e+01 -6.048322e+00 1.500000e+01
    endloop
  endfacet
  facet normal 0.000000e+00 0.000000e+00 1.000000e+00
    outer loop
      vertex   1.749610e+01 -6.048322e+00 1.500000e+01
      vertex   1.373286e+01 7.451715e+00 1.500000e+01
      vertex   1.279684e+01 7.166320e+00 1.500000e+01
    endloop
  endfacet
  facet normal 0.000000e+00 0.000000e+00 1.000000e+00
    outer loop
      vertex   1.749610e+01 -6.048322e+00 1.500000e+01
      vertex   1.279684e+01 7.166320e+00 1.500000e+01
      vertex   1.605597e+01 -6.449791e+00 1.500000e+01
    endloop
  endfacet
  facet normal 0.000000e+00 0.000000e+00 1.000000e+00
    outer loop
      vertex   1.605597e+01 -6.449791e+00 1.500000e+01
      vertex   1.279684e+01 7.166320e+00 1.500000e+01
      vertex   1.459422e+01 -6.763573e+00 1.500000e+01
    endloop
  endfacet
  facet normal 0.000000e+00 0.000000e+00 1.000000e+00
    outer loop
      vertex   1.459422e+01 -6.763573e+00 1.500000e+01
      vertex   1.279684e+01 7.166320e+00 1.500000e+01
      vertex   1.183874e+01 6.967226e+00 1.500000e+01
    endloop
  endfacet
  facet normal 0.000000e+00 0.000000e+00 1.000000e+00
    outer loop
      vertex   1.459422e+01 -6.763573e+00 1.500000e+01
      vertex   1.183874e+01 6.967226e+00 1.500000e+01
      vertex   1.311619e+01 -6.988525e+00 1.500000e+01
    endloop
  endfacet
  facet normal 0.000000e+00 0.000000e+00 1.000000e+00
    outer loop
      vertex   1.311619e+01 -6.988525e+00 1.500000e+01
      vertex   1.183874e+01 6.967226e+00 1.500000e+01
      vertex   1.086651e+01 6.856080e+00 1.500000e+01
    endloop
  endfacet
  facet normal 0.000000e+00 0.000000e+00 1.000000e+00
    outer loop
      vertex   1.311619e+01 -6.988525e+00 1.500000e+01
      vertex   1.086651e+01 6.856080e+00 1.500000e+01
      vertex   1.162727e+01 -7.123826e+00 1.500000e+01
    endloop
  endfacet
  facet normal 0.000000e+00 0.000000e+00 1.000000e+00
    outer loop
      vertex   1.162727e+01 -7.123826e+00 1.500000e+01
      vertex   1.086651e+01 6.856080e+00 1.500000e+01
      vertex   1.013290e+01 -7.168981e+00 1.500000e+01
    endloop
  endfacet
  facet normal 0.000000e+00 -0.000000e+00 1.000000e+00
    outer loop
      vertex   1.013290e+01 -7.168981e+00 1.500000e+01
      vertex   1.086651e+01 6.856080e+00 1.500000e+01
      vertex   9.888198e+00 6.833805e+00 1.500000e+01
    endloop
  endfacet
  facet normal 0.000000e+00 0.000000e+00 1.000000e+00
    outer loop
      vertex   1.013290e+01 -7.168981e+00 1.500000e+01
      vertex   9.888198e+00 6.833805e+00 1.500000e+01
      vertex   8.638535e+00 -7.123826e+00 1.500000e+01
    endloop
  endfacet
  facet normal 0.000000e+00 0.000000e+00 1.000000e+00
    outer loop
      vertex   8.638535e+00 -7.123826e+00 1.500000e+01
      vertex   9.888198e+00 6.833805e+00 1.500000e+01
      vertex   8.911916e+00 6.900585e+00 1.500000e+01
    endloop
  endfacet
  facet normal 0.000000e+00 -0.000000e+00 1.000000e+00
    outer loop
      vertex   8.638535e+00 -7.123826e+00 1.500000e+01
      vertex   8.911916e+00 6.900585e+00 1.500000e+01
      vertex   7.149620e+00 -6.988525e+00 1.500000e+01
    endloop
  endfacet
  facet normal 0.000000e+00 -0.000000e+00 1.000000e+00
    outer loop
      vertex   7.149620e+00 -6.988525e+00 1.500000e+01
      vertex   8.911916e+00 6.900585e+00 1.500000e+01
      vertex   5.671591e+00 -6.763573e+00 1.500000e+01
    endloop
  endfacet
  facet normal 0.000000e+00 -0.000000e+00 1.000000e+00
    outer loop
      vertex   5.671591e+00 -6.763573e+00 1.500000e+01
      vertex   8.911916e+00 6.900585e+00 1.500000e+01
      vertex   4.209840e+00 -6.449791e+00 1.500000e+01
    endloop
  endfacet
  facet normal 0.000000e+00 -0.000000e+00 1.000000e+00
    outer loop
      vertex   4.209840e+00 -6.449791e+00 1.500000e+01
      vertex   8.911916e+00 6.900585e+00 1.500000e+01
      vertex   2.769702e+00 -6.048322e+00 1.500000e+01
    endloop
  endfacet
  facet normal 0.000000e+00 -0.000000e+00 1.000000e+00
    outer loop
      vertex   2.769702e+00 -6.048322e+00 1.500000e+01
      vertex   8.911916e+00 6.900585e+00 1.500000e+01
      vertex   1.356432e+00 -5.560633e+00 1.500000e+01
    endloop
  endfacet
  facet normal 0.000000e+00 -0.000000e+00 1.000000e+00
    outer loop
      vertex   1.356432e+00 -5.560633e+00 1.500000e+01
      vertex   8.911916e+00 6.900585e+00 1.500000e+01
      vertex   -2.481410e-02 -4.988502e+00 1.500000e+01
    endloop
  endfacet
  facet normal 0.000000e+00 -0.000000e+00 1.000000e+00
    outer loop
      vertex   -2.481410e-02 -4.988502e+00 1.500000e+01
      vertex   8.911916e+00 6.900585e+00 1.500000e+01
      vertex   -1.368996e+00 -4.334017e+00 1.500000e+01
    endloop
  endfacet
  facet normal 0.000000e+00 -0.000000e+00 1.000000e+00
    outer loop
      vertex   -1.368996e+00 -4.334017e+00 1.500000e+01
      vertex   8.911916e+00 6.900585e+00 1.500000e+01
      vertex   -2.671208e+00 -3.599567e+00 1.500000e+01
    endloop
  endfacet
  facet normal 0.000000e+00 -0.000000e+00 1.000000e+00
    outer loop
      vertex   -2.671208e+00 -3.599567e+00 1.500000e+01
      vertex   8.911916e+00 6.900585e+00 1.500000e+01
      vertex   -3.926700e+00 -2.787831e+00 1.500000e+01
    endloop
  endfacet
  facet normal 0.000000e+00 -0.000000e+00 1.000000e+00
    outer loop
      vertex   -3.926700e+00 -2.787831e+00 1.500000e+01
      vertex   8.911916e+00 6.900585e+00 1.500000e+01
      vertex   -5.130889e+00 -1.901772e+00 1.500000e+01
    endloop
  endfacet
  facet normal 0.000000e+00 -0.000000e+00 1.000000e+00
    outer loop
      vertex   -5.130889e+00 -1.901772e+00 1.500000e+01
      vertex   8.911916e+00 6.900585e+00 1.500000e+01
      vertex   -6.279383e+00 -9.446216e-01 1.500000e+01
    endloop
  endfacet
  facet normal 0.000000e+00 -0.000000e+00 1.000000e+00
    outer loop
      vertex   -6.279383e+00 -9.446216e-01 1.500000e+01
      vertex   8.911916e+00 6.900585e+00 1.500000e+01
      vertex   -7.367990e+00 8.012662e-02 1.500000e+01
    endloop
  endfacet
  facet normal 0.000000e+00 -0.000000e+00 1.000000e+00
    outer loop
      vertex   -7.367990e+00 8.012662e-02 1.500000e+01
      vertex   8.911916e+00 6.900585e+00 1.500000e+01
      vertex   -8.392738e+00 1.168734e+00 1.500000e+01
    endloop
  endfacet
  facet normal 0.000000e+00 -0.000000e+00 1.000000e+00
    outer loop
      vertex   -8.392738e+00 1.168734e+00 1.500000e+01
      vertex   8.911916e+00 6.900585e+00 1.500000e+01
      vertex   -9.349888e+00 2.317227e+00 1.500000e+01
    endloop
  endfacet
  facet normal 0.000000e+00 -0.000000e+00 1.000000e+00
    outer loop
      vertex   -9.349888e+00 2.317227e+00 1.500000e+01
      vertex   8.911916e+00 6.900585e+00 1.500000e+01
      vertex   -1.023595e+01 3.521417e+00 1.500000e+01
    endloop
  endfacet
  facet normal 0.000000e+00 0.000000e+00 1.000000e+00
    outer loop
      vertex   -1.023595e+01 3.521417e+00 1.500000e+01
      vertex   8.911916e+00 6.900585e+00 1.500000e+01
      vertex   7.945751e+00 7.055866e+00 1.500000e+01
    endloop
  endfacet
  facet normal 0.000000e+00 0.000000e+00 1.000000e+00
    outer loop
      vertex   -1.023595e+01 3.521417e+00 1.500000e+01
      vertex   7.945751e+00 7.055866e+00 1.500000e+01
      vertex   6.997709e+00 7.298361e+00 1.500000e+01
    endloop
  endfacet
  facet normal 0.000000e+00 0.000000e+00 1.000000e+00
    outer loop
      vertex   6.997709e+00 7.298361e+00 1.500000e+01
      vertex   6.075646e+00 7.626062e+00 1.500000e+01
      vertex   -1.023595e+01 3.521417e+00 1.500000e+01
    endloop
  endfacet
  facet normal 0.000000e+00 0.000000e+00 1.000000e+00
    outer loop
      vertex   -1.023595e+01 3.521417e+00 1.500000e+01
      vertex   6.075646e+00 7.626062e+00 1.500000e+01
      vertex   5.187204e+00 8.036253e+00 1.500000e+01
    endloop
  endfacet
  facet normal 0.000000e+00 0.000000e+00 1.000000e+00
    outer loop
      vertex   -1.023595e+01 3.521417e+00 1.500000e+01
      vertex   5.187204e+00 8.036253e+00 1.500000e+01
      vertex   4.339743e+00 8.525535e+00 1.500000e+01
    endloop
  endfacet
  facet normal 0.000000e+00 0.000000e+00 1.000000e+00
    outer loop
      vertex   4.339743e+00 8.525535e+00 1.500000e+01
      vertex   3.540285e+00 9.089854e+00 1.500000e+01
      vertex   -1.023595e+01 3.521417e+00 1.500000e+01
    endloop
  endfacet
  facet normal 0.000000e+00 0.000000e+00 1.000000e+00
    outer loop
      vertex   -1.023595e+01 3.521417e+00 1.500000e+01
      vertex   3.540285e+00 9.089854e+00 1.500000e+01
      vertex   2.795457e+00 9.724533e+00 1.500000e+01
    endloop
  endfacet
  facet normal 0.000000e+00 0.000000e+00 1.000000e+00
    outer loop
      vertex   -1.023595e+01 3.521417e+00 1.500000e+01
      vertex   2.795457e+00 9.724533e+00 1.500000e+01
      vertex   2.111428e+00 1.042431e+01 1.500000e+01
    endloop
  endfacet
  facet normal 0.000000e+00 0.000000e+00 1.000000e+00
    outer loop
      vertex   2.111428e+00 1.042431e+01 1.500000e+01
      vertex   1.493868e+00 1.118340e+01 1.500000e+01
      vertex   -1.023595e+01 3.521417e+00 1.500000e+01
    endloop
  endfacet
  facet normal 0.000000e+00 0.000000e+00 1.000000e+00
    outer loop
      vertex   -1.023595e+01 3.521417e+00 1.500000e+01
      vertex   1.493868e+00 1.118340e+01 1.500000e+01
      vertex   9.478942e-01 1.199549e+01 1.500000e+01
    endloop
  endfacet
  facet normal 0.000000e+00 -0.000000e+00 1.000000e+00
    outer loop
      vertex   -1.023595e+01 3.521417e+00 1.500000e+01
      vertex   9.478942e-01 1.199549e+01 1.500000e+01
      vertex   -1.104768e+01 4.776909e+00 1.500000e+01
    endloop
  endfacet
  facet normal 0.000000e+00 -0.000000e+00 1.000000e+00
    outer loop
      vertex   -1.104768e+01 4.776909e+00 1.500000e+01
      vertex   9.478942e-01 1.199549e+01 1.500000e+01
      vertex   -1.178213e+01 6.079121e+00 1.500000e+01
    endloop
  endfacet
  facet normal 0.000000e+00 0.000000e+00 1.000000e+00
    outer loop
      vertex   -1.178213e+01 6.079121e+00 1.500000e+01
      vertex   9.478942e-01 1.199549e+01 1.500000e+01
      vertex   4.780300e-01 1.285387e+01 1.500000e+01
    endloop
  endfacet
  facet normal 0.000000e+00 -0.000000e+00 1.000000e+00
    outer loop
      vertex   -1.178213e+01 6.079121e+00 1.500000e+01
      vertex   4.780300e-01 1.285387e+01 1.500000e+01
      vertex   -1.243662e+01 7.423303e+00 1.500000e+01
    endloop
  endfacet
  facet normal 0.000000e+00 0.000000e+00 1.000000e+00
    outer loop
      vertex   -1.243662e+01 7.423303e+00 1.500000e+01
      vertex   4.780300e-01 1.285387e+01 1.500000e+01
      vertex   8.816909e-02 1.375142e+01 1.500000e+01
    endloop
  endfacet
  facet normal 0.000000e+00 -0.000000e+00 1.000000e+00
    outer loop
      vertex   -1.243662e+01 7.423303e+00 1.500000e+01
      vertex   8.816909e-02 1.375142e+01 1.500000e+01
      vertex   -1.300875e+01 8.804548e+00 1.500000e+01
    endloop
  endfacet
  facet normal 0.000000e+00 -0.000000e+00 1.000000e+00
    outer loop
      vertex   -1.300875e+01 8.804548e+00 1.500000e+01
      vertex   8.816909e-02 1.375142e+01 1.500000e+01
      vertex   -1.349644e+01 1.021782e+01 1.500000e+01
    endloop
  endfacet
  facet normal 0.000000e+00 0.000000e+00 1.000000e+00
    outer loop
      vertex   -1.349644e+01 1.021782e+01 1.500000e+01
      vertex   8.816909e-02 1.375142e+01 1.500000e+01
      vertex   -2.184580e-01 1.468070e+01 1.500000e+01
    endloop
  endfacet
  facet normal 0.000000e+00 -0.000000e+00 1.000000e+00
    outer loop
      vertex   -1.349644e+01 1.021782e+01 1.500000e+01
      vertex   -2.184580e-01 1.468070e+01 1.500000e+01
      vertex   -1.389791e+01 1.165796e+01 1.500000e+01
    endloop
  endfacet
  facet normal 0.000000e+00 0.000000e+00 1.000000e+00
    outer loop
      vertex   -1.389791e+01 1.165796e+01 1.500000e+01
      vertex   -2.184580e-01 1.468070e+01 1.500000e+01
      vertex   -4.393105e-01 1.563402e+01 1.500000e+01
    endloop
  endfacet
  facet normal 0.000000e+00 -0.000000e+00 1.000000e+00
    outer loop
      vertex   -1.389791e+01 1.165796e+01 1.500000e+01
      vertex   -4.393105e-01 1.563402e+01 1.500000e+01
      vertex   -1.421169e+01 1.311971e+01 1.500000e+01
    endloop
  endfacet
  facet normal 0.000000e+00 -0.000000e+00 1.000000e+00
    outer loop
      vertex   -1.421169e+01 1.311971e+01 1.500000e+01
      vertex   -4.393105e-01 1.563402e+01 1.500000e+01
      vertex   -1.443664e+01 1.459774e+01 1.500000e+01
    endloop
  endfacet
  facet normal 0.000000e+00 0.000000e+00 1.000000e+00
    outer loop
      vertex   -1.443664e+01 1.459774e+01 1.500000e+01
      vertex   -4.393105e-01 1.563402e+01 1.500000e+01
      vertex   -5.725582e-01 1.660347e+01 1.500000e+01
    endloop
  endfacet
  facet normal 0.000000e+00 -0.000000e+00 1.000000e+00
    outer loop
      vertex   -1.443664e+01 1.459774e+01 1.500000e+01
      vertex   -5.725582e-01 1.660347e+01 1.500000e+01
      vertex   -1.457194e+01 1.608665e+01 1.500000e+01
    endloop
  endfacet
  facet normal 0.000000e+00 0.000000e+00 1.000000e+00
    outer loop
      vertex   -1.457194e+01 1.608665e+01 1.500000e+01
      vertex   -5.725582e-01 1.660347e+01 1.500000e+01
      vertex   -6.170972e-01 1.758102e+01 1.500000e+01
    endloop
  endfacet
  facet normal -0.000000e+00 0.000000e+00 -1.000000e+00
    outer loop
      vertex   -1.042206e+01 1.621955e+01 0.000000e+00
      vertex   -1.442222e+01 1.609571e+01 0.000000e+00
      vertex   -1.046710e+01 1.758102e+01 0.000000e+00
    endloop
  endfacet
  facet normal -0.000000e+00 0.000000e+00 -1.000000e+00
    outer loop
      vertex   -1.046710e+01 1.758102e+01 0.000000e+00
      vertex   -1.442222e+01 1.609571e+01 0.000000e+00
      vertex   -1.446710e+01 1.758102e+01 0.000000e+00
    endloop
  endfacet
  facet normal 0.000000e+00 0.000000e+00 -1.000000e+00
    outer loop
      vertex   -1.046710e+01 1.758102e+01 0.000000e+00
      vertex   -1.446710e+01 1.758102e+01 0.000000e+00
      vertex   -1.442222e+01 1.906633e+01 0.000000e+00
    endloop
  endfacet
  facet normal 0.000000e+00 0.000000e+00 -1.000000e+00
    outer loop
      vertex   -1.442222e+01 1.609571e+01 0.000000e+00
      vertex   -1.042206e+01 1.621955e+01 0.000000e+00
      vertex   -1.428774e+01 1.461582e+01 0.000000e+00
    endloop
  endfacet
  facet normal 0.000000e+00 0.000000e+00 -1.000000e+00
    outer loop
      vertex   -1.428774e+01 1.461582e+01 0.000000e+00
      vertex   -1.042206e+01 1.621955e+01 0.000000e+00
      vertex   -1.028714e+01 1.486404e+01 0.000000e+00
    endloop
  endfacet
  facet normal 0.000000e+00 0.000000e+00 -1.000000e+00
    outer loop
      vertex   -1.428774e+01 1.461582e+01 0.000000e+00
      vertex   -1.028714e+01 1.486404e+01 0.000000e+00
      vertex   -1.406415e+01 1.314675e+01 0.000000e+00
    endloop
  endfacet
  facet normal 0.000000e+00 0.000000e+00 -1.000000e+00
    outer loop
      vertex   -1.406415e+01 1.314675e+01 0.000000e+00
      vertex   -1.028714e+01 1.486404e+01 0.000000e+00
      vertex   -1.006292e+01 1.352041e+01 0.000000e+00
    endloop
  endfacet
  facet normal 0.000000e+00 0.000000e+00 -1.000000e+00
    outer loop
      vertex   -1.406415e+01 1.314675e+01 0.000000e+00
      vertex   -1.006292e+01 1.352041e+01 0.000000e+00
      vertex   -1.375227e+01 1.169385e+01 0.000000e+00
    endloop
  endfacet
  facet normal 0.000000e+00 0.000000e+00 -1.000000e+00
    outer loop
      vertex   -1.375227e+01 1.169385e+01 0.000000e+00
      vertex   -1.006292e+01 1.352041e+01 0.000000e+00
      vertex   -9.750401e+00 1.219453e+01 0.000000e+00
    endloop
  endfacet
  facet normal 0.000000e+00 0.000000e+00 -1.000000e+00
    outer loop
      vertex   -1.375227e+01 1.169385e+01 0.000000e+00
      vertex   -9.750401e+00 1.219453e+01 0.000000e+00
      vertex   -1.335323e+01 1.026244e+01 0.000000e+00
    endloop
  endfacet
  facet normal 0.000000e+00 0.000000e+00 -1.000000e+00
    outer loop
      vertex   -1.335323e+01 1.026244e+01 0.000000e+00
      vertex   -9.750401e+00 1.219453e+01 0.000000e+00
      vertex   -9.350932e+00 1.089221e+01 0.000000e+00
    endloop
  endfacet
  facet normal 0.000000e+00 0.000000e+00 -1.000000e+00
    outer loop
      vertex   -1.335323e+01 1.026244e+01 0.000000e+00
      vertex   -9.350932e+00 1.089221e+01 0.000000e+00
      vertex   -1.286850e+01 8.857739e+00 0.000000e+00
    endloop
  endfacet
  facet normal 0.000000e+00 0.000000e+00 -1.000000e+00
    outer loop
      vertex   -1.286850e+01 8.857739e+00 0.000000e+00
      vertex   -9.350932e+00 1.089221e+01 0.000000e+00
      vertex   -8.866266e+00 9.619137e+00 0.000000e+00
    endloop
  endfacet
  facet normal 0.000000e+00 0.000000e+00 -1.000000e+00
    outer loop
      vertex   -1.286850e+01 8.857739e+00 0.000000e+00
      vertex   -8.866266e+00 9.619137e+00 0.000000e+00
      vertex   -1.229983e+01 7.484864e+00 0.000000e+00
    endloop
  endfacet
  facet normal 0.000000e+00 0.000000e+00 -1.000000e+00
    outer loop
      vertex   -1.229983e+01 7.484864e+00 0.000000e+00
      vertex   -8.866266e+00 9.619137e+00 0.000000e+00
      vertex   -8.298521e+00 8.380878e+00 0.000000e+00
    endloop
  endfacet
  facet normal 0.000000e+00 0.000000e+00 -1.000000e+00
    outer loop
      vertex   -1.229983e+01 7.484864e+00 0.000000e+00
      vertex   -8.298521e+00 8.380878e+00 0.000000e+00
      vertex   -1.164932e+01 6.148829e+00 0.000000e+00
    endloop
  endfacet
  facet normal 0.000000e+00 0.000000e+00 -1.000000e+00
    outer loop
      vertex   -1.164932e+01 6.148829e+00 0.000000e+00
      vertex   -8.298521e+00 8.380878e+00 0.000000e+00
      vertex   -7.650181e+00 7.182849e+00 0.000000e+00
    endloop
  endfacet
  facet normal 0.000000e+00 0.000000e+00 -1.000000e+00
    outer loop
      vertex   -1.164932e+01 6.148829e+00 0.000000e+00
      vertex   -7.650181e+00 7.182849e+00 0.000000e+00
      vertex   -1.091932e+01 4.854509e+00 0.000000e+00
    endloop
  endfacet
  facet normal 0.000000e+00 0.000000e+00 -1.000000e+00
    outer loop
      vertex   -1.091932e+01 4.854509e+00 0.000000e+00
      vertex   -7.650181e+00 7.182849e+00 0.000000e+00
      vertex   -6.924079e+00 6.030289e+00 0.000000e+00
    endloop
  endfacet
  facet normal 0.000000e+00 0.000000e+00 -1.000000e+00
    outer loop
      vertex   -1.091932e+01 4.854509e+00 0.000000e+00
      vertex   -6.924079e+00 6.030289e+00 0.000000e+00
      vertex   -1.011250e+01 3.606627e+00 0.000000e+00
    endloop
  endfacet
  facet normal 0.000000e+00 0.000000e+00 -1.000000e+00
    outer loop
      vertex   -1.011250e+01 3.606627e+00 0.000000e+00
      vertex   -6.924079e+00 6.030289e+00 0.000000e+00
      vertex   -6.123392e+00 4.928238e+00 0.000000e+00
    endloop
  endfacet
  facet normal 0.000000e+00 0.000000e+00 -1.000000e+00
    outer loop
      vertex   -1.011250e+01 3.606627e+00 0.000000e+00
      vertex   -6.123392e+00 4.928238e+00 0.000000e+00
      vertex   -9.231811e+00 2.409735e+00 0.000000e+00
    endloop
  endfacet
  facet normal 0.000000e+00 0.000000e+00 -1.000000e+00
    outer loop
      vertex   -9.231811e+00 2.409735e+00 0.000000e+00
      vertex   -6.123392e+00 4.928238e+00 0.000000e+00
      vertex   -5.251620e+00 3.881513e+00 0.000000e+00
    endloop
  endfacet
  facet normal 0.000000e+00 0.000000e+00 -1.000000e+00
    outer loop
      vertex   -9.231811e+00 2.409735e+00 0.000000e+00
      vertex   -5.251620e+00 3.881513e+00 0.000000e+00
      vertex   -8.280462e+00 1.268202e+00 0.000000e+00
    endloop
  endfacet
  facet normal 0.000000e+00 0.000000e+00 -1.000000e+00
    outer loop
      vertex   -8.280462e+00 1.268202e+00 0.000000e+00
      vertex   -5.251620e+00 3.881513e+00 0.000000e+00
      vertex   -7.261924e+00 1.861926e-01 0.000000e+00
    endloop
  endfacet
  facet normal 0.000000e+00 0.000000e+00 -1.000000e+00
    outer loop
      vertex   -7.261924e+00 1.861926e-01 0.000000e+00
      vertex   -5.251620e+00 3.881513e+00 0.000000e+00
      vertex   -4.312575e+00 2.894693e+00 0.000000e+00
    endloop
  endfacet
  facet normal 0.000000e+00 0.000000e+00 -1.000000e+00
    outer loop
      vertex   -7.261924e+00 1.861926e-01 0.000000e+00
      vertex   -4.312575e+00 2.894693e+00 0.000000e+00
      vertex   -6.179915e+00 -8.323450e-01 0.000000e+00
    endloop
  endfacet
  facet normal 0.000000e+00 0.000000e+00 -1.000000e+00
    outer loop
      vertex   -6.179915e+00 -8.323450e-01 0.000000e+00
      vertex   -4.312575e+00 2.894693e+00 0.000000e+00
      vertex   -3.310364e+00 1.972093e+00 0.000000e+00
    endloop
  endfacet
  facet normal 0.000000e+00 0.000000e+00 -1.000000e+00
    outer loop
      vertex   -6.179915e+00 -8.323450e-01 0.000000e+00
      vertex   -3.310364e+00 1.972093e+00 0.000000e+00
      vertex   -5.038381e+00 -1.783694e+00 0.000000e+00
    endloop
  endfacet
  facet normal 0.000000e+00 0.000000e+00 -1.000000e+00
    outer loop
      vertex   -5.038381e+00 -1.783694e+00 0.000000e+00
      vertex   -3.310364e+00 1.972093e+00 0.000000e+00
      vertex   -2.249369e+00 1.117747e+00 0.000000e+00
    endloop
  endfacet
  facet normal 0.000000e+00 0.000000e+00 -1.000000e+00
    outer loop
      vertex   -5.038381e+00 -1.783694e+00 0.000000e+00
      vertex   -2.249369e+00 1.117747e+00 0.000000e+00
      vertex   -3.841490e+00 -2.664384e+00 0.000000e+00
    endloop
  endfacet
  facet normal 0.000000e+00 0.000000e+00 -1.000000e+00
    outer loop
      vertex   -3.841490e+00 -2.664384e+00 0.000000e+00
      vertex   -2.249369e+00 1.117747e+00 0.000000e+00
      vertex   -1.134229e+00 3.353900e-01 0.000000e+00
    endloop
  endfacet
  facet normal 0.000000e+00 0.000000e+00 -1.000000e+00
    outer loop
      vertex   -3.841490e+00 -2.664384e+00 0.000000e+00
      vertex   -1.134229e+00 3.353900e-01 0.000000e+00
      vertex   -2.593607e+00 -3.471200e+00 0.000000e+00
    endloop
  endfacet
  facet normal 0.000000e+00 0.000000e+00 -1.000000e+00
    outer loop
      vertex   -2.593607e+00 -3.471200e+00 0.000000e+00
      vertex   -1.134229e+00 3.353900e-01 0.000000e+00
      vertex   3.017866e-02 -3.715560e-01 0.000000e+00
    endloop
  endfacet
  facet normal 0.000000e+00 0.000000e+00 -1.000000e+00
    outer loop
      vertex   -2.593607e+00 -3.471200e+00 0.000000e+00
      vertex   3.017866e-02 -3.715560e-01 0.000000e+00
      vertex   -1.299287e+00 -4.201199e+00 0.000000e+00
    endloop
  endfacet
  facet normal 0.000000e+00 0.000000e+00 -1.000000e+00
    outer loop
      vertex   -1.299287e+00 -4.201199e+00 0.000000e+00
      vertex   3.017866e-02 -3.715560e-01 0.000000e+00
      vertex   1.238763e+00 -9.999999e-01 0.000000e+00
    endloop
  endfacet
  facet normal 0.000000e+00 0.000000e+00 -1.000000e+00
    outer loop
      vertex   -1.299287e+00 -4.201199e+00 0.000000e+00
      vertex   1.238763e+00 -9.999999e-01 0.000000e+00
      vertex   3.674782e-02 -4.851717e+00 0.000000e+00
    endloop
  endfacet
  facet normal 0.000000e+00 0.000000e+00 -1.000000e+00
    outer loop
      vertex   3.674782e-02 -4.851717e+00 0.000000e+00
      vertex   1.238763e+00 -9.999999e-01 0.000000e+00
      vertex   2.486240e+00 -1.547194e+00 0.000000e+00
    endloop
  endfacet
  facet normal 0.000000e+00 0.000000e+00 -1.000000e+00
    outer loop
      vertex   3.674782e-02 -4.851717e+00 0.000000e+00
      vertex   2.486240e+00 -1.547194e+00 0.000000e+00
      vertex   1.409623e+00 -5.420380e+00 0.000000e+00
    endloop
  endfacet
  facet normal 0.000000e+00 0.000000e+00 -1.000000e+00
    outer loop
      vertex   1.409623e+00 -5.420380e+00 0.000000e+00
      vertex   2.486240e+00 -1.547194e+00 0.000000e+00
      vertex   3.767153e+00 -2.010745e+00 0.000000e+00
    endloop
  endfacet
  facet normal 0.000000e+00 0.000000e+00 -1.000000e+00
    outer loop
      vertex   1.409623e+00 -5.420380e+00 0.000000e+00
      vertex   3.767153e+00 -2.010745e+00 0.000000e+00
      vertex   2.814328e+00 -5.905114e+00 0.000000e+00
    endloop
  endfacet
  facet normal 0.000000e+00 0.000000e+00 -1.000000e+00
    outer loop
      vertex   2.814328e+00 -5.905114e+00 0.000000e+00
      vertex   3.767153e+00 -2.010745e+00 0.000000e+00
      vertex   5.075902e+00 -2.388626e+00 0.000000e+00
    endloop
  endfacet
  facet normal 0.000000e+00 0.000000e+00 -1.000000e+00
    outer loop
      vertex   2.814328e+00 -5.905114e+00 0.000000e+00
      vertex   5.075902e+00 -2.388626e+00 0.000000e+00
      vertex   4.245737e+00 -6.304149e+00 0.000000e+00
    endloop
  endfacet
  facet normal 0.000000e+00 0.000000e+00 -1.000000e+00
    outer loop
      vertex   4.245737e+00 -6.304149e+00 0.000000e+00
      vertex   5.075902e+00 -2.388626e+00 0.000000e+00
      vertex   6.406764e+00 -2.679185e+00 0.000000e+00
    endloop
  endfacet
  facet normal 0.000000e+00 0.000000e+00 -1.000000e+00
    outer loop
      vertex   4.245737e+00 -6.304149e+00 0.000000e+00
      vertex   6.406764e+00 -2.679185e+00 0.000000e+00
      vertex   5.698629e+00 -6.616030e+00 0.000000e+00
    endloop
  endfacet
  facet normal 0.000000e+00 0.000000e+00 -1.000000e+00
    outer loop
      vertex   5.698629e+00 -6.616030e+00 0.000000e+00
      vertex   6.406764e+00 -2.679185e+00 0.000000e+00
      vertex   7.167701e+00 -6.839619e+00 0.000000e+00
    endloop
  endfacet
  facet normal 0.000000e+00 0.000000e+00 -1.000000e+00
    outer loop
      vertex   7.167701e+00 -6.839619e+00 0.000000e+00
      vertex   6.406764e+00 -2.679185e+00 0.000000e+00
      vertex   7.753919e+00 -2.881151e+00 0.000000e+00
    endloop
  endfacet
  facet normal 0.000000e+00 0.000000e+00 -1.000000e+00
    outer loop
      vertex   7.167701e+00 -6.839619e+00 0.000000e+00
      vertex   7.753919e+00 -2.881151e+00 0.000000e+00
      vertex   8.647592e+00 -6.974099e+00 0.000000e+00
    endloop
  endfacet
  facet normal 0.000000e+00 0.000000e+00 -1.000000e+00
    outer loop
      vertex   8.647592e+00 -6.974099e+00 0.000000e+00
      vertex   7.753919e+00 -2.881151e+00 0.000000e+00
      vertex   9.111477e+00 -2.993642e+00 0.000000e+00
    endloop
  endfacet
  facet normal 0.000000e+00 0.000000e+00 -1.000000e+00
    outer loop
      vertex   8.647592e+00 -6.974099e+00 0.000000e+00
      vertex   9.111477e+00 -2.993642e+00 0.000000e+00
      vertex   1.013290e+01 -7.018981e+00 0.000000e+00
    endloop
  endfacet
  facet normal 0.000000e+00 0.000000e+00 -1.000000e+00
    outer loop
      vertex   1.013290e+01 -7.018981e+00 0.000000e+00
      vertex   9.111477e+00 -2.993642e+00 0.000000e+00
      vertex   1.047350e+01 -3.016165e+00 0.000000e+00
    endloop
  endfacet
  facet normal 0.000000e+00 0.000000e+00 -1.000000e+00
    outer loop
      vertex   1.013290e+01 -7.018981e+00 0.000000e+00
      vertex   1.047350e+01 -3.016165e+00 0.000000e+00
      vertex   1.161821e+01 -6.974099e+00 0.000000e+00
    endloop
  endfacet
  facet normal 0.000000e+00 0.000000e+00 -1.000000e+00
    outer loop
      vertex   1.161821e+01 -6.974099e+00 0.000000e+00
      vertex   1.047350e+01 -3.016165e+00 0.000000e+00
      vertex   1.183404e+01 -2.948621e+00 0.000000e+00
    endloop
  endfacet
  facet normal 0.000000e+00 0.000000e+00 -1.000000e+00
    outer loop
      vertex   1.161821e+01 -6.974099e+00 0.000000e+00
      vertex   1.183404e+01 -2.948621e+00 0.000000e+00
      vertex   1.309811e+01 -6.839619e+00 0.000000e+00
    endloop
  endfacet
  facet normal 0.000000e+00 0.000000e+00 -1.000000e+00
    outer loop
      vertex   1.309811e+01 -6.839619e+00 0.000000e+00
      vertex   1.183404e+01 -2.948621e+00 0.000000e+00
      vertex   1.318713e+01 -2.791307e+00 0.000000e+00
    endloop
  endfacet
  facet normal 0.000000e+00 0.000000e+00 -1.000000e+00
    outer loop
      vertex   1.309811e+01 -6.839619e+00 0.000000e+00
      vertex   1.318713e+01 -2.791307e+00 0.000000e+00
      vertex   1.456718e+01 -6.616030e+00 0.000000e+00
    endloop
  endfacet
  facet normal 0.000000e+00 0.000000e+00 -1.000000e+00
    outer loop
      vertex   1.456718e+01 -6.616030e+00 0.000000e+00
      vertex   1.318713e+01 -2.791307e+00 0.000000e+00
      vertex   1.452688e+01 -2.544909e+00 0.000000e+00
    endloop
  endfacet
  facet normal 0.000000e+00 0.000000e+00 -1.000000e+00
    outer loop
      vertex   1.456718e+01 -6.616030e+00 0.000000e+00
      vertex   1.452688e+01 -2.544909e+00 0.000000e+00
      vertex   1.602007e+01 -6.304149e+00 0.000000e+00
    endloop
  endfacet
  facet normal 0.000000e+00 0.000000e+00 -1.000000e+00
    outer loop
      vertex   1.602007e+01 -6.304149e+00 0.000000e+00
      vertex   1.452688e+01 -2.544909e+00 0.000000e+00
      vertex   1.584740e+01 -2.210506e+00 0.000000e+00
    endloop
  endfacet
  facet normal 0.000000e+00 0.000000e+00 -1.000000e+00
    outer loop
      vertex   1.602007e+01 -6.304149e+00 0.000000e+00
      vertex   1.584740e+01 -2.210506e+00 0.000000e+00
      vertex   1.745148e+01 -5.905114e+00 0.000000e+00
    endloop
  endfacet
  facet normal 0.000000e+00 0.000000e+00 -1.000000e+00
    outer loop
      vertex   1.745148e+01 -5.905114e+00 0.000000e+00
      vertex   1.584740e+01 -2.210506e+00 0.000000e+00
      vertex   1.714294e+01 -1.789560e+00 0.000000e+00
    endloop
  endfacet
  facet normal 0.000000e+00 0.000000e+00 -1.000000e+00
    outer loop
      vertex   1.745148e+01 -5.905114e+00 0.000000e+00
      vertex   1.714294e+01 -1.789560e+00 0.000000e+00
      vertex   1.885618e+01 -5.420380e+00 0.000000e+00
    endloop
  endfacet
  facet normal 0.000000e+00 0.000000e+00 -1.000000e+00
    outer loop
      vertex   1.885618e+01 -5.420380e+00 0.000000e+00
      vertex   1.714294e+01 -1.789560e+00 0.000000e+00
      vertex   1.840783e+01 -1.283911e+00 0.000000e+00
    endloop
  endfacet
  facet normal 0.000000e+00 0.000000e+00 -1.000000e+00
    outer loop
      vertex   1.885618e+01 -5.420380e+00 0.000000e+00
      vertex   1.840783e+01 -1.283911e+00 0.000000e+00
      vertex   2.022906e+01 -4.851717e+00 0.000000e+00
    endloop
  endfacet
  facet normal 0.000000e+00 0.000000e+00 -1.000000e+00
    outer loop
      vertex   2.022906e+01 -4.851717e+00 0.000000e+00
      vertex   1.840783e+01 -1.283911e+00 0.000000e+00
      vertex   1.963653e+01 -6.957706e-01 0.000000e+00
    endloop
  endfacet
  facet normal 0.000000e+00 0.000000e+00 -1.000000e+00
    outer loop
      vertex   2.022906e+01 -4.851717e+00 0.000000e+00
      vertex   1.963653e+01 -6.957706e-01 0.000000e+00
      vertex   2.156509e+01 -4.201199e+00 0.000000e+00
    endloop
  endfacet
  facet normal 0.000000e+00 0.000000e+00 -1.000000e+00
    outer loop
      vertex   2.156509e+01 -4.201199e+00 0.000000e+00
      vertex   1.963653e+01 -6.957706e-01 0.000000e+00
      vertex   2.082368e+01 -2.771043e-02 0.000000e+00
    endloop
  endfacet
  facet normal 0.000000e+00 0.000000e+00 -1.000000e+00
    outer loop
      vertex   2.156509e+01 -4.201199e+00 0.000000e+00
      vertex   2.082368e+01 -2.771043e-02 0.000000e+00
      vertex   2.285941e+01 -3.471200e+00 0.000000e+00
    endloop
  endfacet
  facet normal 0.000000e+00 0.000000e+00 -1.000000e+00
    outer loop
      vertex   2.285941e+01 -3.471200e+00 0.000000e+00
      vertex   2.082368e+01 -2.771043e-02 0.000000e+00
      vertex   2.410730e+01 -2.664384e+00 0.000000e+00
    endloop
  endfacet
  facet normal 0.000000e+00 0.000000e+00 -1.000000e+00
    outer loop
      vertex   2.410730e+01 -2.664384e+00 0.000000e+00
      vertex   2.082368e+01 -2.771043e-02 0.000000e+00
      vertex   2.196407e+01 7.173483e-01 0.000000e+00
    endloop
  endfacet
  facet normal 0.000000e+00 0.000000e+00 -1.000000e+00
    outer loop
      vertex   2.410730e+01 -2.664384e+00 0.000000e+00
      vertex   2.196407e+01 7.173483e-01 0.000000e+00
      vertex   2.530419e+01 -1.783694e+00 0.000000e+00
    endloop
  endfacet
  facet normal 0.000000e+00 0.000000e+00 -1.000000e+00
    outer loop
      vertex   2.530419e+01 -1.783694e+00 0.000000e+00
      vertex   2.196407e+01 7.173483e-01 0.000000e+00
      vertex   2.305274e+01 1.536148e+00 0.000000e+00
    endloop
  endfacet
  facet normal 0.000000e+00 0.000000e+00 -1.000000e+00
    outer loop
      vertex   2.530419e+01 -1.783694e+00 0.000000e+00
      vertex   2.305274e+01 1.536148e+00 0.000000e+00
      vertex   2.644572e+01 -8.323450e-01 0.000000e+00
    endloop
  endfacet
  facet normal 0.000000e+00 0.000000e+00 -1.000000e+00
    outer loop
      vertex   2.644572e+01 -8.323450e-01 0.000000e+00
      vertex   2.305274e+01 1.536148e+00 0.000000e+00
      vertex   2.408490e+01 2.425107e+00 0.000000e+00
    endloop
  endfacet
  facet normal 0.000000e+00 0.000000e+00 -1.000000e+00
    outer loop
      vertex   2.644572e+01 -8.323450e-01 0.000000e+00
      vertex   2.408490e+01 2.425107e+00 0.000000e+00
      vertex   2.752773e+01 1.861926e-01 0.000000e+00
    endloop
  endfacet
  facet normal 0.000000e+00 0.000000e+00 -1.000000e+00
    outer loop
      vertex   2.752773e+01 1.861926e-01 0.000000e+00
      vertex   2.408490e+01 2.425107e+00 0.000000e+00
      vertex   2.505606e+01 3.380339e+00 0.000000e+00
    endloop
  endfacet
  facet normal 0.000000e+00 0.000000e+00 -1.000000e+00
    outer loop
      vertex   2.752773e+01 1.861926e-01 0.000000e+00
      vertex   2.505606e+01 3.380339e+00 0.000000e+00
      vertex   2.854627e+01 1.268202e+00 0.000000e+00
    endloop
  endfacet
  facet normal 0.000000e+00 0.000000e+00 -1.000000e+00
    outer loop
      vertex   2.854627e+01 1.268202e+00 0.000000e+00
      vertex   2.505606e+01 3.380339e+00 0.000000e+00
      vertex   2.596197e+01 4.397668e+00 0.000000e+00
    endloop
  endfacet
  facet normal 0.000000e+00 0.000000e+00 -1.000000e+00
    outer loop
      vertex   2.854627e+01 1.268202e+00 0.000000e+00
      vertex   2.596197e+01 4.397668e+00 0.000000e+00
      vertex   2.949762e+01 2.409735e+00 0.000000e+00
    endloop
  endfacet
  facet normal 0.000000e+00 0.000000e+00 -1.000000e+00
    outer loop
      vertex   2.949762e+01 2.409735e+00 0.000000e+00
      vertex   2.596197e+01 4.397668e+00 0.000000e+00
      vertex   2.679865e+01 5.472643e+00 0.000000e+00
    endloop
  endfacet
  facet normal 0.000000e+00 0.000000e+00 -1.000000e+00
    outer loop
      vertex   2.949762e+01 2.409735e+00 0.000000e+00
      vertex   2.679865e+01 5.472643e+00 0.000000e+00
      vertex   3.037831e+01 3.606627e+00 0.000000e+00
    endloop
  endfacet
  facet normal 0.000000e+00 0.000000e+00 -1.000000e+00
    outer loop
      vertex   3.037831e+01 3.606627e+00 0.000000e+00
      vertex   2.679865e+01 5.472643e+00 0.000000e+00
      vertex   2.756247e+01 6.600566e+00 0.000000e+00
    endloop
  endfacet
  facet normal 0.000000e+00 0.000000e+00 -1.000000e+00
    outer loop
      vertex   3.037831e+01 3.606627e+00 0.000000e+00
      vertex   2.756247e+01 6.600566e+00 0.000000e+00
      vertex   3.118512e+01 4.854509e+00 0.000000e+00
    endloop
  endfacet
  facet normal 0.000000e+00 0.000000e+00 -1.000000e+00
    outer loop
      vertex   3.118512e+01 4.854509e+00 0.000000e+00
      vertex   2.756247e+01 6.600566e+00 0.000000e+00
      vertex   2.825006e+01 7.776503e+00 0.000000e+00
    endloop
  endfacet
  facet normal 0.000000e+00 0.000000e+00 -1.000000e+00
    outer loop
      vertex   3.118512e+01 4.854509e+00 0.000000e+00
      vertex   2.825006e+01 7.776503e+00 0.000000e+00
      vertex   3.191512e+01 6.148829e+00 0.000000e+00
    endloop
  endfacet
  facet normal 0.000000e+00 0.000000e+00 -1.000000e+00
    outer loop
      vertex   3.191512e+01 6.148829e+00 0.000000e+00
      vertex   2.825006e+01 7.776503e+00 0.000000e+00
      vertex   2.885844e+01 8.995313e+00 0.000000e+00
    endloop
  endfacet
  facet normal 0.000000e+00 0.000000e+00 -1.000000e+00
    outer loop
      vertex   3.191512e+01 6.148829e+00 0.000000e+00
      vertex   2.885844e+01 8.995313e+00 0.000000e+00
      vertex   3.256564e+01 7.484864e+00 0.000000e+00
    endloop
  endfacet
  facet normal 0.000000e+00 0.000000e+00 -1.000000e+00
    outer loop
      vertex   3.256564e+01 7.484864e+00 0.000000e+00
      vertex   2.885844e+01 8.995313e+00 0.000000e+00
      vertex   2.938493e+01 1.025167e+01 0.000000e+00
    endloop
  endfacet
  facet normal 0.000000e+00 0.000000e+00 -1.000000e+00
    outer loop
      vertex   3.256564e+01 7.484864e+00 0.000000e+00
      vertex   2.938493e+01 1.025167e+01 0.000000e+00
      vertex   3.313430e+01 8.857739e+00 0.000000e+00
    endloop
  endfacet
  facet normal 0.000000e+00 0.000000e+00 -1.000000e+00
    outer loop
      vertex   3.313430e+01 8.857739e+00 0.000000e+00
      vertex   2.938493e+01 1.025167e+01 0.000000e+00
      vertex   3.361904e+01 1.026244e+01 0.000000e+00
    endloop
  endfacet
  facet normal -0.000000e+00 0.000000e+00 -1.000000e+00
    outer loop
      vertex   3.361904e+01 1.026244e+01 0.000000e+00
      vertex   2.938493e+01 1.025167e+01 0.000000e+00
      vertex   2.982724e+01 1.154007e+01 0.000000e+00
    endloop
  endfacet
  facet normal 0.000000e+00 0.000000e+00 -1.000000e+00
    outer loop
      vertex   3.361904e+01 1.026244e+01 0.000000e+00
      vertex   2.982724e+01 1.154007e+01 0.000000e+00
      vertex   3.401807e+01 1.169385e+01 0.000000e+00
    endloop
  endfacet
  facet normal -0.000000e+00 0.000000e+00 -1.000000e+00
    outer loop
      vertex   3.401807e+01 1.169385e+01 0.000000e+00
      vertex   2.982724e+01 1.154007e+01 0.000000e+00
      vertex   3.018343e+01 1.285489e+01 0.000000e+00
    endloop
  endfacet
  facet normal 0.000000e+00 0.000000e+00 -1.000000e+00
    outer loop
      vertex   3.401807e+01 1.169385e+01 0.000000e+00
      vertex   3.018343e+01 1.285489e+01 0.000000e+00
      vertex   3.432995e+01 1.314675e+01 0.000000e+00
    endloop
  endfacet
  facet normal -0.000000e+00 0.000000e+00 -1.000000e+00
    outer loop
      vertex   3.432995e+01 1.314675e+01 0.000000e+00
      vertex   3.018343e+01 1.285489e+01 0.000000e+00
      vertex   3.045195e+01 1.419037e+01 0.000000e+00
    endloop
  endfacet
  facet normal 0.000000e+00 0.000000e+00 -1.000000e+00
    outer loop
      vertex   3.432995e+01 1.314675e+01 0.000000e+00
      vertex   3.045195e+01 1.419037e+01 0.000000e+00
      vertex   3.455354e+01 1.461582e+01 0.000000e+00
    endloop
  endfacet
  facet normal -0.000000e+00 0.000000e+00 -1.000000e+00
    outer loop
      vertex   3.455354e+01 1.461582e+01 0.000000e+00
      vertex   3.045195e+01 1.419037e+01 0.000000e+00
      vertex   3.063161e+01 1.554068e+01 0.000000e+00
    endloop
  endfacet
  facet normal 0.000000e+00 0.000000e+00 -1.000000e+00
    outer loop
      vertex   3.455354e+01 1.461582e+01 0.000000e+00
      vertex   3.063161e+01 1.554068e+01 0.000000e+00
      vertex   3.468802e+01 1.609571e+01 0.000000e+00
    endloop
  endfacet
  facet normal -0.000000e+00 0.000000e+00 -1.000000e+00
    outer loop
      vertex   3.468802e+01 1.609571e+01 0.000000e+00
      vertex   3.063161e+01 1.554068e+01 0.000000e+00
      vertex   3.072164e+01 1.689991e+01 0.000000e+00
    endloop
  endfacet
  facet normal 0.000000e+00 0.000000e+00 -1.000000e+00
    outer loop
      vertex   3.468802e+01 1.609571e+01 0.000000e+00
      vertex   3.072164e+01 1.689991e+01 0.000000e+00
      vertex   3.473290e+01 1.758102e+01 0.000000e+00
    endloop
  endfacet
  facet normal -0.000000e+00 0.000000e+00 -1.000000e+00
    outer loop
      vertex   3.473290e+01 1.758102e+01 0.000000e+00
      vertex   3.072164e+01 1.689991e+01 0.000000e+00
      vertex   3.072164e+01 1.826212e+01 0.000000e+00
    endloop
  endfacet
  facet normal 0.000000e+00 0.000000e+00 -1.000000e+00
    outer loop
      vertex   3.473290e+01 1.758102e+01 0.000000e+00
      vertex   3.072164e+01 1.826212e+01 0.000000e+00
      vertex   3.468802e+01 1.906633e+01 0.000000e+00
    endloop
  endfacet
  facet normal -0.000000e+00 0.000000e+00 -1.000000e+00
    outer loop
      vertex   3.468802e+01 1.906633e+01 0.000000e+00
      vertex   3.072164e+01 1.826212e+01 0.000000e+00
      vertex   3.063161e+01 1.962136e+01 0.000000e+00
    endloop
  endfacet
  facet normal 0.000000e+00 0.000000e+00 -1.000000e+00
    outer loop
      vertex   3.468802e+01 1.906633e+01 0.000000e+00
      vertex   3.063161e+01 1.962136e+01 0.000000e+00
      vertex   3.455354e+01 2.054622e+01 0.000000e+00
    endloop
  endfacet
  facet normal -0.000000e+00 0.000000e+00 -1.000000e+00
    outer loop
      vertex   3.455354e+01 2.054622e+01 0.000000e+00
      vertex   3.063161e+01 1.962136e+01 0.000000e+00
      vertex   3.045195e+01 2.097167e+01 0.000000e+00
    endloop
  endfacet
  facet normal 0.000000e+00 0.000000e+00 -1.000000e+00
    outer loop
      vertex   3.455354e+01 2.054622e+01 0.000000e+00
      vertex   3.045195e+01 2.097167e+01 0.000000e+00
      vertex   3.432995e+01 2.201529e+01 0.000000e+00
    endloop
  endfacet
  facet normal -0.000000e+00 0.000000e+00 -1.000000e+00
    outer loop
      vertex   3.432995e+01 2.201529e+01 0.000000e+00
      vertex   3.045195e+01 2.097167e+01 0.000000e+00
      vertex   3.018343e+01 2.230715e+01 0.000000e+00
    endloop
  endfacet
  facet normal 0.000000e+00 0.000000e+00 -1.000000e+00
    outer loop
      vertex   3.432995e+01 2.201529e+01 0.000000e+00
      vertex   3.018343e+01 2.230715e+01 0.000000e+00
      vertex   3.401807e+01 2.346818e+01 0.000000e+00
    endloop
  endfacet
  facet normal -0.000000e+00 0.000000e+00 -1.000000e+00
    outer loop
      vertex   3.401807e+01 2.346818e+01 0.000000e+00
      vertex   3.018343e+01 2.230715e+01 0.000000e+00
      vertex   2.982724e+01 2.362197e+01 0.000000e+00
    endloop
  endfacet
  facet normal 0.000000e+00 0.000000e+00 -1.000000e+00
    outer loop
      vertex   3.401807e+01 2.346818e+01 0.000000e+00
      vertex   2.982724e+01 2.362197e+01 0.000000e+00
      vertex   3.361904e+01 2.489959e+01 0.000000e+00
    endloop
  endfacet
  facet normal -0.000000e+00 0.000000e+00 -1.000000e+00
    outer loop
      vertex   3.361904e+01 2.489959e+01 0.000000e+00
      vertex   2.982724e+01 2.362197e+01 0.000000e+00
      vertex   2.938493e+01 2.491037e+01 0.000000e+00
    endloop
  endfacet
  facet normal 0.000000e+00 0.000000e+00 -1.000000e+00
    outer loop
      vertex   3.361904e+01 2.489959e+01 0.000000e+00
      vertex   2.938493e+01 2.491037e+01 0.000000e+00
      vertex   3.313430e+01 2.630430e+01 0.000000e+00
    endloop
  endfacet
  facet normal -0.000000e+00 0.000000e+00 -1.000000e+00
    outer loop
      vertex   3.313430e+01 2.630430e+01 0.000000e+00
      vertex   2.938493e+01 2.491037e+01 0.000000e+00
      vertex   3.256564e+01 2.767717e+01 0.000000e+00
    endloop
  endfacet
  facet normal 0.000000e+00 0.000000e+00 -1.000000e+00
    outer loop
      vertex   3.256564e+01 2.767717e+01 0.000000e+00
      vertex   2.938493e+01 2.491037e+01 0.000000e+00
      vertex   2.885844e+01 2.616673e+01 0.000000e+00
    endloop
  endfacet
  facet normal -0.000000e+00 0.000000e+00 -1.000000e+00
    outer loop
      vertex   3.256564e+01 2.767717e+01 0.000000e+00
      vertex   2.885844e+01 2.616673e+01 0.000000e+00
      vertex   3.191512e+01 2.901321e+01 0.000000e+00
    endloop
  endfacet
  facet normal 0.000000e+00 0.000000e+00 -1.000000e+00
    outer loop
      vertex   3.191512e+01 2.901321e+01 0.000000e+00
      vertex   2.885844e+01 2.616673e+01 0.000000e+00
      vertex   2.825006e+01 2.738554e+01 0.000000e+00
    endloop
  endfacet
  facet normal -0.000000e+00 0.000000e+00 -1.000000e+00
    outer loop
      vertex   3.191512e+01 2.901321e+01 0.000000e+00
      vertex   2.825006e+01 2.738554e+01 0.000000e+00
      vertex   3.118512e+01 3.030753e+01 0.000000e+00
    endloop
  endfacet
  facet normal 0.000000e+00 0.000000e+00 -1.000000e+00
    outer loop
      vertex   3.118512e+01 3.030753e+01 0.000000e+00
      vertex   2.825006e+01 2.738554e+01 0.000000e+00
      vertex   2.756247e+01 2.856147e+01 0.000000e+00
    endloop
  endfacet
  facet normal -0.000000e+00 0.000000e+00 -1.000000e+00
    outer loop
      vertex   3.118512e+01 3.030753e+01 0.000000e+00
      vertex   2.756247e+01 2.856147e+01 0.000000e+00
      vertex   3.037831e+01 3.155541e+01 0.000000e+00
    endloop
  endfacet
  facet normal 0.000000e+00 0.000000e+00 -1.000000e+00
    outer loop
      vertex   3.037831e+01 3.155541e+01 0.000000e+00
      vertex   2.756247e+01 2.856147e+01 0.000000e+00
      vertex   2.679865e+01 2.968940e+01 0.000000e+00
    endloop
  endfacet
  facet normal -0.000000e+00 0.000000e+00 -1.000000e+00
    outer loop
      vertex   3.037831e+01 3.155541e+01 0.000000e+00
      vertex   2.679865e+01 2.968940e+01 0.000000e+00
      vertex   2.949762e+01 3.275230e+01 0.000000e+00
    endloop
  endfacet
  facet normal 0.000000e+00 0.000000e+00 -1.000000e+00
    outer loop
      vertex   2.949762e+01 3.275230e+01 0.000000e+00
      vertex   2.679865e+01 2.968940e+01 0.000000e+00
      vertex   2.596197e+01 3.076437e+01 0.000000e+00
    endloop
  endfacet
  facet normal -0.000000e+00 0.000000e+00 -1.000000e+00
    outer loop
      vertex   2.949762e+01 3.275230e+01 0.000000e+00
      vertex   2.596197e+01 3.076437e+01 0.000000e+00
      vertex   2.854627e+01 3.389384e+01 0.000000e+00
    endloop
  endfacet
  facet normal 0.000000e+00 0.000000e+00 -1.000000e+00
    outer loop
      vertex   2.854627e+01 3.389384e+01 0.000000e+00
      vertex   2.596197e+01 3.076437e+01 0.000000e+00
      vertex   2.505606e+01 3.178170e+01 0.000000e+00
    endloop
  endfacet
  facet normal -0.000000e+00 0.000000e+00 -1.000000e+00
    outer loop
      vertex   2.854627e+01 3.389384e+01 0.000000e+00
      vertex   2.505606e+01 3.178170e+01 0.000000e+00
      vertex   2.752773e+01 3.497585e+01 0.000000e+00
    endloop
  endfacet
  facet normal 0.000000e+00 0.000000e+00 -1.000000e+00
    outer loop
      vertex   2.752773e+01 3.497585e+01 0.000000e+00
      vertex   2.505606e+01 3.178170e+01 0.000000e+00
      vertex   2.408490e+01 3.273693e+01 0.000000e+00
    endloop
  endfacet
  facet normal -0.000000e+00 0.000000e+00 -1.000000e+00
    outer loop
      vertex   2.752773e+01 3.497585e+01 0.000000e+00
      vertex   2.408490e+01 3.273693e+01 0.000000e+00
      vertex   2.644572e+01 3.599438e+01 0.000000e+00
    endloop
  endfacet
  facet normal 0.000000e+00 0.000000e+00 -1.000000e+00
    outer loop
      vertex   2.644572e+01 3.599438e+01 0.000000e+00
      vertex   2.408490e+01 3.273693e+01 0.000000e+00
      vertex   2.305274e+01 3.362589e+01 0.000000e+00
    endloop
  endfacet
  facet normal -0.000000e+00 0.000000e+00 -1.000000e+00
    outer loop
      vertex   2.644572e+01 3.599438e+01 0.000000e+00
      vertex   2.305274e+01 3.362589e+01 0.000000e+00
      vertex   2.530419e+01 3.694573e+01 0.000000e+00
    endloop
  endfacet
  facet normal 0.000000e+00 0.000000e+00 -1.000000e+00
    outer loop
      vertex   2.530419e+01 3.694573e+01 0.000000e+00
      vertex   2.305274e+01 3.362589e+01 0.000000e+00
      vertex   2.196407e+01 3.444469e+01 0.000000e+00
    endloop
  endfacet
  facet normal -0.000000e+00 0.000000e+00 -1.000000e+00
    outer loop
      vertex   2.530419e+01 3.694573e+01 0.000000e+00
      vertex   2.196407e+01 3.444469e+01 0.000000e+00
      vertex   2.410730e+01 3.782642e+01 0.000000e+00
    endloop
  endfacet
  facet normal 0.000000e+00 0.000000e+00 -1.000000e+00
    outer loop
      vertex   2.410730e+01 3.782642e+01 0.000000e+00
      vertex   2.196407e+01 3.444469e+01 0.000000e+00
      vertex   2.082368e+01 3.518975e+01 0.000000e+00
    endloop
  endfacet
  facet normal -0.000000e+00 0.000000e+00 -1.000000e+00
    outer loop
      vertex   2.410730e+01 3.782642e+01 0.000000e+00
      vertex   2.082368e+01 3.518975e+01 0.000000e+00
      vertex   2.285941e+01 3.863324e+01 0.000000e+00
    endloop
  endfacet
  facet normal -0.000000e+00 0.000000e+00 -1.000000e+00
    outer loop
      vertex   2.285941e+01 3.863324e+01 0.000000e+00
      vertex   2.082368e+01 3.518975e+01 0.000000e+00
      vertex   2.156509e+01 3.936324e+01 0.000000e+00
    endloop
  endfacet
  facet normal 0.000000e+00 0.000000e+00 -1.000000e+00
    outer loop
      vertex   2.156509e+01 3.936324e+01 0.000000e+00
      vertex   2.082368e+01 3.518975e+01 0.000000e+00
      vertex   1.963653e+01 3.585781e+01 0.000000e+00
    endloop
  endfacet
  facet normal -0.000000e+00 0.000000e+00 -1.000000e+00
    outer loop
      vertex   2.156509e+01 3.936324e+01 0.000000e+00
      vertex   1.963653e+01 3.585781e+01 0.000000e+00
      vertex   2.022906e+01 4.001376e+01 0.000000e+00
    endloop
  endfacet
  facet normal 0.000000e+00 0.000000e+00 -1.000000e+00
    outer loop
      vertex   2.022906e+01 4.001376e+01 0.000000e+00
      vertex   1.963653e+01 3.585781e+01 0.000000e+00
      vertex   1.840783e+01 3.644595e+01 0.000000e+00
    endloop
  endfacet
  facet normal -0.000000e+00 0.000000e+00 -1.000000e+00
    outer loop
      vertex   2.022906e+01 4.001376e+01 0.000000e+00
      vertex   1.840783e+01 3.644595e+01 0.000000e+00
      vertex   1.885618e+01 4.058242e+01 0.000000e+00
    endloop
  endfacet
  facet normal 0.000000e+00 0.000000e+00 -1.000000e+00
    outer loop
      vertex   1.885618e+01 4.058242e+01 0.000000e+00
      vertex   1.840783e+01 3.644595e+01 0.000000e+00
      vertex   1.714294e+01 3.695160e+01 0.000000e+00
    endloop
  endfacet
  facet normal -0.000000e+00 0.000000e+00 -1.000000e+00
    outer loop
      vertex   1.885618e+01 4.058242e+01 0.000000e+00
      vertex   1.714294e+01 3.695160e+01 0.000000e+00
      vertex   1.745148e+01 4.106715e+01 0.000000e+00
    endloop
  endfacet
  facet normal 0.000000e+00 0.000000e+00 -1.000000e+00
    outer loop
      vertex   1.745148e+01 4.106715e+01 0.000000e+00
      vertex   1.714294e+01 3.695160e+01 0.000000e+00
      vertex   1.584740e+01 3.737255e+01 0.000000e+00
    endloop
  endfacet
  facet normal -0.000000e+00 0.000000e+00 -1.000000e+00
    outer loop
      vertex   1.745148e+01 4.106715e+01 0.000000e+00
      vertex   1.584740e+01 3.737255e+01 0.000000e+00
      vertex   1.602007e+01 4.146619e+01 0.000000e+00
    endloop
  endfacet
  facet normal 0.000000e+00 0.000000e+00 -1.000000e+00
    outer loop
      vertex   1.602007e+01 4.146619e+01 0.000000e+00
      vertex   1.584740e+01 3.737255e+01 0.000000e+00
      vertex   1.452688e+01 3.770695e+01 0.000000e+00
    endloop
  endfacet
  facet normal -0.000000e+00 0.000000e+00 -1.000000e+00
    outer loop
      vertex   1.602007e+01 4.146619e+01 0.000000e+00
      vertex   1.452688e+01 3.770695e+01 0.000000e+00
      vertex   1.456718e+01 4.177807e+01 0.000000e+00
    endloop
  endfacet
  facet normal 0.000000e+00 0.000000e+00 -1.000000e+00
    outer loop
      vertex   1.456718e+01 4.177807e+01 0.000000e+00
      vertex   1.452688e+01 3.770695e+01 0.000000e+00
      vertex   1.318713e+01 3.795335e+01 0.000000e+00
    endloop
  endfacet
  facet normal -0.000000e+00 0.000000e+00 -1.000000e+00
    outer loop
      vertex   1.456718e+01 4.177807e+01 0.000000e+00
      vertex   1.318713e+01 3.795335e+01 0.000000e+00
      vertex   1.309811e+01 4.200166e+01 0.000000e+00
    endloop
  endfacet
  facet normal 0.000000e+00 -0.000000e+00 -1.000000e+00
    outer loop
      vertex   1.309811e+01 4.200166e+01 0.000000e+00
      vertex   1.318713e+01 3.795335e+01 0.000000e+00
      vertex   1.183404e+01 3.811066e+01 0.000000e+00
    endloop
  endfacet
  facet normal -0.000000e+00 0.000000e+00 -1.000000e+00
    outer loop
      vertex   1.309811e+01 4.200166e+01 0.000000e+00
      vertex   1.183404e+01 3.811066e+01 0.000000e+00
      vertex   1.161821e+01 4.213614e+01 0.000000e+00
    endloop
  endfacet
  facet normal 0.000000e+00 -0.000000e+00 -1.000000e+00
    outer loop
      vertex   1.161821e+01 4.213614e+01 0.000000e+00
      vertex   1.183404e+01 3.811066e+01 0.000000e+00
      vertex   1.047350e+01 3.817820e+01 0.000000e+00
    endloop
  endfacet
  facet normal -0.000000e+00 0.000000e+00 -1.000000e+00
    outer loop
      vertex   1.161821e+01 4.213614e+01 0.000000e+00
      vertex   1.047350e+01 3.817820e+01 0.000000e+00
      vertex   1.013290e+01 4.218102e+01 0.000000e+00
    endloop
  endfacet
  facet normal 0.000000e+00 -0.000000e+00 -1.000000e+00
    outer loop
      vertex   1.013290e+01 4.218102e+01 0.000000e+00
      vertex   1.047350e+01 3.817820e+01 0.000000e+00
      vertex   9.111477e+00 3.815568e+01 0.000000e+00
    endloop
  endfacet
  facet normal 0.000000e+00 0.000000e+00 -1.000000e+00
    outer loop
      vertex   1.013290e+01 4.218102e+01 0.000000e+00
      vertex   9.111477e+00 3.815568e+01 0.000000e+00
      vertex   8.647592e+00 4.213614e+01 0.000000e+00
    endloop
  endfacet
  facet normal 0.000000e+00 -0.000000e+00 -1.000000e+00
    outer loop
      vertex   8.647592e+00 4.213614e+01 0.000000e+00
      vertex   9.111477e+00 3.815568e+01 0.000000e+00
      vertex   7.753919e+00 3.804319e+01 0.000000e+00
    endloop
  endfacet
  facet normal 0.000000e+00 0.000000e+00 -1.000000e+00
    outer loop
      vertex   8.647592e+00 4.213614e+01 0.000000e+00
      vertex   7.753919e+00 3.804319e+01 0.000000e+00
      vertex   7.167701e+00 4.200166e+01 0.000000e+00
    endloop
  endfacet
  facet normal 0.000000e+00 -0.000000e+00 -1.000000e+00
    outer loop
      vertex   7.167701e+00 4.200166e+01 0.000000e+00
      vertex   7.753919e+00 3.804319e+01 0.000000e+00
      vertex   6.406764e+00 3.784122e+01 0.000000e+00
    endloop
  endfacet
  facet normal 0.000000e+00 0.000000e+00 -1.000000e+00
    outer loop
      vertex   7.167701e+00 4.200166e+01 0.000000e+00
      vertex   6.406764e+00 3.784122e+01 0.000000e+00
      vertex   5.698629e+00 4.177807e+01 0.000000e+00
    endloop
  endfacet
  facet normal 0.000000e+00 -0.000000e+00 -1.000000e+00
    outer loop
      vertex   5.698629e+00 4.177807e+01 0.000000e+00
      vertex   6.406764e+00 3.784122e+01 0.000000e+00
      vertex   4.245737e+00 4.146619e+01 0.000000e+00
    endloop
  endfacet
  facet normal 0.000000e+00 0.000000e+00 -1.000000e+00
    outer loop
      vertex   4.245737e+00 4.146619e+01 0.000000e+00
      vertex   6.406764e+00 3.784122e+01 0.000000e+00
      vertex   5.075902e+00 3.755066e+01 0.000000e+00
    endloop
  endfacet
  facet normal 0.000000e+00 -0.000000e+00 -1.000000e+00
    outer loop
      vertex   4.245737e+00 4.146619e+01 0.000000e+00
      vertex   5.075902e+00 3.755066e+01 0.000000e+00
      vertex   2.814328e+00 4.106715e+01 0.000000e+00
    endloop
  endfacet
  facet normal 0.000000e+00 0.000000e+00 -1.000000e+00
    outer loop
      vertex   2.814328e+00 4.106715e+01 0.000000e+00
      vertex   5.075902e+00 3.755066e+01 0.000000e+00
      vertex   3.767153e+00 3.717278e+01 0.000000e+00
    endloop
  endfacet
  facet normal 0.000000e+00 -0.000000e+00 -1.000000e+00
    outer loop
      vertex   2.814328e+00 4.106715e+01 0.000000e+00
      vertex   3.767153e+00 3.717278e+01 0.000000e+00
      vertex   1.409623e+00 4.058242e+01 0.000000e+00
    endloop
  endfacet
  facet normal 0.000000e+00 0.000000e+00 -1.000000e+00
    outer loop
      vertex   1.409623e+00 4.058242e+01 0.000000e+00
      vertex   3.767153e+00 3.717278e+01 0.000000e+00
      vertex   2.486240e+00 3.670923e+01 0.000000e+00
    endloop
  endfacet
  facet normal 0.000000e+00 -0.000000e+00 -1.000000e+00
    outer loop
      vertex   1.409623e+00 4.058242e+01 0.000000e+00
      vertex   2.486240e+00 3.670923e+01 0.000000e+00
      vertex   3.674782e-02 4.001376e+01 0.000000e+00
    endloop
  endfacet
  facet normal 0.000000e+00 0.000000e+00 -1.000000e+00
    outer loop
      vertex   3.674782e-02 4.001376e+01 0.000000e+00
      vertex   2.486240e+00 3.670923e+01 0.000000e+00
      vertex   1.238763e+00 3.616204e+01 0.000000e+00
    endloop
  endfacet
  facet normal 0.000000e+00 -0.000000e+00 -1.000000e+00
    outer loop
      vertex   3.674782e-02 4.001376e+01 0.000000e+00
      vertex   1.238763e+00 3.616204e+01 0.000000e+00
      vertex   -1.299287e+00 3.936324e+01 0.000000e+00
    endloop
  endfacet
  facet normal 0.000000e+00 0.000000e+00 -1.000000e+00
    outer loop
      vertex   -1.299287e+00 3.936324e+01 0.000000e+00
      vertex   1.238763e+00 3.616204e+01 0.000000e+00
      vertex   3.017866e-02 3.553359e+01 0.000000e+00
    endloop
  endfacet
  facet normal 0.000000e+00 -0.000000e+00 -1.000000e+00
    outer loop
      vertex   -1.299287e+00 3.936324e+01 0.000000e+00
      vertex   3.017866e-02 3.553359e+01 0.000000e+00
      vertex   -2.593607e+00 3.863324e+01 0.000000e+00
    endloop
  endfacet
  facet normal 0.000000e+00 0.000000e+00 -1.000000e+00
    outer loop
      vertex   -2.593607e+00 3.863324e+01 0.000000e+00
      vertex   3.017866e-02 3.553359e+01 0.000000e+00
      vertex   -1.134229e+00 3.482665e+01 0.000000e+00
    endloop
  endfacet
  facet normal 0.000000e+00 -0.000000e+00 -1.000000e+00
    outer loop
      vertex   -2.593607e+00 3.863324e+01 0.000000e+00
      vertex   -1.134229e+00 3.482665e+01 0.000000e+00
      vertex   -3.841490e+00 3.782642e+01 0.000000e+00
    endloop
  endfacet
  facet normal 0.000000e+00 0.000000e+00 -1.000000e+00
    outer loop
      vertex   -3.841490e+00 3.782642e+01 0.000000e+00
      vertex   -1.134229e+00 3.482665e+01 0.000000e+00
      vertex   -2.249369e+00 3.404429e+01 0.000000e+00
    endloop
  endfacet
  facet normal 0.000000e+00 -0.000000e+00 -1.000000e+00
    outer loop
      vertex   -3.841490e+00 3.782642e+01 0.000000e+00
      vertex   -2.249369e+00 3.404429e+01 0.000000e+00
      vertex   -5.038381e+00 3.694573e+01 0.000000e+00
    endloop
  endfacet
  facet normal 0.000000e+00 0.000000e+00 -1.000000e+00
    outer loop
      vertex   -5.038381e+00 3.694573e+01 0.000000e+00
      vertex   -2.249369e+00 3.404429e+01 0.000000e+00
      vertex   -3.310364e+00 3.318995e+01 0.000000e+00
    endloop
  endfacet
  facet normal 0.000000e+00 -0.000000e+00 -1.000000e+00
    outer loop
      vertex   -5.038381e+00 3.694573e+01 0.000000e+00
      vertex   -3.310364e+00 3.318995e+01 0.000000e+00
      vertex   -6.179915e+00 3.599438e+01 0.000000e+00
    endloop
  endfacet
  facet normal 0.000000e+00 0.000000e+00 -1.000000e+00
    outer loop
      vertex   -6.179915e+00 3.599438e+01 0.000000e+00
      vertex   -3.310364e+00 3.318995e+01 0.000000e+00
      vertex   -4.312575e+00 3.226735e+01 0.000000e+00
    endloop
  endfacet
  facet normal 0.000000e+00 -0.000000e+00 -1.000000e+00
    outer loop
      vertex   -6.179915e+00 3.599438e+01 0.000000e+00
      vertex   -4.312575e+00 3.226735e+01 0.000000e+00
      vertex   -7.261924e+00 3.497585e+01 0.000000e+00
    endloop
  endfacet
  facet normal 0.000000e+00 0.000000e+00 -1.000000e+00
    outer loop
      vertex   -7.261924e+00 3.497585e+01 0.000000e+00
      vertex   -4.312575e+00 3.226735e+01 0.000000e+00
      vertex   -5.251620e+00 3.128053e+01 0.000000e+00
    endloop
  endfacet
  facet normal 0.000000e+00 -0.000000e+00 -1.000000e+00
    outer loop
      vertex   -7.261924e+00 3.497585e+01 0.000000e+00
      vertex   -5.251620e+00 3.128053e+01 0.000000e+00
      vertex   -8.280462e+00 3.389384e+01 0.000000e+00
    endloop
  endfacet
  facet normal 0.000000e+00 -0.000000e+00 -1.000000e+00
    outer loop
      vertex   -8.280462e+00 3.389384e+01 0.000000e+00
      vertex   -5.251620e+00 3.128053e+01 0.000000e+00
      vertex   -9.231811e+00 3.275230e+01 0.000000e+00
    endloop
  endfacet
  facet normal 0.000000e+00 0.000000e+00 -1.000000e+00
    outer loop
      vertex   -9.231811e+00 3.275230e+01 0.000000e+00
      vertex   -5.251620e+00 3.128053e+01 0.000000e+00
      vertex   -6.123392e+00 3.023380e+01 0.000000e+00
    endloop
  endfacet
  facet normal 0.000000e+00 -0.000000e+00 -1.000000e+00
    outer loop
      vertex   -9.231811e+00 3.275230e+01 0.000000e+00
      vertex   -6.123392e+00 3.023380e+01 0.000000e+00
      vertex   -1.011250e+01 3.155541e+01 0.000000e+00
    endloop
  endfacet
  facet normal 0.000000e+00 0.000000e+00 -1.000000e+00
    outer loop
      vertex   -1.011250e+01 3.155541e+01 0.000000e+00
      vertex   -6.123392e+00 3.023380e+01 0.000000e+00
      vertex   -6.924079e+00 2.913175e+01 0.000000e+00
    endloop
  endfacet
  facet normal 0.000000e+00 -0.000000e+00 -1.000000e+00
    outer loop
      vertex   -1.011250e+01 3.155541e+01 0.000000e+00
      vertex   -6.924079e+00 2.913175e+01 0.000000e+00
      vertex   -1.091932e+01 3.030753e+01 0.000000e+00
    endloop
  endfacet
  facet normal 0.000000e+00 0.000000e+00 -1.000000e+00
    outer loop
      vertex   -1.091932e+01 3.030753e+01 0.000000e+00
      vertex   -6.924079e+00 2.913175e+01 0.000000e+00
      vertex   -7.650181e+00 2.797919e+01 0.000000e+00
    endloop
  endfacet
  facet normal 0.000000e+00 -0.000000e+00 -1.000000e+00
    outer loop
      vertex   -1.091932e+01 3.030753e+01 0.000000e+00
      vertex   -7.650181e+00 2.797919e+01 0.000000e+00
      vertex   -1.164932e+01 2.901321e+01 0.000000e+00
    endloop
  endfacet
  facet normal 0.000000e+00 0.000000e+00 -1.000000e+00
    outer loop
      vertex   -1.164932e+01 2.901321e+01 0.000000e+00
      vertex   -7.650181e+00 2.797919e+01 0.000000e+00
      vertex   -8.298521e+00 2.678116e+01 0.000000e+00
    endloop
  endfacet
  facet normal 0.000000e+00 -0.000000e+00 -1.000000e+00
    outer loop
      vertex   -1.164932e+01 2.901321e+01 0.000000e+00
      vertex   -8.298521e+00 2.678116e+01 0.000000e+00
      vertex   -1.229983e+01 2.767717e+01 0.000000e+00
    endloop
  endfacet
  facet normal 0.000000e+00 0.000000e+00 -1.000000e+00
    outer loop
      vertex   -1.229983e+01 2.767717e+01 0.000000e+00
      vertex   -8.298521e+00 2.678116e+01 0.000000e+00
      vertex   -8.866266e+00 2.554290e+01 0.000000e+00
    endloop
  endfacet
  facet normal 0.000000e+00 -0.000000e+00 -1.000000e+00
    outer loop
      vertex   -1.229983e+01 2.767717e+01 0.000000e+00
      vertex   -8.866266e+00 2.554290e+01 0.000000e+00
      vertex   -1.286850e+01 2.630430e+01 0.000000e+00
    endloop
  endfacet
  facet normal 0.000000e+00 0.000000e+00 -1.000000e+00
    outer loop
      vertex   -1.286850e+01 2.630430e+01 0.000000e+00
      vertex   -8.866266e+00 2.554290e+01 0.000000e+00
      vertex   -9.350932e+00 2.426983e+01 0.000000e+00
    endloop
  endfacet
  facet normal 0.000000e+00 -0.000000e+00 -1.000000e+00
    outer loop
      vertex   -1.286850e+01 2.630430e+01 0.000000e+00
      vertex   -9.350932e+00 2.426983e+01 0.000000e+00
      vertex   -1.335323e+01 2.489959e+01 0.000000e+00
    endloop
  endfacet
  facet normal 0.000000e+00 0.000000e+00 -1.000000e+00
    outer loop
      vertex   -1.335323e+01 2.489959e+01 0.000000e+00
      vertex   -9.350932e+00 2.426983e+01 0.000000e+00
      vertex   -9.750401e+00 2.296751e+01 0.000000e+00
    endloop
  endfacet
  facet normal 0.000000e+00 -0.000000e+00 -1.000000e+00
    outer loop
      vertex   -1.335323e+01 2.489959e+01 0.000000e+00
      vertex   -9.750401e+00 2.296751e+01 0.000000e+00
      vertex   -1.375227e+01 2.346818e+01 0.000000e+00
    endloop
  endfacet
  facet normal 0.000000e+00 0.000000e+00 -1.000000e+00
    outer loop
      vertex   -1.375227e+01 2.346818e+01 0.000000e+00
      vertex   -9.750401e+00 2.296751e+01 0.000000e+00
      vertex   -1.006292e+01 2.164163e+01 0.000000e+00
    endloop
  endfacet
  facet normal 0.000000e+00 -0.000000e+00 -1.000000e+00
    outer loop
      vertex   -1.375227e+01 2.346818e+01 0.000000e+00
      vertex   -1.006292e+01 2.164163e+01 0.000000e+00
      vertex   -1.406415e+01 2.201529e+01 0.000000e+00
    endloop
  endfacet
  facet normal 0.000000e+00 0.000000e+00 -1.000000e+00
    outer loop
      vertex   -1.406415e+01 2.201529e+01 0.000000e+00
      vertex   -1.006292e+01 2.164163e+01 0.000000e+00
      vertex   -1.028714e+01 2.029800e+01 0.000000e+00
    endloop
  endfacet
  facet normal 0.000000e+00 -0.000000e+00 -1.000000e+00
    outer loop
      vertex   -1.406415e+01 2.201529e+01 0.000000e+00
      vertex   -1.028714e+01 2.029800e+01 0.000000e+00
      vertex   -1.428774e+01 2.054622e+01 0.000000e+00
    endloop
  endfacet
  facet normal 0.000000e+00 0.000000e+00 -1.000000e+00
    outer loop
      vertex   -1.428774e+01 2.054622e+01 0.000000e+00
      vertex   -1.028714e+01 2.029800e+01 0.000000e+00
      vertex   -1.042206e+01 1.894249e+01 0.000000e+00
    endloop
  endfacet
  facet normal 0.000000e+00 -0.000000e+00 -1.000000e+00
    outer loop
      vertex   -1.428774e+01 2.054622e+01 0.000000e+00
      vertex   -1.042206e+01 1.894249e+01 0.000000e+00
      vertex   -1.442222e+01 1.906633e+01 0.000000e+00
    endloop
  endfacet
  facet normal 0.000000e+00 0.000000e+00 -1.000000e+00
    outer loop
      vertex   -1.442222e+01 1.906633e+01 0.000000e+00
      vertex   -1.042206e+01 1.894249e+01 0.000000e+00
      vertex   -1.046710e+01 1.758102e+01 0.000000e+00
    endloop
  endfacet
endsolid
